[2026-05-17 00:00:03] production.INFO: ScheduledJobManager started {"execution_time":"2026-05-17T00:00:03+00:00"} 
[2026-05-17 00:00:03] production.INFO: Docker cleanup dispatched {"server_id":1,"server_name":"SARVER ","team_id":4} 
[2026-05-17 00:00:03] production.INFO: Docker cleanup dispatched {"server_id":0,"server_name":"localhost","team_id":0} 
[2026-05-17 00:00:03] production.INFO: ScheduledJobManager completed {"execution_time":"2026-05-17T00:00:03+00:00","duration_ms":20.176,"dispatched":2,"skipped":0} 
[2026-05-17 00:01:01] production.INFO: ScheduledJobManager started {"execution_time":"2026-05-17T00:01:01+00:00"} 
[2026-05-17 00:01:01] production.INFO: ScheduledJobManager completed {"execution_time":"2026-05-17T00:01:01+00:00","duration_ms":11.469,"dispatched":0,"skipped":0} 
[2026-05-17 00:02:01] production.INFO: ScheduledJobManager started {"execution_time":"2026-05-17T00:02:01+00:00"} 
[2026-05-17 00:02:01] production.INFO: ScheduledJobManager completed {"execution_time":"2026-05-17T00:02:01+00:00","duration_ms":4.887,"dispatched":0,"skipped":0} 
[2026-05-17 00:03:01] production.INFO: ScheduledJobManager started {"execution_time":"2026-05-17T00:03:01+00:00"} 
[2026-05-17 00:03:01] production.INFO: ScheduledJobManager completed {"execution_time":"2026-05-17T00:03:01+00:00","duration_ms":12.488,"dispatched":0,"skipped":0} 
[2026-05-17 00:04:01] production.INFO: ScheduledJobManager started {"execution_time":"2026-05-17T00:04:01+00:00"} 
[2026-05-17 00:04:01] production.INFO: ScheduledJobManager completed {"execution_time":"2026-05-17T00:04:01+00:00","duration_ms":13.851,"dispatched":0,"skipped":0} 
[2026-05-17 00:05:01] production.INFO: ScheduledJobManager started {"execution_time":"2026-05-17T00:05:01+00:00"} 
[2026-05-17 00:05:01] production.INFO: ScheduledJobManager completed {"execution_time":"2026-05-17T00:05:01+00:00","duration_ms":13.125,"dispatched":0,"skipped":0} 
[2026-05-17 00:06:01] production.INFO: ScheduledJobManager started {"execution_time":"2026-05-17T00:06:01+00:00"} 
[2026-05-17 00:06:01] production.INFO: ScheduledJobManager completed {"execution_time":"2026-05-17T00:06:01+00:00","duration_ms":12.588,"dispatched":0,"skipped":0} 
[2026-05-17 00:07:01] production.INFO: ScheduledJobManager started {"execution_time":"2026-05-17T00:07:01+00:00"} 
[2026-05-17 00:07:01] production.INFO: ScheduledJobManager completed {"execution_time":"2026-05-17T00:07:01+00:00","duration_ms":12.857,"dispatched":0,"skipped":0} 
[2026-05-17 00:08:01] production.INFO: ScheduledJobManager started {"execution_time":"2026-05-17T00:08:01+00:00"} 
[2026-05-17 00:08:01] production.INFO: ScheduledJobManager completed {"execution_time":"2026-05-17T00:08:01+00:00","duration_ms":12.662,"dispatched":0,"skipped":0} 
[2026-05-17 00:09:01] production.INFO: ScheduledJobManager started {"execution_time":"2026-05-17T00:09:01+00:00"} 
[2026-05-17 00:09:01] production.INFO: ScheduledJobManager completed {"execution_time":"2026-05-17T00:09:01+00:00","duration_ms":12.553,"dispatched":0,"skipped":0} 
[2026-05-17 00:10:01] production.INFO: ScheduledJobManager started {"execution_time":"2026-05-17T00:10:01+00:00"} 
[2026-05-17 00:10:01] production.INFO: ScheduledJobManager completed {"execution_time":"2026-05-17T00:10:01+00:00","duration_ms":12.462,"dispatched":0,"skipped":0} 
[2026-05-17 00:11:01] production.INFO: ScheduledJobManager started {"execution_time":"2026-05-17T00:11:01+00:00"} 
[2026-05-17 00:11:01] production.INFO: ScheduledJobManager completed {"execution_time":"2026-05-17T00:11:01+00:00","duration_ms":10.923,"dispatched":0,"skipped":0} 
[2026-05-17 00:12:01] production.INFO: ScheduledJobManager started {"execution_time":"2026-05-17T00:12:01+00:00"} 
[2026-05-17 00:12:01] production.INFO: ScheduledJobManager completed {"execution_time":"2026-05-17T00:12:01+00:00","duration_ms":13.136,"dispatched":0,"skipped":0} 
[2026-05-17 00:13:01] production.INFO: ScheduledJobManager started {"execution_time":"2026-05-17T00:13:01+00:00"} 
[2026-05-17 00:13:01] production.INFO: ScheduledJobManager completed {"execution_time":"2026-05-17T00:13:01+00:00","duration_ms":12.483,"dispatched":0,"skipped":0} 
[2026-05-17 00:14:01] production.INFO: ScheduledJobManager started {"execution_time":"2026-05-17T00:14:01+00:00"} 
[2026-05-17 00:14:01] production.INFO: ScheduledJobManager completed {"execution_time":"2026-05-17T00:14:01+00:00","duration_ms":12.592,"dispatched":0,"skipped":0} 
[2026-05-17 00:15:01] production.INFO: ScheduledJobManager started {"execution_time":"2026-05-17T00:15:01+00:00"} 
[2026-05-17 00:15:01] production.INFO: ScheduledJobManager completed {"execution_time":"2026-05-17T00:15:01+00:00","duration_ms":11.179,"dispatched":0,"skipped":0} 
[2026-05-17 00:16:02] production.INFO: ScheduledJobManager started {"execution_time":"2026-05-17T00:16:02+00:00"} 
[2026-05-17 00:16:02] production.INFO: ScheduledJobManager completed {"execution_time":"2026-05-17T00:16:02+00:00","duration_ms":12.327,"dispatched":0,"skipped":0} 
[2026-05-17 00:17:01] production.INFO: ScheduledJobManager started {"execution_time":"2026-05-17T00:17:01+00:00"} 
[2026-05-17 00:17:01] production.INFO: ScheduledJobManager completed {"execution_time":"2026-05-17T00:17:01+00:00","duration_ms":18.895,"dispatched":0,"skipped":0} 
[2026-05-17 00:18:01] production.INFO: ScheduledJobManager started {"execution_time":"2026-05-17T00:18:01+00:00"} 
[2026-05-17 00:18:01] production.INFO: ScheduledJobManager completed {"execution_time":"2026-05-17T00:18:01+00:00","duration_ms":7.953,"dispatched":0,"skipped":0} 
[2026-05-17 00:19:01] production.INFO: ScheduledJobManager started {"execution_time":"2026-05-17T00:19:01+00:00"} 
[2026-05-17 00:19:01] production.INFO: ScheduledJobManager completed {"execution_time":"2026-05-17T00:19:01+00:00","duration_ms":12.543,"dispatched":0,"skipped":0} 
[2026-05-17 00:20:01] production.INFO: ScheduledJobManager started {"execution_time":"2026-05-17T00:20:01+00:00"} 
[2026-05-17 00:20:01] production.INFO: ScheduledJobManager completed {"execution_time":"2026-05-17T00:20:01+00:00","duration_ms":5.282,"dispatched":0,"skipped":0} 
[2026-05-17 00:21:01] production.INFO: ScheduledJobManager started {"execution_time":"2026-05-17T00:21:01+00:00"} 
[2026-05-17 00:21:01] production.INFO: ScheduledJobManager completed {"execution_time":"2026-05-17T00:21:01+00:00","duration_ms":12.555,"dispatched":0,"skipped":0} 
[2026-05-17 00:22:01] production.INFO: ScheduledJobManager started {"execution_time":"2026-05-17T00:22:01+00:00"} 
[2026-05-17 00:22:01] production.INFO: ScheduledJobManager completed {"execution_time":"2026-05-17T00:22:01+00:00","duration_ms":13.138,"dispatched":0,"skipped":0} 
[2026-05-17 00:23:01] production.INFO: ScheduledJobManager started {"execution_time":"2026-05-17T00:23:01+00:00"} 
[2026-05-17 00:23:01] production.INFO: ScheduledJobManager completed {"execution_time":"2026-05-17T00:23:01+00:00","duration_ms":12.772,"dispatched":0,"skipped":0} 
[2026-05-17 00:24:01] production.INFO: ScheduledJobManager started {"execution_time":"2026-05-17T00:24:01+00:00"} 
[2026-05-17 00:24:01] production.INFO: ScheduledJobManager completed {"execution_time":"2026-05-17T00:24:01+00:00","duration_ms":11.999,"dispatched":0,"skipped":0} 
[2026-05-17 00:25:01] production.INFO: ScheduledJobManager started {"execution_time":"2026-05-17T00:25:01+00:00"} 
[2026-05-17 00:25:01] production.INFO: ScheduledJobManager completed {"execution_time":"2026-05-17T00:25:01+00:00","duration_ms":12.666,"dispatched":0,"skipped":0} 
[2026-05-17 00:26:01] production.INFO: ScheduledJobManager started {"execution_time":"2026-05-17T00:26:01+00:00"} 
[2026-05-17 00:26:01] production.INFO: ScheduledJobManager completed {"execution_time":"2026-05-17T00:26:01+00:00","duration_ms":12.705,"dispatched":0,"skipped":0} 
[2026-05-17 00:27:01] production.INFO: ScheduledJobManager started {"execution_time":"2026-05-17T00:27:01+00:00"} 
[2026-05-17 00:27:01] production.INFO: ScheduledJobManager completed {"execution_time":"2026-05-17T00:27:01+00:00","duration_ms":12.496,"dispatched":0,"skipped":0} 
[2026-05-17 00:28:01] production.INFO: ScheduledJobManager started {"execution_time":"2026-05-17T00:28:01+00:00"} 
[2026-05-17 00:28:01] production.INFO: ScheduledJobManager completed {"execution_time":"2026-05-17T00:28:01+00:00","duration_ms":16.049,"dispatched":0,"skipped":0} 
[2026-05-17 00:29:01] production.INFO: ScheduledJobManager started {"execution_time":"2026-05-17T00:29:01+00:00"} 
[2026-05-17 00:29:01] production.INFO: ScheduledJobManager completed {"execution_time":"2026-05-17T00:29:01+00:00","duration_ms":11.696,"dispatched":0,"skipped":0} 
[2026-05-17 00:30:01] production.INFO: ScheduledJobManager started {"execution_time":"2026-05-17T00:30:01+00:00"} 
[2026-05-17 00:30:01] production.INFO: ScheduledJobManager completed {"execution_time":"2026-05-17T00:30:01+00:00","duration_ms":12.991,"dispatched":0,"skipped":0} 
[2026-05-17 00:31:02] production.INFO: ScheduledJobManager started {"execution_time":"2026-05-17T00:31:02+00:00"} 
[2026-05-17 00:31:02] production.INFO: ScheduledJobManager completed {"execution_time":"2026-05-17T00:31:02+00:00","duration_ms":11.472,"dispatched":0,"skipped":0} 
[2026-05-17 00:32:01] production.INFO: ScheduledJobManager started {"execution_time":"2026-05-17T00:32:01+00:00"} 
[2026-05-17 00:32:01] production.INFO: ScheduledJobManager completed {"execution_time":"2026-05-17T00:32:01+00:00","duration_ms":12.975,"dispatched":0,"skipped":0} 
[2026-05-17 00:33:01] production.INFO: ScheduledJobManager started {"execution_time":"2026-05-17T00:33:01+00:00"} 
[2026-05-17 00:33:01] production.INFO: ScheduledJobManager completed {"execution_time":"2026-05-17T00:33:01+00:00","duration_ms":11.65,"dispatched":0,"skipped":0} 
[2026-05-17 00:34:01] production.INFO: ScheduledJobManager started {"execution_time":"2026-05-17T00:34:01+00:00"} 
[2026-05-17 00:34:01] production.INFO: ScheduledJobManager completed {"execution_time":"2026-05-17T00:34:01+00:00","duration_ms":6.752,"dispatched":0,"skipped":0} 
[2026-05-17 00:35:01] production.INFO: ScheduledJobManager started {"execution_time":"2026-05-17T00:35:01+00:00"} 
[2026-05-17 00:35:01] production.INFO: ScheduledJobManager completed {"execution_time":"2026-05-17T00:35:01+00:00","duration_ms":11.419,"dispatched":0,"skipped":0} 
[2026-05-17 00:36:01] production.INFO: ScheduledJobManager started {"execution_time":"2026-05-17T00:36:01+00:00"} 
[2026-05-17 00:36:01] production.INFO: ScheduledJobManager completed {"execution_time":"2026-05-17T00:36:01+00:00","duration_ms":12.672,"dispatched":0,"skipped":0} 
[2026-05-17 00:37:01] production.INFO: ScheduledJobManager started {"execution_time":"2026-05-17T00:37:01+00:00"} 
[2026-05-17 00:37:01] production.INFO: ScheduledJobManager completed {"execution_time":"2026-05-17T00:37:01+00:00","duration_ms":12.778,"dispatched":0,"skipped":0} 
[2026-05-17 00:38:01] production.INFO: ScheduledJobManager started {"execution_time":"2026-05-17T00:38:01+00:00"} 
[2026-05-17 00:38:01] production.INFO: ScheduledJobManager completed {"execution_time":"2026-05-17T00:38:01+00:00","duration_ms":16.115,"dispatched":0,"skipped":0} 
[2026-05-17 00:39:01] production.INFO: ScheduledJobManager started {"execution_time":"2026-05-17T00:39:01+00:00"} 
[2026-05-17 00:39:01] production.INFO: ScheduledJobManager completed {"execution_time":"2026-05-17T00:39:01+00:00","duration_ms":12.303,"dispatched":0,"skipped":0} 
[2026-05-17 00:40:01] production.INFO: ScheduledJobManager started {"execution_time":"2026-05-17T00:40:01+00:00"} 
[2026-05-17 00:40:01] production.INFO: ScheduledJobManager completed {"execution_time":"2026-05-17T00:40:01+00:00","duration_ms":5.482,"dispatched":0,"skipped":0} 
[2026-05-17 00:41:01] production.INFO: ScheduledJobManager started {"execution_time":"2026-05-17T00:41:01+00:00"} 
[2026-05-17 00:41:01] production.INFO: ScheduledJobManager completed {"execution_time":"2026-05-17T00:41:01+00:00","duration_ms":12.531,"dispatched":0,"skipped":0} 
[2026-05-17 00:42:01] production.INFO: ScheduledJobManager started {"execution_time":"2026-05-17T00:42:01+00:00"} 
[2026-05-17 00:42:01] production.INFO: ScheduledJobManager completed {"execution_time":"2026-05-17T00:42:01+00:00","duration_ms":12.574,"dispatched":0,"skipped":0} 
[2026-05-17 00:43:01] production.INFO: ScheduledJobManager started {"execution_time":"2026-05-17T00:43:01+00:00"} 
[2026-05-17 00:43:01] production.INFO: ScheduledJobManager completed {"execution_time":"2026-05-17T00:43:01+00:00","duration_ms":12.811,"dispatched":0,"skipped":0} 
[2026-05-17 00:44:01] production.INFO: ScheduledJobManager started {"execution_time":"2026-05-17T00:44:01+00:00"} 
[2026-05-17 00:44:01] production.INFO: ScheduledJobManager completed {"execution_time":"2026-05-17T00:44:01+00:00","duration_ms":12.755,"dispatched":0,"skipped":0} 
[2026-05-17 00:45:01] production.INFO: ScheduledJobManager started {"execution_time":"2026-05-17T00:45:01+00:00"} 
[2026-05-17 00:45:01] production.INFO: ScheduledJobManager completed {"execution_time":"2026-05-17T00:45:01+00:00","duration_ms":12.301,"dispatched":0,"skipped":0} 
[2026-05-17 00:46:01] production.INFO: ScheduledJobManager started {"execution_time":"2026-05-17T00:46:01+00:00"} 
[2026-05-17 00:46:01] production.INFO: ScheduledJobManager completed {"execution_time":"2026-05-17T00:46:01+00:00","duration_ms":12.316,"dispatched":0,"skipped":0} 
[2026-05-17 00:47:01] production.INFO: ScheduledJobManager started {"execution_time":"2026-05-17T00:47:01+00:00"} 
[2026-05-17 00:47:01] production.INFO: ScheduledJobManager completed {"execution_time":"2026-05-17T00:47:01+00:00","duration_ms":13.047,"dispatched":0,"skipped":0} 
[2026-05-17 00:48:01] production.INFO: ScheduledJobManager started {"execution_time":"2026-05-17T00:48:01+00:00"} 
[2026-05-17 00:48:01] production.INFO: ScheduledJobManager completed {"execution_time":"2026-05-17T00:48:01+00:00","duration_ms":6.032,"dispatched":0,"skipped":0} 
[2026-05-17 00:49:01] production.INFO: ScheduledJobManager started {"execution_time":"2026-05-17T00:49:01+00:00"} 
[2026-05-17 00:49:01] production.INFO: ScheduledJobManager completed {"execution_time":"2026-05-17T00:49:01+00:00","duration_ms":12.147,"dispatched":0,"skipped":0} 
[2026-05-17 00:50:01] production.INFO: ScheduledJobManager started {"execution_time":"2026-05-17T00:50:01+00:00"} 
[2026-05-17 00:50:01] production.INFO: ScheduledJobManager completed {"execution_time":"2026-05-17T00:50:01+00:00","duration_ms":4.016,"dispatched":0,"skipped":0} 
[2026-05-17 00:51:01] production.INFO: ScheduledJobManager started {"execution_time":"2026-05-17T00:51:01+00:00"} 
[2026-05-17 00:51:01] production.INFO: ScheduledJobManager completed {"execution_time":"2026-05-17T00:51:01+00:00","duration_ms":12.531,"dispatched":0,"skipped":0} 
[2026-05-17 00:52:01] production.INFO: ScheduledJobManager started {"execution_time":"2026-05-17T00:52:01+00:00"} 
[2026-05-17 00:52:01] production.INFO: ScheduledJobManager completed {"execution_time":"2026-05-17T00:52:01+00:00","duration_ms":12.647,"dispatched":0,"skipped":0} 
[2026-05-17 00:53:01] production.INFO: ScheduledJobManager started {"execution_time":"2026-05-17T00:53:01+00:00"} 
[2026-05-17 00:53:01] production.INFO: ScheduledJobManager completed {"execution_time":"2026-05-17T00:53:01+00:00","duration_ms":12.731,"dispatched":0,"skipped":0} 
[2026-05-17 00:54:01] production.INFO: ScheduledJobManager started {"execution_time":"2026-05-17T00:54:01+00:00"} 
[2026-05-17 00:54:01] production.INFO: ScheduledJobManager completed {"execution_time":"2026-05-17T00:54:01+00:00","duration_ms":12.317,"dispatched":0,"skipped":0} 
[2026-05-17 00:55:01] production.INFO: ScheduledJobManager started {"execution_time":"2026-05-17T00:55:01+00:00"} 
[2026-05-17 00:55:01] production.INFO: ScheduledJobManager completed {"execution_time":"2026-05-17T00:55:01+00:00","duration_ms":11.7,"dispatched":0,"skipped":0} 
[2026-05-17 00:56:01] production.INFO: ScheduledJobManager started {"execution_time":"2026-05-17T00:56:01+00:00"} 
[2026-05-17 00:56:01] production.INFO: ScheduledJobManager completed {"execution_time":"2026-05-17T00:56:01+00:00","duration_ms":12.702,"dispatched":0,"skipped":0} 
[2026-05-17 00:57:01] production.INFO: ScheduledJobManager started {"execution_time":"2026-05-17T00:57:01+00:00"} 
[2026-05-17 00:57:01] production.INFO: ScheduledJobManager completed {"execution_time":"2026-05-17T00:57:01+00:00","duration_ms":12.529,"dispatched":0,"skipped":0} 
[2026-05-17 00:58:01] production.INFO: ScheduledJobManager started {"execution_time":"2026-05-17T00:58:01+00:00"} 
[2026-05-17 00:58:01] production.INFO: ScheduledJobManager completed {"execution_time":"2026-05-17T00:58:01+00:00","duration_ms":12.65,"dispatched":0,"skipped":0} 
[2026-05-17 00:59:01] production.INFO: ScheduledJobManager started {"execution_time":"2026-05-17T00:59:01+00:00"} 
[2026-05-17 00:59:01] production.INFO: ScheduledJobManager completed {"execution_time":"2026-05-17T00:59:01+00:00","duration_ms":12.931,"dispatched":0,"skipped":0} 
[2026-05-17 01:00:02] production.INFO: ScheduledJobManager started {"execution_time":"2026-05-17T01:00:02+00:00"} 
[2026-05-17 01:00:02] production.INFO: ScheduledJobManager completed {"execution_time":"2026-05-17T01:00:02+00:00","duration_ms":4.41,"dispatched":0,"skipped":0} 
[2026-05-17 01:01:01] production.INFO: ScheduledJobManager started {"execution_time":"2026-05-17T01:01:01+00:00"} 
[2026-05-17 01:01:01] production.INFO: ScheduledJobManager completed {"execution_time":"2026-05-17T01:01:01+00:00","duration_ms":11.382,"dispatched":0,"skipped":0} 
[2026-05-17 01:02:01] production.INFO: ScheduledJobManager started {"execution_time":"2026-05-17T01:02:01+00:00"} 
[2026-05-17 01:02:01] production.INFO: ScheduledJobManager completed {"execution_time":"2026-05-17T01:02:01+00:00","duration_ms":5.993,"dispatched":0,"skipped":0} 
[2026-05-17 01:03:01] production.INFO: ScheduledJobManager started {"execution_time":"2026-05-17T01:03:01+00:00"} 
[2026-05-17 01:03:01] production.INFO: ScheduledJobManager completed {"execution_time":"2026-05-17T01:03:01+00:00","duration_ms":12.656,"dispatched":0,"skipped":0} 
[2026-05-17 01:04:01] production.INFO: ScheduledJobManager started {"execution_time":"2026-05-17T01:04:01+00:00"} 
[2026-05-17 01:04:01] production.INFO: ScheduledJobManager completed {"execution_time":"2026-05-17T01:04:01+00:00","duration_ms":12.399,"dispatched":0,"skipped":0} 
[2026-05-17 01:05:01] production.INFO: ScheduledJobManager started {"execution_time":"2026-05-17T01:05:01+00:00"} 
[2026-05-17 01:05:01] production.INFO: ScheduledJobManager completed {"execution_time":"2026-05-17T01:05:01+00:00","duration_ms":3.841,"dispatched":0,"skipped":0} 
[2026-05-17 01:06:01] production.INFO: ScheduledJobManager started {"execution_time":"2026-05-17T01:06:01+00:00"} 
[2026-05-17 01:06:01] production.INFO: ScheduledJobManager completed {"execution_time":"2026-05-17T01:06:01+00:00","duration_ms":12.545,"dispatched":0,"skipped":0} 
[2026-05-17 01:07:01] production.INFO: ScheduledJobManager started {"execution_time":"2026-05-17T01:07:01+00:00"} 
[2026-05-17 01:07:01] production.INFO: ScheduledJobManager completed {"execution_time":"2026-05-17T01:07:01+00:00","duration_ms":12.785,"dispatched":0,"skipped":0} 
[2026-05-17 01:08:01] production.INFO: ScheduledJobManager started {"execution_time":"2026-05-17T01:08:01+00:00"} 
[2026-05-17 01:08:01] production.INFO: ScheduledJobManager completed {"execution_time":"2026-05-17T01:08:01+00:00","duration_ms":13.059,"dispatched":0,"skipped":0} 
[2026-05-17 01:09:01] production.INFO: ScheduledJobManager started {"execution_time":"2026-05-17T01:09:01+00:00"} 
[2026-05-17 01:09:01] production.INFO: ScheduledJobManager completed {"execution_time":"2026-05-17T01:09:01+00:00","duration_ms":12.97,"dispatched":0,"skipped":0} 
[2026-05-17 01:10:01] production.INFO: ScheduledJobManager started {"execution_time":"2026-05-17T01:10:01+00:00"} 
[2026-05-17 01:10:01] production.INFO: ScheduledJobManager completed {"execution_time":"2026-05-17T01:10:01+00:00","duration_ms":11.703,"dispatched":0,"skipped":0} 
[2026-05-17 01:11:01] production.INFO: ScheduledJobManager started {"execution_time":"2026-05-17T01:11:01+00:00"} 
[2026-05-17 01:11:01] production.INFO: ScheduledJobManager completed {"execution_time":"2026-05-17T01:11:01+00:00","duration_ms":12.879,"dispatched":0,"skipped":0} 
[2026-05-17 01:12:01] production.INFO: ScheduledJobManager started {"execution_time":"2026-05-17T01:12:01+00:00"} 
[2026-05-17 01:12:01] production.INFO: ScheduledJobManager completed {"execution_time":"2026-05-17T01:12:01+00:00","duration_ms":11.464,"dispatched":0,"skipped":0} 
[2026-05-17 01:13:01] production.INFO: ScheduledJobManager started {"execution_time":"2026-05-17T01:13:01+00:00"} 
[2026-05-17 01:13:01] production.INFO: ScheduledJobManager completed {"execution_time":"2026-05-17T01:13:01+00:00","duration_ms":12.564,"dispatched":0,"skipped":0} 
[2026-05-17 01:14:01] production.INFO: ScheduledJobManager started {"execution_time":"2026-05-17T01:14:01+00:00"} 
[2026-05-17 01:14:01] production.INFO: ScheduledJobManager completed {"execution_time":"2026-05-17T01:14:01+00:00","duration_ms":11.424,"dispatched":0,"skipped":0} 
[2026-05-17 01:15:02] production.INFO: ScheduledJobManager started {"execution_time":"2026-05-17T01:15:02+00:00"} 
[2026-05-17 01:15:02] production.INFO: ScheduledJobManager completed {"execution_time":"2026-05-17T01:15:02+00:00","duration_ms":13.13,"dispatched":0,"skipped":0} 
[2026-05-17 01:16:01] production.INFO: ScheduledJobManager started {"execution_time":"2026-05-17T01:16:01+00:00"} 
[2026-05-17 01:16:01] production.INFO: ScheduledJobManager completed {"execution_time":"2026-05-17T01:16:01+00:00","duration_ms":12.739,"dispatched":0,"skipped":0} 
[2026-05-17 01:17:01] production.INFO: ScheduledJobManager started {"execution_time":"2026-05-17T01:17:01+00:00"} 
[2026-05-17 01:17:01] production.INFO: ScheduledJobManager completed {"execution_time":"2026-05-17T01:17:01+00:00","duration_ms":13.169,"dispatched":0,"skipped":0} 
[2026-05-17 01:18:01] production.INFO: ScheduledJobManager started {"execution_time":"2026-05-17T01:18:01+00:00"} 
[2026-05-17 01:18:01] production.INFO: ScheduledJobManager completed {"execution_time":"2026-05-17T01:18:01+00:00","duration_ms":6.37,"dispatched":0,"skipped":0} 
[2026-05-17 01:19:01] production.INFO: ScheduledJobManager started {"execution_time":"2026-05-17T01:19:01+00:00"} 
[2026-05-17 01:19:01] production.INFO: ScheduledJobManager completed {"execution_time":"2026-05-17T01:19:01+00:00","duration_ms":12.58,"dispatched":0,"skipped":0} 
[2026-05-17 01:20:01] production.INFO: ScheduledJobManager started {"execution_time":"2026-05-17T01:20:01+00:00"} 
[2026-05-17 01:20:01] production.INFO: ScheduledJobManager completed {"execution_time":"2026-05-17T01:20:01+00:00","duration_ms":4.81,"dispatched":0,"skipped":0} 
[2026-05-17 01:21:01] production.INFO: ScheduledJobManager started {"execution_time":"2026-05-17T01:21:01+00:00"} 
[2026-05-17 01:21:01] production.INFO: ScheduledJobManager completed {"execution_time":"2026-05-17T01:21:01+00:00","duration_ms":11.377,"dispatched":0,"skipped":0} 
[2026-05-17 01:22:01] production.INFO: ScheduledJobManager started {"execution_time":"2026-05-17T01:22:01+00:00"} 
[2026-05-17 01:22:01] production.INFO: ScheduledJobManager completed {"execution_time":"2026-05-17T01:22:01+00:00","duration_ms":13.098,"dispatched":0,"skipped":0} 
[2026-05-17 01:23:01] production.INFO: ScheduledJobManager started {"execution_time":"2026-05-17T01:23:01+00:00"} 
[2026-05-17 01:23:01] production.INFO: ScheduledJobManager completed {"execution_time":"2026-05-17T01:23:01+00:00","duration_ms":12.681,"dispatched":0,"skipped":0} 
[2026-05-17 01:24:01] production.INFO: ScheduledJobManager started {"execution_time":"2026-05-17T01:24:01+00:00"} 
[2026-05-17 01:24:01] production.INFO: ScheduledJobManager completed {"execution_time":"2026-05-17T01:24:01+00:00","duration_ms":12.381,"dispatched":0,"skipped":0} 
[2026-05-17 01:25:01] production.INFO: ScheduledJobManager started {"execution_time":"2026-05-17T01:25:01+00:00"} 
[2026-05-17 01:25:01] production.INFO: ScheduledJobManager completed {"execution_time":"2026-05-17T01:25:01+00:00","duration_ms":12.987,"dispatched":0,"skipped":0} 
[2026-05-17 01:26:01] production.INFO: ScheduledJobManager started {"execution_time":"2026-05-17T01:26:01+00:00"} 
[2026-05-17 01:26:01] production.INFO: ScheduledJobManager completed {"execution_time":"2026-05-17T01:26:01+00:00","duration_ms":12.896,"dispatched":0,"skipped":0} 
[2026-05-17 01:27:01] production.INFO: ScheduledJobManager started {"execution_time":"2026-05-17T01:27:01+00:00"} 
[2026-05-17 01:27:01] production.INFO: ScheduledJobManager completed {"execution_time":"2026-05-17T01:27:01+00:00","duration_ms":11.392,"dispatched":0,"skipped":0} 
[2026-05-17 01:28:01] production.INFO: ScheduledJobManager started {"execution_time":"2026-05-17T01:28:01+00:00"} 
[2026-05-17 01:28:01] production.INFO: ScheduledJobManager completed {"execution_time":"2026-05-17T01:28:01+00:00","duration_ms":12.485,"dispatched":0,"skipped":0} 
[2026-05-17 01:29:01] production.INFO: ScheduledJobManager started {"execution_time":"2026-05-17T01:29:01+00:00"} 
[2026-05-17 01:29:01] production.INFO: ScheduledJobManager completed {"execution_time":"2026-05-17T01:29:01+00:00","duration_ms":13.066,"dispatched":0,"skipped":0} 
[2026-05-17 01:30:02] production.INFO: ScheduledJobManager started {"execution_time":"2026-05-17T01:30:02+00:00"} 
[2026-05-17 01:30:02] production.INFO: ScheduledJobManager completed {"execution_time":"2026-05-17T01:30:02+00:00","duration_ms":12.827,"dispatched":0,"skipped":0} 
[2026-05-17 01:31:01] production.INFO: ScheduledJobManager started {"execution_time":"2026-05-17T01:31:01+00:00"} 
[2026-05-17 01:31:01] production.INFO: ScheduledJobManager completed {"execution_time":"2026-05-17T01:31:01+00:00","duration_ms":11.259,"dispatched":0,"skipped":0} 
[2026-05-17 01:32:01] production.INFO: ScheduledJobManager started {"execution_time":"2026-05-17T01:32:01+00:00"} 
[2026-05-17 01:32:01] production.INFO: ScheduledJobManager completed {"execution_time":"2026-05-17T01:32:01+00:00","duration_ms":6.328,"dispatched":0,"skipped":0} 
[2026-05-17 01:33:01] production.INFO: ScheduledJobManager started {"execution_time":"2026-05-17T01:33:01+00:00"} 
[2026-05-17 01:33:01] production.INFO: ScheduledJobManager completed {"execution_time":"2026-05-17T01:33:01+00:00","duration_ms":12.599,"dispatched":0,"skipped":0} 
[2026-05-17 01:34:01] production.INFO: ScheduledJobManager started {"execution_time":"2026-05-17T01:34:01+00:00"} 
[2026-05-17 01:34:01] production.INFO: ScheduledJobManager completed {"execution_time":"2026-05-17T01:34:01+00:00","duration_ms":7.407,"dispatched":0,"skipped":0} 
[2026-05-17 01:35:01] production.INFO: ScheduledJobManager started {"execution_time":"2026-05-17T01:35:01+00:00"} 
[2026-05-17 01:35:01] production.INFO: ScheduledJobManager completed {"execution_time":"2026-05-17T01:35:01+00:00","duration_ms":12.843,"dispatched":0,"skipped":0} 
[2026-05-17 01:36:01] production.INFO: ScheduledJobManager started {"execution_time":"2026-05-17T01:36:01+00:00"} 
[2026-05-17 01:36:01] production.INFO: ScheduledJobManager completed {"execution_time":"2026-05-17T01:36:01+00:00","duration_ms":12.958,"dispatched":0,"skipped":0} 
[2026-05-17 01:37:01] production.INFO: ScheduledJobManager started {"execution_time":"2026-05-17T01:37:01+00:00"} 
[2026-05-17 01:37:01] production.INFO: ScheduledJobManager completed {"execution_time":"2026-05-17T01:37:01+00:00","duration_ms":12.566,"dispatched":0,"skipped":0} 
[2026-05-17 01:38:01] production.INFO: ScheduledJobManager started {"execution_time":"2026-05-17T01:38:01+00:00"} 
[2026-05-17 01:38:01] production.INFO: ScheduledJobManager completed {"execution_time":"2026-05-17T01:38:01+00:00","duration_ms":11.282,"dispatched":0,"skipped":0} 
[2026-05-17 01:39:01] production.INFO: ScheduledJobManager started {"execution_time":"2026-05-17T01:39:01+00:00"} 
[2026-05-17 01:39:01] production.INFO: ScheduledJobManager completed {"execution_time":"2026-05-17T01:39:01+00:00","duration_ms":20.022,"dispatched":0,"skipped":0} 
[2026-05-17 01:40:01] production.INFO: ScheduledJobManager started {"execution_time":"2026-05-17T01:40:01+00:00"} 
[2026-05-17 01:40:01] production.INFO: ScheduledJobManager completed {"execution_time":"2026-05-17T01:40:01+00:00","duration_ms":7.001,"dispatched":0,"skipped":0} 
[2026-05-17 01:41:01] production.INFO: ScheduledJobManager started {"execution_time":"2026-05-17T01:41:01+00:00"} 
[2026-05-17 01:41:01] production.INFO: ScheduledJobManager completed {"execution_time":"2026-05-17T01:41:01+00:00","duration_ms":12.602,"dispatched":0,"skipped":0} 
[2026-05-17 01:42:01] production.INFO: ScheduledJobManager started {"execution_time":"2026-05-17T01:42:01+00:00"} 
[2026-05-17 01:42:01] production.INFO: ScheduledJobManager completed {"execution_time":"2026-05-17T01:42:01+00:00","duration_ms":12.197,"dispatched":0,"skipped":0} 
[2026-05-17 01:43:01] production.INFO: ScheduledJobManager started {"execution_time":"2026-05-17T01:43:01+00:00"} 
[2026-05-17 01:43:01] production.INFO: ScheduledJobManager completed {"execution_time":"2026-05-17T01:43:01+00:00","duration_ms":11.65,"dispatched":0,"skipped":0} 
[2026-05-17 01:44:01] production.INFO: ScheduledJobManager started {"execution_time":"2026-05-17T01:44:01+00:00"} 
[2026-05-17 01:44:01] production.INFO: ScheduledJobManager completed {"execution_time":"2026-05-17T01:44:01+00:00","duration_ms":12.585,"dispatched":0,"skipped":0} 
[2026-05-17 01:45:02] production.INFO: ScheduledJobManager started {"execution_time":"2026-05-17T01:45:02+00:00"} 
[2026-05-17 01:45:02] production.INFO: ScheduledJobManager completed {"execution_time":"2026-05-17T01:45:02+00:00","duration_ms":12.631,"dispatched":0,"skipped":0} 
[2026-05-17 01:46:02] production.INFO: ScheduledJobManager started {"execution_time":"2026-05-17T01:46:02+00:00"} 
[2026-05-17 01:46:02] production.INFO: ScheduledJobManager completed {"execution_time":"2026-05-17T01:46:02+00:00","duration_ms":12.796,"dispatched":0,"skipped":0} 
[2026-05-17 01:47:01] production.INFO: ScheduledJobManager started {"execution_time":"2026-05-17T01:47:01+00:00"} 
[2026-05-17 01:47:01] production.INFO: ScheduledJobManager completed {"execution_time":"2026-05-17T01:47:01+00:00","duration_ms":11.198,"dispatched":0,"skipped":0} 
[2026-05-17 01:48:01] production.INFO: ScheduledJobManager started {"execution_time":"2026-05-17T01:48:01+00:00"} 
[2026-05-17 01:48:01] production.INFO: ScheduledJobManager completed {"execution_time":"2026-05-17T01:48:01+00:00","duration_ms":6.21,"dispatched":0,"skipped":0} 
[2026-05-17 01:49:01] production.INFO: ScheduledJobManager started {"execution_time":"2026-05-17T01:49:01+00:00"} 
[2026-05-17 01:49:01] production.INFO: ScheduledJobManager completed {"execution_time":"2026-05-17T01:49:01+00:00","duration_ms":17.278,"dispatched":0,"skipped":0} 
[2026-05-17 01:50:01] production.INFO: ScheduledJobManager started {"execution_time":"2026-05-17T01:50:01+00:00"} 
[2026-05-17 01:50:01] production.INFO: ScheduledJobManager completed {"execution_time":"2026-05-17T01:50:01+00:00","duration_ms":4.37,"dispatched":0,"skipped":0} 
[2026-05-17 01:51:01] production.INFO: ScheduledJobManager started {"execution_time":"2026-05-17T01:51:01+00:00"} 
[2026-05-17 01:51:01] production.INFO: ScheduledJobManager completed {"execution_time":"2026-05-17T01:51:01+00:00","duration_ms":11.714,"dispatched":0,"skipped":0} 
[2026-05-17 01:52:01] production.INFO: ScheduledJobManager started {"execution_time":"2026-05-17T01:52:01+00:00"} 
[2026-05-17 01:52:01] production.INFO: ScheduledJobManager completed {"execution_time":"2026-05-17T01:52:01+00:00","duration_ms":11.372,"dispatched":0,"skipped":0} 
[2026-05-17 01:53:01] production.INFO: ScheduledJobManager started {"execution_time":"2026-05-17T01:53:01+00:00"} 
[2026-05-17 01:53:01] production.INFO: ScheduledJobManager completed {"execution_time":"2026-05-17T01:53:01+00:00","duration_ms":12.549,"dispatched":0,"skipped":0} 
[2026-05-17 01:54:01] production.INFO: ScheduledJobManager started {"execution_time":"2026-05-17T01:54:01+00:00"} 
[2026-05-17 01:54:01] production.INFO: ScheduledJobManager completed {"execution_time":"2026-05-17T01:54:01+00:00","duration_ms":12.811,"dispatched":0,"skipped":0} 
[2026-05-17 01:55:01] production.INFO: ScheduledJobManager started {"execution_time":"2026-05-17T01:55:01+00:00"} 
[2026-05-17 01:55:01] production.INFO: ScheduledJobManager completed {"execution_time":"2026-05-17T01:55:01+00:00","duration_ms":12.817,"dispatched":0,"skipped":0} 
[2026-05-17 01:56:01] production.INFO: ScheduledJobManager started {"execution_time":"2026-05-17T01:56:01+00:00"} 
[2026-05-17 01:56:01] production.INFO: ScheduledJobManager completed {"execution_time":"2026-05-17T01:56:01+00:00","duration_ms":12.522,"dispatched":0,"skipped":0} 
[2026-05-17 01:57:01] production.INFO: ScheduledJobManager started {"execution_time":"2026-05-17T01:57:01+00:00"} 
[2026-05-17 01:57:01] production.INFO: ScheduledJobManager completed {"execution_time":"2026-05-17T01:57:01+00:00","duration_ms":12.533,"dispatched":0,"skipped":0} 
[2026-05-17 01:58:01] production.INFO: ScheduledJobManager started {"execution_time":"2026-05-17T01:58:01+00:00"} 
[2026-05-17 01:58:01] production.INFO: ScheduledJobManager completed {"execution_time":"2026-05-17T01:58:01+00:00","duration_ms":11.896,"dispatched":0,"skipped":0} 
[2026-05-17 01:59:01] production.INFO: ScheduledJobManager started {"execution_time":"2026-05-17T01:59:01+00:00"} 
[2026-05-17 01:59:01] production.INFO: ScheduledJobManager completed {"execution_time":"2026-05-17T01:59:01+00:00","duration_ms":12.481,"dispatched":0,"skipped":0} 
[2026-05-17 02:00:02] production.INFO: ScheduledJobManager started {"execution_time":"2026-05-17T02:00:02+00:00"} 
[2026-05-17 02:00:02] production.INFO: ScheduledJobManager completed {"execution_time":"2026-05-17T02:00:02+00:00","duration_ms":5.178,"dispatched":0,"skipped":0} 
[2026-05-17 02:01:01] production.INFO: ScheduledJobManager started {"execution_time":"2026-05-17T02:01:01+00:00"} 
[2026-05-17 02:01:01] production.INFO: ScheduledJobManager completed {"execution_time":"2026-05-17T02:01:01+00:00","duration_ms":12.616,"dispatched":0,"skipped":0} 
[2026-05-17 02:02:01] production.INFO: ScheduledJobManager started {"execution_time":"2026-05-17T02:02:01+00:00"} 
[2026-05-17 02:02:01] production.INFO: ScheduledJobManager completed {"execution_time":"2026-05-17T02:02:01+00:00","duration_ms":5.658,"dispatched":0,"skipped":0} 
[2026-05-17 02:03:01] production.INFO: ScheduledJobManager started {"execution_time":"2026-05-17T02:03:01+00:00"} 
[2026-05-17 02:03:01] production.INFO: ScheduledJobManager completed {"execution_time":"2026-05-17T02:03:01+00:00","duration_ms":12.772,"dispatched":0,"skipped":0} 
[2026-05-17 02:04:01] production.INFO: ScheduledJobManager started {"execution_time":"2026-05-17T02:04:01+00:00"} 
[2026-05-17 02:04:01] production.INFO: ScheduledJobManager completed {"execution_time":"2026-05-17T02:04:01+00:00","duration_ms":11.131,"dispatched":0,"skipped":0} 
[2026-05-17 02:05:01] production.INFO: ScheduledJobManager started {"execution_time":"2026-05-17T02:05:01+00:00"} 
[2026-05-17 02:05:01] production.INFO: ScheduledJobManager completed {"execution_time":"2026-05-17T02:05:01+00:00","duration_ms":4.179,"dispatched":0,"skipped":0} 
[2026-05-17 02:06:01] production.INFO: ScheduledJobManager started {"execution_time":"2026-05-17T02:06:01+00:00"} 
[2026-05-17 02:06:01] production.INFO: ScheduledJobManager completed {"execution_time":"2026-05-17T02:06:01+00:00","duration_ms":12.866,"dispatched":0,"skipped":0} 
[2026-05-17 02:07:01] production.INFO: ScheduledJobManager started {"execution_time":"2026-05-17T02:07:01+00:00"} 
[2026-05-17 02:07:01] production.INFO: ScheduledJobManager completed {"execution_time":"2026-05-17T02:07:01+00:00","duration_ms":12.106,"dispatched":0,"skipped":0} 
[2026-05-17 02:08:01] production.INFO: ScheduledJobManager started {"execution_time":"2026-05-17T02:08:01+00:00"} 
[2026-05-17 02:08:01] production.INFO: ScheduledJobManager completed {"execution_time":"2026-05-17T02:08:01+00:00","duration_ms":10.969,"dispatched":0,"skipped":0} 
[2026-05-17 02:09:01] production.INFO: ScheduledJobManager started {"execution_time":"2026-05-17T02:09:01+00:00"} 
[2026-05-17 02:09:01] production.INFO: ScheduledJobManager completed {"execution_time":"2026-05-17T02:09:01+00:00","duration_ms":12.172,"dispatched":0,"skipped":0} 
[2026-05-17 02:10:01] production.INFO: ScheduledJobManager started {"execution_time":"2026-05-17T02:10:01+00:00"} 
[2026-05-17 02:10:01] production.INFO: ScheduledJobManager completed {"execution_time":"2026-05-17T02:10:01+00:00","duration_ms":5.884,"dispatched":0,"skipped":0} 
[2026-05-17 02:11:01] production.INFO: ScheduledJobManager started {"execution_time":"2026-05-17T02:11:01+00:00"} 
[2026-05-17 02:11:01] production.INFO: ScheduledJobManager completed {"execution_time":"2026-05-17T02:11:01+00:00","duration_ms":12.831,"dispatched":0,"skipped":0} 
[2026-05-17 02:12:01] production.INFO: ScheduledJobManager started {"execution_time":"2026-05-17T02:12:01+00:00"} 
[2026-05-17 02:12:01] production.INFO: ScheduledJobManager completed {"execution_time":"2026-05-17T02:12:01+00:00","duration_ms":11.812,"dispatched":0,"skipped":0} 
[2026-05-17 02:13:01] production.INFO: ScheduledJobManager started {"execution_time":"2026-05-17T02:13:01+00:00"} 
[2026-05-17 02:13:01] production.INFO: ScheduledJobManager completed {"execution_time":"2026-05-17T02:13:01+00:00","duration_ms":12.545,"dispatched":0,"skipped":0} 
[2026-05-17 02:14:01] production.INFO: ScheduledJobManager started {"execution_time":"2026-05-17T02:14:01+00:00"} 
[2026-05-17 02:14:01] production.INFO: ScheduledJobManager completed {"execution_time":"2026-05-17T02:14:01+00:00","duration_ms":12.987,"dispatched":0,"skipped":0} 
[2026-05-17 02:15:02] production.INFO: ScheduledJobManager started {"execution_time":"2026-05-17T02:15:02+00:00"} 
[2026-05-17 02:15:02] production.INFO: ScheduledJobManager completed {"execution_time":"2026-05-17T02:15:02+00:00","duration_ms":12.575,"dispatched":0,"skipped":0} 
[2026-05-17 02:16:01] production.INFO: ScheduledJobManager started {"execution_time":"2026-05-17T02:16:01+00:00"} 
[2026-05-17 02:16:01] production.INFO: ScheduledJobManager completed {"execution_time":"2026-05-17T02:16:01+00:00","duration_ms":12.541,"dispatched":0,"skipped":0} 
[2026-05-17 02:17:01] production.INFO: ScheduledJobManager started {"execution_time":"2026-05-17T02:17:01+00:00"} 
[2026-05-17 02:17:01] production.INFO: ScheduledJobManager completed {"execution_time":"2026-05-17T02:17:01+00:00","duration_ms":12.996,"dispatched":0,"skipped":0} 
[2026-05-17 02:18:01] production.INFO: ScheduledJobManager started {"execution_time":"2026-05-17T02:18:01+00:00"} 
[2026-05-17 02:18:01] production.INFO: ScheduledJobManager completed {"execution_time":"2026-05-17T02:18:01+00:00","duration_ms":5.664,"dispatched":0,"skipped":0} 
[2026-05-17 02:19:01] production.INFO: ScheduledJobManager started {"execution_time":"2026-05-17T02:19:01+00:00"} 
[2026-05-17 02:19:01] production.INFO: ScheduledJobManager completed {"execution_time":"2026-05-17T02:19:01+00:00","duration_ms":12.768,"dispatched":0,"skipped":0} 
[2026-05-17 02:20:01] production.INFO: ScheduledJobManager started {"execution_time":"2026-05-17T02:20:01+00:00"} 
[2026-05-17 02:20:01] production.INFO: ScheduledJobManager completed {"execution_time":"2026-05-17T02:20:01+00:00","duration_ms":5.493,"dispatched":0,"skipped":0} 
[2026-05-17 02:21:01] production.INFO: ScheduledJobManager started {"execution_time":"2026-05-17T02:21:01+00:00"} 
[2026-05-17 02:21:01] production.INFO: ScheduledJobManager completed {"execution_time":"2026-05-17T02:21:01+00:00","duration_ms":12.593,"dispatched":0,"skipped":0} 
[2026-05-17 02:22:01] production.INFO: ScheduledJobManager started {"execution_time":"2026-05-17T02:22:01+00:00"} 
[2026-05-17 02:22:01] production.INFO: ScheduledJobManager completed {"execution_time":"2026-05-17T02:22:01+00:00","duration_ms":13.129,"dispatched":0,"skipped":0} 
[2026-05-17 02:23:01] production.INFO: ScheduledJobManager started {"execution_time":"2026-05-17T02:23:01+00:00"} 
[2026-05-17 02:23:01] production.INFO: ScheduledJobManager completed {"execution_time":"2026-05-17T02:23:01+00:00","duration_ms":12.57,"dispatched":0,"skipped":0} 
[2026-05-17 02:24:01] production.INFO: ScheduledJobManager started {"execution_time":"2026-05-17T02:24:01+00:00"} 
[2026-05-17 02:24:01] production.INFO: ScheduledJobManager completed {"execution_time":"2026-05-17T02:24:01+00:00","duration_ms":12.481,"dispatched":0,"skipped":0} 
[2026-05-17 02:25:01] production.INFO: ScheduledJobManager started {"execution_time":"2026-05-17T02:25:01+00:00"} 
[2026-05-17 02:25:01] production.INFO: ScheduledJobManager completed {"execution_time":"2026-05-17T02:25:01+00:00","duration_ms":13.102,"dispatched":0,"skipped":0} 
[2026-05-17 02:26:01] production.INFO: ScheduledJobManager started {"execution_time":"2026-05-17T02:26:01+00:00"} 
[2026-05-17 02:26:01] production.INFO: ScheduledJobManager completed {"execution_time":"2026-05-17T02:26:01+00:00","duration_ms":12.726,"dispatched":0,"skipped":0} 
[2026-05-17 02:27:01] production.INFO: ScheduledJobManager started {"execution_time":"2026-05-17T02:27:01+00:00"} 
[2026-05-17 02:27:01] production.INFO: ScheduledJobManager completed {"execution_time":"2026-05-17T02:27:01+00:00","duration_ms":12.757,"dispatched":0,"skipped":0} 
[2026-05-17 02:28:01] production.INFO: ScheduledJobManager started {"execution_time":"2026-05-17T02:28:01+00:00"} 
[2026-05-17 02:28:01] production.INFO: ScheduledJobManager completed {"execution_time":"2026-05-17T02:28:01+00:00","duration_ms":11.782,"dispatched":0,"skipped":0} 
[2026-05-17 02:29:01] production.INFO: ScheduledJobManager started {"execution_time":"2026-05-17T02:29:01+00:00"} 
[2026-05-17 02:29:01] production.INFO: ScheduledJobManager completed {"execution_time":"2026-05-17T02:29:01+00:00","duration_ms":12.405,"dispatched":0,"skipped":0} 
[2026-05-17 02:30:02] production.INFO: ScheduledJobManager started {"execution_time":"2026-05-17T02:30:02+00:00"} 
[2026-05-17 02:30:02] production.INFO: ScheduledJobManager completed {"execution_time":"2026-05-17T02:30:02+00:00","duration_ms":12.877,"dispatched":0,"skipped":0} 
[2026-05-17 02:31:01] production.INFO: ScheduledJobManager started {"execution_time":"2026-05-17T02:31:01+00:00"} 
[2026-05-17 02:31:01] production.INFO: ScheduledJobManager completed {"execution_time":"2026-05-17T02:31:01+00:00","duration_ms":12.146,"dispatched":0,"skipped":0} 
[2026-05-17 02:32:01] production.INFO: ScheduledJobManager started {"execution_time":"2026-05-17T02:32:01+00:00"} 
[2026-05-17 02:32:01] production.INFO: ScheduledJobManager completed {"execution_time":"2026-05-17T02:32:01+00:00","duration_ms":5.611,"dispatched":0,"skipped":0} 
[2026-05-17 02:33:01] production.INFO: ScheduledJobManager started {"execution_time":"2026-05-17T02:33:01+00:00"} 
[2026-05-17 02:33:01] production.INFO: ScheduledJobManager completed {"execution_time":"2026-05-17T02:33:01+00:00","duration_ms":13.252,"dispatched":0,"skipped":0} 
[2026-05-17 02:34:01] production.INFO: ScheduledJobManager started {"execution_time":"2026-05-17T02:34:01+00:00"} 
[2026-05-17 02:34:01] production.INFO: ScheduledJobManager completed {"execution_time":"2026-05-17T02:34:01+00:00","duration_ms":6.063,"dispatched":0,"skipped":0} 
[2026-05-17 02:35:01] production.INFO: ScheduledJobManager started {"execution_time":"2026-05-17T02:35:01+00:00"} 
[2026-05-17 02:35:01] production.INFO: ScheduledJobManager completed {"execution_time":"2026-05-17T02:35:01+00:00","duration_ms":12.246,"dispatched":0,"skipped":0} 
[2026-05-17 02:36:01] production.INFO: ScheduledJobManager started {"execution_time":"2026-05-17T02:36:01+00:00"} 
[2026-05-17 02:36:01] production.INFO: ScheduledJobManager completed {"execution_time":"2026-05-17T02:36:01+00:00","duration_ms":18.562,"dispatched":0,"skipped":0} 
[2026-05-17 02:37:01] production.INFO: ScheduledJobManager started {"execution_time":"2026-05-17T02:37:01+00:00"} 
[2026-05-17 02:37:01] production.INFO: ScheduledJobManager completed {"execution_time":"2026-05-17T02:37:01+00:00","duration_ms":12.737,"dispatched":0,"skipped":0} 
[2026-05-17 02:38:01] production.INFO: ScheduledJobManager started {"execution_time":"2026-05-17T02:38:01+00:00"} 
[2026-05-17 02:38:01] production.INFO: ScheduledJobManager completed {"execution_time":"2026-05-17T02:38:01+00:00","duration_ms":16.237,"dispatched":0,"skipped":0} 
[2026-05-17 02:39:01] production.INFO: ScheduledJobManager started {"execution_time":"2026-05-17T02:39:01+00:00"} 
[2026-05-17 02:39:01] production.INFO: ScheduledJobManager completed {"execution_time":"2026-05-17T02:39:01+00:00","duration_ms":12.639,"dispatched":0,"skipped":0} 
[2026-05-17 02:40:01] production.INFO: ScheduledJobManager started {"execution_time":"2026-05-17T02:40:01+00:00"} 
[2026-05-17 02:40:01] production.INFO: ScheduledJobManager completed {"execution_time":"2026-05-17T02:40:01+00:00","duration_ms":10.966,"dispatched":0,"skipped":0} 
[2026-05-17 02:41:01] production.INFO: ScheduledJobManager started {"execution_time":"2026-05-17T02:41:01+00:00"} 
[2026-05-17 02:41:01] production.INFO: ScheduledJobManager completed {"execution_time":"2026-05-17T02:41:01+00:00","duration_ms":11.285,"dispatched":0,"skipped":0} 
[2026-05-17 02:42:01] production.INFO: ScheduledJobManager started {"execution_time":"2026-05-17T02:42:01+00:00"} 
[2026-05-17 02:42:01] production.INFO: ScheduledJobManager completed {"execution_time":"2026-05-17T02:42:01+00:00","duration_ms":12.504,"dispatched":0,"skipped":0} 
[2026-05-17 02:43:01] production.INFO: ScheduledJobManager started {"execution_time":"2026-05-17T02:43:01+00:00"} 
[2026-05-17 02:43:01] production.INFO: ScheduledJobManager completed {"execution_time":"2026-05-17T02:43:01+00:00","duration_ms":12.762,"dispatched":0,"skipped":0} 
[2026-05-17 02:44:01] production.INFO: ScheduledJobManager started {"execution_time":"2026-05-17T02:44:01+00:00"} 
[2026-05-17 02:44:01] production.INFO: ScheduledJobManager completed {"execution_time":"2026-05-17T02:44:01+00:00","duration_ms":12.755,"dispatched":0,"skipped":0} 
[2026-05-17 02:45:01] production.INFO: ScheduledJobManager started {"execution_time":"2026-05-17T02:45:01+00:00"} 
[2026-05-17 02:45:01] production.INFO: ScheduledJobManager completed {"execution_time":"2026-05-17T02:45:01+00:00","duration_ms":12.934,"dispatched":0,"skipped":0} 
[2026-05-17 02:46:01] production.INFO: ScheduledJobManager started {"execution_time":"2026-05-17T02:46:01+00:00"} 
[2026-05-17 02:46:01] production.INFO: ScheduledJobManager completed {"execution_time":"2026-05-17T02:46:01+00:00","duration_ms":11.23,"dispatched":0,"skipped":0} 
[2026-05-17 02:47:01] production.INFO: ScheduledJobManager started {"execution_time":"2026-05-17T02:47:01+00:00"} 
[2026-05-17 02:47:01] production.INFO: ScheduledJobManager completed {"execution_time":"2026-05-17T02:47:01+00:00","duration_ms":12.931,"dispatched":0,"skipped":0} 
[2026-05-17 02:48:01] production.INFO: ScheduledJobManager started {"execution_time":"2026-05-17T02:48:01+00:00"} 
[2026-05-17 02:48:01] production.INFO: ScheduledJobManager completed {"execution_time":"2026-05-17T02:48:01+00:00","duration_ms":5.466,"dispatched":0,"skipped":0} 
[2026-05-17 02:49:01] production.INFO: ScheduledJobManager started {"execution_time":"2026-05-17T02:49:01+00:00"} 
[2026-05-17 02:49:01] production.INFO: ScheduledJobManager completed {"execution_time":"2026-05-17T02:49:01+00:00","duration_ms":12.658,"dispatched":0,"skipped":0} 
[2026-05-17 02:50:01] production.INFO: ScheduledJobManager started {"execution_time":"2026-05-17T02:50:01+00:00"} 
[2026-05-17 02:50:01] production.INFO: ScheduledJobManager completed {"execution_time":"2026-05-17T02:50:01+00:00","duration_ms":5.994,"dispatched":0,"skipped":0} 
[2026-05-17 02:51:01] production.INFO: ScheduledJobManager started {"execution_time":"2026-05-17T02:51:01+00:00"} 
[2026-05-17 02:51:01] production.INFO: ScheduledJobManager completed {"execution_time":"2026-05-17T02:51:01+00:00","duration_ms":12.696,"dispatched":0,"skipped":0} 
[2026-05-17 02:52:01] production.INFO: ScheduledJobManager started {"execution_time":"2026-05-17T02:52:01+00:00"} 
[2026-05-17 02:52:01] production.INFO: ScheduledJobManager completed {"execution_time":"2026-05-17T02:52:01+00:00","duration_ms":11.275,"dispatched":0,"skipped":0} 
[2026-05-17 02:53:01] production.INFO: ScheduledJobManager started {"execution_time":"2026-05-17T02:53:01+00:00"} 
[2026-05-17 02:53:01] production.INFO: ScheduledJobManager completed {"execution_time":"2026-05-17T02:53:01+00:00","duration_ms":12.704,"dispatched":0,"skipped":0} 
[2026-05-17 02:54:01] production.INFO: ScheduledJobManager started {"execution_time":"2026-05-17T02:54:01+00:00"} 
[2026-05-17 02:54:01] production.INFO: ScheduledJobManager completed {"execution_time":"2026-05-17T02:54:01+00:00","duration_ms":12.625,"dispatched":0,"skipped":0} 
[2026-05-17 02:55:01] production.INFO: ScheduledJobManager started {"execution_time":"2026-05-17T02:55:01+00:00"} 
[2026-05-17 02:55:01] production.INFO: ScheduledJobManager completed {"execution_time":"2026-05-17T02:55:01+00:00","duration_ms":11.318,"dispatched":0,"skipped":0} 
[2026-05-17 02:56:01] production.INFO: ScheduledJobManager started {"execution_time":"2026-05-17T02:56:01+00:00"} 
[2026-05-17 02:56:01] production.INFO: ScheduledJobManager completed {"execution_time":"2026-05-17T02:56:01+00:00","duration_ms":12.564,"dispatched":0,"skipped":0} 
[2026-05-17 02:57:01] production.INFO: ScheduledJobManager started {"execution_time":"2026-05-17T02:57:01+00:00"} 
[2026-05-17 02:57:01] production.INFO: ScheduledJobManager completed {"execution_time":"2026-05-17T02:57:01+00:00","duration_ms":15.94,"dispatched":0,"skipped":0} 
[2026-05-17 02:58:01] production.INFO: ScheduledJobManager started {"execution_time":"2026-05-17T02:58:01+00:00"} 
[2026-05-17 02:58:01] production.INFO: ScheduledJobManager completed {"execution_time":"2026-05-17T02:58:01+00:00","duration_ms":13.229,"dispatched":0,"skipped":0} 
[2026-05-17 02:59:01] production.INFO: ScheduledJobManager started {"execution_time":"2026-05-17T02:59:01+00:00"} 
[2026-05-17 02:59:01] production.INFO: ScheduledJobManager completed {"execution_time":"2026-05-17T02:59:01+00:00","duration_ms":12.827,"dispatched":0,"skipped":0} 
[2026-05-17 03:00:02] production.INFO: ScheduledJobManager started {"execution_time":"2026-05-17T03:00:02+00:00"} 
[2026-05-17 03:00:02] production.INFO: ScheduledJobManager completed {"execution_time":"2026-05-17T03:00:02+00:00","duration_ms":5.258,"dispatched":0,"skipped":0} 
[2026-05-17 03:01:01] production.INFO: ScheduledJobManager started {"execution_time":"2026-05-17T03:01:01+00:00"} 
[2026-05-17 03:01:01] production.INFO: ScheduledJobManager completed {"execution_time":"2026-05-17T03:01:01+00:00","duration_ms":13.235,"dispatched":0,"skipped":0} 
[2026-05-17 03:02:01] production.INFO: ScheduledJobManager started {"execution_time":"2026-05-17T03:02:01+00:00"} 
[2026-05-17 03:02:01] production.INFO: ScheduledJobManager completed {"execution_time":"2026-05-17T03:02:01+00:00","duration_ms":12.621,"dispatched":0,"skipped":0} 
[2026-05-17 03:03:01] production.INFO: ScheduledJobManager started {"execution_time":"2026-05-17T03:03:01+00:00"} 
[2026-05-17 03:03:01] production.INFO: ScheduledJobManager completed {"execution_time":"2026-05-17T03:03:01+00:00","duration_ms":12.664,"dispatched":0,"skipped":0} 
[2026-05-17 03:04:01] production.INFO: ScheduledJobManager started {"execution_time":"2026-05-17T03:04:01+00:00"} 
[2026-05-17 03:04:01] production.INFO: ScheduledJobManager completed {"execution_time":"2026-05-17T03:04:01+00:00","duration_ms":6.637,"dispatched":0,"skipped":0} 
[2026-05-17 03:05:01] production.INFO: ScheduledJobManager started {"execution_time":"2026-05-17T03:05:01+00:00"} 
[2026-05-17 03:05:01] production.INFO: ScheduledJobManager completed {"execution_time":"2026-05-17T03:05:01+00:00","duration_ms":13.17,"dispatched":0,"skipped":0} 
[2026-05-17 03:06:01] production.INFO: ScheduledJobManager started {"execution_time":"2026-05-17T03:06:01+00:00"} 
[2026-05-17 03:06:01] production.INFO: ScheduledJobManager completed {"execution_time":"2026-05-17T03:06:01+00:00","duration_ms":12.427,"dispatched":0,"skipped":0} 
[2026-05-17 03:07:01] production.INFO: ScheduledJobManager started {"execution_time":"2026-05-17T03:07:01+00:00"} 
[2026-05-17 03:07:01] production.INFO: ScheduledJobManager completed {"execution_time":"2026-05-17T03:07:01+00:00","duration_ms":12.704,"dispatched":0,"skipped":0} 
[2026-05-17 03:08:01] production.INFO: ScheduledJobManager started {"execution_time":"2026-05-17T03:08:01+00:00"} 
[2026-05-17 03:08:01] production.INFO: ScheduledJobManager completed {"execution_time":"2026-05-17T03:08:01+00:00","duration_ms":12.58,"dispatched":0,"skipped":0} 
[2026-05-17 03:09:01] production.INFO: ScheduledJobManager started {"execution_time":"2026-05-17T03:09:01+00:00"} 
[2026-05-17 03:09:01] production.INFO: ScheduledJobManager completed {"execution_time":"2026-05-17T03:09:01+00:00","duration_ms":12.411,"dispatched":0,"skipped":0} 
[2026-05-17 03:10:01] production.INFO: ScheduledJobManager started {"execution_time":"2026-05-17T03:10:01+00:00"} 
[2026-05-17 03:10:01] production.INFO: ScheduledJobManager completed {"execution_time":"2026-05-17T03:10:01+00:00","duration_ms":5.944,"dispatched":0,"skipped":0} 
[2026-05-17 03:11:01] production.INFO: ScheduledJobManager started {"execution_time":"2026-05-17T03:11:01+00:00"} 
[2026-05-17 03:11:01] production.INFO: ScheduledJobManager completed {"execution_time":"2026-05-17T03:11:01+00:00","duration_ms":12.668,"dispatched":0,"skipped":0} 
[2026-05-17 03:12:01] production.INFO: ScheduledJobManager started {"execution_time":"2026-05-17T03:12:01+00:00"} 
[2026-05-17 03:12:01] production.INFO: ScheduledJobManager completed {"execution_time":"2026-05-17T03:12:01+00:00","duration_ms":12.498,"dispatched":0,"skipped":0} 
[2026-05-17 03:13:01] production.INFO: ScheduledJobManager started {"execution_time":"2026-05-17T03:13:01+00:00"} 
[2026-05-17 03:13:01] production.INFO: ScheduledJobManager completed {"execution_time":"2026-05-17T03:13:01+00:00","duration_ms":12.933,"dispatched":0,"skipped":0} 
[2026-05-17 03:14:01] production.INFO: ScheduledJobManager started {"execution_time":"2026-05-17T03:14:01+00:00"} 
[2026-05-17 03:14:01] production.INFO: ScheduledJobManager completed {"execution_time":"2026-05-17T03:14:01+00:00","duration_ms":12.772,"dispatched":0,"skipped":0} 
[2026-05-17 03:15:01] production.INFO: ScheduledJobManager started {"execution_time":"2026-05-17T03:15:01+00:00"} 
[2026-05-17 03:15:02] production.INFO: ScheduledJobManager completed {"execution_time":"2026-05-17T03:15:01+00:00","duration_ms":13.292,"dispatched":0,"skipped":0} 
[2026-05-17 03:16:01] production.INFO: ScheduledJobManager started {"execution_time":"2026-05-17T03:16:01+00:00"} 
[2026-05-17 03:16:01] production.INFO: ScheduledJobManager completed {"execution_time":"2026-05-17T03:16:01+00:00","duration_ms":12.585,"dispatched":0,"skipped":0} 
[2026-05-17 03:17:01] production.INFO: ScheduledJobManager started {"execution_time":"2026-05-17T03:17:01+00:00"} 
[2026-05-17 03:17:01] production.INFO: ScheduledJobManager completed {"execution_time":"2026-05-17T03:17:01+00:00","duration_ms":13.042,"dispatched":0,"skipped":0} 
[2026-05-17 03:18:01] production.INFO: ScheduledJobManager started {"execution_time":"2026-05-17T03:18:01+00:00"} 
[2026-05-17 03:18:01] production.INFO: ScheduledJobManager completed {"execution_time":"2026-05-17T03:18:01+00:00","duration_ms":7.987,"dispatched":0,"skipped":0} 
[2026-05-17 03:19:01] production.INFO: ScheduledJobManager started {"execution_time":"2026-05-17T03:19:01+00:00"} 
[2026-05-17 03:19:01] production.INFO: ScheduledJobManager completed {"execution_time":"2026-05-17T03:19:01+00:00","duration_ms":11.82,"dispatched":0,"skipped":0} 
[2026-05-17 03:20:01] production.INFO: ScheduledJobManager started {"execution_time":"2026-05-17T03:20:01+00:00"} 
[2026-05-17 03:20:01] production.INFO: ScheduledJobManager completed {"execution_time":"2026-05-17T03:20:01+00:00","duration_ms":5.01,"dispatched":0,"skipped":0} 
[2026-05-17 03:21:01] production.INFO: ScheduledJobManager started {"execution_time":"2026-05-17T03:21:01+00:00"} 
[2026-05-17 03:21:01] production.INFO: ScheduledJobManager completed {"execution_time":"2026-05-17T03:21:01+00:00","duration_ms":12.638,"dispatched":0,"skipped":0} 
[2026-05-17 03:22:01] production.INFO: ScheduledJobManager started {"execution_time":"2026-05-17T03:22:01+00:00"} 
[2026-05-17 03:22:01] production.INFO: ScheduledJobManager completed {"execution_time":"2026-05-17T03:22:01+00:00","duration_ms":11.886,"dispatched":0,"skipped":0} 
[2026-05-17 03:23:01] production.INFO: ScheduledJobManager started {"execution_time":"2026-05-17T03:23:01+00:00"} 
[2026-05-17 03:23:01] production.INFO: ScheduledJobManager completed {"execution_time":"2026-05-17T03:23:01+00:00","duration_ms":12.871,"dispatched":0,"skipped":0} 
[2026-05-17 03:24:01] production.INFO: ScheduledJobManager started {"execution_time":"2026-05-17T03:24:01+00:00"} 
[2026-05-17 03:24:01] production.INFO: ScheduledJobManager completed {"execution_time":"2026-05-17T03:24:01+00:00","duration_ms":12.885,"dispatched":0,"skipped":0} 
[2026-05-17 03:25:01] production.INFO: ScheduledJobManager started {"execution_time":"2026-05-17T03:25:01+00:00"} 
[2026-05-17 03:25:01] production.INFO: ScheduledJobManager completed {"execution_time":"2026-05-17T03:25:01+00:00","duration_ms":12.836,"dispatched":0,"skipped":0} 
[2026-05-17 03:26:01] production.INFO: ScheduledJobManager started {"execution_time":"2026-05-17T03:26:01+00:00"} 
[2026-05-17 03:26:01] production.INFO: ScheduledJobManager completed {"execution_time":"2026-05-17T03:26:01+00:00","duration_ms":12.915,"dispatched":0,"skipped":0} 
[2026-05-17 03:27:01] production.INFO: ScheduledJobManager started {"execution_time":"2026-05-17T03:27:01+00:00"} 
[2026-05-17 03:27:01] production.INFO: ScheduledJobManager completed {"execution_time":"2026-05-17T03:27:01+00:00","duration_ms":13.15,"dispatched":0,"skipped":0} 
[2026-05-17 03:28:01] production.INFO: ScheduledJobManager started {"execution_time":"2026-05-17T03:28:01+00:00"} 
[2026-05-17 03:28:01] production.INFO: ScheduledJobManager completed {"execution_time":"2026-05-17T03:28:01+00:00","duration_ms":12.776,"dispatched":0,"skipped":0} 
[2026-05-17 03:29:01] production.INFO: ScheduledJobManager started {"execution_time":"2026-05-17T03:29:01+00:00"} 
[2026-05-17 03:29:01] production.INFO: ScheduledJobManager completed {"execution_time":"2026-05-17T03:29:01+00:00","duration_ms":12.723,"dispatched":0,"skipped":0} 
[2026-05-17 03:30:02] production.INFO: ScheduledJobManager started {"execution_time":"2026-05-17T03:30:02+00:00"} 
[2026-05-17 03:30:02] production.INFO: ScheduledJobManager completed {"execution_time":"2026-05-17T03:30:02+00:00","duration_ms":12.837,"dispatched":0,"skipped":0} 
[2026-05-17 03:31:01] production.INFO: ScheduledJobManager started {"execution_time":"2026-05-17T03:31:01+00:00"} 
[2026-05-17 03:31:01] production.INFO: ScheduledJobManager completed {"execution_time":"2026-05-17T03:31:01+00:00","duration_ms":11.347,"dispatched":0,"skipped":0} 
[2026-05-17 03:32:01] production.INFO: ScheduledJobManager started {"execution_time":"2026-05-17T03:32:01+00:00"} 
[2026-05-17 03:32:01] production.INFO: ScheduledJobManager completed {"execution_time":"2026-05-17T03:32:01+00:00","duration_ms":5.693,"dispatched":0,"skipped":0} 
[2026-05-17 03:33:01] production.INFO: ScheduledJobManager started {"execution_time":"2026-05-17T03:33:01+00:00"} 
[2026-05-17 03:33:01] production.INFO: ScheduledJobManager completed {"execution_time":"2026-05-17T03:33:01+00:00","duration_ms":12.878,"dispatched":0,"skipped":0} 
[2026-05-17 03:34:01] production.INFO: ScheduledJobManager started {"execution_time":"2026-05-17T03:34:01+00:00"} 
[2026-05-17 03:34:01] production.INFO: ScheduledJobManager completed {"execution_time":"2026-05-17T03:34:01+00:00","duration_ms":12.755,"dispatched":0,"skipped":0} 
[2026-05-17 03:35:01] production.INFO: ScheduledJobManager started {"execution_time":"2026-05-17T03:35:01+00:00"} 
[2026-05-17 03:35:01] production.INFO: ScheduledJobManager completed {"execution_time":"2026-05-17T03:35:01+00:00","duration_ms":4.273,"dispatched":0,"skipped":0} 
[2026-05-17 03:36:01] production.INFO: ScheduledJobManager started {"execution_time":"2026-05-17T03:36:01+00:00"} 
[2026-05-17 03:36:01] production.INFO: ScheduledJobManager completed {"execution_time":"2026-05-17T03:36:01+00:00","duration_ms":12.587,"dispatched":0,"skipped":0} 
[2026-05-17 03:37:01] production.INFO: ScheduledJobManager started {"execution_time":"2026-05-17T03:37:01+00:00"} 
[2026-05-17 03:37:01] production.INFO: ScheduledJobManager completed {"execution_time":"2026-05-17T03:37:01+00:00","duration_ms":16.275,"dispatched":0,"skipped":0} 
[2026-05-17 03:38:01] production.INFO: ScheduledJobManager started {"execution_time":"2026-05-17T03:38:01+00:00"} 
[2026-05-17 03:38:01] production.INFO: ScheduledJobManager completed {"execution_time":"2026-05-17T03:38:01+00:00","duration_ms":12.962,"dispatched":0,"skipped":0} 
[2026-05-17 03:39:01] production.INFO: ScheduledJobManager started {"execution_time":"2026-05-17T03:39:01+00:00"} 
[2026-05-17 03:39:01] production.INFO: ScheduledJobManager completed {"execution_time":"2026-05-17T03:39:01+00:00","duration_ms":12.52,"dispatched":0,"skipped":0} 
[2026-05-17 03:40:01] production.INFO: ScheduledJobManager started {"execution_time":"2026-05-17T03:40:01+00:00"} 
[2026-05-17 03:40:01] production.INFO: ScheduledJobManager completed {"execution_time":"2026-05-17T03:40:01+00:00","duration_ms":12.827,"dispatched":0,"skipped":0} 
[2026-05-17 03:41:01] production.INFO: ScheduledJobManager started {"execution_time":"2026-05-17T03:41:01+00:00"} 
[2026-05-17 03:41:01] production.INFO: ScheduledJobManager completed {"execution_time":"2026-05-17T03:41:01+00:00","duration_ms":12.297,"dispatched":0,"skipped":0} 
[2026-05-17 03:42:01] production.INFO: ScheduledJobManager started {"execution_time":"2026-05-17T03:42:01+00:00"} 
[2026-05-17 03:42:01] production.INFO: ScheduledJobManager completed {"execution_time":"2026-05-17T03:42:01+00:00","duration_ms":12.235,"dispatched":0,"skipped":0} 
[2026-05-17 03:43:01] production.INFO: ScheduledJobManager started {"execution_time":"2026-05-17T03:43:01+00:00"} 
[2026-05-17 03:43:01] production.INFO: ScheduledJobManager completed {"execution_time":"2026-05-17T03:43:01+00:00","duration_ms":12.169,"dispatched":0,"skipped":0} 
[2026-05-17 03:44:01] production.INFO: ScheduledJobManager started {"execution_time":"2026-05-17T03:44:01+00:00"} 
[2026-05-17 03:44:01] production.INFO: ScheduledJobManager completed {"execution_time":"2026-05-17T03:44:01+00:00","duration_ms":12.936,"dispatched":0,"skipped":0} 
[2026-05-17 03:45:02] production.INFO: ScheduledJobManager started {"execution_time":"2026-05-17T03:45:02+00:00"} 
[2026-05-17 03:45:02] production.INFO: ScheduledJobManager completed {"execution_time":"2026-05-17T03:45:02+00:00","duration_ms":12.794,"dispatched":0,"skipped":0} 
[2026-05-17 03:46:01] production.INFO: ScheduledJobManager started {"execution_time":"2026-05-17T03:46:01+00:00"} 
[2026-05-17 03:46:01] production.INFO: ScheduledJobManager completed {"execution_time":"2026-05-17T03:46:01+00:00","duration_ms":12.974,"dispatched":0,"skipped":0} 
[2026-05-17 03:47:01] production.INFO: ScheduledJobManager started {"execution_time":"2026-05-17T03:47:01+00:00"} 
[2026-05-17 03:47:01] production.INFO: ScheduledJobManager completed {"execution_time":"2026-05-17T03:47:01+00:00","duration_ms":12.757,"dispatched":0,"skipped":0} 
[2026-05-17 03:48:01] production.INFO: ScheduledJobManager started {"execution_time":"2026-05-17T03:48:01+00:00"} 
[2026-05-17 03:48:01] production.INFO: ScheduledJobManager completed {"execution_time":"2026-05-17T03:48:01+00:00","duration_ms":6.252,"dispatched":0,"skipped":0} 
[2026-05-17 03:49:01] production.INFO: ScheduledJobManager started {"execution_time":"2026-05-17T03:49:01+00:00"} 
[2026-05-17 03:49:01] production.INFO: ScheduledJobManager completed {"execution_time":"2026-05-17T03:49:01+00:00","duration_ms":12.555,"dispatched":0,"skipped":0} 
[2026-05-17 03:50:01] production.INFO: ScheduledJobManager started {"execution_time":"2026-05-17T03:50:01+00:00"} 
[2026-05-17 03:50:01] production.INFO: ScheduledJobManager completed {"execution_time":"2026-05-17T03:50:01+00:00","duration_ms":4.27,"dispatched":0,"skipped":0} 
[2026-05-17 03:51:01] production.INFO: ScheduledJobManager started {"execution_time":"2026-05-17T03:51:01+00:00"} 
[2026-05-17 03:51:01] production.INFO: ScheduledJobManager completed {"execution_time":"2026-05-17T03:51:01+00:00","duration_ms":11.572,"dispatched":0,"skipped":0} 
[2026-05-17 03:52:01] production.INFO: ScheduledJobManager started {"execution_time":"2026-05-17T03:52:01+00:00"} 
[2026-05-17 03:52:01] production.INFO: ScheduledJobManager completed {"execution_time":"2026-05-17T03:52:01+00:00","duration_ms":12.674,"dispatched":0,"skipped":0} 
[2026-05-17 03:53:01] production.INFO: ScheduledJobManager started {"execution_time":"2026-05-17T03:53:01+00:00"} 
[2026-05-17 03:53:01] production.INFO: ScheduledJobManager completed {"execution_time":"2026-05-17T03:53:01+00:00","duration_ms":12.839,"dispatched":0,"skipped":0} 
[2026-05-17 03:54:01] production.INFO: ScheduledJobManager started {"execution_time":"2026-05-17T03:54:01+00:00"} 
[2026-05-17 03:54:01] production.INFO: ScheduledJobManager completed {"execution_time":"2026-05-17T03:54:01+00:00","duration_ms":12.658,"dispatched":0,"skipped":0} 
[2026-05-17 03:55:01] production.INFO: ScheduledJobManager started {"execution_time":"2026-05-17T03:55:01+00:00"} 
[2026-05-17 03:55:01] production.INFO: ScheduledJobManager completed {"execution_time":"2026-05-17T03:55:01+00:00","duration_ms":12.637,"dispatched":0,"skipped":0} 
[2026-05-17 03:56:01] production.INFO: ScheduledJobManager started {"execution_time":"2026-05-17T03:56:01+00:00"} 
[2026-05-17 03:56:01] production.INFO: ScheduledJobManager completed {"execution_time":"2026-05-17T03:56:01+00:00","duration_ms":12.727,"dispatched":0,"skipped":0} 
[2026-05-17 03:57:01] production.INFO: ScheduledJobManager started {"execution_time":"2026-05-17T03:57:01+00:00"} 
[2026-05-17 03:57:01] production.INFO: ScheduledJobManager completed {"execution_time":"2026-05-17T03:57:01+00:00","duration_ms":12.955,"dispatched":0,"skipped":0} 
[2026-05-17 03:58:01] production.INFO: ScheduledJobManager started {"execution_time":"2026-05-17T03:58:01+00:00"} 
[2026-05-17 03:58:01] production.INFO: ScheduledJobManager completed {"execution_time":"2026-05-17T03:58:01+00:00","duration_ms":12.558,"dispatched":0,"skipped":0} 
[2026-05-17 03:59:01] production.INFO: ScheduledJobManager started {"execution_time":"2026-05-17T03:59:01+00:00"} 
[2026-05-17 03:59:01] production.INFO: ScheduledJobManager completed {"execution_time":"2026-05-17T03:59:01+00:00","duration_ms":11.545,"dispatched":0,"skipped":0} 
[2026-05-17 04:00:02] production.INFO: ScheduledJobManager started {"execution_time":"2026-05-17T04:00:02+00:00"} 
[2026-05-17 04:00:02] production.INFO: ScheduledJobManager completed {"execution_time":"2026-05-17T04:00:02+00:00","duration_ms":4.245,"dispatched":0,"skipped":0} 
[2026-05-17 04:01:01] production.INFO: ScheduledJobManager started {"execution_time":"2026-05-17T04:01:01+00:00"} 
[2026-05-17 04:01:01] production.INFO: ScheduledJobManager completed {"execution_time":"2026-05-17T04:01:01+00:00","duration_ms":11.99,"dispatched":0,"skipped":0} 
[2026-05-17 04:02:01] production.INFO: ScheduledJobManager started {"execution_time":"2026-05-17T04:02:01+00:00"} 
[2026-05-17 04:02:01] production.INFO: ScheduledJobManager completed {"execution_time":"2026-05-17T04:02:01+00:00","duration_ms":6.361,"dispatched":0,"skipped":0} 
[2026-05-17 04:03:01] production.INFO: ScheduledJobManager started {"execution_time":"2026-05-17T04:03:01+00:00"} 
[2026-05-17 04:03:01] production.INFO: ScheduledJobManager completed {"execution_time":"2026-05-17T04:03:01+00:00","duration_ms":13.147,"dispatched":0,"skipped":0} 
[2026-05-17 04:04:01] production.INFO: ScheduledJobManager started {"execution_time":"2026-05-17T04:04:01+00:00"} 
[2026-05-17 04:04:01] production.INFO: ScheduledJobManager completed {"execution_time":"2026-05-17T04:04:01+00:00","duration_ms":16.836,"dispatched":0,"skipped":0} 
[2026-05-17 04:05:01] production.INFO: ScheduledJobManager started {"execution_time":"2026-05-17T04:05:01+00:00"} 
[2026-05-17 04:05:01] production.INFO: ScheduledJobManager completed {"execution_time":"2026-05-17T04:05:01+00:00","duration_ms":4.26,"dispatched":0,"skipped":0} 
[2026-05-17 04:06:01] production.INFO: ScheduledJobManager started {"execution_time":"2026-05-17T04:06:01+00:00"} 
[2026-05-17 04:06:01] production.INFO: ScheduledJobManager completed {"execution_time":"2026-05-17T04:06:01+00:00","duration_ms":12.72,"dispatched":0,"skipped":0} 
[2026-05-17 04:07:01] production.INFO: ScheduledJobManager started {"execution_time":"2026-05-17T04:07:01+00:00"} 
[2026-05-17 04:07:01] production.INFO: ScheduledJobManager completed {"execution_time":"2026-05-17T04:07:01+00:00","duration_ms":17.466,"dispatched":0,"skipped":0} 
[2026-05-17 04:08:01] production.INFO: ScheduledJobManager started {"execution_time":"2026-05-17T04:08:01+00:00"} 
[2026-05-17 04:08:01] production.INFO: ScheduledJobManager completed {"execution_time":"2026-05-17T04:08:01+00:00","duration_ms":12.392,"dispatched":0,"skipped":0} 
[2026-05-17 04:09:01] production.INFO: ScheduledJobManager started {"execution_time":"2026-05-17T04:09:01+00:00"} 
[2026-05-17 04:09:01] production.INFO: ScheduledJobManager completed {"execution_time":"2026-05-17T04:09:01+00:00","duration_ms":12.563,"dispatched":0,"skipped":0} 
[2026-05-17 04:10:01] production.INFO: ScheduledJobManager started {"execution_time":"2026-05-17T04:10:01+00:00"} 
[2026-05-17 04:10:01] production.INFO: ScheduledJobManager completed {"execution_time":"2026-05-17T04:10:01+00:00","duration_ms":16.798,"dispatched":0,"skipped":0} 
[2026-05-17 04:11:01] production.INFO: ScheduledJobManager started {"execution_time":"2026-05-17T04:11:01+00:00"} 
[2026-05-17 04:11:01] production.INFO: ScheduledJobManager completed {"execution_time":"2026-05-17T04:11:01+00:00","duration_ms":12.948,"dispatched":0,"skipped":0} 
[2026-05-17 04:12:01] production.INFO: ScheduledJobManager started {"execution_time":"2026-05-17T04:12:01+00:00"} 
[2026-05-17 04:12:01] production.INFO: ScheduledJobManager completed {"execution_time":"2026-05-17T04:12:01+00:00","duration_ms":11.665,"dispatched":0,"skipped":0} 
[2026-05-17 04:13:01] production.INFO: ScheduledJobManager started {"execution_time":"2026-05-17T04:13:01+00:00"} 
[2026-05-17 04:13:01] production.INFO: ScheduledJobManager completed {"execution_time":"2026-05-17T04:13:01+00:00","duration_ms":11.688,"dispatched":0,"skipped":0} 
[2026-05-17 04:14:01] production.INFO: ScheduledJobManager started {"execution_time":"2026-05-17T04:14:01+00:00"} 
[2026-05-17 04:14:01] production.INFO: ScheduledJobManager completed {"execution_time":"2026-05-17T04:14:01+00:00","duration_ms":11.474,"dispatched":0,"skipped":0} 
[2026-05-17 04:15:02] production.INFO: ScheduledJobManager started {"execution_time":"2026-05-17T04:15:02+00:00"} 
[2026-05-17 04:15:02] production.INFO: ScheduledJobManager completed {"execution_time":"2026-05-17T04:15:02+00:00","duration_ms":12.482,"dispatched":0,"skipped":0} 
[2026-05-17 04:16:02] production.INFO: ScheduledJobManager started {"execution_time":"2026-05-17T04:16:02+00:00"} 
[2026-05-17 04:16:02] production.INFO: ScheduledJobManager completed {"execution_time":"2026-05-17T04:16:02+00:00","duration_ms":13.02,"dispatched":0,"skipped":0} 
[2026-05-17 04:17:01] production.INFO: ScheduledJobManager started {"execution_time":"2026-05-17T04:17:01+00:00"} 
[2026-05-17 04:17:01] production.INFO: ScheduledJobManager completed {"execution_time":"2026-05-17T04:17:01+00:00","duration_ms":12.239,"dispatched":0,"skipped":0} 
[2026-05-17 04:18:01] production.INFO: ScheduledJobManager started {"execution_time":"2026-05-17T04:18:01+00:00"} 
[2026-05-17 04:18:01] production.INFO: ScheduledJobManager completed {"execution_time":"2026-05-17T04:18:01+00:00","duration_ms":6.555,"dispatched":0,"skipped":0} 
[2026-05-17 04:19:01] production.INFO: ScheduledJobManager started {"execution_time":"2026-05-17T04:19:01+00:00"} 
[2026-05-17 04:19:01] production.INFO: ScheduledJobManager completed {"execution_time":"2026-05-17T04:19:01+00:00","duration_ms":12.274,"dispatched":0,"skipped":0} 
[2026-05-17 04:20:01] production.INFO: ScheduledJobManager started {"execution_time":"2026-05-17T04:20:01+00:00"} 
[2026-05-17 04:20:01] production.INFO: ScheduledJobManager completed {"execution_time":"2026-05-17T04:20:01+00:00","duration_ms":5.791,"dispatched":0,"skipped":0} 
[2026-05-17 04:21:01] production.INFO: ScheduledJobManager started {"execution_time":"2026-05-17T04:21:01+00:00"} 
[2026-05-17 04:21:01] production.INFO: ScheduledJobManager completed {"execution_time":"2026-05-17T04:21:01+00:00","duration_ms":11.585,"dispatched":0,"skipped":0} 
[2026-05-17 04:22:01] production.INFO: ScheduledJobManager started {"execution_time":"2026-05-17T04:22:01+00:00"} 
[2026-05-17 04:22:01] production.INFO: ScheduledJobManager completed {"execution_time":"2026-05-17T04:22:01+00:00","duration_ms":13.05,"dispatched":0,"skipped":0} 
[2026-05-17 04:23:01] production.INFO: ScheduledJobManager started {"execution_time":"2026-05-17T04:23:01+00:00"} 
[2026-05-17 04:23:01] production.INFO: ScheduledJobManager completed {"execution_time":"2026-05-17T04:23:01+00:00","duration_ms":12.588,"dispatched":0,"skipped":0} 
[2026-05-17 04:24:01] production.INFO: ScheduledJobManager started {"execution_time":"2026-05-17T04:24:01+00:00"} 
[2026-05-17 04:24:01] production.INFO: ScheduledJobManager completed {"execution_time":"2026-05-17T04:24:01+00:00","duration_ms":12.442,"dispatched":0,"skipped":0} 
[2026-05-17 04:25:01] production.INFO: ScheduledJobManager started {"execution_time":"2026-05-17T04:25:01+00:00"} 
[2026-05-17 04:25:01] production.INFO: ScheduledJobManager completed {"execution_time":"2026-05-17T04:25:01+00:00","duration_ms":13.023,"dispatched":0,"skipped":0} 
[2026-05-17 04:26:01] production.INFO: ScheduledJobManager started {"execution_time":"2026-05-17T04:26:01+00:00"} 
[2026-05-17 04:26:01] production.INFO: ScheduledJobManager completed {"execution_time":"2026-05-17T04:26:01+00:00","duration_ms":12.919,"dispatched":0,"skipped":0} 
[2026-05-17 04:27:01] production.INFO: ScheduledJobManager started {"execution_time":"2026-05-17T04:27:01+00:00"} 
[2026-05-17 04:27:01] production.INFO: ScheduledJobManager completed {"execution_time":"2026-05-17T04:27:01+00:00","duration_ms":11.157,"dispatched":0,"skipped":0} 
[2026-05-17 04:28:01] production.INFO: ScheduledJobManager started {"execution_time":"2026-05-17T04:28:01+00:00"} 
[2026-05-17 04:28:01] production.INFO: ScheduledJobManager completed {"execution_time":"2026-05-17T04:28:01+00:00","duration_ms":12.591,"dispatched":0,"skipped":0} 
[2026-05-17 04:29:01] production.INFO: ScheduledJobManager started {"execution_time":"2026-05-17T04:29:01+00:00"} 
[2026-05-17 04:29:01] production.INFO: ScheduledJobManager completed {"execution_time":"2026-05-17T04:29:01+00:00","duration_ms":11.124,"dispatched":0,"skipped":0} 
[2026-05-17 04:30:02] production.INFO: ScheduledJobManager started {"execution_time":"2026-05-17T04:30:02+00:00"} 
[2026-05-17 04:30:02] production.INFO: ScheduledJobManager completed {"execution_time":"2026-05-17T04:30:02+00:00","duration_ms":12.689,"dispatched":0,"skipped":0} 
[2026-05-17 04:31:01] production.INFO: ScheduledJobManager started {"execution_time":"2026-05-17T04:31:01+00:00"} 
[2026-05-17 04:31:01] production.INFO: ScheduledJobManager completed {"execution_time":"2026-05-17T04:31:01+00:00","duration_ms":12.285,"dispatched":0,"skipped":0} 
[2026-05-17 04:32:01] production.INFO: ScheduledJobManager started {"execution_time":"2026-05-17T04:32:01+00:00"} 
[2026-05-17 04:32:01] production.INFO: ScheduledJobManager completed {"execution_time":"2026-05-17T04:32:01+00:00","duration_ms":61.837,"dispatched":0,"skipped":0} 
[2026-05-17 04:33:01] production.INFO: ScheduledJobManager started {"execution_time":"2026-05-17T04:33:01+00:00"} 
[2026-05-17 04:33:01] production.INFO: ScheduledJobManager completed {"execution_time":"2026-05-17T04:33:01+00:00","duration_ms":13.069,"dispatched":0,"skipped":0} 
[2026-05-17 04:34:01] production.INFO: ScheduledJobManager started {"execution_time":"2026-05-17T04:34:01+00:00"} 
[2026-05-17 04:34:01] production.INFO: ScheduledJobManager completed {"execution_time":"2026-05-17T04:34:01+00:00","duration_ms":11.79,"dispatched":0,"skipped":0} 
[2026-05-17 04:35:01] production.INFO: ScheduledJobManager started {"execution_time":"2026-05-17T04:35:01+00:00"} 
[2026-05-17 04:35:01] production.INFO: ScheduledJobManager completed {"execution_time":"2026-05-17T04:35:01+00:00","duration_ms":3.802,"dispatched":0,"skipped":0} 
[2026-05-17 04:36:01] production.INFO: ScheduledJobManager started {"execution_time":"2026-05-17T04:36:01+00:00"} 
[2026-05-17 04:36:01] production.INFO: ScheduledJobManager completed {"execution_time":"2026-05-17T04:36:01+00:00","duration_ms":12.539,"dispatched":0,"skipped":0} 
[2026-05-17 04:37:01] production.INFO: ScheduledJobManager started {"execution_time":"2026-05-17T04:37:01+00:00"} 
[2026-05-17 04:37:01] production.INFO: ScheduledJobManager completed {"execution_time":"2026-05-17T04:37:01+00:00","duration_ms":11.771,"dispatched":0,"skipped":0} 
[2026-05-17 04:38:01] production.INFO: ScheduledJobManager started {"execution_time":"2026-05-17T04:38:01+00:00"} 
[2026-05-17 04:38:01] production.INFO: ScheduledJobManager completed {"execution_time":"2026-05-17T04:38:01+00:00","duration_ms":12.902,"dispatched":0,"skipped":0} 
[2026-05-17 04:39:01] production.INFO: ScheduledJobManager started {"execution_time":"2026-05-17T04:39:01+00:00"} 
[2026-05-17 04:39:01] production.INFO: ScheduledJobManager completed {"execution_time":"2026-05-17T04:39:01+00:00","duration_ms":12.437,"dispatched":0,"skipped":0} 
[2026-05-17 04:40:01] production.INFO: ScheduledJobManager started {"execution_time":"2026-05-17T04:40:01+00:00"} 
[2026-05-17 04:40:01] production.INFO: ScheduledJobManager completed {"execution_time":"2026-05-17T04:40:01+00:00","duration_ms":5.902,"dispatched":0,"skipped":0} 
[2026-05-17 04:41:01] production.INFO: ScheduledJobManager started {"execution_time":"2026-05-17T04:41:01+00:00"} 
[2026-05-17 04:41:01] production.INFO: ScheduledJobManager completed {"execution_time":"2026-05-17T04:41:01+00:00","duration_ms":12.771,"dispatched":0,"skipped":0} 
[2026-05-17 04:42:01] production.INFO: ScheduledJobManager started {"execution_time":"2026-05-17T04:42:01+00:00"} 
[2026-05-17 04:42:01] production.INFO: ScheduledJobManager completed {"execution_time":"2026-05-17T04:42:01+00:00","duration_ms":13.05,"dispatched":0,"skipped":0} 
[2026-05-17 04:43:01] production.INFO: ScheduledJobManager started {"execution_time":"2026-05-17T04:43:01+00:00"} 
[2026-05-17 04:43:01] production.INFO: ScheduledJobManager completed {"execution_time":"2026-05-17T04:43:01+00:00","duration_ms":12.241,"dispatched":0,"skipped":0} 
[2026-05-17 04:44:01] production.INFO: ScheduledJobManager started {"execution_time":"2026-05-17T04:44:01+00:00"} 
[2026-05-17 04:44:01] production.INFO: ScheduledJobManager completed {"execution_time":"2026-05-17T04:44:01+00:00","duration_ms":12.536,"dispatched":0,"skipped":0} 
[2026-05-17 04:45:02] production.INFO: ScheduledJobManager started {"execution_time":"2026-05-17T04:45:02+00:00"} 
[2026-05-17 04:45:02] production.INFO: ScheduledJobManager completed {"execution_time":"2026-05-17T04:45:02+00:00","duration_ms":12.553,"dispatched":0,"skipped":0} 
[2026-05-17 04:46:01] production.INFO: ScheduledJobManager started {"execution_time":"2026-05-17T04:46:01+00:00"} 
[2026-05-17 04:46:01] production.INFO: ScheduledJobManager completed {"execution_time":"2026-05-17T04:46:01+00:00","duration_ms":12.83,"dispatched":0,"skipped":0} 
[2026-05-17 04:47:01] production.INFO: ScheduledJobManager started {"execution_time":"2026-05-17T04:47:01+00:00"} 
[2026-05-17 04:47:01] production.INFO: ScheduledJobManager completed {"execution_time":"2026-05-17T04:47:01+00:00","duration_ms":12.703,"dispatched":0,"skipped":0} 
[2026-05-17 04:48:01] production.INFO: ScheduledJobManager started {"execution_time":"2026-05-17T04:48:01+00:00"} 
[2026-05-17 04:48:01] production.INFO: ScheduledJobManager completed {"execution_time":"2026-05-17T04:48:01+00:00","duration_ms":5.881,"dispatched":0,"skipped":0} 
[2026-05-17 04:49:01] production.INFO: ScheduledJobManager started {"execution_time":"2026-05-17T04:49:01+00:00"} 
[2026-05-17 04:49:01] production.INFO: ScheduledJobManager completed {"execution_time":"2026-05-17T04:49:01+00:00","duration_ms":12.713,"dispatched":0,"skipped":0} 
[2026-05-17 04:50:01] production.INFO: ScheduledJobManager started {"execution_time":"2026-05-17T04:50:01+00:00"} 
[2026-05-17 04:50:01] production.INFO: ScheduledJobManager completed {"execution_time":"2026-05-17T04:50:01+00:00","duration_ms":5.522,"dispatched":0,"skipped":0} 
[2026-05-17 04:51:01] production.INFO: ScheduledJobManager started {"execution_time":"2026-05-17T04:51:01+00:00"} 
[2026-05-17 04:51:01] production.INFO: ScheduledJobManager completed {"execution_time":"2026-05-17T04:51:01+00:00","duration_ms":12.359,"dispatched":0,"skipped":0} 
[2026-05-17 04:52:01] production.INFO: ScheduledJobManager started {"execution_time":"2026-05-17T04:52:01+00:00"} 
[2026-05-17 04:52:01] production.INFO: ScheduledJobManager completed {"execution_time":"2026-05-17T04:52:01+00:00","duration_ms":11.17,"dispatched":0,"skipped":0} 
[2026-05-17 04:53:01] production.INFO: ScheduledJobManager started {"execution_time":"2026-05-17T04:53:01+00:00"} 
[2026-05-17 04:53:01] production.INFO: ScheduledJobManager completed {"execution_time":"2026-05-17T04:53:01+00:00","duration_ms":12.943,"dispatched":0,"skipped":0} 
[2026-05-17 04:54:01] production.INFO: ScheduledJobManager started {"execution_time":"2026-05-17T04:54:01+00:00"} 
[2026-05-17 04:54:01] production.INFO: ScheduledJobManager completed {"execution_time":"2026-05-17T04:54:01+00:00","duration_ms":12.702,"dispatched":0,"skipped":0} 
[2026-05-17 04:55:01] production.INFO: ScheduledJobManager started {"execution_time":"2026-05-17T04:55:01+00:00"} 
[2026-05-17 04:55:01] production.INFO: ScheduledJobManager completed {"execution_time":"2026-05-17T04:55:01+00:00","duration_ms":11.165,"dispatched":0,"skipped":0} 
[2026-05-17 04:56:01] production.INFO: ScheduledJobManager started {"execution_time":"2026-05-17T04:56:01+00:00"} 
[2026-05-17 04:56:01] production.INFO: ScheduledJobManager completed {"execution_time":"2026-05-17T04:56:01+00:00","duration_ms":12.826,"dispatched":0,"skipped":0} 
[2026-05-17 04:57:01] production.INFO: ScheduledJobManager started {"execution_time":"2026-05-17T04:57:01+00:00"} 
[2026-05-17 04:57:01] production.INFO: ScheduledJobManager completed {"execution_time":"2026-05-17T04:57:01+00:00","duration_ms":12.599,"dispatched":0,"skipped":0} 
[2026-05-17 04:58:01] production.INFO: ScheduledJobManager started {"execution_time":"2026-05-17T04:58:01+00:00"} 
[2026-05-17 04:58:01] production.INFO: ScheduledJobManager completed {"execution_time":"2026-05-17T04:58:01+00:00","duration_ms":11.849,"dispatched":0,"skipped":0} 
[2026-05-17 04:59:01] production.INFO: ScheduledJobManager started {"execution_time":"2026-05-17T04:59:01+00:00"} 
[2026-05-17 04:59:01] production.INFO: ScheduledJobManager completed {"execution_time":"2026-05-17T04:59:01+00:00","duration_ms":12.057,"dispatched":0,"skipped":0} 
[2026-05-17 05:00:02] production.INFO: ScheduledJobManager started {"execution_time":"2026-05-17T05:00:02+00:00"} 
[2026-05-17 05:00:02] production.INFO: ScheduledJobManager completed {"execution_time":"2026-05-17T05:00:02+00:00","duration_ms":5.497,"dispatched":0,"skipped":0} 
[2026-05-17 05:01:02] production.INFO: ScheduledJobManager started {"execution_time":"2026-05-17T05:01:02+00:00"} 
[2026-05-17 05:01:02] production.INFO: ScheduledJobManager completed {"execution_time":"2026-05-17T05:01:02+00:00","duration_ms":12.269,"dispatched":0,"skipped":0} 
[2026-05-17 05:02:01] production.INFO: ScheduledJobManager started {"execution_time":"2026-05-17T05:02:01+00:00"} 
[2026-05-17 05:02:01] production.INFO: ScheduledJobManager completed {"execution_time":"2026-05-17T05:02:01+00:00","duration_ms":13.049,"dispatched":0,"skipped":0} 
[2026-05-17 05:03:01] production.INFO: ScheduledJobManager started {"execution_time":"2026-05-17T05:03:01+00:00"} 
[2026-05-17 05:03:01] production.INFO: ScheduledJobManager completed {"execution_time":"2026-05-17T05:03:01+00:00","duration_ms":12.659,"dispatched":0,"skipped":0} 
[2026-05-17 05:04:01] production.INFO: ScheduledJobManager started {"execution_time":"2026-05-17T05:04:01+00:00"} 
[2026-05-17 05:04:01] production.INFO: ScheduledJobManager completed {"execution_time":"2026-05-17T05:04:01+00:00","duration_ms":6.413,"dispatched":0,"skipped":0} 
[2026-05-17 05:05:01] production.INFO: ScheduledJobManager started {"execution_time":"2026-05-17T05:05:01+00:00"} 
[2026-05-17 05:05:01] production.INFO: ScheduledJobManager completed {"execution_time":"2026-05-17T05:05:01+00:00","duration_ms":12.504,"dispatched":0,"skipped":0} 
[2026-05-17 05:06:01] production.INFO: ScheduledJobManager started {"execution_time":"2026-05-17T05:06:01+00:00"} 
[2026-05-17 05:06:01] production.INFO: ScheduledJobManager completed {"execution_time":"2026-05-17T05:06:01+00:00","duration_ms":12.75,"dispatched":0,"skipped":0} 
[2026-05-17 05:07:01] production.INFO: ScheduledJobManager started {"execution_time":"2026-05-17T05:07:01+00:00"} 
[2026-05-17 05:07:01] production.INFO: ScheduledJobManager completed {"execution_time":"2026-05-17T05:07:01+00:00","duration_ms":12.994,"dispatched":0,"skipped":0} 
[2026-05-17 05:08:01] production.INFO: ScheduledJobManager started {"execution_time":"2026-05-17T05:08:01+00:00"} 
[2026-05-17 05:08:01] production.INFO: ScheduledJobManager completed {"execution_time":"2026-05-17T05:08:01+00:00","duration_ms":6.122,"dispatched":0,"skipped":0} 
[2026-05-17 05:09:01] production.INFO: ScheduledJobManager started {"execution_time":"2026-05-17T05:09:01+00:00"} 
[2026-05-17 05:09:01] production.INFO: ScheduledJobManager completed {"execution_time":"2026-05-17T05:09:01+00:00","duration_ms":12.479,"dispatched":0,"skipped":0} 
[2026-05-17 05:10:01] production.INFO: ScheduledJobManager started {"execution_time":"2026-05-17T05:10:01+00:00"} 
[2026-05-17 05:10:01] production.INFO: ScheduledJobManager completed {"execution_time":"2026-05-17T05:10:01+00:00","duration_ms":12.901,"dispatched":0,"skipped":0} 
[2026-05-17 05:11:01] production.INFO: ScheduledJobManager started {"execution_time":"2026-05-17T05:11:01+00:00"} 
[2026-05-17 05:11:01] production.INFO: ScheduledJobManager completed {"execution_time":"2026-05-17T05:11:01+00:00","duration_ms":12.532,"dispatched":0,"skipped":0} 
[2026-05-17 05:12:01] production.INFO: ScheduledJobManager started {"execution_time":"2026-05-17T05:12:01+00:00"} 
[2026-05-17 05:12:01] production.INFO: ScheduledJobManager completed {"execution_time":"2026-05-17T05:12:01+00:00","duration_ms":12.643,"dispatched":0,"skipped":0} 
[2026-05-17 05:13:01] production.INFO: ScheduledJobManager started {"execution_time":"2026-05-17T05:13:01+00:00"} 
[2026-05-17 05:13:01] production.INFO: ScheduledJobManager completed {"execution_time":"2026-05-17T05:13:01+00:00","duration_ms":12.553,"dispatched":0,"skipped":0} 
[2026-05-17 05:14:01] production.INFO: ScheduledJobManager started {"execution_time":"2026-05-17T05:14:01+00:00"} 
[2026-05-17 05:14:01] production.INFO: ScheduledJobManager completed {"execution_time":"2026-05-17T05:14:01+00:00","duration_ms":12.603,"dispatched":0,"skipped":0} 
[2026-05-17 05:15:01] production.INFO: ScheduledJobManager started {"execution_time":"2026-05-17T05:15:01+00:00"} 
[2026-05-17 05:15:01] production.INFO: ScheduledJobManager completed {"execution_time":"2026-05-17T05:15:01+00:00","duration_ms":13.238,"dispatched":0,"skipped":0} 
[2026-05-17 05:16:01] production.INFO: ScheduledJobManager started {"execution_time":"2026-05-17T05:16:01+00:00"} 
[2026-05-17 05:16:01] production.INFO: ScheduledJobManager completed {"execution_time":"2026-05-17T05:16:01+00:00","duration_ms":12.717,"dispatched":0,"skipped":0} 
[2026-05-17 05:17:02] production.INFO: ScheduledJobManager started {"execution_time":"2026-05-17T05:17:02+00:00"} 
[2026-05-17 05:17:02] production.INFO: ScheduledJobManager completed {"execution_time":"2026-05-17T05:17:02+00:00","duration_ms":12.609,"dispatched":0,"skipped":0} 
[2026-05-17 05:18:01] production.INFO: ScheduledJobManager started {"execution_time":"2026-05-17T05:18:01+00:00"} 
[2026-05-17 05:18:01] production.INFO: ScheduledJobManager completed {"execution_time":"2026-05-17T05:18:01+00:00","duration_ms":11.512,"dispatched":0,"skipped":0} 
[2026-05-17 05:19:01] production.INFO: ScheduledJobManager started {"execution_time":"2026-05-17T05:19:01+00:00"} 
[2026-05-17 05:19:01] production.INFO: ScheduledJobManager completed {"execution_time":"2026-05-17T05:19:01+00:00","duration_ms":12.995,"dispatched":0,"skipped":0} 
[2026-05-17 05:20:01] production.INFO: ScheduledJobManager started {"execution_time":"2026-05-17T05:20:01+00:00"} 
[2026-05-17 05:20:01] production.INFO: ScheduledJobManager completed {"execution_time":"2026-05-17T05:20:01+00:00","duration_ms":5.839,"dispatched":0,"skipped":0} 
[2026-05-17 05:21:01] production.INFO: ScheduledJobManager started {"execution_time":"2026-05-17T05:21:01+00:00"} 
[2026-05-17 05:21:01] production.INFO: ScheduledJobManager completed {"execution_time":"2026-05-17T05:21:01+00:00","duration_ms":12.933,"dispatched":0,"skipped":0} 
[2026-05-17 05:22:01] production.INFO: ScheduledJobManager started {"execution_time":"2026-05-17T05:22:01+00:00"} 
[2026-05-17 05:22:01] production.INFO: ScheduledJobManager completed {"execution_time":"2026-05-17T05:22:01+00:00","duration_ms":11.293,"dispatched":0,"skipped":0} 
[2026-05-17 05:23:01] production.INFO: ScheduledJobManager started {"execution_time":"2026-05-17T05:23:01+00:00"} 
[2026-05-17 05:23:01] production.INFO: ScheduledJobManager completed {"execution_time":"2026-05-17T05:23:01+00:00","duration_ms":12.8,"dispatched":0,"skipped":0} 
[2026-05-17 05:24:01] production.INFO: ScheduledJobManager started {"execution_time":"2026-05-17T05:24:01+00:00"} 
[2026-05-17 05:24:01] production.INFO: ScheduledJobManager completed {"execution_time":"2026-05-17T05:24:01+00:00","duration_ms":12.929,"dispatched":0,"skipped":0} 
[2026-05-17 05:25:01] production.INFO: ScheduledJobManager started {"execution_time":"2026-05-17T05:25:01+00:00"} 
[2026-05-17 05:25:01] production.INFO: ScheduledJobManager completed {"execution_time":"2026-05-17T05:25:01+00:00","duration_ms":12.714,"dispatched":0,"skipped":0} 
[2026-05-17 05:26:01] production.INFO: ScheduledJobManager started {"execution_time":"2026-05-17T05:26:01+00:00"} 
[2026-05-17 05:26:01] production.INFO: ScheduledJobManager completed {"execution_time":"2026-05-17T05:26:01+00:00","duration_ms":11.372,"dispatched":0,"skipped":0} 
[2026-05-17 05:27:01] production.INFO: ScheduledJobManager started {"execution_time":"2026-05-17T05:27:01+00:00"} 
[2026-05-17 05:27:01] production.INFO: ScheduledJobManager completed {"execution_time":"2026-05-17T05:27:01+00:00","duration_ms":12.452,"dispatched":0,"skipped":0} 
[2026-05-17 05:28:01] production.INFO: ScheduledJobManager started {"execution_time":"2026-05-17T05:28:01+00:00"} 
[2026-05-17 05:28:01] production.INFO: ScheduledJobManager completed {"execution_time":"2026-05-17T05:28:01+00:00","duration_ms":12.539,"dispatched":0,"skipped":0} 
[2026-05-17 05:29:01] production.INFO: ScheduledJobManager started {"execution_time":"2026-05-17T05:29:01+00:00"} 
[2026-05-17 05:29:01] production.INFO: ScheduledJobManager completed {"execution_time":"2026-05-17T05:29:01+00:00","duration_ms":12.443,"dispatched":0,"skipped":0} 
[2026-05-17 05:30:01] production.INFO: ScheduledJobManager started {"execution_time":"2026-05-17T05:30:01+00:00"} 
[2026-05-17 05:30:01] production.INFO: ScheduledJobManager completed {"execution_time":"2026-05-17T05:30:01+00:00","duration_ms":6.719,"dispatched":0,"skipped":0} 
[2026-05-17 05:31:01] production.INFO: ScheduledJobManager started {"execution_time":"2026-05-17T05:31:01+00:00"} 
[2026-05-17 05:31:01] production.INFO: ScheduledJobManager completed {"execution_time":"2026-05-17T05:31:01+00:00","duration_ms":11.554,"dispatched":0,"skipped":0} 
[2026-05-17 05:32:01] production.INFO: ScheduledJobManager started {"execution_time":"2026-05-17T05:32:01+00:00"} 
[2026-05-17 05:32:01] production.INFO: ScheduledJobManager completed {"execution_time":"2026-05-17T05:32:01+00:00","duration_ms":12.001,"dispatched":0,"skipped":0} 
[2026-05-17 05:33:01] production.INFO: ScheduledJobManager started {"execution_time":"2026-05-17T05:33:01+00:00"} 
[2026-05-17 05:33:01] production.INFO: ScheduledJobManager completed {"execution_time":"2026-05-17T05:33:01+00:00","duration_ms":12.75,"dispatched":0,"skipped":0} 
[2026-05-17 05:34:01] production.INFO: ScheduledJobManager started {"execution_time":"2026-05-17T05:34:01+00:00"} 
[2026-05-17 05:34:01] production.INFO: ScheduledJobManager completed {"execution_time":"2026-05-17T05:34:01+00:00","duration_ms":5.001,"dispatched":0,"skipped":0} 
[2026-05-17 05:35:01] production.INFO: ScheduledJobManager started {"execution_time":"2026-05-17T05:35:01+00:00"} 
[2026-05-17 05:35:01] production.INFO: ScheduledJobManager completed {"execution_time":"2026-05-17T05:35:01+00:00","duration_ms":12.675,"dispatched":0,"skipped":0} 
[2026-05-17 05:36:01] production.INFO: ScheduledJobManager started {"execution_time":"2026-05-17T05:36:01+00:00"} 
[2026-05-17 05:36:01] production.INFO: ScheduledJobManager completed {"execution_time":"2026-05-17T05:36:01+00:00","duration_ms":13.008,"dispatched":0,"skipped":0} 
[2026-05-17 05:37:01] production.INFO: ScheduledJobManager started {"execution_time":"2026-05-17T05:37:01+00:00"} 
[2026-05-17 05:37:01] production.INFO: ScheduledJobManager completed {"execution_time":"2026-05-17T05:37:01+00:00","duration_ms":12.988,"dispatched":0,"skipped":0} 
[2026-05-17 05:38:01] production.INFO: ScheduledJobManager started {"execution_time":"2026-05-17T05:38:01+00:00"} 
[2026-05-17 05:38:01] production.INFO: ScheduledJobManager completed {"execution_time":"2026-05-17T05:38:01+00:00","duration_ms":12.83,"dispatched":0,"skipped":0} 
[2026-05-17 05:39:01] production.INFO: ScheduledJobManager started {"execution_time":"2026-05-17T05:39:01+00:00"} 
[2026-05-17 05:39:01] production.INFO: ScheduledJobManager completed {"execution_time":"2026-05-17T05:39:01+00:00","duration_ms":12.642,"dispatched":0,"skipped":0} 
[2026-05-17 05:40:01] production.INFO: ScheduledJobManager started {"execution_time":"2026-05-17T05:40:01+00:00"} 
[2026-05-17 05:40:01] production.INFO: ScheduledJobManager completed {"execution_time":"2026-05-17T05:40:01+00:00","duration_ms":5.761,"dispatched":0,"skipped":0} 
[2026-05-17 05:41:01] production.INFO: ScheduledJobManager started {"execution_time":"2026-05-17T05:41:01+00:00"} 
[2026-05-17 05:41:01] production.INFO: ScheduledJobManager completed {"execution_time":"2026-05-17T05:41:01+00:00","duration_ms":11.877,"dispatched":0,"skipped":0} 
[2026-05-17 05:42:01] production.INFO: ScheduledJobManager started {"execution_time":"2026-05-17T05:42:01+00:00"} 
[2026-05-17 05:42:01] production.INFO: ScheduledJobManager completed {"execution_time":"2026-05-17T05:42:01+00:00","duration_ms":12.867,"dispatched":0,"skipped":0} 
[2026-05-17 05:43:01] production.INFO: ScheduledJobManager started {"execution_time":"2026-05-17T05:43:01+00:00"} 
[2026-05-17 05:43:01] production.INFO: ScheduledJobManager completed {"execution_time":"2026-05-17T05:43:01+00:00","duration_ms":13.037,"dispatched":0,"skipped":0} 
[2026-05-17 05:44:01] production.INFO: ScheduledJobManager started {"execution_time":"2026-05-17T05:44:01+00:00"} 
[2026-05-17 05:44:01] production.INFO: ScheduledJobManager completed {"execution_time":"2026-05-17T05:44:01+00:00","duration_ms":12.024,"dispatched":0,"skipped":0} 
[2026-05-17 05:45:01] production.INFO: ScheduledJobManager started {"execution_time":"2026-05-17T05:45:01+00:00"} 
[2026-05-17 05:45:01] production.INFO: ScheduledJobManager completed {"execution_time":"2026-05-17T05:45:01+00:00","duration_ms":12.755,"dispatched":0,"skipped":0} 
[2026-05-17 05:46:01] production.INFO: ScheduledJobManager started {"execution_time":"2026-05-17T05:46:01+00:00"} 
[2026-05-17 05:46:01] production.INFO: ScheduledJobManager completed {"execution_time":"2026-05-17T05:46:01+00:00","duration_ms":11.526,"dispatched":0,"skipped":0} 
[2026-05-17 05:47:01] production.INFO: ScheduledJobManager started {"execution_time":"2026-05-17T05:47:01+00:00"} 
[2026-05-17 05:47:01] production.INFO: ScheduledJobManager completed {"execution_time":"2026-05-17T05:47:01+00:00","duration_ms":11.812,"dispatched":0,"skipped":0} 
[2026-05-17 05:48:02] production.INFO: ScheduledJobManager started {"execution_time":"2026-05-17T05:48:02+00:00"} 
[2026-05-17 05:48:02] production.INFO: ScheduledJobManager completed {"execution_time":"2026-05-17T05:48:02+00:00","duration_ms":12.777,"dispatched":0,"skipped":0} 
[2026-05-17 05:49:01] production.INFO: ScheduledJobManager started {"execution_time":"2026-05-17T05:49:01+00:00"} 
[2026-05-17 05:49:01] production.INFO: ScheduledJobManager completed {"execution_time":"2026-05-17T05:49:01+00:00","duration_ms":12.882,"dispatched":0,"skipped":0} 
[2026-05-17 05:50:01] production.INFO: ScheduledJobManager started {"execution_time":"2026-05-17T05:50:01+00:00"} 
[2026-05-17 05:50:01] production.INFO: ScheduledJobManager completed {"execution_time":"2026-05-17T05:50:01+00:00","duration_ms":5.658,"dispatched":0,"skipped":0} 
[2026-05-17 05:51:01] production.INFO: ScheduledJobManager started {"execution_time":"2026-05-17T05:51:01+00:00"} 
[2026-05-17 05:51:01] production.INFO: ScheduledJobManager completed {"execution_time":"2026-05-17T05:51:01+00:00","duration_ms":12.679,"dispatched":0,"skipped":0} 
[2026-05-17 05:52:01] production.INFO: ScheduledJobManager started {"execution_time":"2026-05-17T05:52:01+00:00"} 
[2026-05-17 05:52:01] production.INFO: ScheduledJobManager completed {"execution_time":"2026-05-17T05:52:01+00:00","duration_ms":23.558,"dispatched":0,"skipped":0} 
[2026-05-17 05:53:01] production.INFO: ScheduledJobManager started {"execution_time":"2026-05-17T05:53:01+00:00"} 
[2026-05-17 05:53:01] production.INFO: ScheduledJobManager completed {"execution_time":"2026-05-17T05:53:01+00:00","duration_ms":12.843,"dispatched":0,"skipped":0} 
[2026-05-17 05:54:01] production.INFO: ScheduledJobManager started {"execution_time":"2026-05-17T05:54:01+00:00"} 
[2026-05-17 05:54:01] production.INFO: ScheduledJobManager completed {"execution_time":"2026-05-17T05:54:01+00:00","duration_ms":12.36,"dispatched":0,"skipped":0} 
[2026-05-17 05:55:01] production.INFO: ScheduledJobManager started {"execution_time":"2026-05-17T05:55:01+00:00"} 
[2026-05-17 05:55:01] production.INFO: ScheduledJobManager completed {"execution_time":"2026-05-17T05:55:01+00:00","duration_ms":11.131,"dispatched":0,"skipped":0} 
[2026-05-17 05:56:01] production.INFO: ScheduledJobManager started {"execution_time":"2026-05-17T05:56:01+00:00"} 
[2026-05-17 05:56:01] production.INFO: ScheduledJobManager completed {"execution_time":"2026-05-17T05:56:01+00:00","duration_ms":12.825,"dispatched":0,"skipped":0} 
[2026-05-17 05:57:01] production.INFO: ScheduledJobManager started {"execution_time":"2026-05-17T05:57:01+00:00"} 
[2026-05-17 05:57:01] production.INFO: ScheduledJobManager completed {"execution_time":"2026-05-17T05:57:01+00:00","duration_ms":12.708,"dispatched":0,"skipped":0} 
[2026-05-17 05:58:01] production.INFO: ScheduledJobManager started {"execution_time":"2026-05-17T05:58:01+00:00"} 
[2026-05-17 05:58:01] production.INFO: ScheduledJobManager completed {"execution_time":"2026-05-17T05:58:01+00:00","duration_ms":13.047,"dispatched":0,"skipped":0} 
[2026-05-17 05:59:01] production.INFO: ScheduledJobManager started {"execution_time":"2026-05-17T05:59:01+00:00"} 
[2026-05-17 05:59:01] production.INFO: ScheduledJobManager completed {"execution_time":"2026-05-17T05:59:01+00:00","duration_ms":12.573,"dispatched":0,"skipped":0} 
[2026-05-17 06:00:02] production.INFO: ScheduledJobManager started {"execution_time":"2026-05-17T06:00:02+00:00"} 
[2026-05-17 06:00:02] production.INFO: ScheduledJobManager completed {"execution_time":"2026-05-17T06:00:02+00:00","duration_ms":21.365,"dispatched":0,"skipped":0} 
[2026-05-17 06:01:01] production.INFO: ScheduledJobManager started {"execution_time":"2026-05-17T06:01:01+00:00"} 
[2026-05-17 06:01:01] production.INFO: ScheduledJobManager completed {"execution_time":"2026-05-17T06:01:01+00:00","duration_ms":12.569,"dispatched":0,"skipped":0} 
[2026-05-17 06:02:01] production.INFO: ScheduledJobManager started {"execution_time":"2026-05-17T06:02:01+00:00"} 
[2026-05-17 06:02:01] production.INFO: ScheduledJobManager completed {"execution_time":"2026-05-17T06:02:01+00:00","duration_ms":14.542,"dispatched":0,"skipped":0} 
[2026-05-17 06:03:01] production.INFO: ScheduledJobManager started {"execution_time":"2026-05-17T06:03:01+00:00"} 
[2026-05-17 06:03:01] production.INFO: ScheduledJobManager completed {"execution_time":"2026-05-17T06:03:01+00:00","duration_ms":13.322,"dispatched":0,"skipped":0} 
[2026-05-17 06:04:01] production.INFO: ScheduledJobManager started {"execution_time":"2026-05-17T06:04:01+00:00"} 
[2026-05-17 06:04:01] production.INFO: ScheduledJobManager completed {"execution_time":"2026-05-17T06:04:01+00:00","duration_ms":13.345,"dispatched":0,"skipped":0} 
[2026-05-17 06:05:01] production.INFO: ScheduledJobManager started {"execution_time":"2026-05-17T06:05:01+00:00"} 
[2026-05-17 06:05:01] production.INFO: ScheduledJobManager completed {"execution_time":"2026-05-17T06:05:01+00:00","duration_ms":4.279,"dispatched":0,"skipped":0} 
[2026-05-17 06:06:01] production.INFO: ScheduledJobManager started {"execution_time":"2026-05-17T06:06:01+00:00"} 
[2026-05-17 06:06:01] production.INFO: ScheduledJobManager completed {"execution_time":"2026-05-17T06:06:01+00:00","duration_ms":11.728,"dispatched":0,"skipped":0} 
[2026-05-17 06:07:01] production.INFO: ScheduledJobManager started {"execution_time":"2026-05-17T06:07:01+00:00"} 
[2026-05-17 06:07:01] production.INFO: ScheduledJobManager completed {"execution_time":"2026-05-17T06:07:01+00:00","duration_ms":11.209,"dispatched":0,"skipped":0} 
[2026-05-17 06:08:01] production.INFO: ScheduledJobManager started {"execution_time":"2026-05-17T06:08:01+00:00"} 
[2026-05-17 06:08:01] production.INFO: ScheduledJobManager completed {"execution_time":"2026-05-17T06:08:01+00:00","duration_ms":12.78,"dispatched":0,"skipped":0} 
[2026-05-17 06:09:01] production.INFO: ScheduledJobManager started {"execution_time":"2026-05-17T06:09:01+00:00"} 
[2026-05-17 06:09:01] production.INFO: ScheduledJobManager completed {"execution_time":"2026-05-17T06:09:01+00:00","duration_ms":12.872,"dispatched":0,"skipped":0} 
[2026-05-17 06:10:01] production.INFO: ScheduledJobManager started {"execution_time":"2026-05-17T06:10:01+00:00"} 
[2026-05-17 06:10:01] production.INFO: ScheduledJobManager completed {"execution_time":"2026-05-17T06:10:01+00:00","duration_ms":13.077,"dispatched":0,"skipped":0} 
[2026-05-17 06:11:01] production.INFO: ScheduledJobManager started {"execution_time":"2026-05-17T06:11:01+00:00"} 
[2026-05-17 06:11:01] production.INFO: ScheduledJobManager completed {"execution_time":"2026-05-17T06:11:01+00:00","duration_ms":12.248,"dispatched":0,"skipped":0} 
[2026-05-17 06:12:01] production.INFO: ScheduledJobManager started {"execution_time":"2026-05-17T06:12:01+00:00"} 
[2026-05-17 06:12:01] production.INFO: ScheduledJobManager completed {"execution_time":"2026-05-17T06:12:01+00:00","duration_ms":91.38,"dispatched":0,"skipped":0} 
[2026-05-17 06:13:01] production.INFO: ScheduledJobManager started {"execution_time":"2026-05-17T06:13:01+00:00"} 
[2026-05-17 06:13:01] production.INFO: ScheduledJobManager completed {"execution_time":"2026-05-17T06:13:01+00:00","duration_ms":11.465,"dispatched":0,"skipped":0} 
[2026-05-17 06:14:01] production.INFO: ScheduledJobManager started {"execution_time":"2026-05-17T06:14:01+00:00"} 
[2026-05-17 06:14:01] production.INFO: ScheduledJobManager completed {"execution_time":"2026-05-17T06:14:01+00:00","duration_ms":12.722,"dispatched":0,"skipped":0} 
[2026-05-17 06:15:01] production.INFO: ScheduledJobManager started {"execution_time":"2026-05-17T06:15:01+00:00"} 
[2026-05-17 06:15:01] production.INFO: ScheduledJobManager completed {"execution_time":"2026-05-17T06:15:01+00:00","duration_ms":12.449,"dispatched":0,"skipped":0} 
[2026-05-17 06:16:01] production.INFO: ScheduledJobManager started {"execution_time":"2026-05-17T06:16:01+00:00"} 
[2026-05-17 06:16:01] production.INFO: ScheduledJobManager completed {"execution_time":"2026-05-17T06:16:01+00:00","duration_ms":12.807,"dispatched":0,"skipped":0} 
[2026-05-17 06:17:02] production.INFO: ScheduledJobManager started {"execution_time":"2026-05-17T06:17:02+00:00"} 
[2026-05-17 06:17:02] production.INFO: ScheduledJobManager completed {"execution_time":"2026-05-17T06:17:02+00:00","duration_ms":12.865,"dispatched":0,"skipped":0} 
[2026-05-17 06:18:01] production.INFO: ScheduledJobManager started {"execution_time":"2026-05-17T06:18:01+00:00"} 
[2026-05-17 06:18:01] production.INFO: ScheduledJobManager completed {"execution_time":"2026-05-17T06:18:01+00:00","duration_ms":18.511,"dispatched":0,"skipped":0} 
[2026-05-17 06:19:01] production.INFO: ScheduledJobManager started {"execution_time":"2026-05-17T06:19:01+00:00"} 
[2026-05-17 06:19:01] production.INFO: ScheduledJobManager completed {"execution_time":"2026-05-17T06:19:01+00:00","duration_ms":12.853,"dispatched":0,"skipped":0} 
[2026-05-17 06:20:01] production.INFO: ScheduledJobManager started {"execution_time":"2026-05-17T06:20:01+00:00"} 
[2026-05-17 06:20:01] production.INFO: ScheduledJobManager completed {"execution_time":"2026-05-17T06:20:01+00:00","duration_ms":5.67,"dispatched":0,"skipped":0} 
[2026-05-17 06:21:01] production.INFO: ScheduledJobManager started {"execution_time":"2026-05-17T06:21:01+00:00"} 
[2026-05-17 06:21:01] production.INFO: ScheduledJobManager completed {"execution_time":"2026-05-17T06:21:01+00:00","duration_ms":12.93,"dispatched":0,"skipped":0} 
[2026-05-17 06:22:01] production.INFO: ScheduledJobManager started {"execution_time":"2026-05-17T06:22:01+00:00"} 
[2026-05-17 06:22:01] production.INFO: ScheduledJobManager completed {"execution_time":"2026-05-17T06:22:01+00:00","duration_ms":13.019,"dispatched":0,"skipped":0} 
[2026-05-17 06:23:01] production.INFO: ScheduledJobManager started {"execution_time":"2026-05-17T06:23:01+00:00"} 
[2026-05-17 06:23:01] production.INFO: ScheduledJobManager completed {"execution_time":"2026-05-17T06:23:01+00:00","duration_ms":11.589,"dispatched":0,"skipped":0} 
[2026-05-17 06:24:01] production.INFO: ScheduledJobManager started {"execution_time":"2026-05-17T06:24:01+00:00"} 
[2026-05-17 06:24:01] production.INFO: ScheduledJobManager completed {"execution_time":"2026-05-17T06:24:01+00:00","duration_ms":13.479,"dispatched":0,"skipped":0} 
[2026-05-17 06:25:01] production.INFO: ScheduledJobManager started {"execution_time":"2026-05-17T06:25:01+00:00"} 
[2026-05-17 06:25:01] production.INFO: ScheduledJobManager completed {"execution_time":"2026-05-17T06:25:01+00:00","duration_ms":11.506,"dispatched":0,"skipped":0} 
[2026-05-17 06:26:01] production.INFO: ScheduledJobManager started {"execution_time":"2026-05-17T06:26:01+00:00"} 
[2026-05-17 06:26:01] production.INFO: ScheduledJobManager completed {"execution_time":"2026-05-17T06:26:01+00:00","duration_ms":13.0,"dispatched":0,"skipped":0} 
[2026-05-17 06:27:01] production.INFO: ScheduledJobManager started {"execution_time":"2026-05-17T06:27:01+00:00"} 
[2026-05-17 06:27:01] production.INFO: ScheduledJobManager completed {"execution_time":"2026-05-17T06:27:01+00:00","duration_ms":12.478,"dispatched":0,"skipped":0} 
[2026-05-17 06:28:01] production.INFO: ScheduledJobManager started {"execution_time":"2026-05-17T06:28:01+00:00"} 
[2026-05-17 06:28:01] production.INFO: ScheduledJobManager completed {"execution_time":"2026-05-17T06:28:01+00:00","duration_ms":12.724,"dispatched":0,"skipped":0} 
[2026-05-17 06:29:01] production.INFO: ScheduledJobManager started {"execution_time":"2026-05-17T06:29:01+00:00"} 
[2026-05-17 06:29:01] production.INFO: ScheduledJobManager completed {"execution_time":"2026-05-17T06:29:01+00:00","duration_ms":12.445,"dispatched":0,"skipped":0} 
[2026-05-17 06:30:01] production.INFO: ScheduledJobManager started {"execution_time":"2026-05-17T06:30:01+00:00"} 
[2026-05-17 06:30:01] production.INFO: ScheduledJobManager completed {"execution_time":"2026-05-17T06:30:01+00:00","duration_ms":11.839,"dispatched":0,"skipped":0} 
[2026-05-17 06:31:01] production.INFO: ScheduledJobManager started {"execution_time":"2026-05-17T06:31:01+00:00"} 
[2026-05-17 06:31:01] production.INFO: ScheduledJobManager completed {"execution_time":"2026-05-17T06:31:01+00:00","duration_ms":12.732,"dispatched":0,"skipped":0} 
[2026-05-17 06:32:02] production.INFO: ScheduledJobManager started {"execution_time":"2026-05-17T06:32:02+00:00"} 
[2026-05-17 06:32:02] production.INFO: ScheduledJobManager completed {"execution_time":"2026-05-17T06:32:02+00:00","duration_ms":12.715,"dispatched":0,"skipped":0} 
[2026-05-17 06:33:01] production.INFO: ScheduledJobManager started {"execution_time":"2026-05-17T06:33:01+00:00"} 
[2026-05-17 06:33:01] production.INFO: ScheduledJobManager completed {"execution_time":"2026-05-17T06:33:01+00:00","duration_ms":12.407,"dispatched":0,"skipped":0} 
[2026-05-17 06:34:01] production.INFO: ScheduledJobManager started {"execution_time":"2026-05-17T06:34:01+00:00"} 
[2026-05-17 06:34:01] production.INFO: ScheduledJobManager completed {"execution_time":"2026-05-17T06:34:01+00:00","duration_ms":5.737,"dispatched":0,"skipped":0} 
[2026-05-17 06:35:01] production.INFO: ScheduledJobManager started {"execution_time":"2026-05-17T06:35:01+00:00"} 
[2026-05-17 06:35:01] production.INFO: ScheduledJobManager completed {"execution_time":"2026-05-17T06:35:01+00:00","duration_ms":12.228,"dispatched":0,"skipped":0} 
[2026-05-17 06:36:01] production.INFO: ScheduledJobManager started {"execution_time":"2026-05-17T06:36:01+00:00"} 
[2026-05-17 06:36:01] production.INFO: ScheduledJobManager completed {"execution_time":"2026-05-17T06:36:01+00:00","duration_ms":12.921,"dispatched":0,"skipped":0} 
[2026-05-17 06:37:01] production.INFO: ScheduledJobManager started {"execution_time":"2026-05-17T06:37:01+00:00"} 
[2026-05-17 06:37:01] production.INFO: ScheduledJobManager completed {"execution_time":"2026-05-17T06:37:01+00:00","duration_ms":12.619,"dispatched":0,"skipped":0} 
[2026-05-17 06:38:01] production.INFO: ScheduledJobManager started {"execution_time":"2026-05-17T06:38:01+00:00"} 
[2026-05-17 06:38:01] production.INFO: ScheduledJobManager completed {"execution_time":"2026-05-17T06:38:01+00:00","duration_ms":12.355,"dispatched":0,"skipped":0} 
[2026-05-17 06:39:01] production.INFO: ScheduledJobManager started {"execution_time":"2026-05-17T06:39:01+00:00"} 
[2026-05-17 06:39:01] production.INFO: ScheduledJobManager completed {"execution_time":"2026-05-17T06:39:01+00:00","duration_ms":12.71,"dispatched":0,"skipped":0} 
[2026-05-17 06:40:01] production.INFO: ScheduledJobManager started {"execution_time":"2026-05-17T06:40:01+00:00"} 
[2026-05-17 06:40:01] production.INFO: ScheduledJobManager completed {"execution_time":"2026-05-17T06:40:01+00:00","duration_ms":6.649,"dispatched":0,"skipped":0} 
[2026-05-17 06:41:01] production.INFO: ScheduledJobManager started {"execution_time":"2026-05-17T06:41:01+00:00"} 
[2026-05-17 06:41:01] production.INFO: ScheduledJobManager completed {"execution_time":"2026-05-17T06:41:01+00:00","duration_ms":11.163,"dispatched":0,"skipped":0} 
[2026-05-17 06:42:01] production.INFO: ScheduledJobManager started {"execution_time":"2026-05-17T06:42:01+00:00"} 
[2026-05-17 06:42:01] production.INFO: ScheduledJobManager completed {"execution_time":"2026-05-17T06:42:01+00:00","duration_ms":12.43,"dispatched":0,"skipped":0} 
[2026-05-17 06:43:01] production.INFO: ScheduledJobManager started {"execution_time":"2026-05-17T06:43:01+00:00"} 
[2026-05-17 06:43:01] production.INFO: ScheduledJobManager completed {"execution_time":"2026-05-17T06:43:01+00:00","duration_ms":11.355,"dispatched":0,"skipped":0} 
[2026-05-17 06:44:01] production.INFO: ScheduledJobManager started {"execution_time":"2026-05-17T06:44:01+00:00"} 
[2026-05-17 06:44:01] production.INFO: ScheduledJobManager completed {"execution_time":"2026-05-17T06:44:01+00:00","duration_ms":17.818,"dispatched":0,"skipped":0} 
[2026-05-17 06:45:01] production.INFO: ScheduledJobManager started {"execution_time":"2026-05-17T06:45:01+00:00"} 
[2026-05-17 06:45:01] production.INFO: ScheduledJobManager completed {"execution_time":"2026-05-17T06:45:01+00:00","duration_ms":12.885,"dispatched":0,"skipped":0} 
[2026-05-17 06:46:01] production.INFO: ScheduledJobManager started {"execution_time":"2026-05-17T06:46:01+00:00"} 
[2026-05-17 06:46:01] production.INFO: ScheduledJobManager completed {"execution_time":"2026-05-17T06:46:01+00:00","duration_ms":12.568,"dispatched":0,"skipped":0} 
[2026-05-17 06:47:01] production.INFO: ScheduledJobManager started {"execution_time":"2026-05-17T06:47:01+00:00"} 
[2026-05-17 06:47:01] production.INFO: ScheduledJobManager completed {"execution_time":"2026-05-17T06:47:01+00:00","duration_ms":12.977,"dispatched":0,"skipped":0} 
[2026-05-17 06:48:01] production.INFO: ScheduledJobManager started {"execution_time":"2026-05-17T06:48:01+00:00"} 
[2026-05-17 06:48:01] production.INFO: ScheduledJobManager completed {"execution_time":"2026-05-17T06:48:01+00:00","duration_ms":5.46,"dispatched":0,"skipped":0} 
[2026-05-17 06:49:01] production.INFO: ScheduledJobManager started {"execution_time":"2026-05-17T06:49:01+00:00"} 
[2026-05-17 06:49:01] production.INFO: ScheduledJobManager completed {"execution_time":"2026-05-17T06:49:01+00:00","duration_ms":12.044,"dispatched":0,"skipped":0} 
[2026-05-17 06:50:01] production.INFO: ScheduledJobManager started {"execution_time":"2026-05-17T06:50:01+00:00"} 
[2026-05-17 06:50:01] production.INFO: ScheduledJobManager completed {"execution_time":"2026-05-17T06:50:01+00:00","duration_ms":5.311,"dispatched":0,"skipped":0} 
[2026-05-17 06:51:01] production.INFO: ScheduledJobManager started {"execution_time":"2026-05-17T06:51:01+00:00"} 
[2026-05-17 06:51:01] production.INFO: ScheduledJobManager completed {"execution_time":"2026-05-17T06:51:01+00:00","duration_ms":12.484,"dispatched":0,"skipped":0} 
[2026-05-17 06:52:01] production.INFO: ScheduledJobManager started {"execution_time":"2026-05-17T06:52:01+00:00"} 
[2026-05-17 06:52:01] production.INFO: ScheduledJobManager completed {"execution_time":"2026-05-17T06:52:01+00:00","duration_ms":6.319,"dispatched":0,"skipped":0} 
[2026-05-17 06:53:01] production.INFO: ScheduledJobManager started {"execution_time":"2026-05-17T06:53:01+00:00"} 
[2026-05-17 06:53:01] production.INFO: ScheduledJobManager completed {"execution_time":"2026-05-17T06:53:01+00:00","duration_ms":12.608,"dispatched":0,"skipped":0} 
[2026-05-17 06:54:01] production.INFO: ScheduledJobManager started {"execution_time":"2026-05-17T06:54:01+00:00"} 
[2026-05-17 06:54:01] production.INFO: ScheduledJobManager completed {"execution_time":"2026-05-17T06:54:01+00:00","duration_ms":11.397,"dispatched":0,"skipped":0} 
[2026-05-17 06:55:01] production.INFO: ScheduledJobManager started {"execution_time":"2026-05-17T06:55:01+00:00"} 
[2026-05-17 06:55:01] production.INFO: ScheduledJobManager completed {"execution_time":"2026-05-17T06:55:01+00:00","duration_ms":12.75,"dispatched":0,"skipped":0} 
[2026-05-17 06:56:01] production.INFO: ScheduledJobManager started {"execution_time":"2026-05-17T06:56:01+00:00"} 
[2026-05-17 06:56:01] production.INFO: ScheduledJobManager completed {"execution_time":"2026-05-17T06:56:01+00:00","duration_ms":12.552,"dispatched":0,"skipped":0} 
[2026-05-17 06:57:01] production.INFO: ScheduledJobManager started {"execution_time":"2026-05-17T06:57:01+00:00"} 
[2026-05-17 06:57:01] production.INFO: ScheduledJobManager completed {"execution_time":"2026-05-17T06:57:01+00:00","duration_ms":12.541,"dispatched":0,"skipped":0} 
[2026-05-17 06:58:01] production.INFO: ScheduledJobManager started {"execution_time":"2026-05-17T06:58:01+00:00"} 
[2026-05-17 06:58:01] production.INFO: ScheduledJobManager completed {"execution_time":"2026-05-17T06:58:01+00:00","duration_ms":12.652,"dispatched":0,"skipped":0} 
[2026-05-17 06:59:01] production.INFO: ScheduledJobManager started {"execution_time":"2026-05-17T06:59:01+00:00"} 
[2026-05-17 06:59:01] production.INFO: ScheduledJobManager completed {"execution_time":"2026-05-17T06:59:01+00:00","duration_ms":11.805,"dispatched":0,"skipped":0} 
[2026-05-17 07:00:02] production.INFO: ScheduledJobManager started {"execution_time":"2026-05-17T07:00:02+00:00"} 
[2026-05-17 07:00:02] production.INFO: ScheduledJobManager completed {"execution_time":"2026-05-17T07:00:02+00:00","duration_ms":10.559,"dispatched":0,"skipped":0} 
[2026-05-17 07:01:01] production.INFO: ScheduledJobManager started {"execution_time":"2026-05-17T07:01:01+00:00"} 
[2026-05-17 07:01:02] production.INFO: ScheduledJobManager completed {"execution_time":"2026-05-17T07:01:01+00:00","duration_ms":12.455,"dispatched":0,"skipped":0} 
[2026-05-17 07:02:01] production.INFO: ScheduledJobManager started {"execution_time":"2026-05-17T07:02:01+00:00"} 
[2026-05-17 07:02:01] production.INFO: ScheduledJobManager completed {"execution_time":"2026-05-17T07:02:01+00:00","duration_ms":11.188,"dispatched":0,"skipped":0} 
[2026-05-17 07:03:01] production.INFO: ScheduledJobManager started {"execution_time":"2026-05-17T07:03:01+00:00"} 
[2026-05-17 07:03:01] production.INFO: ScheduledJobManager completed {"execution_time":"2026-05-17T07:03:01+00:00","duration_ms":11.623,"dispatched":0,"skipped":0} 
[2026-05-17 07:04:01] production.INFO: ScheduledJobManager started {"execution_time":"2026-05-17T07:04:01+00:00"} 
[2026-05-17 07:04:01] production.INFO: ScheduledJobManager completed {"execution_time":"2026-05-17T07:04:01+00:00","duration_ms":12.151,"dispatched":0,"skipped":0} 
[2026-05-17 07:05:01] production.INFO: ScheduledJobManager started {"execution_time":"2026-05-17T07:05:01+00:00"} 
[2026-05-17 07:05:01] production.INFO: ScheduledJobManager completed {"execution_time":"2026-05-17T07:05:01+00:00","duration_ms":4.211,"dispatched":0,"skipped":0} 
[2026-05-17 07:06:01] production.INFO: ScheduledJobManager started {"execution_time":"2026-05-17T07:06:01+00:00"} 
[2026-05-17 07:06:01] production.INFO: ScheduledJobManager completed {"execution_time":"2026-05-17T07:06:01+00:00","duration_ms":12.904,"dispatched":0,"skipped":0} 
[2026-05-17 07:07:01] production.INFO: ScheduledJobManager started {"execution_time":"2026-05-17T07:07:01+00:00"} 
[2026-05-17 07:07:01] production.INFO: ScheduledJobManager completed {"execution_time":"2026-05-17T07:07:01+00:00","duration_ms":12.938,"dispatched":0,"skipped":0} 
[2026-05-17 07:08:01] production.INFO: ScheduledJobManager started {"execution_time":"2026-05-17T07:08:01+00:00"} 
[2026-05-17 07:08:01] production.INFO: ScheduledJobManager completed {"execution_time":"2026-05-17T07:08:01+00:00","duration_ms":12.568,"dispatched":0,"skipped":0} 
[2026-05-17 07:09:01] production.INFO: ScheduledJobManager started {"execution_time":"2026-05-17T07:09:01+00:00"} 
[2026-05-17 07:09:01] production.INFO: ScheduledJobManager completed {"execution_time":"2026-05-17T07:09:01+00:00","duration_ms":11.189,"dispatched":0,"skipped":0} 
[2026-05-17 07:10:01] production.INFO: ScheduledJobManager started {"execution_time":"2026-05-17T07:10:01+00:00"} 
[2026-05-17 07:10:01] production.INFO: ScheduledJobManager completed {"execution_time":"2026-05-17T07:10:01+00:00","duration_ms":61.776,"dispatched":0,"skipped":0} 
[2026-05-17 07:11:01] production.INFO: ScheduledJobManager started {"execution_time":"2026-05-17T07:11:01+00:00"} 
[2026-05-17 07:11:01] production.INFO: ScheduledJobManager completed {"execution_time":"2026-05-17T07:11:01+00:00","duration_ms":11.864,"dispatched":0,"skipped":0} 
[2026-05-17 07:12:01] production.INFO: ScheduledJobManager started {"execution_time":"2026-05-17T07:12:01+00:00"} 
[2026-05-17 07:12:01] production.INFO: ScheduledJobManager completed {"execution_time":"2026-05-17T07:12:01+00:00","duration_ms":15.67,"dispatched":0,"skipped":0} 
[2026-05-17 07:13:01] production.INFO: ScheduledJobManager started {"execution_time":"2026-05-17T07:13:01+00:00"} 
[2026-05-17 07:13:01] production.INFO: ScheduledJobManager completed {"execution_time":"2026-05-17T07:13:01+00:00","duration_ms":12.778,"dispatched":0,"skipped":0} 
[2026-05-17 07:14:01] production.INFO: ScheduledJobManager started {"execution_time":"2026-05-17T07:14:01+00:00"} 
[2026-05-17 07:14:01] production.INFO: ScheduledJobManager completed {"execution_time":"2026-05-17T07:14:01+00:00","duration_ms":11.253,"dispatched":0,"skipped":0} 
[2026-05-17 07:15:01] production.INFO: ScheduledJobManager started {"execution_time":"2026-05-17T07:15:01+00:00"} 
[2026-05-17 07:15:01] production.INFO: ScheduledJobManager completed {"execution_time":"2026-05-17T07:15:01+00:00","duration_ms":12.855,"dispatched":0,"skipped":0} 
[2026-05-17 07:16:01] production.INFO: ScheduledJobManager started {"execution_time":"2026-05-17T07:16:01+00:00"} 
[2026-05-17 07:16:01] production.INFO: ScheduledJobManager completed {"execution_time":"2026-05-17T07:16:01+00:00","duration_ms":14.264,"dispatched":0,"skipped":0} 
[2026-05-17 07:17:02] production.INFO: ScheduledJobManager started {"execution_time":"2026-05-17T07:17:02+00:00"} 
[2026-05-17 07:17:02] production.INFO: ScheduledJobManager completed {"execution_time":"2026-05-17T07:17:02+00:00","duration_ms":12.175,"dispatched":0,"skipped":0} 
[2026-05-17 07:18:01] production.INFO: ScheduledJobManager started {"execution_time":"2026-05-17T07:18:01+00:00"} 
[2026-05-17 07:18:01] production.INFO: ScheduledJobManager completed {"execution_time":"2026-05-17T07:18:01+00:00","duration_ms":12.858,"dispatched":0,"skipped":0} 
[2026-05-17 07:19:01] production.INFO: ScheduledJobManager started {"execution_time":"2026-05-17T07:19:01+00:00"} 
[2026-05-17 07:19:01] production.INFO: ScheduledJobManager completed {"execution_time":"2026-05-17T07:19:01+00:00","duration_ms":12.77,"dispatched":0,"skipped":0} 
[2026-05-17 07:20:01] production.INFO: ScheduledJobManager started {"execution_time":"2026-05-17T07:20:01+00:00"} 
[2026-05-17 07:20:01] production.INFO: ScheduledJobManager completed {"execution_time":"2026-05-17T07:20:01+00:00","duration_ms":5.42,"dispatched":0,"skipped":0} 
[2026-05-17 07:21:01] production.INFO: ScheduledJobManager started {"execution_time":"2026-05-17T07:21:01+00:00"} 
[2026-05-17 07:21:01] production.INFO: ScheduledJobManager completed {"execution_time":"2026-05-17T07:21:01+00:00","duration_ms":12.787,"dispatched":0,"skipped":0} 
[2026-05-17 07:22:01] production.INFO: ScheduledJobManager started {"execution_time":"2026-05-17T07:22:01+00:00"} 
[2026-05-17 07:22:01] production.INFO: ScheduledJobManager completed {"execution_time":"2026-05-17T07:22:01+00:00","duration_ms":13.549,"dispatched":0,"skipped":0} 
[2026-05-17 07:23:01] production.INFO: ScheduledJobManager started {"execution_time":"2026-05-17T07:23:01+00:00"} 
[2026-05-17 07:23:01] production.INFO: ScheduledJobManager completed {"execution_time":"2026-05-17T07:23:01+00:00","duration_ms":12.059,"dispatched":0,"skipped":0} 
[2026-05-17 07:24:01] production.INFO: ScheduledJobManager started {"execution_time":"2026-05-17T07:24:01+00:00"} 
[2026-05-17 07:24:01] production.INFO: ScheduledJobManager completed {"execution_time":"2026-05-17T07:24:01+00:00","duration_ms":12.481,"dispatched":0,"skipped":0} 
[2026-05-17 07:25:01] production.INFO: ScheduledJobManager started {"execution_time":"2026-05-17T07:25:01+00:00"} 
[2026-05-17 07:25:01] production.INFO: ScheduledJobManager completed {"execution_time":"2026-05-17T07:25:01+00:00","duration_ms":11.232,"dispatched":0,"skipped":0} 
[2026-05-17 07:26:01] production.INFO: ScheduledJobManager started {"execution_time":"2026-05-17T07:26:01+00:00"} 
[2026-05-17 07:26:01] production.INFO: ScheduledJobManager completed {"execution_time":"2026-05-17T07:26:01+00:00","duration_ms":12.269,"dispatched":0,"skipped":0} 
[2026-05-17 07:27:01] production.INFO: ScheduledJobManager started {"execution_time":"2026-05-17T07:27:01+00:00"} 
[2026-05-17 07:27:01] production.INFO: ScheduledJobManager completed {"execution_time":"2026-05-17T07:27:01+00:00","duration_ms":12.767,"dispatched":0,"skipped":0} 
[2026-05-17 07:28:01] production.INFO: ScheduledJobManager started {"execution_time":"2026-05-17T07:28:01+00:00"} 
[2026-05-17 07:28:01] production.INFO: ScheduledJobManager completed {"execution_time":"2026-05-17T07:28:01+00:00","duration_ms":12.704,"dispatched":0,"skipped":0} 
[2026-05-17 07:29:01] production.INFO: ScheduledJobManager started {"execution_time":"2026-05-17T07:29:01+00:00"} 
[2026-05-17 07:29:01] production.INFO: ScheduledJobManager completed {"execution_time":"2026-05-17T07:29:01+00:00","duration_ms":12.587,"dispatched":0,"skipped":0} 
[2026-05-17 07:30:01] production.INFO: ScheduledJobManager started {"execution_time":"2026-05-17T07:30:01+00:00"} 
[2026-05-17 07:30:01] production.INFO: ScheduledJobManager completed {"execution_time":"2026-05-17T07:30:01+00:00","duration_ms":12.849,"dispatched":0,"skipped":0} 
[2026-05-17 07:31:01] production.INFO: ScheduledJobManager started {"execution_time":"2026-05-17T07:31:01+00:00"} 
[2026-05-17 07:31:01] production.INFO: ScheduledJobManager completed {"execution_time":"2026-05-17T07:31:01+00:00","duration_ms":11.502,"dispatched":0,"skipped":0} 
[2026-05-17 07:32:02] production.INFO: ScheduledJobManager started {"execution_time":"2026-05-17T07:32:02+00:00"} 
[2026-05-17 07:32:02] production.INFO: ScheduledJobManager completed {"execution_time":"2026-05-17T07:32:02+00:00","duration_ms":12.769,"dispatched":0,"skipped":0} 
[2026-05-17 07:33:01] production.INFO: ScheduledJobManager started {"execution_time":"2026-05-17T07:33:01+00:00"} 
[2026-05-17 07:33:01] production.INFO: ScheduledJobManager completed {"execution_time":"2026-05-17T07:33:01+00:00","duration_ms":11.741,"dispatched":0,"skipped":0} 
[2026-05-17 07:34:01] production.INFO: ScheduledJobManager started {"execution_time":"2026-05-17T07:34:01+00:00"} 
[2026-05-17 07:34:01] production.INFO: ScheduledJobManager completed {"execution_time":"2026-05-17T07:34:01+00:00","duration_ms":6.16,"dispatched":0,"skipped":0} 
[2026-05-17 07:35:01] production.INFO: ScheduledJobManager started {"execution_time":"2026-05-17T07:35:01+00:00"} 
[2026-05-17 07:35:01] production.INFO: ScheduledJobManager completed {"execution_time":"2026-05-17T07:35:01+00:00","duration_ms":10.815,"dispatched":0,"skipped":0} 
[2026-05-17 07:36:01] production.INFO: ScheduledJobManager started {"execution_time":"2026-05-17T07:36:01+00:00"} 
[2026-05-17 07:36:01] production.INFO: ScheduledJobManager completed {"execution_time":"2026-05-17T07:36:01+00:00","duration_ms":13.057,"dispatched":0,"skipped":0} 
[2026-05-17 07:37:01] production.INFO: ScheduledJobManager started {"execution_time":"2026-05-17T07:37:01+00:00"} 
[2026-05-17 07:37:01] production.INFO: ScheduledJobManager completed {"execution_time":"2026-05-17T07:37:01+00:00","duration_ms":12.603,"dispatched":0,"skipped":0} 
[2026-05-17 07:38:01] production.INFO: ScheduledJobManager started {"execution_time":"2026-05-17T07:38:01+00:00"} 
[2026-05-17 07:38:01] production.INFO: ScheduledJobManager completed {"execution_time":"2026-05-17T07:38:01+00:00","duration_ms":12.929,"dispatched":0,"skipped":0} 
[2026-05-17 07:39:01] production.INFO: ScheduledJobManager started {"execution_time":"2026-05-17T07:39:01+00:00"} 
[2026-05-17 07:39:01] production.INFO: ScheduledJobManager completed {"execution_time":"2026-05-17T07:39:01+00:00","duration_ms":11.237,"dispatched":0,"skipped":0} 
[2026-05-17 07:40:01] production.INFO: ScheduledJobManager started {"execution_time":"2026-05-17T07:40:01+00:00"} 
[2026-05-17 07:40:01] production.INFO: ScheduledJobManager completed {"execution_time":"2026-05-17T07:40:01+00:00","duration_ms":12.65,"dispatched":0,"skipped":0} 
[2026-05-17 07:41:01] production.INFO: ScheduledJobManager started {"execution_time":"2026-05-17T07:41:01+00:00"} 
[2026-05-17 07:41:01] production.INFO: ScheduledJobManager completed {"execution_time":"2026-05-17T07:41:01+00:00","duration_ms":12.544,"dispatched":0,"skipped":0} 
[2026-05-17 07:42:01] production.INFO: ScheduledJobManager started {"execution_time":"2026-05-17T07:42:01+00:00"} 
[2026-05-17 07:42:01] production.INFO: ScheduledJobManager completed {"execution_time":"2026-05-17T07:42:01+00:00","duration_ms":12.421,"dispatched":0,"skipped":0} 
[2026-05-17 07:43:01] production.INFO: ScheduledJobManager started {"execution_time":"2026-05-17T07:43:01+00:00"} 
[2026-05-17 07:43:01] production.INFO: ScheduledJobManager completed {"execution_time":"2026-05-17T07:43:01+00:00","duration_ms":12.445,"dispatched":0,"skipped":0} 
[2026-05-17 07:44:01] production.INFO: ScheduledJobManager started {"execution_time":"2026-05-17T07:44:01+00:00"} 
[2026-05-17 07:44:01] production.INFO: ScheduledJobManager completed {"execution_time":"2026-05-17T07:44:01+00:00","duration_ms":13.06,"dispatched":0,"skipped":0} 
[2026-05-17 07:45:01] production.INFO: ScheduledJobManager started {"execution_time":"2026-05-17T07:45:01+00:00"} 
[2026-05-17 07:45:01] production.INFO: ScheduledJobManager completed {"execution_time":"2026-05-17T07:45:01+00:00","duration_ms":11.245,"dispatched":0,"skipped":0} 
[2026-05-17 07:46:01] production.INFO: ScheduledJobManager started {"execution_time":"2026-05-17T07:46:01+00:00"} 
[2026-05-17 07:46:01] production.INFO: ScheduledJobManager completed {"execution_time":"2026-05-17T07:46:01+00:00","duration_ms":12.949,"dispatched":0,"skipped":0} 
[2026-05-17 07:47:02] production.INFO: ScheduledJobManager started {"execution_time":"2026-05-17T07:47:02+00:00"} 
[2026-05-17 07:47:02] production.INFO: ScheduledJobManager completed {"execution_time":"2026-05-17T07:47:02+00:00","duration_ms":12.377,"dispatched":0,"skipped":0} 
[2026-05-17 07:48:01] production.INFO: ScheduledJobManager started {"execution_time":"2026-05-17T07:48:01+00:00"} 
[2026-05-17 07:48:01] production.INFO: ScheduledJobManager completed {"execution_time":"2026-05-17T07:48:01+00:00","duration_ms":12.578,"dispatched":0,"skipped":0} 
[2026-05-17 07:49:01] production.INFO: ScheduledJobManager started {"execution_time":"2026-05-17T07:49:01+00:00"} 
[2026-05-17 07:49:01] production.INFO: ScheduledJobManager completed {"execution_time":"2026-05-17T07:49:01+00:00","duration_ms":12.635,"dispatched":0,"skipped":0} 
[2026-05-17 07:50:01] production.INFO: ScheduledJobManager started {"execution_time":"2026-05-17T07:50:01+00:00"} 
[2026-05-17 07:50:01] production.INFO: ScheduledJobManager completed {"execution_time":"2026-05-17T07:50:01+00:00","duration_ms":5.835,"dispatched":0,"skipped":0} 
[2026-05-17 07:51:01] production.INFO: ScheduledJobManager started {"execution_time":"2026-05-17T07:51:01+00:00"} 
[2026-05-17 07:51:01] production.INFO: ScheduledJobManager completed {"execution_time":"2026-05-17T07:51:01+00:00","duration_ms":12.953,"dispatched":0,"skipped":0} 
[2026-05-17 07:52:01] production.INFO: ScheduledJobManager started {"execution_time":"2026-05-17T07:52:01+00:00"} 
[2026-05-17 07:52:01] production.INFO: ScheduledJobManager completed {"execution_time":"2026-05-17T07:52:01+00:00","duration_ms":7.823,"dispatched":0,"skipped":0} 
[2026-05-17 07:53:01] production.INFO: ScheduledJobManager started {"execution_time":"2026-05-17T07:53:01+00:00"} 
[2026-05-17 07:53:01] production.INFO: ScheduledJobManager completed {"execution_time":"2026-05-17T07:53:01+00:00","duration_ms":12.497,"dispatched":0,"skipped":0} 
[2026-05-17 07:54:01] production.INFO: ScheduledJobManager started {"execution_time":"2026-05-17T07:54:01+00:00"} 
[2026-05-17 07:54:01] production.INFO: ScheduledJobManager completed {"execution_time":"2026-05-17T07:54:01+00:00","duration_ms":13.328,"dispatched":0,"skipped":0} 
[2026-05-17 07:55:01] production.INFO: ScheduledJobManager started {"execution_time":"2026-05-17T07:55:01+00:00"} 
[2026-05-17 07:55:01] production.INFO: ScheduledJobManager completed {"execution_time":"2026-05-17T07:55:01+00:00","duration_ms":12.695,"dispatched":0,"skipped":0} 
[2026-05-17 07:56:01] production.INFO: ScheduledJobManager started {"execution_time":"2026-05-17T07:56:01+00:00"} 
[2026-05-17 07:56:01] production.INFO: ScheduledJobManager completed {"execution_time":"2026-05-17T07:56:01+00:00","duration_ms":13.208,"dispatched":0,"skipped":0} 
[2026-05-17 07:57:01] production.INFO: ScheduledJobManager started {"execution_time":"2026-05-17T07:57:01+00:00"} 
[2026-05-17 07:57:01] production.INFO: ScheduledJobManager completed {"execution_time":"2026-05-17T07:57:01+00:00","duration_ms":12.569,"dispatched":0,"skipped":0} 
[2026-05-17 07:58:01] production.INFO: ScheduledJobManager started {"execution_time":"2026-05-17T07:58:01+00:00"} 
[2026-05-17 07:58:01] production.INFO: ScheduledJobManager completed {"execution_time":"2026-05-17T07:58:01+00:00","duration_ms":11.453,"dispatched":0,"skipped":0} 
[2026-05-17 07:59:01] production.INFO: ScheduledJobManager started {"execution_time":"2026-05-17T07:59:01+00:00"} 
[2026-05-17 07:59:01] production.INFO: ScheduledJobManager completed {"execution_time":"2026-05-17T07:59:01+00:00","duration_ms":12.139,"dispatched":0,"skipped":0} 
[2026-05-17 08:00:02] production.INFO: ScheduledJobManager started {"execution_time":"2026-05-17T08:00:02+00:00"} 
[2026-05-17 08:00:02] production.INFO: ScheduledJobManager completed {"execution_time":"2026-05-17T08:00:02+00:00","duration_ms":5.267,"dispatched":0,"skipped":0} 
[2026-05-17 08:01:01] production.INFO: ScheduledJobManager started {"execution_time":"2026-05-17T08:01:01+00:00"} 
[2026-05-17 08:01:01] production.INFO: ScheduledJobManager completed {"execution_time":"2026-05-17T08:01:01+00:00","duration_ms":12.831,"dispatched":0,"skipped":0} 
[2026-05-17 08:02:01] production.INFO: ScheduledJobManager started {"execution_time":"2026-05-17T08:02:01+00:00"} 
[2026-05-17 08:02:01] production.INFO: ScheduledJobManager completed {"execution_time":"2026-05-17T08:02:01+00:00","duration_ms":12.817,"dispatched":0,"skipped":0} 
[2026-05-17 08:03:01] production.INFO: ScheduledJobManager started {"execution_time":"2026-05-17T08:03:01+00:00"} 
[2026-05-17 08:03:01] production.INFO: ScheduledJobManager completed {"execution_time":"2026-05-17T08:03:01+00:00","duration_ms":15.139,"dispatched":0,"skipped":0} 
[2026-05-17 08:04:01] production.INFO: ScheduledJobManager started {"execution_time":"2026-05-17T08:04:01+00:00"} 
[2026-05-17 08:04:01] production.INFO: ScheduledJobManager completed {"execution_time":"2026-05-17T08:04:01+00:00","duration_ms":5.752,"dispatched":0,"skipped":0} 
[2026-05-17 08:05:01] production.INFO: ScheduledJobManager started {"execution_time":"2026-05-17T08:05:01+00:00"} 
[2026-05-17 08:05:01] production.INFO: ScheduledJobManager completed {"execution_time":"2026-05-17T08:05:01+00:00","duration_ms":13.185,"dispatched":0,"skipped":0} 
[2026-05-17 08:06:01] production.INFO: ScheduledJobManager started {"execution_time":"2026-05-17T08:06:01+00:00"} 
[2026-05-17 08:06:01] production.INFO: ScheduledJobManager completed {"execution_time":"2026-05-17T08:06:01+00:00","duration_ms":11.766,"dispatched":0,"skipped":0} 
[2026-05-17 08:07:01] production.INFO: ScheduledJobManager started {"execution_time":"2026-05-17T08:07:01+00:00"} 
[2026-05-17 08:07:01] production.INFO: ScheduledJobManager completed {"execution_time":"2026-05-17T08:07:01+00:00","duration_ms":12.692,"dispatched":0,"skipped":0} 
[2026-05-17 08:08:01] production.INFO: ScheduledJobManager started {"execution_time":"2026-05-17T08:08:01+00:00"} 
[2026-05-17 08:08:01] production.INFO: ScheduledJobManager completed {"execution_time":"2026-05-17T08:08:01+00:00","duration_ms":11.348,"dispatched":0,"skipped":0} 
[2026-05-17 08:09:01] production.INFO: ScheduledJobManager started {"execution_time":"2026-05-17T08:09:01+00:00"} 
[2026-05-17 08:09:01] production.INFO: ScheduledJobManager completed {"execution_time":"2026-05-17T08:09:01+00:00","duration_ms":12.979,"dispatched":0,"skipped":0} 
[2026-05-17 08:10:01] production.INFO: ScheduledJobManager started {"execution_time":"2026-05-17T08:10:01+00:00"} 
[2026-05-17 08:10:01] production.INFO: ScheduledJobManager completed {"execution_time":"2026-05-17T08:10:01+00:00","duration_ms":11.192,"dispatched":0,"skipped":0} 
[2026-05-17 08:11:01] production.INFO: ScheduledJobManager started {"execution_time":"2026-05-17T08:11:01+00:00"} 
[2026-05-17 08:11:01] production.INFO: ScheduledJobManager completed {"execution_time":"2026-05-17T08:11:01+00:00","duration_ms":12.624,"dispatched":0,"skipped":0} 
[2026-05-17 08:12:01] production.INFO: ScheduledJobManager started {"execution_time":"2026-05-17T08:12:01+00:00"} 
[2026-05-17 08:12:01] production.INFO: ScheduledJobManager completed {"execution_time":"2026-05-17T08:12:01+00:00","duration_ms":12.81,"dispatched":0,"skipped":0} 
[2026-05-17 08:13:01] production.INFO: ScheduledJobManager started {"execution_time":"2026-05-17T08:13:01+00:00"} 
[2026-05-17 08:13:01] production.INFO: ScheduledJobManager completed {"execution_time":"2026-05-17T08:13:01+00:00","duration_ms":19.079,"dispatched":0,"skipped":0} 
[2026-05-17 08:14:01] production.INFO: ScheduledJobManager started {"execution_time":"2026-05-17T08:14:01+00:00"} 
[2026-05-17 08:14:01] production.INFO: ScheduledJobManager completed {"execution_time":"2026-05-17T08:14:01+00:00","duration_ms":11.578,"dispatched":0,"skipped":0} 
[2026-05-17 08:15:01] production.INFO: ScheduledJobManager started {"execution_time":"2026-05-17T08:15:01+00:00"} 
[2026-05-17 08:15:01] production.INFO: ScheduledJobManager completed {"execution_time":"2026-05-17T08:15:01+00:00","duration_ms":12.872,"dispatched":0,"skipped":0} 
[2026-05-17 08:16:01] production.INFO: ScheduledJobManager started {"execution_time":"2026-05-17T08:16:01+00:00"} 
[2026-05-17 08:16:01] production.INFO: ScheduledJobManager completed {"execution_time":"2026-05-17T08:16:01+00:00","duration_ms":13.125,"dispatched":0,"skipped":0} 
[2026-05-17 08:17:01] production.INFO: ScheduledJobManager started {"execution_time":"2026-05-17T08:17:01+00:00"} 
[2026-05-17 08:17:01] production.INFO: ScheduledJobManager completed {"execution_time":"2026-05-17T08:17:01+00:00","duration_ms":12.838,"dispatched":0,"skipped":0} 
[2026-05-17 08:18:01] production.INFO: ScheduledJobManager started {"execution_time":"2026-05-17T08:18:01+00:00"} 
[2026-05-17 08:18:01] production.INFO: ScheduledJobManager completed {"execution_time":"2026-05-17T08:18:01+00:00","duration_ms":11.878,"dispatched":0,"skipped":0} 
[2026-05-17 08:19:01] production.INFO: ScheduledJobManager started {"execution_time":"2026-05-17T08:19:01+00:00"} 
[2026-05-17 08:19:01] production.INFO: ScheduledJobManager completed {"execution_time":"2026-05-17T08:19:01+00:00","duration_ms":13.031,"dispatched":0,"skipped":0} 
[2026-05-17 08:20:01] production.INFO: ScheduledJobManager started {"execution_time":"2026-05-17T08:20:01+00:00"} 
[2026-05-17 08:20:01] production.INFO: ScheduledJobManager completed {"execution_time":"2026-05-17T08:20:01+00:00","duration_ms":5.639,"dispatched":0,"skipped":0} 
[2026-05-17 08:21:01] production.INFO: ScheduledJobManager started {"execution_time":"2026-05-17T08:21:01+00:00"} 
[2026-05-17 08:21:01] production.INFO: ScheduledJobManager completed {"execution_time":"2026-05-17T08:21:01+00:00","duration_ms":11.283,"dispatched":0,"skipped":0} 
[2026-05-17 08:22:01] production.INFO: ScheduledJobManager started {"execution_time":"2026-05-17T08:22:01+00:00"} 
[2026-05-17 08:22:01] production.INFO: ScheduledJobManager completed {"execution_time":"2026-05-17T08:22:01+00:00","duration_ms":6.269,"dispatched":0,"skipped":0} 
[2026-05-17 08:23:01] production.INFO: ScheduledJobManager started {"execution_time":"2026-05-17T08:23:01+00:00"} 
[2026-05-17 08:23:01] production.INFO: ScheduledJobManager completed {"execution_time":"2026-05-17T08:23:01+00:00","duration_ms":17.066,"dispatched":0,"skipped":0} 
[2026-05-17 08:24:01] production.INFO: ScheduledJobManager started {"execution_time":"2026-05-17T08:24:01+00:00"} 
[2026-05-17 08:24:01] production.INFO: ScheduledJobManager completed {"execution_time":"2026-05-17T08:24:01+00:00","duration_ms":12.407,"dispatched":0,"skipped":0} 
[2026-05-17 08:25:01] production.INFO: ScheduledJobManager started {"execution_time":"2026-05-17T08:25:01+00:00"} 
[2026-05-17 08:25:01] production.INFO: ScheduledJobManager completed {"execution_time":"2026-05-17T08:25:01+00:00","duration_ms":3.717,"dispatched":0,"skipped":0} 
[2026-05-17 08:26:01] production.INFO: ScheduledJobManager started {"execution_time":"2026-05-17T08:26:01+00:00"} 
[2026-05-17 08:26:01] production.INFO: ScheduledJobManager completed {"execution_time":"2026-05-17T08:26:01+00:00","duration_ms":12.613,"dispatched":0,"skipped":0} 
[2026-05-17 08:27:01] production.INFO: ScheduledJobManager started {"execution_time":"2026-05-17T08:27:01+00:00"} 
[2026-05-17 08:27:01] production.INFO: ScheduledJobManager completed {"execution_time":"2026-05-17T08:27:01+00:00","duration_ms":11.702,"dispatched":0,"skipped":0} 
[2026-05-17 08:28:01] production.INFO: ScheduledJobManager started {"execution_time":"2026-05-17T08:28:01+00:00"} 
[2026-05-17 08:28:01] production.INFO: ScheduledJobManager completed {"execution_time":"2026-05-17T08:28:01+00:00","duration_ms":18.025,"dispatched":0,"skipped":0} 
[2026-05-17 08:29:01] production.INFO: ScheduledJobManager started {"execution_time":"2026-05-17T08:29:01+00:00"} 
[2026-05-17 08:29:01] production.INFO: ScheduledJobManager completed {"execution_time":"2026-05-17T08:29:01+00:00","duration_ms":12.601,"dispatched":0,"skipped":0} 
[2026-05-17 08:30:01] production.INFO: ScheduledJobManager started {"execution_time":"2026-05-17T08:30:01+00:00"} 
[2026-05-17 08:30:01] production.INFO: ScheduledJobManager completed {"execution_time":"2026-05-17T08:30:01+00:00","duration_ms":13.144,"dispatched":0,"skipped":0} 
[2026-05-17 08:31:01] production.INFO: ScheduledJobManager started {"execution_time":"2026-05-17T08:31:01+00:00"} 
[2026-05-17 08:31:01] production.INFO: ScheduledJobManager completed {"execution_time":"2026-05-17T08:31:01+00:00","duration_ms":12.673,"dispatched":0,"skipped":0} 
[2026-05-17 08:32:01] production.INFO: ScheduledJobManager started {"execution_time":"2026-05-17T08:32:01+00:00"} 
[2026-05-17 08:32:01] production.INFO: ScheduledJobManager completed {"execution_time":"2026-05-17T08:32:01+00:00","duration_ms":12.973,"dispatched":0,"skipped":0} 
[2026-05-17 08:33:01] production.INFO: ScheduledJobManager started {"execution_time":"2026-05-17T08:33:01+00:00"} 
[2026-05-17 08:33:01] production.INFO: ScheduledJobManager completed {"execution_time":"2026-05-17T08:33:01+00:00","duration_ms":12.187,"dispatched":0,"skipped":0} 
[2026-05-17 08:34:01] production.INFO: ScheduledJobManager started {"execution_time":"2026-05-17T08:34:01+00:00"} 
[2026-05-17 08:34:01] production.INFO: ScheduledJobManager completed {"execution_time":"2026-05-17T08:34:01+00:00","duration_ms":12.462,"dispatched":0,"skipped":0} 
[2026-05-17 08:35:01] production.INFO: ScheduledJobManager started {"execution_time":"2026-05-17T08:35:01+00:00"} 
[2026-05-17 08:35:01] production.INFO: ScheduledJobManager completed {"execution_time":"2026-05-17T08:35:01+00:00","duration_ms":4.203,"dispatched":0,"skipped":0} 
[2026-05-17 08:36:01] production.INFO: ScheduledJobManager started {"execution_time":"2026-05-17T08:36:01+00:00"} 
[2026-05-17 08:36:01] production.INFO: ScheduledJobManager completed {"execution_time":"2026-05-17T08:36:01+00:00","duration_ms":11.256,"dispatched":0,"skipped":0} 
[2026-05-17 08:37:01] production.INFO: ScheduledJobManager started {"execution_time":"2026-05-17T08:37:01+00:00"} 
[2026-05-17 08:37:01] production.INFO: ScheduledJobManager completed {"execution_time":"2026-05-17T08:37:01+00:00","duration_ms":13.034,"dispatched":0,"skipped":0} 
[2026-05-17 08:38:01] production.INFO: ScheduledJobManager started {"execution_time":"2026-05-17T08:38:01+00:00"} 
[2026-05-17 08:38:01] production.INFO: ScheduledJobManager completed {"execution_time":"2026-05-17T08:38:01+00:00","duration_ms":6.592,"dispatched":0,"skipped":0} 
[2026-05-17 08:39:01] production.INFO: ScheduledJobManager started {"execution_time":"2026-05-17T08:39:01+00:00"} 
[2026-05-17 08:39:01] production.INFO: ScheduledJobManager completed {"execution_time":"2026-05-17T08:39:01+00:00","duration_ms":12.465,"dispatched":0,"skipped":0} 
[2026-05-17 08:40:02] production.INFO: ScheduledJobManager started {"execution_time":"2026-05-17T08:40:02+00:00"} 
[2026-05-17 08:40:02] production.INFO: ScheduledJobManager completed {"execution_time":"2026-05-17T08:40:02+00:00","duration_ms":4.701,"dispatched":0,"skipped":0} 
[2026-05-17 08:41:01] production.INFO: ScheduledJobManager started {"execution_time":"2026-05-17T08:41:01+00:00"} 
[2026-05-17 08:41:01] production.INFO: ScheduledJobManager completed {"execution_time":"2026-05-17T08:41:01+00:00","duration_ms":11.495,"dispatched":0,"skipped":0} 
[2026-05-17 08:42:01] production.INFO: ScheduledJobManager started {"execution_time":"2026-05-17T08:42:01+00:00"} 
[2026-05-17 08:42:01] production.INFO: ScheduledJobManager completed {"execution_time":"2026-05-17T08:42:01+00:00","duration_ms":12.775,"dispatched":0,"skipped":0} 
[2026-05-17 08:43:01] production.INFO: ScheduledJobManager started {"execution_time":"2026-05-17T08:43:01+00:00"} 
[2026-05-17 08:43:01] production.INFO: ScheduledJobManager completed {"execution_time":"2026-05-17T08:43:01+00:00","duration_ms":12.654,"dispatched":0,"skipped":0} 
[2026-05-17 08:44:01] production.INFO: ScheduledJobManager started {"execution_time":"2026-05-17T08:44:01+00:00"} 
[2026-05-17 08:44:01] production.INFO: ScheduledJobManager completed {"execution_time":"2026-05-17T08:44:01+00:00","duration_ms":12.672,"dispatched":0,"skipped":0} 
[2026-05-17 08:45:01] production.INFO: ScheduledJobManager started {"execution_time":"2026-05-17T08:45:01+00:00"} 
[2026-05-17 08:45:01] production.INFO: ScheduledJobManager completed {"execution_time":"2026-05-17T08:45:01+00:00","duration_ms":12.689,"dispatched":0,"skipped":0} 
[2026-05-17 08:46:01] production.INFO: ScheduledJobManager started {"execution_time":"2026-05-17T08:46:01+00:00"} 
[2026-05-17 08:46:01] production.INFO: ScheduledJobManager completed {"execution_time":"2026-05-17T08:46:01+00:00","duration_ms":13.432,"dispatched":0,"skipped":0} 
[2026-05-17 08:47:01] production.INFO: ScheduledJobManager started {"execution_time":"2026-05-17T08:47:01+00:00"} 
[2026-05-17 08:47:01] production.INFO: ScheduledJobManager completed {"execution_time":"2026-05-17T08:47:01+00:00","duration_ms":11.014,"dispatched":0,"skipped":0} 
[2026-05-17 08:48:01] production.INFO: ScheduledJobManager started {"execution_time":"2026-05-17T08:48:01+00:00"} 
[2026-05-17 08:48:01] production.INFO: ScheduledJobManager completed {"execution_time":"2026-05-17T08:48:01+00:00","duration_ms":12.909,"dispatched":0,"skipped":0} 
[2026-05-17 08:49:01] production.INFO: ScheduledJobManager started {"execution_time":"2026-05-17T08:49:01+00:00"} 
[2026-05-17 08:49:01] production.INFO: ScheduledJobManager completed {"execution_time":"2026-05-17T08:49:01+00:00","duration_ms":12.857,"dispatched":0,"skipped":0} 
[2026-05-17 08:50:01] production.INFO: ScheduledJobManager started {"execution_time":"2026-05-17T08:50:01+00:00"} 
[2026-05-17 08:50:01] production.INFO: ScheduledJobManager completed {"execution_time":"2026-05-17T08:50:01+00:00","duration_ms":5.571,"dispatched":0,"skipped":0} 
[2026-05-17 08:51:01] production.INFO: ScheduledJobManager started {"execution_time":"2026-05-17T08:51:01+00:00"} 
[2026-05-17 08:51:01] production.INFO: ScheduledJobManager completed {"execution_time":"2026-05-17T08:51:01+00:00","duration_ms":12.69,"dispatched":0,"skipped":0} 
[2026-05-17 08:52:01] production.INFO: ScheduledJobManager started {"execution_time":"2026-05-17T08:52:01+00:00"} 
[2026-05-17 08:52:01] production.INFO: ScheduledJobManager completed {"execution_time":"2026-05-17T08:52:01+00:00","duration_ms":5.397,"dispatched":0,"skipped":0} 
[2026-05-17 08:53:01] production.INFO: ScheduledJobManager started {"execution_time":"2026-05-17T08:53:01+00:00"} 
[2026-05-17 08:53:01] production.INFO: ScheduledJobManager completed {"execution_time":"2026-05-17T08:53:01+00:00","duration_ms":12.451,"dispatched":0,"skipped":0} 
[2026-05-17 08:54:01] production.INFO: ScheduledJobManager started {"execution_time":"2026-05-17T08:54:01+00:00"} 
[2026-05-17 08:54:01] production.INFO: ScheduledJobManager completed {"execution_time":"2026-05-17T08:54:01+00:00","duration_ms":12.261,"dispatched":0,"skipped":0} 
[2026-05-17 08:55:02] production.INFO: ScheduledJobManager started {"execution_time":"2026-05-17T08:55:02+00:00"} 
[2026-05-17 08:55:02] production.INFO: ScheduledJobManager completed {"execution_time":"2026-05-17T08:55:02+00:00","duration_ms":4.792,"dispatched":0,"skipped":0} 
[2026-05-17 08:56:01] production.INFO: ScheduledJobManager started {"execution_time":"2026-05-17T08:56:01+00:00"} 
[2026-05-17 08:56:01] production.INFO: ScheduledJobManager completed {"execution_time":"2026-05-17T08:56:01+00:00","duration_ms":11.303,"dispatched":0,"skipped":0} 
[2026-05-17 08:57:01] production.INFO: ScheduledJobManager started {"execution_time":"2026-05-17T08:57:01+00:00"} 
[2026-05-17 08:57:01] production.INFO: ScheduledJobManager completed {"execution_time":"2026-05-17T08:57:01+00:00","duration_ms":12.633,"dispatched":0,"skipped":0} 
[2026-05-17 08:58:01] production.INFO: ScheduledJobManager started {"execution_time":"2026-05-17T08:58:01+00:00"} 
[2026-05-17 08:58:01] production.INFO: ScheduledJobManager completed {"execution_time":"2026-05-17T08:58:01+00:00","duration_ms":12.686,"dispatched":0,"skipped":0} 
[2026-05-17 08:59:01] production.INFO: ScheduledJobManager started {"execution_time":"2026-05-17T08:59:01+00:00"} 
[2026-05-17 08:59:01] production.INFO: ScheduledJobManager completed {"execution_time":"2026-05-17T08:59:01+00:00","duration_ms":12.786,"dispatched":0,"skipped":0} 
[2026-05-17 09:00:02] production.INFO: ScheduledJobManager started {"execution_time":"2026-05-17T09:00:02+00:00"} 
[2026-05-17 09:00:02] production.INFO: ScheduledJobManager completed {"execution_time":"2026-05-17T09:00:02+00:00","duration_ms":5.12,"dispatched":0,"skipped":0} 
[2026-05-17 09:01:01] production.INFO: ScheduledJobManager started {"execution_time":"2026-05-17T09:01:01+00:00"} 
[2026-05-17 09:01:01] production.INFO: ScheduledJobManager completed {"execution_time":"2026-05-17T09:01:01+00:00","duration_ms":11.736,"dispatched":0,"skipped":0} 
[2026-05-17 09:02:01] production.INFO: ScheduledJobManager started {"execution_time":"2026-05-17T09:02:01+00:00"} 
[2026-05-17 09:02:01] production.INFO: ScheduledJobManager completed {"execution_time":"2026-05-17T09:02:01+00:00","duration_ms":13.043,"dispatched":0,"skipped":0} 
[2026-05-17 09:03:01] production.INFO: ScheduledJobManager started {"execution_time":"2026-05-17T09:03:01+00:00"} 
[2026-05-17 09:03:01] production.INFO: ScheduledJobManager completed {"execution_time":"2026-05-17T09:03:01+00:00","duration_ms":12.611,"dispatched":0,"skipped":0} 
[2026-05-17 09:04:01] production.INFO: ScheduledJobManager started {"execution_time":"2026-05-17T09:04:01+00:00"} 
[2026-05-17 09:04:01] production.INFO: ScheduledJobManager completed {"execution_time":"2026-05-17T09:04:01+00:00","duration_ms":11.666,"dispatched":0,"skipped":0} 
[2026-05-17 09:05:01] production.INFO: ScheduledJobManager started {"execution_time":"2026-05-17T09:05:01+00:00"} 
[2026-05-17 09:05:01] production.INFO: ScheduledJobManager completed {"execution_time":"2026-05-17T09:05:01+00:00","duration_ms":3.873,"dispatched":0,"skipped":0} 
[2026-05-17 09:06:01] production.INFO: ScheduledJobManager started {"execution_time":"2026-05-17T09:06:01+00:00"} 
[2026-05-17 09:06:01] production.INFO: ScheduledJobManager completed {"execution_time":"2026-05-17T09:06:01+00:00","duration_ms":12.62,"dispatched":0,"skipped":0} 
[2026-05-17 09:07:01] production.INFO: ScheduledJobManager started {"execution_time":"2026-05-17T09:07:01+00:00"} 
[2026-05-17 09:07:01] production.INFO: ScheduledJobManager completed {"execution_time":"2026-05-17T09:07:01+00:00","duration_ms":11.76,"dispatched":0,"skipped":0} 
[2026-05-17 09:08:01] production.INFO: ScheduledJobManager started {"execution_time":"2026-05-17T09:08:01+00:00"} 
[2026-05-17 09:08:01] production.INFO: ScheduledJobManager completed {"execution_time":"2026-05-17T09:08:01+00:00","duration_ms":5.981,"dispatched":0,"skipped":0} 
[2026-05-17 09:09:01] production.INFO: ScheduledJobManager started {"execution_time":"2026-05-17T09:09:01+00:00"} 
[2026-05-17 09:09:01] production.INFO: ScheduledJobManager completed {"execution_time":"2026-05-17T09:09:01+00:00","duration_ms":13.096,"dispatched":0,"skipped":0} 
[2026-05-17 09:10:01] production.INFO: ScheduledJobManager started {"execution_time":"2026-05-17T09:10:01+00:00"} 
[2026-05-17 09:10:01] production.INFO: ScheduledJobManager completed {"execution_time":"2026-05-17T09:10:01+00:00","duration_ms":5.548,"dispatched":0,"skipped":0} 
[2026-05-17 09:11:01] production.INFO: ScheduledJobManager started {"execution_time":"2026-05-17T09:11:01+00:00"} 
[2026-05-17 09:11:01] production.INFO: ScheduledJobManager completed {"execution_time":"2026-05-17T09:11:01+00:00","duration_ms":12.622,"dispatched":0,"skipped":0} 
[2026-05-17 09:12:01] production.INFO: ScheduledJobManager started {"execution_time":"2026-05-17T09:12:01+00:00"} 
[2026-05-17 09:12:01] production.INFO: ScheduledJobManager completed {"execution_time":"2026-05-17T09:12:01+00:00","duration_ms":12.048,"dispatched":0,"skipped":0} 
[2026-05-17 09:13:01] production.INFO: ScheduledJobManager started {"execution_time":"2026-05-17T09:13:01+00:00"} 
[2026-05-17 09:13:01] production.INFO: ScheduledJobManager completed {"execution_time":"2026-05-17T09:13:01+00:00","duration_ms":14.304,"dispatched":0,"skipped":0} 
[2026-05-17 09:14:01] production.INFO: ScheduledJobManager started {"execution_time":"2026-05-17T09:14:01+00:00"} 
[2026-05-17 09:14:01] production.INFO: ScheduledJobManager completed {"execution_time":"2026-05-17T09:14:01+00:00","duration_ms":11.674,"dispatched":0,"skipped":0} 
[2026-05-17 09:15:01] production.INFO: ScheduledJobManager started {"execution_time":"2026-05-17T09:15:01+00:00"} 
[2026-05-17 09:15:01] production.INFO: ScheduledJobManager completed {"execution_time":"2026-05-17T09:15:01+00:00","duration_ms":12.744,"dispatched":0,"skipped":0} 
[2026-05-17 09:16:01] production.INFO: ScheduledJobManager started {"execution_time":"2026-05-17T09:16:01+00:00"} 
[2026-05-17 09:16:01] production.INFO: ScheduledJobManager completed {"execution_time":"2026-05-17T09:16:01+00:00","duration_ms":12.671,"dispatched":0,"skipped":0} 
[2026-05-17 09:17:01] production.INFO: ScheduledJobManager started {"execution_time":"2026-05-17T09:17:01+00:00"} 
[2026-05-17 09:17:01] production.INFO: ScheduledJobManager completed {"execution_time":"2026-05-17T09:17:01+00:00","duration_ms":12.839,"dispatched":0,"skipped":0} 
[2026-05-17 09:18:01] production.INFO: ScheduledJobManager started {"execution_time":"2026-05-17T09:18:01+00:00"} 
[2026-05-17 09:18:01] production.INFO: ScheduledJobManager completed {"execution_time":"2026-05-17T09:18:01+00:00","duration_ms":11.109,"dispatched":0,"skipped":0} 
[2026-05-17 09:19:01] production.INFO: ScheduledJobManager started {"execution_time":"2026-05-17T09:19:01+00:00"} 
[2026-05-17 09:19:01] production.INFO: ScheduledJobManager completed {"execution_time":"2026-05-17T09:19:01+00:00","duration_ms":11.81,"dispatched":0,"skipped":0} 
[2026-05-17 09:20:02] production.INFO: ScheduledJobManager started {"execution_time":"2026-05-17T09:20:02+00:00"} 
[2026-05-17 09:20:02] production.INFO: ScheduledJobManager completed {"execution_time":"2026-05-17T09:20:02+00:00","duration_ms":17.191,"dispatched":0,"skipped":0} 
[2026-05-17 09:21:01] production.INFO: ScheduledJobManager started {"execution_time":"2026-05-17T09:21:01+00:00"} 
[2026-05-17 09:21:01] production.INFO: ScheduledJobManager completed {"execution_time":"2026-05-17T09:21:01+00:00","duration_ms":11.196,"dispatched":0,"skipped":0} 
[2026-05-17 09:22:01] production.INFO: ScheduledJobManager started {"execution_time":"2026-05-17T09:22:01+00:00"} 
[2026-05-17 09:22:01] production.INFO: ScheduledJobManager completed {"execution_time":"2026-05-17T09:22:01+00:00","duration_ms":63.05,"dispatched":0,"skipped":0} 
[2026-05-17 09:23:01] production.INFO: ScheduledJobManager started {"execution_time":"2026-05-17T09:23:01+00:00"} 
[2026-05-17 09:23:01] production.INFO: ScheduledJobManager completed {"execution_time":"2026-05-17T09:23:01+00:00","duration_ms":12.738,"dispatched":0,"skipped":0} 
[2026-05-17 09:24:01] production.INFO: ScheduledJobManager started {"execution_time":"2026-05-17T09:24:01+00:00"} 
[2026-05-17 09:24:01] production.INFO: ScheduledJobManager completed {"execution_time":"2026-05-17T09:24:01+00:00","duration_ms":6.42,"dispatched":0,"skipped":0} 
[2026-05-17 09:25:01] production.INFO: ScheduledJobManager started {"execution_time":"2026-05-17T09:25:01+00:00"} 
[2026-05-17 09:25:01] production.INFO: ScheduledJobManager completed {"execution_time":"2026-05-17T09:25:01+00:00","duration_ms":12.89,"dispatched":0,"skipped":0} 
[2026-05-17 09:26:01] production.INFO: ScheduledJobManager started {"execution_time":"2026-05-17T09:26:01+00:00"} 
[2026-05-17 09:26:01] production.INFO: ScheduledJobManager completed {"execution_time":"2026-05-17T09:26:01+00:00","duration_ms":12.405,"dispatched":0,"skipped":0} 
[2026-05-17 09:27:01] production.INFO: ScheduledJobManager started {"execution_time":"2026-05-17T09:27:01+00:00"} 
[2026-05-17 09:27:01] production.INFO: ScheduledJobManager completed {"execution_time":"2026-05-17T09:27:01+00:00","duration_ms":17.325,"dispatched":0,"skipped":0} 
[2026-05-17 09:28:01] production.INFO: ScheduledJobManager started {"execution_time":"2026-05-17T09:28:01+00:00"} 
[2026-05-17 09:28:01] production.INFO: ScheduledJobManager completed {"execution_time":"2026-05-17T09:28:01+00:00","duration_ms":12.851,"dispatched":0,"skipped":0} 
[2026-05-17 09:29:01] production.INFO: ScheduledJobManager started {"execution_time":"2026-05-17T09:29:01+00:00"} 
[2026-05-17 09:29:01] production.INFO: ScheduledJobManager completed {"execution_time":"2026-05-17T09:29:01+00:00","duration_ms":12.494,"dispatched":0,"skipped":0} 
[2026-05-17 09:30:01] production.INFO: ScheduledJobManager started {"execution_time":"2026-05-17T09:30:01+00:00"} 
[2026-05-17 09:30:01] production.INFO: ScheduledJobManager completed {"execution_time":"2026-05-17T09:30:01+00:00","duration_ms":6.046,"dispatched":0,"skipped":0} 
[2026-05-17 09:31:01] production.INFO: ScheduledJobManager started {"execution_time":"2026-05-17T09:31:01+00:00"} 
[2026-05-17 09:31:01] production.INFO: ScheduledJobManager completed {"execution_time":"2026-05-17T09:31:01+00:00","duration_ms":12.565,"dispatched":0,"skipped":0} 
[2026-05-17 09:32:01] production.INFO: ScheduledJobManager started {"execution_time":"2026-05-17T09:32:01+00:00"} 
[2026-05-17 09:32:01] production.INFO: ScheduledJobManager completed {"execution_time":"2026-05-17T09:32:01+00:00","duration_ms":11.261,"dispatched":0,"skipped":0} 
[2026-05-17 09:33:01] production.INFO: ScheduledJobManager started {"execution_time":"2026-05-17T09:33:01+00:00"} 
[2026-05-17 09:33:01] production.INFO: ScheduledJobManager completed {"execution_time":"2026-05-17T09:33:01+00:00","duration_ms":12.722,"dispatched":0,"skipped":0} 
[2026-05-17 09:34:01] production.INFO: ScheduledJobManager started {"execution_time":"2026-05-17T09:34:01+00:00"} 
[2026-05-17 09:34:01] production.INFO: ScheduledJobManager completed {"execution_time":"2026-05-17T09:34:01+00:00","duration_ms":12.894,"dispatched":0,"skipped":0} 
[2026-05-17 09:35:02] production.INFO: ScheduledJobManager started {"execution_time":"2026-05-17T09:35:02+00:00"} 
[2026-05-17 09:35:02] production.INFO: ScheduledJobManager completed {"execution_time":"2026-05-17T09:35:02+00:00","duration_ms":11.706,"dispatched":0,"skipped":0} 
[2026-05-17 09:36:01] production.INFO: ScheduledJobManager started {"execution_time":"2026-05-17T09:36:01+00:00"} 
[2026-05-17 09:36:01] production.INFO: ScheduledJobManager completed {"execution_time":"2026-05-17T09:36:01+00:00","duration_ms":12.827,"dispatched":0,"skipped":0} 
[2026-05-17 09:37:01] production.INFO: ScheduledJobManager started {"execution_time":"2026-05-17T09:37:01+00:00"} 
[2026-05-17 09:37:01] production.INFO: ScheduledJobManager completed {"execution_time":"2026-05-17T09:37:01+00:00","duration_ms":12.781,"dispatched":0,"skipped":0} 
[2026-05-17 09:38:01] production.INFO: ScheduledJobManager started {"execution_time":"2026-05-17T09:38:01+00:00"} 
[2026-05-17 09:38:01] production.INFO: ScheduledJobManager completed {"execution_time":"2026-05-17T09:38:01+00:00","duration_ms":12.616,"dispatched":0,"skipped":0} 
[2026-05-17 09:39:01] production.INFO: ScheduledJobManager started {"execution_time":"2026-05-17T09:39:01+00:00"} 
[2026-05-17 09:39:01] production.INFO: ScheduledJobManager completed {"execution_time":"2026-05-17T09:39:01+00:00","duration_ms":11.439,"dispatched":0,"skipped":0} 
[2026-05-17 09:40:01] production.INFO: ScheduledJobManager started {"execution_time":"2026-05-17T09:40:01+00:00"} 
[2026-05-17 09:40:01] production.INFO: ScheduledJobManager completed {"execution_time":"2026-05-17T09:40:01+00:00","duration_ms":5.089,"dispatched":0,"skipped":0} 
[2026-05-17 09:41:01] production.INFO: ScheduledJobManager started {"execution_time":"2026-05-17T09:41:01+00:00"} 
[2026-05-17 09:41:01] production.INFO: ScheduledJobManager completed {"execution_time":"2026-05-17T09:41:01+00:00","duration_ms":12.499,"dispatched":0,"skipped":0} 
[2026-05-17 09:42:01] production.INFO: ScheduledJobManager started {"execution_time":"2026-05-17T09:42:01+00:00"} 
[2026-05-17 09:42:01] production.INFO: ScheduledJobManager completed {"execution_time":"2026-05-17T09:42:01+00:00","duration_ms":16.283,"dispatched":0,"skipped":0} 
[2026-05-17 09:43:01] production.INFO: ScheduledJobManager started {"execution_time":"2026-05-17T09:43:01+00:00"} 
[2026-05-17 09:43:01] production.INFO: ScheduledJobManager completed {"execution_time":"2026-05-17T09:43:01+00:00","duration_ms":17.738,"dispatched":0,"skipped":0} 
[2026-05-17 09:44:01] production.INFO: ScheduledJobManager started {"execution_time":"2026-05-17T09:44:01+00:00"} 
[2026-05-17 09:44:01] production.INFO: ScheduledJobManager completed {"execution_time":"2026-05-17T09:44:01+00:00","duration_ms":12.786,"dispatched":0,"skipped":0} 
[2026-05-17 09:45:01] production.INFO: ScheduledJobManager started {"execution_time":"2026-05-17T09:45:01+00:00"} 
[2026-05-17 09:45:01] production.INFO: ScheduledJobManager completed {"execution_time":"2026-05-17T09:45:01+00:00","duration_ms":12.633,"dispatched":0,"skipped":0} 
[2026-05-17 09:46:01] production.INFO: ScheduledJobManager started {"execution_time":"2026-05-17T09:46:01+00:00"} 
[2026-05-17 09:46:01] production.INFO: ScheduledJobManager completed {"execution_time":"2026-05-17T09:46:01+00:00","duration_ms":12.602,"dispatched":0,"skipped":0} 
[2026-05-17 09:47:01] production.INFO: ScheduledJobManager started {"execution_time":"2026-05-17T09:47:01+00:00"} 
[2026-05-17 09:47:01] production.INFO: ScheduledJobManager completed {"execution_time":"2026-05-17T09:47:01+00:00","duration_ms":12.614,"dispatched":0,"skipped":0} 
[2026-05-17 09:48:01] production.INFO: ScheduledJobManager started {"execution_time":"2026-05-17T09:48:01+00:00"} 
[2026-05-17 09:48:01] production.INFO: ScheduledJobManager completed {"execution_time":"2026-05-17T09:48:01+00:00","duration_ms":12.902,"dispatched":0,"skipped":0} 
[2026-05-17 09:49:01] production.INFO: ScheduledJobManager started {"execution_time":"2026-05-17T09:49:01+00:00"} 
[2026-05-17 09:49:01] production.INFO: ScheduledJobManager completed {"execution_time":"2026-05-17T09:49:01+00:00","duration_ms":12.688,"dispatched":0,"skipped":0} 
[2026-05-17 09:50:01] production.INFO: ScheduledJobManager started {"execution_time":"2026-05-17T09:50:01+00:00"} 
[2026-05-17 09:50:01] production.INFO: ScheduledJobManager completed {"execution_time":"2026-05-17T09:50:01+00:00","duration_ms":11.614,"dispatched":0,"skipped":0} 
[2026-05-17 09:51:02] production.INFO: ScheduledJobManager started {"execution_time":"2026-05-17T09:51:02+00:00"} 
[2026-05-17 09:51:02] production.INFO: ScheduledJobManager completed {"execution_time":"2026-05-17T09:51:02+00:00","duration_ms":12.972,"dispatched":0,"skipped":0} 
[2026-05-17 09:52:01] production.INFO: ScheduledJobManager started {"execution_time":"2026-05-17T09:52:01+00:00"} 
[2026-05-17 09:52:01] production.INFO: ScheduledJobManager completed {"execution_time":"2026-05-17T09:52:01+00:00","duration_ms":12.752,"dispatched":0,"skipped":0} 
[2026-05-17 09:53:01] production.INFO: ScheduledJobManager started {"execution_time":"2026-05-17T09:53:01+00:00"} 
[2026-05-17 09:53:01] production.INFO: ScheduledJobManager completed {"execution_time":"2026-05-17T09:53:01+00:00","duration_ms":12.748,"dispatched":0,"skipped":0} 
[2026-05-17 09:54:01] production.INFO: ScheduledJobManager started {"execution_time":"2026-05-17T09:54:01+00:00"} 
[2026-05-17 09:54:01] production.INFO: ScheduledJobManager completed {"execution_time":"2026-05-17T09:54:01+00:00","duration_ms":6.383,"dispatched":0,"skipped":0} 
[2026-05-17 09:55:01] production.INFO: ScheduledJobManager started {"execution_time":"2026-05-17T09:55:01+00:00"} 
[2026-05-17 09:55:01] production.INFO: ScheduledJobManager completed {"execution_time":"2026-05-17T09:55:01+00:00","duration_ms":13.085,"dispatched":0,"skipped":0} 
[2026-05-17 09:56:01] production.INFO: ScheduledJobManager started {"execution_time":"2026-05-17T09:56:01+00:00"} 
[2026-05-17 09:56:01] production.INFO: ScheduledJobManager completed {"execution_time":"2026-05-17T09:56:01+00:00","duration_ms":12.443,"dispatched":0,"skipped":0} 
[2026-05-17 09:57:01] production.INFO: ScheduledJobManager started {"execution_time":"2026-05-17T09:57:01+00:00"} 
[2026-05-17 09:57:01] production.INFO: ScheduledJobManager completed {"execution_time":"2026-05-17T09:57:01+00:00","duration_ms":12.662,"dispatched":0,"skipped":0} 
[2026-05-17 09:58:01] production.INFO: ScheduledJobManager started {"execution_time":"2026-05-17T09:58:01+00:00"} 
[2026-05-17 09:58:01] production.INFO: ScheduledJobManager completed {"execution_time":"2026-05-17T09:58:01+00:00","duration_ms":11.78,"dispatched":0,"skipped":0} 
[2026-05-17 09:59:01] production.INFO: ScheduledJobManager started {"execution_time":"2026-05-17T09:59:01+00:00"} 
[2026-05-17 09:59:01] production.INFO: ScheduledJobManager completed {"execution_time":"2026-05-17T09:59:01+00:00","duration_ms":11.441,"dispatched":0,"skipped":0} 
[2026-05-17 10:00:02] production.INFO: ScheduledJobManager started {"execution_time":"2026-05-17T10:00:02+00:00"} 
[2026-05-17 10:00:02] production.INFO: ScheduledJobManager completed {"execution_time":"2026-05-17T10:00:02+00:00","duration_ms":5.236,"dispatched":0,"skipped":0} 
[2026-05-17 10:01:01] production.INFO: ScheduledJobManager started {"execution_time":"2026-05-17T10:01:01+00:00"} 
[2026-05-17 10:01:01] production.INFO: ScheduledJobManager completed {"execution_time":"2026-05-17T10:01:01+00:00","duration_ms":12.745,"dispatched":0,"skipped":0} 
[2026-05-17 10:02:01] production.INFO: ScheduledJobManager started {"execution_time":"2026-05-17T10:02:01+00:00"} 
[2026-05-17 10:02:01] production.INFO: ScheduledJobManager completed {"execution_time":"2026-05-17T10:02:01+00:00","duration_ms":12.633,"dispatched":0,"skipped":0} 
[2026-05-17 10:03:01] production.INFO: ScheduledJobManager started {"execution_time":"2026-05-17T10:03:01+00:00"} 
[2026-05-17 10:03:01] production.INFO: ScheduledJobManager completed {"execution_time":"2026-05-17T10:03:01+00:00","duration_ms":12.188,"dispatched":0,"skipped":0} 
[2026-05-17 10:04:01] production.INFO: ScheduledJobManager started {"execution_time":"2026-05-17T10:04:01+00:00"} 
[2026-05-17 10:04:01] production.INFO: ScheduledJobManager completed {"execution_time":"2026-05-17T10:04:01+00:00","duration_ms":12.998,"dispatched":0,"skipped":0} 
[2026-05-17 10:05:02] production.INFO: ScheduledJobManager started {"execution_time":"2026-05-17T10:05:01+00:00"} 
[2026-05-17 10:05:02] production.INFO: ScheduledJobManager completed {"execution_time":"2026-05-17T10:05:01+00:00","duration_ms":19.667,"dispatched":0,"skipped":0} 
[2026-05-17 10:06:01] production.INFO: ScheduledJobManager started {"execution_time":"2026-05-17T10:06:01+00:00"} 
[2026-05-17 10:06:01] production.INFO: ScheduledJobManager completed {"execution_time":"2026-05-17T10:06:01+00:00","duration_ms":12.742,"dispatched":0,"skipped":0} 
[2026-05-17 10:07:01] production.INFO: ScheduledJobManager started {"execution_time":"2026-05-17T10:07:01+00:00"} 
[2026-05-17 10:07:01] production.INFO: ScheduledJobManager completed {"execution_time":"2026-05-17T10:07:01+00:00","duration_ms":11.824,"dispatched":0,"skipped":0} 
[2026-05-17 10:08:01] production.INFO: ScheduledJobManager started {"execution_time":"2026-05-17T10:08:01+00:00"} 
[2026-05-17 10:08:01] production.INFO: ScheduledJobManager completed {"execution_time":"2026-05-17T10:08:01+00:00","duration_ms":6.477,"dispatched":0,"skipped":0} 
[2026-05-17 10:09:01] production.INFO: ScheduledJobManager started {"execution_time":"2026-05-17T10:09:01+00:00"} 
[2026-05-17 10:09:01] production.INFO: ScheduledJobManager completed {"execution_time":"2026-05-17T10:09:01+00:00","duration_ms":12.861,"dispatched":0,"skipped":0} 
[2026-05-17 10:10:01] production.INFO: ScheduledJobManager started {"execution_time":"2026-05-17T10:10:01+00:00"} 
[2026-05-17 10:10:01] production.INFO: ScheduledJobManager completed {"execution_time":"2026-05-17T10:10:01+00:00","duration_ms":5.781,"dispatched":0,"skipped":0} 
[2026-05-17 10:11:01] production.INFO: ScheduledJobManager started {"execution_time":"2026-05-17T10:11:01+00:00"} 
[2026-05-17 10:11:01] production.INFO: ScheduledJobManager completed {"execution_time":"2026-05-17T10:11:01+00:00","duration_ms":12.612,"dispatched":0,"skipped":0} 
[2026-05-17 10:12:01] production.INFO: ScheduledJobManager started {"execution_time":"2026-05-17T10:12:01+00:00"} 
[2026-05-17 10:12:01] production.INFO: ScheduledJobManager completed {"execution_time":"2026-05-17T10:12:01+00:00","duration_ms":13.225,"dispatched":0,"skipped":0} 
[2026-05-17 10:13:01] production.INFO: ScheduledJobManager started {"execution_time":"2026-05-17T10:13:01+00:00"} 
[2026-05-17 10:13:01] production.INFO: ScheduledJobManager completed {"execution_time":"2026-05-17T10:13:01+00:00","duration_ms":12.462,"dispatched":0,"skipped":0} 
[2026-05-17 10:14:01] production.INFO: ScheduledJobManager started {"execution_time":"2026-05-17T10:14:01+00:00"} 
[2026-05-17 10:14:01] production.INFO: ScheduledJobManager completed {"execution_time":"2026-05-17T10:14:01+00:00","duration_ms":12.926,"dispatched":0,"skipped":0} 
[2026-05-17 10:15:01] production.INFO: ScheduledJobManager started {"execution_time":"2026-05-17T10:15:01+00:00"} 
[2026-05-17 10:15:01] production.INFO: ScheduledJobManager completed {"execution_time":"2026-05-17T10:15:01+00:00","duration_ms":13.08,"dispatched":0,"skipped":0} 
[2026-05-17 10:16:01] production.INFO: ScheduledJobManager started {"execution_time":"2026-05-17T10:16:01+00:00"} 
[2026-05-17 10:16:01] production.INFO: ScheduledJobManager completed {"execution_time":"2026-05-17T10:16:01+00:00","duration_ms":12.778,"dispatched":0,"skipped":0} 
[2026-05-17 10:17:01] production.INFO: ScheduledJobManager started {"execution_time":"2026-05-17T10:17:01+00:00"} 
[2026-05-17 10:17:01] production.INFO: ScheduledJobManager completed {"execution_time":"2026-05-17T10:17:01+00:00","duration_ms":12.522,"dispatched":0,"skipped":0} 
[2026-05-17 10:18:01] production.INFO: ScheduledJobManager started {"execution_time":"2026-05-17T10:18:01+00:00"} 
[2026-05-17 10:18:01] production.INFO: ScheduledJobManager completed {"execution_time":"2026-05-17T10:18:01+00:00","duration_ms":12.749,"dispatched":0,"skipped":0} 
[2026-05-17 10:19:01] production.INFO: ScheduledJobManager started {"execution_time":"2026-05-17T10:19:01+00:00"} 
[2026-05-17 10:19:01] production.INFO: ScheduledJobManager completed {"execution_time":"2026-05-17T10:19:01+00:00","duration_ms":12.605,"dispatched":0,"skipped":0} 
[2026-05-17 10:20:01] production.INFO: ScheduledJobManager started {"execution_time":"2026-05-17T10:20:01+00:00"} 
[2026-05-17 10:20:01] production.INFO: ScheduledJobManager completed {"execution_time":"2026-05-17T10:20:01+00:00","duration_ms":13.089,"dispatched":0,"skipped":0} 
[2026-05-17 10:21:01] production.INFO: ScheduledJobManager started {"execution_time":"2026-05-17T10:21:01+00:00"} 
[2026-05-17 10:21:01] production.INFO: ScheduledJobManager completed {"execution_time":"2026-05-17T10:21:01+00:00","duration_ms":12.31,"dispatched":0,"skipped":0} 
[2026-05-17 10:22:01] production.INFO: ScheduledJobManager started {"execution_time":"2026-05-17T10:22:01+00:00"} 
[2026-05-17 10:22:01] production.INFO: ScheduledJobManager completed {"execution_time":"2026-05-17T10:22:01+00:00","duration_ms":11.462,"dispatched":0,"skipped":0} 
[2026-05-17 10:23:01] production.INFO: ScheduledJobManager started {"execution_time":"2026-05-17T10:23:01+00:00"} 
[2026-05-17 10:23:01] production.INFO: ScheduledJobManager completed {"execution_time":"2026-05-17T10:23:01+00:00","duration_ms":13.079,"dispatched":0,"skipped":0} 
[2026-05-17 10:24:01] production.INFO: ScheduledJobManager started {"execution_time":"2026-05-17T10:24:01+00:00"} 
[2026-05-17 10:24:01] production.INFO: ScheduledJobManager completed {"execution_time":"2026-05-17T10:24:01+00:00","duration_ms":25.613,"dispatched":0,"skipped":0} 
[2026-05-17 10:25:01] production.INFO: ScheduledJobManager started {"execution_time":"2026-05-17T10:25:01+00:00"} 
[2026-05-17 10:25:01] production.INFO: ScheduledJobManager completed {"execution_time":"2026-05-17T10:25:01+00:00","duration_ms":4.282,"dispatched":0,"skipped":0} 
[2026-05-17 10:26:01] production.INFO: ScheduledJobManager started {"execution_time":"2026-05-17T10:26:01+00:00"} 
[2026-05-17 10:26:01] production.INFO: ScheduledJobManager completed {"execution_time":"2026-05-17T10:26:01+00:00","duration_ms":12.502,"dispatched":0,"skipped":0} 
[2026-05-17 10:27:01] production.INFO: ScheduledJobManager started {"execution_time":"2026-05-17T10:27:01+00:00"} 
[2026-05-17 10:27:01] production.INFO: ScheduledJobManager completed {"execution_time":"2026-05-17T10:27:01+00:00","duration_ms":12.82,"dispatched":0,"skipped":0} 
[2026-05-17 10:28:01] production.INFO: ScheduledJobManager started {"execution_time":"2026-05-17T10:28:01+00:00"} 
[2026-05-17 10:28:01] production.INFO: ScheduledJobManager completed {"execution_time":"2026-05-17T10:28:01+00:00","duration_ms":12.818,"dispatched":0,"skipped":0} 
[2026-05-17 10:29:01] production.INFO: ScheduledJobManager started {"execution_time":"2026-05-17T10:29:01+00:00"} 
[2026-05-17 10:29:01] production.INFO: ScheduledJobManager completed {"execution_time":"2026-05-17T10:29:01+00:00","duration_ms":12.468,"dispatched":0,"skipped":0} 
[2026-05-17 10:30:01] production.INFO: ScheduledJobManager started {"execution_time":"2026-05-17T10:30:01+00:00"} 
[2026-05-17 10:30:01] production.INFO: ScheduledJobManager completed {"execution_time":"2026-05-17T10:30:01+00:00","duration_ms":5.695,"dispatched":0,"skipped":0} 
[2026-05-17 10:31:01] production.INFO: ScheduledJobManager started {"execution_time":"2026-05-17T10:31:01+00:00"} 
[2026-05-17 10:31:01] production.INFO: ScheduledJobManager completed {"execution_time":"2026-05-17T10:31:01+00:00","duration_ms":12.735,"dispatched":0,"skipped":0} 
[2026-05-17 10:32:01] production.INFO: ScheduledJobManager started {"execution_time":"2026-05-17T10:32:01+00:00"} 
[2026-05-17 10:32:01] production.INFO: ScheduledJobManager completed {"execution_time":"2026-05-17T10:32:01+00:00","duration_ms":12.417,"dispatched":0,"skipped":0} 
[2026-05-17 10:33:01] production.INFO: ScheduledJobManager started {"execution_time":"2026-05-17T10:33:01+00:00"} 
[2026-05-17 10:33:01] production.INFO: ScheduledJobManager completed {"execution_time":"2026-05-17T10:33:01+00:00","duration_ms":11.589,"dispatched":0,"skipped":0} 
[2026-05-17 10:34:01] production.INFO: ScheduledJobManager started {"execution_time":"2026-05-17T10:34:01+00:00"} 
[2026-05-17 10:34:01] production.INFO: ScheduledJobManager completed {"execution_time":"2026-05-17T10:34:01+00:00","duration_ms":13.107,"dispatched":0,"skipped":0} 
[2026-05-17 10:35:01] production.INFO: ScheduledJobManager started {"execution_time":"2026-05-17T10:35:01+00:00"} 
[2026-05-17 10:35:02] production.INFO: ScheduledJobManager completed {"execution_time":"2026-05-17T10:35:01+00:00","duration_ms":12.958,"dispatched":0,"skipped":0} 
[2026-05-17 10:36:02] production.INFO: ScheduledJobManager started {"execution_time":"2026-05-17T10:36:02+00:00"} 
[2026-05-17 10:36:02] production.INFO: ScheduledJobManager completed {"execution_time":"2026-05-17T10:36:02+00:00","duration_ms":11.367,"dispatched":0,"skipped":0} 
[2026-05-17 10:37:01] production.INFO: ScheduledJobManager started {"execution_time":"2026-05-17T10:37:01+00:00"} 
[2026-05-17 10:37:01] production.INFO: ScheduledJobManager completed {"execution_time":"2026-05-17T10:37:01+00:00","duration_ms":12.738,"dispatched":0,"skipped":0} 
[2026-05-17 10:38:01] production.INFO: ScheduledJobManager started {"execution_time":"2026-05-17T10:38:01+00:00"} 
[2026-05-17 10:38:01] production.INFO: ScheduledJobManager completed {"execution_time":"2026-05-17T10:38:01+00:00","duration_ms":4.99,"dispatched":0,"skipped":0} 
[2026-05-17 10:39:01] production.INFO: ScheduledJobManager started {"execution_time":"2026-05-17T10:39:01+00:00"} 
[2026-05-17 10:39:01] production.INFO: ScheduledJobManager completed {"execution_time":"2026-05-17T10:39:01+00:00","duration_ms":12.884,"dispatched":0,"skipped":0} 
[2026-05-17 10:40:01] production.INFO: ScheduledJobManager started {"execution_time":"2026-05-17T10:40:01+00:00"} 
[2026-05-17 10:40:01] production.INFO: ScheduledJobManager completed {"execution_time":"2026-05-17T10:40:01+00:00","duration_ms":6.139,"dispatched":0,"skipped":0} 
[2026-05-17 10:41:01] production.INFO: ScheduledJobManager started {"execution_time":"2026-05-17T10:41:01+00:00"} 
[2026-05-17 10:41:01] production.INFO: ScheduledJobManager completed {"execution_time":"2026-05-17T10:41:01+00:00","duration_ms":12.939,"dispatched":0,"skipped":0} 
[2026-05-17 10:42:01] production.INFO: ScheduledJobManager started {"execution_time":"2026-05-17T10:42:01+00:00"} 
[2026-05-17 10:42:01] production.INFO: ScheduledJobManager completed {"execution_time":"2026-05-17T10:42:01+00:00","duration_ms":12.929,"dispatched":0,"skipped":0} 
[2026-05-17 10:43:01] production.INFO: ScheduledJobManager started {"execution_time":"2026-05-17T10:43:01+00:00"} 
[2026-05-17 10:43:01] production.INFO: ScheduledJobManager completed {"execution_time":"2026-05-17T10:43:01+00:00","duration_ms":11.75,"dispatched":0,"skipped":0} 
[2026-05-17 10:44:01] production.INFO: ScheduledJobManager started {"execution_time":"2026-05-17T10:44:01+00:00"} 
[2026-05-17 10:44:01] production.INFO: ScheduledJobManager completed {"execution_time":"2026-05-17T10:44:01+00:00","duration_ms":12.835,"dispatched":0,"skipped":0} 
[2026-05-17 10:45:01] production.INFO: ScheduledJobManager started {"execution_time":"2026-05-17T10:45:01+00:00"} 
[2026-05-17 10:45:01] production.INFO: ScheduledJobManager completed {"execution_time":"2026-05-17T10:45:01+00:00","duration_ms":12.746,"dispatched":0,"skipped":0} 
[2026-05-17 10:46:01] production.INFO: ScheduledJobManager started {"execution_time":"2026-05-17T10:46:01+00:00"} 
[2026-05-17 10:46:01] production.INFO: ScheduledJobManager completed {"execution_time":"2026-05-17T10:46:01+00:00","duration_ms":12.507,"dispatched":0,"skipped":0} 
[2026-05-17 10:47:01] production.INFO: ScheduledJobManager started {"execution_time":"2026-05-17T10:47:01+00:00"} 
[2026-05-17 10:47:01] production.INFO: ScheduledJobManager completed {"execution_time":"2026-05-17T10:47:01+00:00","duration_ms":12.523,"dispatched":0,"skipped":0} 
[2026-05-17 10:48:01] production.INFO: ScheduledJobManager started {"execution_time":"2026-05-17T10:48:01+00:00"} 
[2026-05-17 10:48:01] production.INFO: ScheduledJobManager completed {"execution_time":"2026-05-17T10:48:01+00:00","duration_ms":12.448,"dispatched":0,"skipped":0} 
[2026-05-17 10:49:01] production.INFO: ScheduledJobManager started {"execution_time":"2026-05-17T10:49:01+00:00"} 
[2026-05-17 10:49:01] production.INFO: ScheduledJobManager completed {"execution_time":"2026-05-17T10:49:01+00:00","duration_ms":12.832,"dispatched":0,"skipped":0} 
[2026-05-17 10:50:01] production.INFO: ScheduledJobManager started {"execution_time":"2026-05-17T10:50:01+00:00"} 
[2026-05-17 10:50:01] production.INFO: ScheduledJobManager completed {"execution_time":"2026-05-17T10:50:01+00:00","duration_ms":11.942,"dispatched":0,"skipped":0} 
[2026-05-17 10:51:02] production.INFO: ScheduledJobManager started {"execution_time":"2026-05-17T10:51:02+00:00"} 
[2026-05-17 10:51:02] production.INFO: ScheduledJobManager completed {"execution_time":"2026-05-17T10:51:02+00:00","duration_ms":13.096,"dispatched":0,"skipped":0} 
[2026-05-17 10:52:01] production.INFO: ScheduledJobManager started {"execution_time":"2026-05-17T10:52:01+00:00"} 
[2026-05-17 10:52:01] production.INFO: ScheduledJobManager completed {"execution_time":"2026-05-17T10:52:01+00:00","duration_ms":12.961,"dispatched":0,"skipped":0} 
[2026-05-17 10:53:01] production.INFO: ScheduledJobManager started {"execution_time":"2026-05-17T10:53:01+00:00"} 
[2026-05-17 10:53:01] production.INFO: ScheduledJobManager completed {"execution_time":"2026-05-17T10:53:01+00:00","duration_ms":12.723,"dispatched":0,"skipped":0} 
[2026-05-17 10:54:01] production.INFO: ScheduledJobManager started {"execution_time":"2026-05-17T10:54:01+00:00"} 
[2026-05-17 10:54:01] production.INFO: ScheduledJobManager completed {"execution_time":"2026-05-17T10:54:01+00:00","duration_ms":5.174,"dispatched":0,"skipped":0} 
[2026-05-17 10:55:01] production.INFO: ScheduledJobManager started {"execution_time":"2026-05-17T10:55:01+00:00"} 
[2026-05-17 10:55:01] production.INFO: ScheduledJobManager completed {"execution_time":"2026-05-17T10:55:01+00:00","duration_ms":13.415,"dispatched":0,"skipped":0} 
[2026-05-17 10:56:01] production.INFO: ScheduledJobManager started {"execution_time":"2026-05-17T10:56:01+00:00"} 
[2026-05-17 10:56:01] production.INFO: ScheduledJobManager completed {"execution_time":"2026-05-17T10:56:01+00:00","duration_ms":12.841,"dispatched":0,"skipped":0} 
[2026-05-17 10:57:01] production.INFO: ScheduledJobManager started {"execution_time":"2026-05-17T10:57:01+00:00"} 
[2026-05-17 10:57:01] production.INFO: ScheduledJobManager completed {"execution_time":"2026-05-17T10:57:01+00:00","duration_ms":12.683,"dispatched":0,"skipped":0} 
[2026-05-17 10:58:01] production.INFO: ScheduledJobManager started {"execution_time":"2026-05-17T10:58:01+00:00"} 
[2026-05-17 10:58:01] production.INFO: ScheduledJobManager completed {"execution_time":"2026-05-17T10:58:01+00:00","duration_ms":12.596,"dispatched":0,"skipped":0} 
[2026-05-17 10:59:01] production.INFO: ScheduledJobManager started {"execution_time":"2026-05-17T10:59:01+00:00"} 
[2026-05-17 10:59:01] production.INFO: ScheduledJobManager completed {"execution_time":"2026-05-17T10:59:01+00:00","duration_ms":11.671,"dispatched":0,"skipped":0} 
[2026-05-17 11:00:02] production.INFO: ScheduledJobManager started {"execution_time":"2026-05-17T11:00:02+00:00"} 
[2026-05-17 11:00:02] production.INFO: ScheduledJobManager completed {"execution_time":"2026-05-17T11:00:02+00:00","duration_ms":5.086,"dispatched":0,"skipped":0} 
[2026-05-17 11:01:01] production.INFO: ScheduledJobManager started {"execution_time":"2026-05-17T11:01:01+00:00"} 
[2026-05-17 11:01:01] production.INFO: ScheduledJobManager completed {"execution_time":"2026-05-17T11:01:01+00:00","duration_ms":12.349,"dispatched":0,"skipped":0} 
[2026-05-17 11:02:01] production.INFO: ScheduledJobManager started {"execution_time":"2026-05-17T11:02:01+00:00"} 
[2026-05-17 11:02:01] production.INFO: ScheduledJobManager completed {"execution_time":"2026-05-17T11:02:01+00:00","duration_ms":12.407,"dispatched":0,"skipped":0} 
[2026-05-17 11:03:01] production.INFO: ScheduledJobManager started {"execution_time":"2026-05-17T11:03:01+00:00"} 
[2026-05-17 11:03:01] production.INFO: ScheduledJobManager completed {"execution_time":"2026-05-17T11:03:01+00:00","duration_ms":12.702,"dispatched":0,"skipped":0} 
[2026-05-17 11:04:01] production.INFO: ScheduledJobManager started {"execution_time":"2026-05-17T11:04:01+00:00"} 
[2026-05-17 11:04:01] production.INFO: ScheduledJobManager completed {"execution_time":"2026-05-17T11:04:01+00:00","duration_ms":11.545,"dispatched":0,"skipped":0} 
[2026-05-17 11:05:01] production.INFO: ScheduledJobManager started {"execution_time":"2026-05-17T11:05:01+00:00"} 
[2026-05-17 11:05:01] production.INFO: ScheduledJobManager completed {"execution_time":"2026-05-17T11:05:01+00:00","duration_ms":12.148,"dispatched":0,"skipped":0} 
[2026-05-17 11:06:02] production.INFO: ScheduledJobManager started {"execution_time":"2026-05-17T11:06:02+00:00"} 
[2026-05-17 11:06:02] production.INFO: ScheduledJobManager completed {"execution_time":"2026-05-17T11:06:02+00:00","duration_ms":12.871,"dispatched":0,"skipped":0} 
[2026-05-17 11:07:01] production.INFO: ScheduledJobManager started {"execution_time":"2026-05-17T11:07:01+00:00"} 
[2026-05-17 11:07:01] production.INFO: ScheduledJobManager completed {"execution_time":"2026-05-17T11:07:01+00:00","duration_ms":11.839,"dispatched":0,"skipped":0} 
[2026-05-17 11:08:01] production.INFO: ScheduledJobManager started {"execution_time":"2026-05-17T11:08:01+00:00"} 
[2026-05-17 11:08:01] production.INFO: ScheduledJobManager completed {"execution_time":"2026-05-17T11:08:01+00:00","duration_ms":6.124,"dispatched":0,"skipped":0} 
[2026-05-17 11:09:01] production.INFO: ScheduledJobManager started {"execution_time":"2026-05-17T11:09:01+00:00"} 
[2026-05-17 11:09:01] production.INFO: ScheduledJobManager completed {"execution_time":"2026-05-17T11:09:01+00:00","duration_ms":12.539,"dispatched":0,"skipped":0} 
[2026-05-17 11:10:01] production.INFO: ScheduledJobManager started {"execution_time":"2026-05-17T11:10:01+00:00"} 
[2026-05-17 11:10:01] production.INFO: ScheduledJobManager completed {"execution_time":"2026-05-17T11:10:01+00:00","duration_ms":4.262,"dispatched":0,"skipped":0} 
[2026-05-17 11:11:01] production.INFO: ScheduledJobManager started {"execution_time":"2026-05-17T11:11:01+00:00"} 
[2026-05-17 11:11:01] production.INFO: ScheduledJobManager completed {"execution_time":"2026-05-17T11:11:01+00:00","duration_ms":12.513,"dispatched":0,"skipped":0} 
[2026-05-17 11:12:01] production.INFO: ScheduledJobManager started {"execution_time":"2026-05-17T11:12:01+00:00"} 
[2026-05-17 11:12:01] production.INFO: ScheduledJobManager completed {"execution_time":"2026-05-17T11:12:01+00:00","duration_ms":7.457,"dispatched":0,"skipped":0} 
[2026-05-17 11:13:01] production.INFO: ScheduledJobManager started {"execution_time":"2026-05-17T11:13:01+00:00"} 
[2026-05-17 11:13:01] production.INFO: ScheduledJobManager completed {"execution_time":"2026-05-17T11:13:01+00:00","duration_ms":15.42,"dispatched":0,"skipped":0} 
[2026-05-17 11:14:01] production.INFO: ScheduledJobManager started {"execution_time":"2026-05-17T11:14:01+00:00"} 
[2026-05-17 11:14:01] production.INFO: ScheduledJobManager completed {"execution_time":"2026-05-17T11:14:01+00:00","duration_ms":12.847,"dispatched":0,"skipped":0} 
[2026-05-17 11:15:01] production.INFO: ScheduledJobManager started {"execution_time":"2026-05-17T11:15:01+00:00"} 
[2026-05-17 11:15:01] production.INFO: ScheduledJobManager completed {"execution_time":"2026-05-17T11:15:01+00:00","duration_ms":13.336,"dispatched":0,"skipped":0} 
[2026-05-17 11:16:01] production.INFO: ScheduledJobManager started {"execution_time":"2026-05-17T11:16:01+00:00"} 
[2026-05-17 11:16:01] production.INFO: ScheduledJobManager completed {"execution_time":"2026-05-17T11:16:01+00:00","duration_ms":12.658,"dispatched":0,"skipped":0} 
[2026-05-17 11:17:01] production.INFO: ScheduledJobManager started {"execution_time":"2026-05-17T11:17:01+00:00"} 
[2026-05-17 11:17:01] production.INFO: ScheduledJobManager completed {"execution_time":"2026-05-17T11:17:01+00:00","duration_ms":12.676,"dispatched":0,"skipped":0} 
[2026-05-17 11:18:01] production.INFO: ScheduledJobManager started {"execution_time":"2026-05-17T11:18:01+00:00"} 
[2026-05-17 11:18:01] production.INFO: ScheduledJobManager completed {"execution_time":"2026-05-17T11:18:01+00:00","duration_ms":11.394,"dispatched":0,"skipped":0} 
[2026-05-17 11:19:01] production.INFO: ScheduledJobManager started {"execution_time":"2026-05-17T11:19:01+00:00"} 
[2026-05-17 11:19:01] production.INFO: ScheduledJobManager completed {"execution_time":"2026-05-17T11:19:01+00:00","duration_ms":12.784,"dispatched":0,"skipped":0} 
[2026-05-17 11:20:01] production.INFO: ScheduledJobManager started {"execution_time":"2026-05-17T11:20:01+00:00"} 
[2026-05-17 11:20:01] production.INFO: ScheduledJobManager completed {"execution_time":"2026-05-17T11:20:01+00:00","duration_ms":11.827,"dispatched":0,"skipped":0} 
[2026-05-17 11:21:02] production.INFO: ScheduledJobManager started {"execution_time":"2026-05-17T11:21:02+00:00"} 
[2026-05-17 11:21:02] production.INFO: ScheduledJobManager completed {"execution_time":"2026-05-17T11:21:02+00:00","duration_ms":13.015,"dispatched":0,"skipped":0} 
[2026-05-17 11:22:01] production.INFO: ScheduledJobManager started {"execution_time":"2026-05-17T11:22:01+00:00"} 
[2026-05-17 11:22:01] production.INFO: ScheduledJobManager completed {"execution_time":"2026-05-17T11:22:01+00:00","duration_ms":19.004,"dispatched":0,"skipped":0} 
[2026-05-17 11:23:01] production.INFO: ScheduledJobManager started {"execution_time":"2026-05-17T11:23:01+00:00"} 
[2026-05-17 11:23:01] production.INFO: ScheduledJobManager completed {"execution_time":"2026-05-17T11:23:01+00:00","duration_ms":12.712,"dispatched":0,"skipped":0} 
[2026-05-17 11:24:01] production.INFO: ScheduledJobManager started {"execution_time":"2026-05-17T11:24:01+00:00"} 
[2026-05-17 11:24:01] production.INFO: ScheduledJobManager completed {"execution_time":"2026-05-17T11:24:01+00:00","duration_ms":6.701,"dispatched":0,"skipped":0} 
[2026-05-17 11:25:01] production.INFO: ScheduledJobManager started {"execution_time":"2026-05-17T11:25:01+00:00"} 
[2026-05-17 11:25:01] production.INFO: ScheduledJobManager completed {"execution_time":"2026-05-17T11:25:01+00:00","duration_ms":11.456,"dispatched":0,"skipped":0} 
[2026-05-17 11:26:01] production.INFO: ScheduledJobManager started {"execution_time":"2026-05-17T11:26:01+00:00"} 
[2026-05-17 11:26:01] production.INFO: ScheduledJobManager completed {"execution_time":"2026-05-17T11:26:01+00:00","duration_ms":11.622,"dispatched":0,"skipped":0} 
[2026-05-17 11:27:01] production.INFO: ScheduledJobManager started {"execution_time":"2026-05-17T11:27:01+00:00"} 
[2026-05-17 11:27:01] production.INFO: ScheduledJobManager completed {"execution_time":"2026-05-17T11:27:01+00:00","duration_ms":11.479,"dispatched":0,"skipped":0} 
[2026-05-17 11:28:01] production.INFO: ScheduledJobManager started {"execution_time":"2026-05-17T11:28:01+00:00"} 
[2026-05-17 11:28:01] production.INFO: ScheduledJobManager completed {"execution_time":"2026-05-17T11:28:01+00:00","duration_ms":11.899,"dispatched":0,"skipped":0} 
[2026-05-17 11:29:01] production.INFO: ScheduledJobManager started {"execution_time":"2026-05-17T11:29:01+00:00"} 
[2026-05-17 11:29:01] production.INFO: ScheduledJobManager completed {"execution_time":"2026-05-17T11:29:01+00:00","duration_ms":12.763,"dispatched":0,"skipped":0} 
[2026-05-17 11:30:01] production.INFO: ScheduledJobManager started {"execution_time":"2026-05-17T11:30:01+00:00"} 
[2026-05-17 11:30:01] production.INFO: ScheduledJobManager completed {"execution_time":"2026-05-17T11:30:01+00:00","duration_ms":5.66,"dispatched":0,"skipped":0} 
[2026-05-17 11:31:01] production.INFO: ScheduledJobManager started {"execution_time":"2026-05-17T11:31:01+00:00"} 
[2026-05-17 11:31:01] production.INFO: ScheduledJobManager completed {"execution_time":"2026-05-17T11:31:01+00:00","duration_ms":12.834,"dispatched":0,"skipped":0} 
[2026-05-17 11:32:01] production.INFO: ScheduledJobManager started {"execution_time":"2026-05-17T11:32:01+00:00"} 
[2026-05-17 11:32:01] production.INFO: ScheduledJobManager completed {"execution_time":"2026-05-17T11:32:01+00:00","duration_ms":12.645,"dispatched":0,"skipped":0} 
[2026-05-17 11:33:01] production.INFO: ScheduledJobManager started {"execution_time":"2026-05-17T11:33:01+00:00"} 
[2026-05-17 11:33:01] production.INFO: ScheduledJobManager completed {"execution_time":"2026-05-17T11:33:01+00:00","duration_ms":12.674,"dispatched":0,"skipped":0} 
[2026-05-17 11:34:01] production.INFO: ScheduledJobManager started {"execution_time":"2026-05-17T11:34:01+00:00"} 
[2026-05-17 11:34:01] production.INFO: ScheduledJobManager completed {"execution_time":"2026-05-17T11:34:01+00:00","duration_ms":11.177,"dispatched":0,"skipped":0} 
[2026-05-17 11:35:01] production.INFO: ScheduledJobManager started {"execution_time":"2026-05-17T11:35:01+00:00"} 
[2026-05-17 11:35:01] production.INFO: ScheduledJobManager completed {"execution_time":"2026-05-17T11:35:01+00:00","duration_ms":11.666,"dispatched":0,"skipped":0} 
[2026-05-17 11:36:01] production.INFO: ScheduledJobManager started {"execution_time":"2026-05-17T11:36:01+00:00"} 
[2026-05-17 11:36:01] production.INFO: ScheduledJobManager completed {"execution_time":"2026-05-17T11:36:01+00:00","duration_ms":12.537,"dispatched":0,"skipped":0} 
[2026-05-17 11:37:01] production.INFO: ScheduledJobManager started {"execution_time":"2026-05-17T11:37:01+00:00"} 
[2026-05-17 11:37:01] production.INFO: ScheduledJobManager completed {"execution_time":"2026-05-17T11:37:01+00:00","duration_ms":12.49,"dispatched":0,"skipped":0} 
[2026-05-17 11:38:01] production.INFO: ScheduledJobManager started {"execution_time":"2026-05-17T11:38:01+00:00"} 
[2026-05-17 11:38:01] production.INFO: ScheduledJobManager completed {"execution_time":"2026-05-17T11:38:01+00:00","duration_ms":5.803,"dispatched":0,"skipped":0} 
[2026-05-17 11:39:01] production.INFO: ScheduledJobManager started {"execution_time":"2026-05-17T11:39:01+00:00"} 
[2026-05-17 11:39:01] production.INFO: ScheduledJobManager completed {"execution_time":"2026-05-17T11:39:01+00:00","duration_ms":11.652,"dispatched":0,"skipped":0} 
[2026-05-17 11:40:01] production.INFO: ScheduledJobManager started {"execution_time":"2026-05-17T11:40:01+00:00"} 
[2026-05-17 11:40:01] production.INFO: ScheduledJobManager completed {"execution_time":"2026-05-17T11:40:01+00:00","duration_ms":5.881,"dispatched":0,"skipped":0} 
[2026-05-17 11:41:01] production.INFO: ScheduledJobManager started {"execution_time":"2026-05-17T11:41:01+00:00"} 
[2026-05-17 11:41:01] production.INFO: ScheduledJobManager completed {"execution_time":"2026-05-17T11:41:01+00:00","duration_ms":11.625,"dispatched":0,"skipped":0} 
[2026-05-17 11:42:01] production.INFO: ScheduledJobManager started {"execution_time":"2026-05-17T11:42:01+00:00"} 
[2026-05-17 11:42:01] production.INFO: ScheduledJobManager completed {"execution_time":"2026-05-17T11:42:01+00:00","duration_ms":13.085,"dispatched":0,"skipped":0} 
[2026-05-17 11:43:01] production.INFO: ScheduledJobManager started {"execution_time":"2026-05-17T11:43:01+00:00"} 
[2026-05-17 11:43:01] production.INFO: ScheduledJobManager completed {"execution_time":"2026-05-17T11:43:01+00:00","duration_ms":12.151,"dispatched":0,"skipped":0} 
[2026-05-17 11:44:01] production.INFO: ScheduledJobManager started {"execution_time":"2026-05-17T11:44:01+00:00"} 
[2026-05-17 11:44:01] production.INFO: ScheduledJobManager completed {"execution_time":"2026-05-17T11:44:01+00:00","duration_ms":11.034,"dispatched":0,"skipped":0} 
[2026-05-17 11:45:01] production.INFO: ScheduledJobManager started {"execution_time":"2026-05-17T11:45:01+00:00"} 
[2026-05-17 11:45:01] production.INFO: ScheduledJobManager completed {"execution_time":"2026-05-17T11:45:01+00:00","duration_ms":12.869,"dispatched":0,"skipped":0} 
[2026-05-17 11:46:01] production.INFO: ScheduledJobManager started {"execution_time":"2026-05-17T11:46:01+00:00"} 
[2026-05-17 11:46:01] production.INFO: ScheduledJobManager completed {"execution_time":"2026-05-17T11:46:01+00:00","duration_ms":11.86,"dispatched":0,"skipped":0} 
[2026-05-17 11:47:01] production.INFO: ScheduledJobManager started {"execution_time":"2026-05-17T11:47:01+00:00"} 
[2026-05-17 11:47:01] production.INFO: ScheduledJobManager completed {"execution_time":"2026-05-17T11:47:01+00:00","duration_ms":12.588,"dispatched":0,"skipped":0} 
[2026-05-17 11:48:01] production.INFO: ScheduledJobManager started {"execution_time":"2026-05-17T11:48:01+00:00"} 
[2026-05-17 11:48:01] production.INFO: ScheduledJobManager completed {"execution_time":"2026-05-17T11:48:01+00:00","duration_ms":12.409,"dispatched":0,"skipped":0} 
[2026-05-17 11:49:01] production.INFO: ScheduledJobManager started {"execution_time":"2026-05-17T11:49:01+00:00"} 
[2026-05-17 11:49:01] production.INFO: ScheduledJobManager completed {"execution_time":"2026-05-17T11:49:01+00:00","duration_ms":12.827,"dispatched":0,"skipped":0} 
[2026-05-17 11:50:01] production.INFO: ScheduledJobManager started {"execution_time":"2026-05-17T11:50:01+00:00"} 
[2026-05-17 11:50:01] production.INFO: ScheduledJobManager completed {"execution_time":"2026-05-17T11:50:01+00:00","duration_ms":11.86,"dispatched":0,"skipped":0} 
[2026-05-17 11:51:01] production.INFO: ScheduledJobManager started {"execution_time":"2026-05-17T11:51:01+00:00"} 
[2026-05-17 11:51:01] production.INFO: ScheduledJobManager completed {"execution_time":"2026-05-17T11:51:01+00:00","duration_ms":13.027,"dispatched":0,"skipped":0} 
[2026-05-17 11:52:01] production.INFO: ScheduledJobManager started {"execution_time":"2026-05-17T11:52:01+00:00"} 
[2026-05-17 11:52:01] production.INFO: ScheduledJobManager completed {"execution_time":"2026-05-17T11:52:01+00:00","duration_ms":5.609,"dispatched":0,"skipped":0} 
[2026-05-17 11:53:01] production.INFO: ScheduledJobManager started {"execution_time":"2026-05-17T11:53:01+00:00"} 
[2026-05-17 11:53:01] production.INFO: ScheduledJobManager completed {"execution_time":"2026-05-17T11:53:01+00:00","duration_ms":11.195,"dispatched":0,"skipped":0} 
[2026-05-17 11:54:01] production.INFO: ScheduledJobManager started {"execution_time":"2026-05-17T11:54:01+00:00"} 
[2026-05-17 11:54:01] production.INFO: ScheduledJobManager completed {"execution_time":"2026-05-17T11:54:01+00:00","duration_ms":5.984,"dispatched":0,"skipped":0} 
[2026-05-17 11:55:01] production.INFO: ScheduledJobManager started {"execution_time":"2026-05-17T11:55:01+00:00"} 
[2026-05-17 11:55:01] production.INFO: ScheduledJobManager completed {"execution_time":"2026-05-17T11:55:01+00:00","duration_ms":11.627,"dispatched":0,"skipped":0} 
[2026-05-17 11:56:01] production.INFO: ScheduledJobManager started {"execution_time":"2026-05-17T11:56:01+00:00"} 
[2026-05-17 11:56:01] production.INFO: ScheduledJobManager completed {"execution_time":"2026-05-17T11:56:01+00:00","duration_ms":12.111,"dispatched":0,"skipped":0} 
[2026-05-17 11:57:01] production.INFO: ScheduledJobManager started {"execution_time":"2026-05-17T11:57:01+00:00"} 
[2026-05-17 11:57:01] production.INFO: ScheduledJobManager completed {"execution_time":"2026-05-17T11:57:01+00:00","duration_ms":12.497,"dispatched":0,"skipped":0} 
[2026-05-17 11:58:01] production.INFO: ScheduledJobManager started {"execution_time":"2026-05-17T11:58:01+00:00"} 
[2026-05-17 11:58:01] production.INFO: ScheduledJobManager completed {"execution_time":"2026-05-17T11:58:01+00:00","duration_ms":12.132,"dispatched":0,"skipped":0} 
[2026-05-17 11:59:01] production.INFO: ScheduledJobManager started {"execution_time":"2026-05-17T11:59:01+00:00"} 
[2026-05-17 11:59:01] production.INFO: ScheduledJobManager completed {"execution_time":"2026-05-17T11:59:01+00:00","duration_ms":11.509,"dispatched":0,"skipped":0} 
[2026-05-17 12:00:02] production.INFO: ScheduledJobManager started {"execution_time":"2026-05-17T12:00:02+00:00"} 
[2026-05-17 12:00:02] production.INFO: ScheduledJobManager completed {"execution_time":"2026-05-17T12:00:02+00:00","duration_ms":5.247,"dispatched":0,"skipped":0} 
[2026-05-17 12:01:01] production.INFO: ScheduledJobManager started {"execution_time":"2026-05-17T12:01:01+00:00"} 
[2026-05-17 12:01:01] production.INFO: ScheduledJobManager completed {"execution_time":"2026-05-17T12:01:01+00:00","duration_ms":11.649,"dispatched":0,"skipped":0} 
[2026-05-17 12:02:01] production.INFO: ScheduledJobManager started {"execution_time":"2026-05-17T12:02:01+00:00"} 
[2026-05-17 12:02:01] production.INFO: ScheduledJobManager completed {"execution_time":"2026-05-17T12:02:01+00:00","duration_ms":12.308,"dispatched":0,"skipped":0} 
[2026-05-17 12:03:01] production.INFO: ScheduledJobManager started {"execution_time":"2026-05-17T12:03:01+00:00"} 
[2026-05-17 12:03:01] production.INFO: ScheduledJobManager completed {"execution_time":"2026-05-17T12:03:01+00:00","duration_ms":16.385,"dispatched":0,"skipped":0} 
[2026-05-17 12:04:01] production.INFO: ScheduledJobManager started {"execution_time":"2026-05-17T12:04:01+00:00"} 
[2026-05-17 12:04:01] production.INFO: ScheduledJobManager completed {"execution_time":"2026-05-17T12:04:01+00:00","duration_ms":11.466,"dispatched":0,"skipped":0} 
[2026-05-17 12:05:01] production.INFO: ScheduledJobManager started {"execution_time":"2026-05-17T12:05:01+00:00"} 
[2026-05-17 12:05:01] production.INFO: ScheduledJobManager completed {"execution_time":"2026-05-17T12:05:01+00:00","duration_ms":11.739,"dispatched":0,"skipped":0} 
[2026-05-17 12:06:01] production.INFO: ScheduledJobManager started {"execution_time":"2026-05-17T12:06:01+00:00"} 
[2026-05-17 12:06:01] production.INFO: ScheduledJobManager completed {"execution_time":"2026-05-17T12:06:01+00:00","duration_ms":11.606,"dispatched":0,"skipped":0} 
[2026-05-17 12:07:01] production.INFO: ScheduledJobManager started {"execution_time":"2026-05-17T12:07:01+00:00"} 
[2026-05-17 12:07:01] production.INFO: ScheduledJobManager completed {"execution_time":"2026-05-17T12:07:01+00:00","duration_ms":12.018,"dispatched":0,"skipped":0} 
[2026-05-17 12:08:01] production.INFO: ScheduledJobManager started {"execution_time":"2026-05-17T12:08:01+00:00"} 
[2026-05-17 12:08:01] production.INFO: ScheduledJobManager completed {"execution_time":"2026-05-17T12:08:01+00:00","duration_ms":12.262,"dispatched":0,"skipped":0} 
[2026-05-17 12:09:01] production.INFO: ScheduledJobManager started {"execution_time":"2026-05-17T12:09:01+00:00"} 
[2026-05-17 12:09:01] production.INFO: ScheduledJobManager completed {"execution_time":"2026-05-17T12:09:01+00:00","duration_ms":12.727,"dispatched":0,"skipped":0} 
[2026-05-17 12:10:01] production.INFO: ScheduledJobManager started {"execution_time":"2026-05-17T12:10:01+00:00"} 
[2026-05-17 12:10:01] production.INFO: ScheduledJobManager completed {"execution_time":"2026-05-17T12:10:01+00:00","duration_ms":5.496,"dispatched":0,"skipped":0} 
[2026-05-17 12:11:01] production.INFO: ScheduledJobManager started {"execution_time":"2026-05-17T12:11:01+00:00"} 
[2026-05-17 12:11:01] production.INFO: ScheduledJobManager completed {"execution_time":"2026-05-17T12:11:01+00:00","duration_ms":12.768,"dispatched":0,"skipped":0} 
[2026-05-17 12:12:01] production.INFO: ScheduledJobManager started {"execution_time":"2026-05-17T12:12:01+00:00"} 
[2026-05-17 12:12:01] production.INFO: ScheduledJobManager completed {"execution_time":"2026-05-17T12:12:01+00:00","duration_ms":13.004,"dispatched":0,"skipped":0} 
[2026-05-17 12:13:01] production.INFO: ScheduledJobManager started {"execution_time":"2026-05-17T12:13:01+00:00"} 
[2026-05-17 12:13:01] production.INFO: ScheduledJobManager completed {"execution_time":"2026-05-17T12:13:01+00:00","duration_ms":12.539,"dispatched":0,"skipped":0} 
[2026-05-17 12:14:01] production.INFO: ScheduledJobManager started {"execution_time":"2026-05-17T12:14:01+00:00"} 
[2026-05-17 12:14:01] production.INFO: ScheduledJobManager completed {"execution_time":"2026-05-17T12:14:01+00:00","duration_ms":12.444,"dispatched":0,"skipped":0} 
[2026-05-17 12:15:01] production.INFO: ScheduledJobManager started {"execution_time":"2026-05-17T12:15:01+00:00"} 
[2026-05-17 12:15:01] production.INFO: ScheduledJobManager completed {"execution_time":"2026-05-17T12:15:01+00:00","duration_ms":12.449,"dispatched":0,"skipped":0} 
[2026-05-17 12:16:01] production.INFO: ScheduledJobManager started {"execution_time":"2026-05-17T12:16:01+00:00"} 
[2026-05-17 12:16:01] production.INFO: ScheduledJobManager completed {"execution_time":"2026-05-17T12:16:01+00:00","duration_ms":12.678,"dispatched":0,"skipped":0} 
[2026-05-17 12:17:01] production.INFO: ScheduledJobManager started {"execution_time":"2026-05-17T12:17:01+00:00"} 
[2026-05-17 12:17:01] production.INFO: ScheduledJobManager completed {"execution_time":"2026-05-17T12:17:01+00:00","duration_ms":12.741,"dispatched":0,"skipped":0} 
[2026-05-17 12:18:01] production.INFO: ScheduledJobManager started {"execution_time":"2026-05-17T12:18:01+00:00"} 
[2026-05-17 12:18:01] production.INFO: ScheduledJobManager completed {"execution_time":"2026-05-17T12:18:01+00:00","duration_ms":11.865,"dispatched":0,"skipped":0} 
[2026-05-17 12:19:01] production.INFO: ScheduledJobManager started {"execution_time":"2026-05-17T12:19:01+00:00"} 
[2026-05-17 12:19:01] production.INFO: ScheduledJobManager completed {"execution_time":"2026-05-17T12:19:01+00:00","duration_ms":11.425,"dispatched":0,"skipped":0} 
[2026-05-17 12:20:01] production.INFO: ScheduledJobManager started {"execution_time":"2026-05-17T12:20:01+00:00"} 
[2026-05-17 12:20:01] production.INFO: ScheduledJobManager completed {"execution_time":"2026-05-17T12:20:01+00:00","duration_ms":11.779,"dispatched":0,"skipped":0} 
[2026-05-17 12:21:02] production.INFO: ScheduledJobManager started {"execution_time":"2026-05-17T12:21:02+00:00"} 
[2026-05-17 12:21:02] production.INFO: ScheduledJobManager completed {"execution_time":"2026-05-17T12:21:02+00:00","duration_ms":12.732,"dispatched":0,"skipped":0} 
[2026-05-17 12:22:01] production.INFO: ScheduledJobManager started {"execution_time":"2026-05-17T12:22:01+00:00"} 
[2026-05-17 12:22:01] production.INFO: ScheduledJobManager completed {"execution_time":"2026-05-17T12:22:01+00:00","duration_ms":20.839,"dispatched":0,"skipped":0} 
[2026-05-17 12:23:01] production.INFO: ScheduledJobManager started {"execution_time":"2026-05-17T12:23:01+00:00"} 
[2026-05-17 12:23:01] production.INFO: ScheduledJobManager completed {"execution_time":"2026-05-17T12:23:01+00:00","duration_ms":12.945,"dispatched":0,"skipped":0} 
[2026-05-17 12:24:01] production.INFO: ScheduledJobManager started {"execution_time":"2026-05-17T12:24:01+00:00"} 
[2026-05-17 12:24:01] production.INFO: ScheduledJobManager completed {"execution_time":"2026-05-17T12:24:01+00:00","duration_ms":6.102,"dispatched":0,"skipped":0} 
[2026-05-17 12:25:01] production.INFO: ScheduledJobManager started {"execution_time":"2026-05-17T12:25:01+00:00"} 
[2026-05-17 12:25:01] production.INFO: ScheduledJobManager completed {"execution_time":"2026-05-17T12:25:01+00:00","duration_ms":12.836,"dispatched":0,"skipped":0} 
[2026-05-17 12:26:01] production.INFO: ScheduledJobManager started {"execution_time":"2026-05-17T12:26:01+00:00"} 
[2026-05-17 12:26:01] production.INFO: ScheduledJobManager completed {"execution_time":"2026-05-17T12:26:01+00:00","duration_ms":11.771,"dispatched":0,"skipped":0} 
[2026-05-17 12:27:01] production.INFO: ScheduledJobManager started {"execution_time":"2026-05-17T12:27:01+00:00"} 
[2026-05-17 12:27:01] production.INFO: ScheduledJobManager completed {"execution_time":"2026-05-17T12:27:01+00:00","duration_ms":11.674,"dispatched":0,"skipped":0} 
[2026-05-17 12:28:01] production.INFO: ScheduledJobManager started {"execution_time":"2026-05-17T12:28:01+00:00"} 
[2026-05-17 12:28:01] production.INFO: ScheduledJobManager completed {"execution_time":"2026-05-17T12:28:01+00:00","duration_ms":12.628,"dispatched":0,"skipped":0} 
[2026-05-17 12:29:01] production.INFO: ScheduledJobManager started {"execution_time":"2026-05-17T12:29:01+00:00"} 
[2026-05-17 12:29:01] production.INFO: ScheduledJobManager completed {"execution_time":"2026-05-17T12:29:01+00:00","duration_ms":12.624,"dispatched":0,"skipped":0} 
[2026-05-17 12:30:01] production.INFO: ScheduledJobManager started {"execution_time":"2026-05-17T12:30:01+00:00"} 
[2026-05-17 12:30:01] production.INFO: ScheduledJobManager completed {"execution_time":"2026-05-17T12:30:01+00:00","duration_ms":5.662,"dispatched":0,"skipped":0} 
[2026-05-17 12:31:01] production.INFO: ScheduledJobManager started {"execution_time":"2026-05-17T12:31:01+00:00"} 
[2026-05-17 12:31:01] production.INFO: ScheduledJobManager completed {"execution_time":"2026-05-17T12:31:01+00:00","duration_ms":11.739,"dispatched":0,"skipped":0} 
[2026-05-17 12:32:01] production.INFO: ScheduledJobManager started {"execution_time":"2026-05-17T12:32:01+00:00"} 
[2026-05-17 12:32:01] production.INFO: ScheduledJobManager completed {"execution_time":"2026-05-17T12:32:01+00:00","duration_ms":12.898,"dispatched":0,"skipped":0} 
[2026-05-17 12:33:01] production.INFO: ScheduledJobManager started {"execution_time":"2026-05-17T12:33:01+00:00"} 
[2026-05-17 12:33:01] production.INFO: ScheduledJobManager completed {"execution_time":"2026-05-17T12:33:01+00:00","duration_ms":12.678,"dispatched":0,"skipped":0} 
[2026-05-17 12:34:01] production.INFO: ScheduledJobManager started {"execution_time":"2026-05-17T12:34:01+00:00"} 
[2026-05-17 12:34:01] production.INFO: ScheduledJobManager completed {"execution_time":"2026-05-17T12:34:01+00:00","duration_ms":17.214,"dispatched":0,"skipped":0} 
[2026-05-17 12:35:01] production.INFO: ScheduledJobManager started {"execution_time":"2026-05-17T12:35:01+00:00"} 
[2026-05-17 12:35:01] production.INFO: ScheduledJobManager completed {"execution_time":"2026-05-17T12:35:01+00:00","duration_ms":12.966,"dispatched":0,"skipped":0} 
[2026-05-17 12:36:01] production.INFO: ScheduledJobManager started {"execution_time":"2026-05-17T12:36:01+00:00"} 
[2026-05-17 12:36:01] production.INFO: ScheduledJobManager completed {"execution_time":"2026-05-17T12:36:01+00:00","duration_ms":12.56,"dispatched":0,"skipped":0} 
[2026-05-17 12:37:01] production.INFO: ScheduledJobManager started {"execution_time":"2026-05-17T12:37:01+00:00"} 
[2026-05-17 12:37:01] production.INFO: ScheduledJobManager completed {"execution_time":"2026-05-17T12:37:01+00:00","duration_ms":12.702,"dispatched":0,"skipped":0} 
[2026-05-17 12:38:01] production.INFO: ScheduledJobManager started {"execution_time":"2026-05-17T12:38:01+00:00"} 
[2026-05-17 12:38:01] production.INFO: ScheduledJobManager completed {"execution_time":"2026-05-17T12:38:01+00:00","duration_ms":5.449,"dispatched":0,"skipped":0} 
[2026-05-17 12:39:01] production.INFO: ScheduledJobManager started {"execution_time":"2026-05-17T12:39:01+00:00"} 
[2026-05-17 12:39:01] production.INFO: ScheduledJobManager completed {"execution_time":"2026-05-17T12:39:01+00:00","duration_ms":13.04,"dispatched":0,"skipped":0} 
[2026-05-17 12:40:01] production.INFO: ScheduledJobManager started {"execution_time":"2026-05-17T12:40:01+00:00"} 
[2026-05-17 12:40:01] production.INFO: ScheduledJobManager completed {"execution_time":"2026-05-17T12:40:01+00:00","duration_ms":5.274,"dispatched":0,"skipped":0} 
[2026-05-17 12:41:01] production.INFO: ScheduledJobManager started {"execution_time":"2026-05-17T12:41:01+00:00"} 
[2026-05-17 12:41:01] production.INFO: ScheduledJobManager completed {"execution_time":"2026-05-17T12:41:01+00:00","duration_ms":11.425,"dispatched":0,"skipped":0} 
[2026-05-17 12:42:01] production.INFO: ScheduledJobManager started {"execution_time":"2026-05-17T12:42:01+00:00"} 
[2026-05-17 12:42:01] production.INFO: ScheduledJobManager completed {"execution_time":"2026-05-17T12:42:01+00:00","duration_ms":12.811,"dispatched":0,"skipped":0} 
[2026-05-17 12:43:01] production.INFO: ScheduledJobManager started {"execution_time":"2026-05-17T12:43:01+00:00"} 
[2026-05-17 12:43:01] production.INFO: ScheduledJobManager completed {"execution_time":"2026-05-17T12:43:01+00:00","duration_ms":12.837,"dispatched":0,"skipped":0} 
[2026-05-17 12:44:01] production.INFO: ScheduledJobManager started {"execution_time":"2026-05-17T12:44:01+00:00"} 
[2026-05-17 12:44:01] production.INFO: ScheduledJobManager completed {"execution_time":"2026-05-17T12:44:01+00:00","duration_ms":12.759,"dispatched":0,"skipped":0} 
[2026-05-17 12:45:01] production.INFO: ScheduledJobManager started {"execution_time":"2026-05-17T12:45:01+00:00"} 
[2026-05-17 12:45:01] production.INFO: ScheduledJobManager completed {"execution_time":"2026-05-17T12:45:01+00:00","duration_ms":12.833,"dispatched":0,"skipped":0} 
[2026-05-17 12:46:01] production.INFO: ScheduledJobManager started {"execution_time":"2026-05-17T12:46:01+00:00"} 
[2026-05-17 12:46:01] production.INFO: ScheduledJobManager completed {"execution_time":"2026-05-17T12:46:01+00:00","duration_ms":11.162,"dispatched":0,"skipped":0} 
[2026-05-17 12:47:01] production.INFO: ScheduledJobManager started {"execution_time":"2026-05-17T12:47:01+00:00"} 
[2026-05-17 12:47:01] production.INFO: ScheduledJobManager completed {"execution_time":"2026-05-17T12:47:01+00:00","duration_ms":11.943,"dispatched":0,"skipped":0} 
[2026-05-17 12:48:01] production.INFO: ScheduledJobManager started {"execution_time":"2026-05-17T12:48:01+00:00"} 
[2026-05-17 12:48:01] production.INFO: ScheduledJobManager completed {"execution_time":"2026-05-17T12:48:01+00:00","duration_ms":13.085,"dispatched":0,"skipped":0} 
[2026-05-17 12:49:01] production.INFO: ScheduledJobManager started {"execution_time":"2026-05-17T12:49:01+00:00"} 
[2026-05-17 12:49:01] production.INFO: ScheduledJobManager completed {"execution_time":"2026-05-17T12:49:01+00:00","duration_ms":12.513,"dispatched":0,"skipped":0} 
[2026-05-17 12:50:01] production.INFO: ScheduledJobManager started {"execution_time":"2026-05-17T12:50:01+00:00"} 
[2026-05-17 12:50:01] production.INFO: ScheduledJobManager completed {"execution_time":"2026-05-17T12:50:01+00:00","duration_ms":12.774,"dispatched":0,"skipped":0} 
[2026-05-17 12:51:01] production.INFO: ScheduledJobManager started {"execution_time":"2026-05-17T12:51:01+00:00"} 
[2026-05-17 12:51:01] production.INFO: ScheduledJobManager completed {"execution_time":"2026-05-17T12:51:01+00:00","duration_ms":11.467,"dispatched":0,"skipped":0} 
[2026-05-17 12:52:01] production.INFO: ScheduledJobManager started {"execution_time":"2026-05-17T12:52:01+00:00"} 
[2026-05-17 12:52:01] production.INFO: ScheduledJobManager completed {"execution_time":"2026-05-17T12:52:01+00:00","duration_ms":11.939,"dispatched":0,"skipped":0} 
[2026-05-17 12:53:01] production.INFO: ScheduledJobManager started {"execution_time":"2026-05-17T12:53:01+00:00"} 
[2026-05-17 12:53:01] production.INFO: ScheduledJobManager completed {"execution_time":"2026-05-17T12:53:01+00:00","duration_ms":12.752,"dispatched":0,"skipped":0} 
[2026-05-17 12:54:01] production.INFO: ScheduledJobManager started {"execution_time":"2026-05-17T12:54:01+00:00"} 
[2026-05-17 12:54:01] production.INFO: ScheduledJobManager completed {"execution_time":"2026-05-17T12:54:01+00:00","duration_ms":13.507,"dispatched":0,"skipped":0} 
[2026-05-17 12:55:01] production.INFO: ScheduledJobManager started {"execution_time":"2026-05-17T12:55:01+00:00"} 
[2026-05-17 12:55:01] production.INFO: ScheduledJobManager completed {"execution_time":"2026-05-17T12:55:01+00:00","duration_ms":11.408,"dispatched":0,"skipped":0} 
[2026-05-17 12:56:01] production.INFO: ScheduledJobManager started {"execution_time":"2026-05-17T12:56:01+00:00"} 
[2026-05-17 12:56:01] production.INFO: ScheduledJobManager completed {"execution_time":"2026-05-17T12:56:01+00:00","duration_ms":12.964,"dispatched":0,"skipped":0} 
[2026-05-17 12:57:01] production.INFO: ScheduledJobManager started {"execution_time":"2026-05-17T12:57:01+00:00"} 
[2026-05-17 12:57:01] production.INFO: ScheduledJobManager completed {"execution_time":"2026-05-17T12:57:01+00:00","duration_ms":12.782,"dispatched":0,"skipped":0} 
[2026-05-17 12:58:01] production.INFO: ScheduledJobManager started {"execution_time":"2026-05-17T12:58:01+00:00"} 
[2026-05-17 12:58:01] production.INFO: ScheduledJobManager completed {"execution_time":"2026-05-17T12:58:01+00:00","duration_ms":12.803,"dispatched":0,"skipped":0} 
[2026-05-17 12:59:01] production.INFO: ScheduledJobManager started {"execution_time":"2026-05-17T12:59:01+00:00"} 
[2026-05-17 12:59:01] production.INFO: ScheduledJobManager completed {"execution_time":"2026-05-17T12:59:01+00:00","duration_ms":12.697,"dispatched":0,"skipped":0} 
[2026-05-17 13:00:02] production.INFO: ScheduledJobManager started {"execution_time":"2026-05-17T13:00:02+00:00"} 
[2026-05-17 13:00:02] production.INFO: ScheduledJobManager completed {"execution_time":"2026-05-17T13:00:02+00:00","duration_ms":6.751,"dispatched":0,"skipped":0} 
[2026-05-17 13:01:01] production.INFO: ScheduledJobManager started {"execution_time":"2026-05-17T13:01:01+00:00"} 
[2026-05-17 13:01:01] production.INFO: ScheduledJobManager completed {"execution_time":"2026-05-17T13:01:01+00:00","duration_ms":12.882,"dispatched":0,"skipped":0} 
[2026-05-17 13:02:01] production.INFO: ScheduledJobManager started {"execution_time":"2026-05-17T13:02:01+00:00"} 
[2026-05-17 13:02:01] production.INFO: ScheduledJobManager completed {"execution_time":"2026-05-17T13:02:01+00:00","duration_ms":12.653,"dispatched":0,"skipped":0} 
[2026-05-17 13:03:01] production.INFO: ScheduledJobManager started {"execution_time":"2026-05-17T13:03:01+00:00"} 
[2026-05-17 13:03:01] production.INFO: ScheduledJobManager completed {"execution_time":"2026-05-17T13:03:01+00:00","duration_ms":12.558,"dispatched":0,"skipped":0} 
[2026-05-17 13:04:01] production.INFO: ScheduledJobManager started {"execution_time":"2026-05-17T13:04:01+00:00"} 
[2026-05-17 13:04:01] production.INFO: ScheduledJobManager completed {"execution_time":"2026-05-17T13:04:01+00:00","duration_ms":12.702,"dispatched":0,"skipped":0} 
[2026-05-17 13:05:01] production.INFO: ScheduledJobManager started {"execution_time":"2026-05-17T13:05:01+00:00"} 
[2026-05-17 13:05:01] production.INFO: ScheduledJobManager completed {"execution_time":"2026-05-17T13:05:01+00:00","duration_ms":13.277,"dispatched":0,"skipped":0} 
[2026-05-17 13:06:01] production.INFO: ScheduledJobManager started {"execution_time":"2026-05-17T13:06:01+00:00"} 
[2026-05-17 13:06:01] production.INFO: ScheduledJobManager completed {"execution_time":"2026-05-17T13:06:01+00:00","duration_ms":12.965,"dispatched":0,"skipped":0} 
[2026-05-17 13:07:02] production.INFO: ScheduledJobManager started {"execution_time":"2026-05-17T13:07:02+00:00"} 
[2026-05-17 13:07:02] production.INFO: ScheduledJobManager completed {"execution_time":"2026-05-17T13:07:02+00:00","duration_ms":11.337,"dispatched":0,"skipped":0} 
[2026-05-17 13:08:01] production.INFO: ScheduledJobManager started {"execution_time":"2026-05-17T13:08:01+00:00"} 
[2026-05-17 13:08:01] production.INFO: ScheduledJobManager completed {"execution_time":"2026-05-17T13:08:01+00:00","duration_ms":12.623,"dispatched":0,"skipped":0} 
[2026-05-17 13:09:01] production.INFO: ScheduledJobManager started {"execution_time":"2026-05-17T13:09:01+00:00"} 
[2026-05-17 13:09:01] production.INFO: ScheduledJobManager completed {"execution_time":"2026-05-17T13:09:01+00:00","duration_ms":12.315,"dispatched":0,"skipped":0} 
[2026-05-17 13:10:01] production.INFO: ScheduledJobManager started {"execution_time":"2026-05-17T13:10:01+00:00"} 
[2026-05-17 13:10:01] production.INFO: ScheduledJobManager completed {"execution_time":"2026-05-17T13:10:01+00:00","duration_ms":5.818,"dispatched":0,"skipped":0} 
[2026-05-17 13:11:01] production.INFO: ScheduledJobManager started {"execution_time":"2026-05-17T13:11:01+00:00"} 
[2026-05-17 13:11:01] production.INFO: ScheduledJobManager completed {"execution_time":"2026-05-17T13:11:01+00:00","duration_ms":12.652,"dispatched":0,"skipped":0} 
[2026-05-17 13:12:01] production.INFO: ScheduledJobManager started {"execution_time":"2026-05-17T13:12:01+00:00"} 
[2026-05-17 13:12:01] production.INFO: ScheduledJobManager completed {"execution_time":"2026-05-17T13:12:01+00:00","duration_ms":16.56,"dispatched":0,"skipped":0} 
[2026-05-17 13:13:01] production.INFO: ScheduledJobManager started {"execution_time":"2026-05-17T13:13:01+00:00"} 
[2026-05-17 13:13:01] production.INFO: ScheduledJobManager completed {"execution_time":"2026-05-17T13:13:01+00:00","duration_ms":11.974,"dispatched":0,"skipped":0} 
[2026-05-17 13:14:01] production.INFO: ScheduledJobManager started {"execution_time":"2026-05-17T13:14:01+00:00"} 
[2026-05-17 13:14:01] production.INFO: ScheduledJobManager completed {"execution_time":"2026-05-17T13:14:01+00:00","duration_ms":12.014,"dispatched":0,"skipped":0} 
[2026-05-17 13:15:01] production.INFO: ScheduledJobManager started {"execution_time":"2026-05-17T13:15:01+00:00"} 
[2026-05-17 13:15:01] production.INFO: ScheduledJobManager completed {"execution_time":"2026-05-17T13:15:01+00:00","duration_ms":12.766,"dispatched":0,"skipped":0} 
[2026-05-17 13:16:01] production.INFO: ScheduledJobManager started {"execution_time":"2026-05-17T13:16:01+00:00"} 
[2026-05-17 13:16:01] production.INFO: ScheduledJobManager completed {"execution_time":"2026-05-17T13:16:01+00:00","duration_ms":14.17,"dispatched":0,"skipped":0} 
[2026-05-17 13:17:01] production.INFO: ScheduledJobManager started {"execution_time":"2026-05-17T13:17:01+00:00"} 
[2026-05-17 13:17:01] production.INFO: ScheduledJobManager completed {"execution_time":"2026-05-17T13:17:01+00:00","duration_ms":12.69,"dispatched":0,"skipped":0} 
[2026-05-17 13:18:01] production.INFO: ScheduledJobManager started {"execution_time":"2026-05-17T13:18:01+00:00"} 
[2026-05-17 13:18:01] production.INFO: ScheduledJobManager completed {"execution_time":"2026-05-17T13:18:01+00:00","duration_ms":12.884,"dispatched":0,"skipped":0} 
[2026-05-17 13:19:01] production.INFO: ScheduledJobManager started {"execution_time":"2026-05-17T13:19:01+00:00"} 
[2026-05-17 13:19:01] production.INFO: ScheduledJobManager completed {"execution_time":"2026-05-17T13:19:01+00:00","duration_ms":12.874,"dispatched":0,"skipped":0} 
[2026-05-17 13:20:01] production.INFO: ScheduledJobManager started {"execution_time":"2026-05-17T13:20:01+00:00"} 
[2026-05-17 13:20:01] production.INFO: ScheduledJobManager completed {"execution_time":"2026-05-17T13:20:01+00:00","duration_ms":11.74,"dispatched":0,"skipped":0} 
[2026-05-17 13:21:02] production.INFO: ScheduledJobManager started {"execution_time":"2026-05-17T13:21:02+00:00"} 
[2026-05-17 13:21:02] production.INFO: ScheduledJobManager completed {"execution_time":"2026-05-17T13:21:02+00:00","duration_ms":12.838,"dispatched":0,"skipped":0} 
[2026-05-17 13:22:02] production.INFO: ScheduledJobManager started {"execution_time":"2026-05-17T13:22:02+00:00"} 
[2026-05-17 13:22:02] production.INFO: ScheduledJobManager completed {"execution_time":"2026-05-17T13:22:02+00:00","duration_ms":16.443,"dispatched":0,"skipped":0} 
[2026-05-17 13:23:01] production.INFO: ScheduledJobManager started {"execution_time":"2026-05-17T13:23:01+00:00"} 
[2026-05-17 13:23:01] production.INFO: ScheduledJobManager completed {"execution_time":"2026-05-17T13:23:01+00:00","duration_ms":12.618,"dispatched":0,"skipped":0} 
[2026-05-17 13:24:01] production.INFO: ScheduledJobManager started {"execution_time":"2026-05-17T13:24:01+00:00"} 
[2026-05-17 13:24:01] production.INFO: ScheduledJobManager completed {"execution_time":"2026-05-17T13:24:01+00:00","duration_ms":5.934,"dispatched":0,"skipped":0} 
[2026-05-17 13:25:01] production.INFO: ScheduledJobManager started {"execution_time":"2026-05-17T13:25:01+00:00"} 
[2026-05-17 13:25:01] production.INFO: ScheduledJobManager completed {"execution_time":"2026-05-17T13:25:01+00:00","duration_ms":12.652,"dispatched":0,"skipped":0} 
[2026-05-17 13:26:01] production.INFO: ScheduledJobManager started {"execution_time":"2026-05-17T13:26:01+00:00"} 
[2026-05-17 13:26:01] production.INFO: ScheduledJobManager completed {"execution_time":"2026-05-17T13:26:01+00:00","duration_ms":11.72,"dispatched":0,"skipped":0} 
[2026-05-17 13:27:01] production.INFO: ScheduledJobManager started {"execution_time":"2026-05-17T13:27:01+00:00"} 
[2026-05-17 13:27:01] production.INFO: ScheduledJobManager completed {"execution_time":"2026-05-17T13:27:01+00:00","duration_ms":13.015,"dispatched":0,"skipped":0} 
[2026-05-17 13:28:01] production.INFO: ScheduledJobManager started {"execution_time":"2026-05-17T13:28:01+00:00"} 
[2026-05-17 13:28:01] production.INFO: ScheduledJobManager completed {"execution_time":"2026-05-17T13:28:01+00:00","duration_ms":11.459,"dispatched":0,"skipped":0} 
[2026-05-17 13:29:01] production.INFO: ScheduledJobManager started {"execution_time":"2026-05-17T13:29:01+00:00"} 
[2026-05-17 13:29:01] production.INFO: ScheduledJobManager completed {"execution_time":"2026-05-17T13:29:01+00:00","duration_ms":12.568,"dispatched":0,"skipped":0} 
[2026-05-17 13:30:01] production.INFO: ScheduledJobManager started {"execution_time":"2026-05-17T13:30:01+00:00"} 
[2026-05-17 13:30:01] production.INFO: ScheduledJobManager completed {"execution_time":"2026-05-17T13:30:01+00:00","duration_ms":11.094,"dispatched":0,"skipped":0} 
[2026-05-17 13:31:01] production.INFO: ScheduledJobManager started {"execution_time":"2026-05-17T13:31:01+00:00"} 
[2026-05-17 13:31:01] production.INFO: ScheduledJobManager completed {"execution_time":"2026-05-17T13:31:01+00:00","duration_ms":11.028,"dispatched":0,"skipped":0} 
[2026-05-17 13:32:01] production.INFO: ScheduledJobManager started {"execution_time":"2026-05-17T13:32:01+00:00"} 
[2026-05-17 13:32:01] production.INFO: ScheduledJobManager completed {"execution_time":"2026-05-17T13:32:01+00:00","duration_ms":12.521,"dispatched":0,"skipped":0} 
[2026-05-17 13:33:01] production.INFO: ScheduledJobManager started {"execution_time":"2026-05-17T13:33:01+00:00"} 
[2026-05-17 13:33:01] production.INFO: ScheduledJobManager completed {"execution_time":"2026-05-17T13:33:01+00:00","duration_ms":12.611,"dispatched":0,"skipped":0} 
[2026-05-17 13:34:01] production.INFO: ScheduledJobManager started {"execution_time":"2026-05-17T13:34:01+00:00"} 
[2026-05-17 13:34:01] production.INFO: ScheduledJobManager completed {"execution_time":"2026-05-17T13:34:01+00:00","duration_ms":12.616,"dispatched":0,"skipped":0} 
[2026-05-17 13:35:01] production.INFO: ScheduledJobManager started {"execution_time":"2026-05-17T13:35:01+00:00"} 
[2026-05-17 13:35:01] production.INFO: ScheduledJobManager completed {"execution_time":"2026-05-17T13:35:01+00:00","duration_ms":13.061,"dispatched":0,"skipped":0} 
[2026-05-17 13:36:01] production.INFO: ScheduledJobManager started {"execution_time":"2026-05-17T13:36:01+00:00"} 
[2026-05-17 13:36:01] production.INFO: ScheduledJobManager completed {"execution_time":"2026-05-17T13:36:01+00:00","duration_ms":12.07,"dispatched":0,"skipped":0} 
[2026-05-17 13:37:02] production.INFO: ScheduledJobManager started {"execution_time":"2026-05-17T13:37:02+00:00"} 
[2026-05-17 13:37:02] production.INFO: ScheduledJobManager completed {"execution_time":"2026-05-17T13:37:02+00:00","duration_ms":11.199,"dispatched":0,"skipped":0} 
[2026-05-17 13:38:01] production.INFO: ScheduledJobManager started {"execution_time":"2026-05-17T13:38:01+00:00"} 
[2026-05-17 13:38:01] production.INFO: ScheduledJobManager completed {"execution_time":"2026-05-17T13:38:01+00:00","duration_ms":12.484,"dispatched":0,"skipped":0} 
[2026-05-17 13:39:01] production.INFO: ScheduledJobManager started {"execution_time":"2026-05-17T13:39:01+00:00"} 
[2026-05-17 13:39:01] production.INFO: ScheduledJobManager completed {"execution_time":"2026-05-17T13:39:01+00:00","duration_ms":12.691,"dispatched":0,"skipped":0} 
[2026-05-17 13:40:01] production.INFO: ScheduledJobManager started {"execution_time":"2026-05-17T13:40:01+00:00"} 
[2026-05-17 13:40:01] production.INFO: ScheduledJobManager completed {"execution_time":"2026-05-17T13:40:01+00:00","duration_ms":4.995,"dispatched":0,"skipped":0} 
[2026-05-17 13:41:01] production.INFO: ScheduledJobManager started {"execution_time":"2026-05-17T13:41:01+00:00"} 
[2026-05-17 13:41:01] production.INFO: ScheduledJobManager completed {"execution_time":"2026-05-17T13:41:01+00:00","duration_ms":13.227,"dispatched":0,"skipped":0} 
[2026-05-17 13:42:01] production.INFO: ScheduledJobManager started {"execution_time":"2026-05-17T13:42:01+00:00"} 
[2026-05-17 13:42:01] production.INFO: ScheduledJobManager completed {"execution_time":"2026-05-17T13:42:01+00:00","duration_ms":12.896,"dispatched":0,"skipped":0} 
[2026-05-17 13:43:01] production.INFO: ScheduledJobManager started {"execution_time":"2026-05-17T13:43:01+00:00"} 
[2026-05-17 13:43:01] production.INFO: ScheduledJobManager completed {"execution_time":"2026-05-17T13:43:01+00:00","duration_ms":12.693,"dispatched":0,"skipped":0} 
[2026-05-17 13:44:01] production.INFO: ScheduledJobManager started {"execution_time":"2026-05-17T13:44:01+00:00"} 
[2026-05-17 13:44:01] production.INFO: ScheduledJobManager completed {"execution_time":"2026-05-17T13:44:01+00:00","duration_ms":12.822,"dispatched":0,"skipped":0} 
[2026-05-17 13:45:01] production.INFO: ScheduledJobManager started {"execution_time":"2026-05-17T13:45:01+00:00"} 
[2026-05-17 13:45:01] production.INFO: ScheduledJobManager completed {"execution_time":"2026-05-17T13:45:01+00:00","duration_ms":11.246,"dispatched":0,"skipped":0} 
[2026-05-17 13:46:01] production.INFO: ScheduledJobManager started {"execution_time":"2026-05-17T13:46:01+00:00"} 
[2026-05-17 13:46:01] production.INFO: ScheduledJobManager completed {"execution_time":"2026-05-17T13:46:01+00:00","duration_ms":12.23,"dispatched":0,"skipped":0} 
[2026-05-17 13:47:01] production.INFO: ScheduledJobManager started {"execution_time":"2026-05-17T13:47:01+00:00"} 
[2026-05-17 13:47:01] production.INFO: ScheduledJobManager completed {"execution_time":"2026-05-17T13:47:01+00:00","duration_ms":12.88,"dispatched":0,"skipped":0} 
[2026-05-17 13:48:01] production.INFO: ScheduledJobManager started {"execution_time":"2026-05-17T13:48:01+00:00"} 
[2026-05-17 13:48:01] production.INFO: ScheduledJobManager completed {"execution_time":"2026-05-17T13:48:01+00:00","duration_ms":12.959,"dispatched":0,"skipped":0} 
[2026-05-17 13:49:01] production.INFO: ScheduledJobManager started {"execution_time":"2026-05-17T13:49:01+00:00"} 
[2026-05-17 13:49:01] production.INFO: ScheduledJobManager completed {"execution_time":"2026-05-17T13:49:01+00:00","duration_ms":12.721,"dispatched":0,"skipped":0} 
[2026-05-17 13:50:01] production.INFO: ScheduledJobManager started {"execution_time":"2026-05-17T13:50:01+00:00"} 
[2026-05-17 13:50:01] production.INFO: ScheduledJobManager completed {"execution_time":"2026-05-17T13:50:01+00:00","duration_ms":12.06,"dispatched":0,"skipped":0} 
[2026-05-17 13:51:02] production.INFO: ScheduledJobManager started {"execution_time":"2026-05-17T13:51:02+00:00"} 
[2026-05-17 13:51:02] production.INFO: ScheduledJobManager completed {"execution_time":"2026-05-17T13:51:02+00:00","duration_ms":11.342,"dispatched":0,"skipped":0} 
[2026-05-17 13:52:01] production.INFO: ScheduledJobManager started {"execution_time":"2026-05-17T13:52:01+00:00"} 
[2026-05-17 13:52:01] production.INFO: ScheduledJobManager completed {"execution_time":"2026-05-17T13:52:01+00:00","duration_ms":12.806,"dispatched":0,"skipped":0} 
[2026-05-17 13:53:01] production.INFO: ScheduledJobManager started {"execution_time":"2026-05-17T13:53:01+00:00"} 
[2026-05-17 13:53:01] production.INFO: ScheduledJobManager completed {"execution_time":"2026-05-17T13:53:01+00:00","duration_ms":12.429,"dispatched":0,"skipped":0} 
[2026-05-17 13:54:01] production.INFO: ScheduledJobManager started {"execution_time":"2026-05-17T13:54:01+00:00"} 
[2026-05-17 13:54:01] production.INFO: ScheduledJobManager completed {"execution_time":"2026-05-17T13:54:01+00:00","duration_ms":12.175,"dispatched":0,"skipped":0} 
[2026-05-17 13:55:01] production.INFO: ScheduledJobManager started {"execution_time":"2026-05-17T13:55:01+00:00"} 
[2026-05-17 13:55:01] production.INFO: ScheduledJobManager completed {"execution_time":"2026-05-17T13:55:01+00:00","duration_ms":4.262,"dispatched":0,"skipped":0} 
[2026-05-17 13:56:01] production.INFO: ScheduledJobManager started {"execution_time":"2026-05-17T13:56:01+00:00"} 
[2026-05-17 13:56:01] production.INFO: ScheduledJobManager completed {"execution_time":"2026-05-17T13:56:01+00:00","duration_ms":12.505,"dispatched":0,"skipped":0} 
[2026-05-17 13:57:01] production.INFO: ScheduledJobManager started {"execution_time":"2026-05-17T13:57:01+00:00"} 
[2026-05-17 13:57:01] production.INFO: ScheduledJobManager completed {"execution_time":"2026-05-17T13:57:01+00:00","duration_ms":12.735,"dispatched":0,"skipped":0} 
[2026-05-17 13:58:01] production.INFO: ScheduledJobManager started {"execution_time":"2026-05-17T13:58:01+00:00"} 
[2026-05-17 13:58:01] production.INFO: ScheduledJobManager completed {"execution_time":"2026-05-17T13:58:01+00:00","duration_ms":11.025,"dispatched":0,"skipped":0} 
[2026-05-17 13:59:01] production.INFO: ScheduledJobManager started {"execution_time":"2026-05-17T13:59:01+00:00"} 
[2026-05-17 13:59:01] production.INFO: ScheduledJobManager completed {"execution_time":"2026-05-17T13:59:01+00:00","duration_ms":12.591,"dispatched":0,"skipped":0} 
[2026-05-17 14:00:02] production.INFO: ScheduledJobManager started {"execution_time":"2026-05-17T14:00:02+00:00"} 
[2026-05-17 14:00:02] production.INFO: ScheduledJobManager completed {"execution_time":"2026-05-17T14:00:02+00:00","duration_ms":5.184,"dispatched":0,"skipped":0} 
[2026-05-17 14:01:01] production.INFO: ScheduledJobManager started {"execution_time":"2026-05-17T14:01:01+00:00"} 
[2026-05-17 14:01:01] production.INFO: ScheduledJobManager completed {"execution_time":"2026-05-17T14:01:01+00:00","duration_ms":16.076,"dispatched":0,"skipped":0} 
[2026-05-17 14:02:01] production.INFO: ScheduledJobManager started {"execution_time":"2026-05-17T14:02:01+00:00"} 
[2026-05-17 14:02:01] production.INFO: ScheduledJobManager completed {"execution_time":"2026-05-17T14:02:01+00:00","duration_ms":11.14,"dispatched":0,"skipped":0} 
[2026-05-17 14:03:01] production.INFO: ScheduledJobManager started {"execution_time":"2026-05-17T14:03:01+00:00"} 
[2026-05-17 14:03:01] production.INFO: ScheduledJobManager completed {"execution_time":"2026-05-17T14:03:01+00:00","duration_ms":12.92,"dispatched":0,"skipped":0} 
[2026-05-17 14:04:01] production.INFO: ScheduledJobManager started {"execution_time":"2026-05-17T14:04:01+00:00"} 
[2026-05-17 14:04:01] production.INFO: ScheduledJobManager completed {"execution_time":"2026-05-17T14:04:01+00:00","duration_ms":12.837,"dispatched":0,"skipped":0} 
[2026-05-17 14:05:01] production.INFO: ScheduledJobManager started {"execution_time":"2026-05-17T14:05:01+00:00"} 
[2026-05-17 14:05:01] production.INFO: ScheduledJobManager completed {"execution_time":"2026-05-17T14:05:01+00:00","duration_ms":12.904,"dispatched":0,"skipped":0} 
[2026-05-17 14:06:01] production.INFO: ScheduledJobManager started {"execution_time":"2026-05-17T14:06:01+00:00"} 
[2026-05-17 14:06:01] production.INFO: ScheduledJobManager completed {"execution_time":"2026-05-17T14:06:01+00:00","duration_ms":13.129,"dispatched":0,"skipped":0} 
[2026-05-17 14:07:02] production.INFO: ScheduledJobManager started {"execution_time":"2026-05-17T14:07:02+00:00"} 
[2026-05-17 14:07:02] production.INFO: ScheduledJobManager completed {"execution_time":"2026-05-17T14:07:02+00:00","duration_ms":12.763,"dispatched":0,"skipped":0} 
[2026-05-17 14:08:01] production.INFO: ScheduledJobManager started {"execution_time":"2026-05-17T14:08:01+00:00"} 
[2026-05-17 14:08:01] production.INFO: ScheduledJobManager completed {"execution_time":"2026-05-17T14:08:01+00:00","duration_ms":13.055,"dispatched":0,"skipped":0} 
[2026-05-17 14:09:01] production.INFO: ScheduledJobManager started {"execution_time":"2026-05-17T14:09:01+00:00"} 
[2026-05-17 14:09:01] production.INFO: ScheduledJobManager completed {"execution_time":"2026-05-17T14:09:01+00:00","duration_ms":11.692,"dispatched":0,"skipped":0} 
[2026-05-17 14:10:01] production.INFO: ScheduledJobManager started {"execution_time":"2026-05-17T14:10:01+00:00"} 
[2026-05-17 14:10:01] production.INFO: ScheduledJobManager completed {"execution_time":"2026-05-17T14:10:01+00:00","duration_ms":5.317,"dispatched":0,"skipped":0} 
[2026-05-17 14:11:01] production.INFO: ScheduledJobManager started {"execution_time":"2026-05-17T14:11:01+00:00"} 
[2026-05-17 14:11:01] production.INFO: ScheduledJobManager completed {"execution_time":"2026-05-17T14:11:01+00:00","duration_ms":12.369,"dispatched":0,"skipped":0} 
[2026-05-17 14:12:01] production.INFO: ScheduledJobManager started {"execution_time":"2026-05-17T14:12:01+00:00"} 
[2026-05-17 14:12:01] production.INFO: ScheduledJobManager completed {"execution_time":"2026-05-17T14:12:01+00:00","duration_ms":11.176,"dispatched":0,"skipped":0} 
[2026-05-17 14:13:01] production.INFO: ScheduledJobManager started {"execution_time":"2026-05-17T14:13:01+00:00"} 
[2026-05-17 14:13:01] production.INFO: ScheduledJobManager completed {"execution_time":"2026-05-17T14:13:01+00:00","duration_ms":11.402,"dispatched":0,"skipped":0} 
[2026-05-17 14:14:01] production.INFO: ScheduledJobManager started {"execution_time":"2026-05-17T14:14:01+00:00"} 
[2026-05-17 14:14:01] production.INFO: ScheduledJobManager completed {"execution_time":"2026-05-17T14:14:01+00:00","duration_ms":12.17,"dispatched":0,"skipped":0} 
[2026-05-17 14:15:01] production.INFO: ScheduledJobManager started {"execution_time":"2026-05-17T14:15:01+00:00"} 
[2026-05-17 14:15:01] production.INFO: ScheduledJobManager completed {"execution_time":"2026-05-17T14:15:01+00:00","duration_ms":12.308,"dispatched":0,"skipped":0} 
[2026-05-17 14:16:01] production.INFO: ScheduledJobManager started {"execution_time":"2026-05-17T14:16:01+00:00"} 
[2026-05-17 14:16:01] production.INFO: ScheduledJobManager completed {"execution_time":"2026-05-17T14:16:01+00:00","duration_ms":12.597,"dispatched":0,"skipped":0} 
[2026-05-17 14:17:01] production.INFO: ScheduledJobManager started {"execution_time":"2026-05-17T14:17:01+00:00"} 
[2026-05-17 14:17:01] production.INFO: ScheduledJobManager completed {"execution_time":"2026-05-17T14:17:01+00:00","duration_ms":12.73,"dispatched":0,"skipped":0} 
[2026-05-17 14:18:01] production.INFO: ScheduledJobManager started {"execution_time":"2026-05-17T14:18:01+00:00"} 
[2026-05-17 14:18:01] production.INFO: ScheduledJobManager completed {"execution_time":"2026-05-17T14:18:01+00:00","duration_ms":12.91,"dispatched":0,"skipped":0} 
[2026-05-17 14:19:01] production.INFO: ScheduledJobManager started {"execution_time":"2026-05-17T14:19:01+00:00"} 
[2026-05-17 14:19:01] production.INFO: ScheduledJobManager completed {"execution_time":"2026-05-17T14:19:01+00:00","duration_ms":12.117,"dispatched":0,"skipped":0} 
[2026-05-17 14:20:01] production.INFO: ScheduledJobManager started {"execution_time":"2026-05-17T14:20:01+00:00"} 
[2026-05-17 14:20:01] production.INFO: ScheduledJobManager completed {"execution_time":"2026-05-17T14:20:01+00:00","duration_ms":12.834,"dispatched":0,"skipped":0} 
[2026-05-17 14:21:01] production.INFO: ScheduledJobManager started {"execution_time":"2026-05-17T14:21:01+00:00"} 
[2026-05-17 14:21:01] production.INFO: ScheduledJobManager completed {"execution_time":"2026-05-17T14:21:01+00:00","duration_ms":12.832,"dispatched":0,"skipped":0} 
[2026-05-17 14:22:02] production.INFO: ScheduledJobManager started {"execution_time":"2026-05-17T14:22:02+00:00"} 
[2026-05-17 14:22:02] production.INFO: ScheduledJobManager completed {"execution_time":"2026-05-17T14:22:02+00:00","duration_ms":12.88,"dispatched":0,"skipped":0} 
[2026-05-17 14:23:01] production.INFO: ScheduledJobManager started {"execution_time":"2026-05-17T14:23:01+00:00"} 
[2026-05-17 14:23:01] production.INFO: ScheduledJobManager completed {"execution_time":"2026-05-17T14:23:01+00:00","duration_ms":12.683,"dispatched":0,"skipped":0} 
[2026-05-17 14:24:01] production.INFO: ScheduledJobManager started {"execution_time":"2026-05-17T14:24:01+00:00"} 
[2026-05-17 14:24:01] production.INFO: ScheduledJobManager completed {"execution_time":"2026-05-17T14:24:01+00:00","duration_ms":60.932,"dispatched":0,"skipped":0} 
[2026-05-17 14:25:01] production.INFO: ScheduledJobManager started {"execution_time":"2026-05-17T14:25:01+00:00"} 
[2026-05-17 14:25:01] production.INFO: ScheduledJobManager completed {"execution_time":"2026-05-17T14:25:01+00:00","duration_ms":4.172,"dispatched":0,"skipped":0} 
[2026-05-17 14:26:01] production.INFO: ScheduledJobManager started {"execution_time":"2026-05-17T14:26:01+00:00"} 
[2026-05-17 14:26:01] production.INFO: ScheduledJobManager completed {"execution_time":"2026-05-17T14:26:01+00:00","duration_ms":12.738,"dispatched":0,"skipped":0} 
[2026-05-17 14:27:01] production.INFO: ScheduledJobManager started {"execution_time":"2026-05-17T14:27:01+00:00"} 
[2026-05-17 14:27:01] production.INFO: ScheduledJobManager completed {"execution_time":"2026-05-17T14:27:01+00:00","duration_ms":12.131,"dispatched":0,"skipped":0} 
[2026-05-17 14:28:01] production.INFO: ScheduledJobManager started {"execution_time":"2026-05-17T14:28:01+00:00"} 
[2026-05-17 14:28:01] production.INFO: ScheduledJobManager completed {"execution_time":"2026-05-17T14:28:01+00:00","duration_ms":12.644,"dispatched":0,"skipped":0} 
[2026-05-17 14:29:01] production.INFO: ScheduledJobManager started {"execution_time":"2026-05-17T14:29:01+00:00"} 
[2026-05-17 14:29:01] production.INFO: ScheduledJobManager completed {"execution_time":"2026-05-17T14:29:01+00:00","duration_ms":12.059,"dispatched":0,"skipped":0} 
[2026-05-17 14:30:01] production.INFO: ScheduledJobManager started {"execution_time":"2026-05-17T14:30:01+00:00"} 
[2026-05-17 14:30:01] production.INFO: ScheduledJobManager completed {"execution_time":"2026-05-17T14:30:01+00:00","duration_ms":5.788,"dispatched":0,"skipped":0} 
[2026-05-17 14:31:01] production.INFO: ScheduledJobManager started {"execution_time":"2026-05-17T14:31:01+00:00"} 
[2026-05-17 14:31:01] production.INFO: ScheduledJobManager completed {"execution_time":"2026-05-17T14:31:01+00:00","duration_ms":12.658,"dispatched":0,"skipped":0} 
[2026-05-17 14:32:01] production.INFO: ScheduledJobManager started {"execution_time":"2026-05-17T14:32:01+00:00"} 
[2026-05-17 14:32:01] production.INFO: ScheduledJobManager completed {"execution_time":"2026-05-17T14:32:01+00:00","duration_ms":12.749,"dispatched":0,"skipped":0} 
[2026-05-17 14:33:01] production.INFO: ScheduledJobManager started {"execution_time":"2026-05-17T14:33:01+00:00"} 
[2026-05-17 14:33:01] production.INFO: ScheduledJobManager completed {"execution_time":"2026-05-17T14:33:01+00:00","duration_ms":12.937,"dispatched":0,"skipped":0} 
[2026-05-17 14:34:01] production.INFO: ScheduledJobManager started {"execution_time":"2026-05-17T14:34:01+00:00"} 
[2026-05-17 14:34:01] production.INFO: ScheduledJobManager completed {"execution_time":"2026-05-17T14:34:01+00:00","duration_ms":11.094,"dispatched":0,"skipped":0} 
[2026-05-17 14:35:01] production.INFO: ScheduledJobManager started {"execution_time":"2026-05-17T14:35:01+00:00"} 
[2026-05-17 14:35:01] production.INFO: ScheduledJobManager completed {"execution_time":"2026-05-17T14:35:01+00:00","duration_ms":12.533,"dispatched":0,"skipped":0} 
[2026-05-17 14:36:01] production.INFO: ScheduledJobManager started {"execution_time":"2026-05-17T14:36:01+00:00"} 
[2026-05-17 14:36:01] production.INFO: ScheduledJobManager completed {"execution_time":"2026-05-17T14:36:01+00:00","duration_ms":12.983,"dispatched":0,"skipped":0} 
[2026-05-17 14:37:01] production.INFO: ScheduledJobManager started {"execution_time":"2026-05-17T14:37:01+00:00"} 
[2026-05-17 14:37:01] production.INFO: ScheduledJobManager completed {"execution_time":"2026-05-17T14:37:01+00:00","duration_ms":11.567,"dispatched":0,"skipped":0} 
[2026-05-17 14:38:01] production.INFO: ScheduledJobManager started {"execution_time":"2026-05-17T14:38:01+00:00"} 
[2026-05-17 14:38:01] production.INFO: ScheduledJobManager completed {"execution_time":"2026-05-17T14:38:01+00:00","duration_ms":12.272,"dispatched":0,"skipped":0} 
[2026-05-17 14:39:01] production.INFO: ScheduledJobManager started {"execution_time":"2026-05-17T14:39:01+00:00"} 
[2026-05-17 14:39:01] production.INFO: ScheduledJobManager completed {"execution_time":"2026-05-17T14:39:01+00:00","duration_ms":11.822,"dispatched":0,"skipped":0} 
[2026-05-17 14:40:01] production.INFO: ScheduledJobManager started {"execution_time":"2026-05-17T14:40:01+00:00"} 
[2026-05-17 14:40:01] production.INFO: ScheduledJobManager completed {"execution_time":"2026-05-17T14:40:01+00:00","duration_ms":5.281,"dispatched":0,"skipped":0} 
[2026-05-17 14:41:01] production.INFO: ScheduledJobManager started {"execution_time":"2026-05-17T14:41:01+00:00"} 
[2026-05-17 14:41:01] production.INFO: ScheduledJobManager completed {"execution_time":"2026-05-17T14:41:01+00:00","duration_ms":12.886,"dispatched":0,"skipped":0} 
[2026-05-17 14:42:01] production.INFO: ScheduledJobManager started {"execution_time":"2026-05-17T14:42:01+00:00"} 
[2026-05-17 14:42:01] production.INFO: ScheduledJobManager completed {"execution_time":"2026-05-17T14:42:01+00:00","duration_ms":12.502,"dispatched":0,"skipped":0} 
[2026-05-17 14:43:01] production.INFO: ScheduledJobManager started {"execution_time":"2026-05-17T14:43:01+00:00"} 
[2026-05-17 14:43:01] production.INFO: ScheduledJobManager completed {"execution_time":"2026-05-17T14:43:01+00:00","duration_ms":12.432,"dispatched":0,"skipped":0} 
[2026-05-17 14:44:01] production.INFO: ScheduledJobManager started {"execution_time":"2026-05-17T14:44:01+00:00"} 
[2026-05-17 14:44:01] production.INFO: ScheduledJobManager completed {"execution_time":"2026-05-17T14:44:01+00:00","duration_ms":11.127,"dispatched":0,"skipped":0} 
[2026-05-17 14:45:01] production.INFO: ScheduledJobManager started {"execution_time":"2026-05-17T14:45:01+00:00"} 
[2026-05-17 14:45:01] production.INFO: ScheduledJobManager completed {"execution_time":"2026-05-17T14:45:01+00:00","duration_ms":12.687,"dispatched":0,"skipped":0} 
[2026-05-17 14:46:01] production.INFO: ScheduledJobManager started {"execution_time":"2026-05-17T14:46:01+00:00"} 
[2026-05-17 14:46:01] production.INFO: ScheduledJobManager completed {"execution_time":"2026-05-17T14:46:01+00:00","duration_ms":12.593,"dispatched":0,"skipped":0} 
[2026-05-17 14:47:01] production.INFO: ScheduledJobManager started {"execution_time":"2026-05-17T14:47:01+00:00"} 
[2026-05-17 14:47:01] production.INFO: ScheduledJobManager completed {"execution_time":"2026-05-17T14:47:01+00:00","duration_ms":12.804,"dispatched":0,"skipped":0} 
[2026-05-17 14:48:01] production.INFO: ScheduledJobManager started {"execution_time":"2026-05-17T14:48:01+00:00"} 
[2026-05-17 14:48:01] production.INFO: ScheduledJobManager completed {"execution_time":"2026-05-17T14:48:01+00:00","duration_ms":13.093,"dispatched":0,"skipped":0} 
[2026-05-17 14:49:01] production.INFO: ScheduledJobManager started {"execution_time":"2026-05-17T14:49:01+00:00"} 
[2026-05-17 14:49:01] production.INFO: ScheduledJobManager completed {"execution_time":"2026-05-17T14:49:01+00:00","duration_ms":12.926,"dispatched":0,"skipped":0} 
[2026-05-17 14:50:01] production.INFO: ScheduledJobManager started {"execution_time":"2026-05-17T14:50:01+00:00"} 
[2026-05-17 14:50:01] production.INFO: ScheduledJobManager completed {"execution_time":"2026-05-17T14:50:01+00:00","duration_ms":12.928,"dispatched":0,"skipped":0} 
[2026-05-17 14:51:01] production.INFO: ScheduledJobManager started {"execution_time":"2026-05-17T14:51:01+00:00"} 
[2026-05-17 14:51:01] production.INFO: ScheduledJobManager completed {"execution_time":"2026-05-17T14:51:01+00:00","duration_ms":12.505,"dispatched":0,"skipped":0} 
[2026-05-17 14:52:01] production.INFO: ScheduledJobManager started {"execution_time":"2026-05-17T14:52:01+00:00"} 
[2026-05-17 14:52:01] production.INFO: ScheduledJobManager completed {"execution_time":"2026-05-17T14:52:01+00:00","duration_ms":13.006,"dispatched":0,"skipped":0} 
[2026-05-17 14:53:01] production.INFO: ScheduledJobManager started {"execution_time":"2026-05-17T14:53:01+00:00"} 
[2026-05-17 14:53:01] production.INFO: ScheduledJobManager completed {"execution_time":"2026-05-17T14:53:01+00:00","duration_ms":11.994,"dispatched":0,"skipped":0} 
[2026-05-17 14:54:01] production.INFO: ScheduledJobManager started {"execution_time":"2026-05-17T14:54:01+00:00"} 
[2026-05-17 14:54:01] production.INFO: ScheduledJobManager completed {"execution_time":"2026-05-17T14:54:01+00:00","duration_ms":7.205,"dispatched":0,"skipped":0} 
[2026-05-17 14:55:01] production.INFO: ScheduledJobManager started {"execution_time":"2026-05-17T14:55:01+00:00"} 
[2026-05-17 14:55:01] production.INFO: ScheduledJobManager completed {"execution_time":"2026-05-17T14:55:01+00:00","duration_ms":17.319,"dispatched":0,"skipped":0} 
[2026-05-17 14:56:01] production.INFO: ScheduledJobManager started {"execution_time":"2026-05-17T14:56:01+00:00"} 
[2026-05-17 14:56:01] production.INFO: ScheduledJobManager completed {"execution_time":"2026-05-17T14:56:01+00:00","duration_ms":12.601,"dispatched":0,"skipped":0} 
[2026-05-17 14:57:01] production.INFO: ScheduledJobManager started {"execution_time":"2026-05-17T14:57:01+00:00"} 
[2026-05-17 14:57:01] production.INFO: ScheduledJobManager completed {"execution_time":"2026-05-17T14:57:01+00:00","duration_ms":12.538,"dispatched":0,"skipped":0} 
[2026-05-17 14:58:01] production.INFO: ScheduledJobManager started {"execution_time":"2026-05-17T14:58:01+00:00"} 
[2026-05-17 14:58:01] production.INFO: ScheduledJobManager completed {"execution_time":"2026-05-17T14:58:01+00:00","duration_ms":12.454,"dispatched":0,"skipped":0} 
[2026-05-17 14:59:01] production.INFO: ScheduledJobManager started {"execution_time":"2026-05-17T14:59:01+00:00"} 
[2026-05-17 14:59:01] production.INFO: ScheduledJobManager completed {"execution_time":"2026-05-17T14:59:01+00:00","duration_ms":11.852,"dispatched":0,"skipped":0} 
[2026-05-17 15:00:02] production.INFO: ScheduledJobManager started {"execution_time":"2026-05-17T15:00:02+00:00"} 
[2026-05-17 15:00:02] production.INFO: ScheduledJobManager completed {"execution_time":"2026-05-17T15:00:02+00:00","duration_ms":5.249,"dispatched":0,"skipped":0} 
[2026-05-17 15:01:01] production.INFO: ScheduledJobManager started {"execution_time":"2026-05-17T15:01:01+00:00"} 
[2026-05-17 15:01:01] production.INFO: ScheduledJobManager completed {"execution_time":"2026-05-17T15:01:01+00:00","duration_ms":12.599,"dispatched":0,"skipped":0} 
[2026-05-17 15:02:01] production.INFO: ScheduledJobManager started {"execution_time":"2026-05-17T15:02:01+00:00"} 
[2026-05-17 15:02:01] production.INFO: ScheduledJobManager completed {"execution_time":"2026-05-17T15:02:01+00:00","duration_ms":13.26,"dispatched":0,"skipped":0} 
[2026-05-17 15:03:01] production.INFO: ScheduledJobManager started {"execution_time":"2026-05-17T15:03:01+00:00"} 
[2026-05-17 15:03:01] production.INFO: ScheduledJobManager completed {"execution_time":"2026-05-17T15:03:01+00:00","duration_ms":13.166,"dispatched":0,"skipped":0} 
[2026-05-17 15:04:01] production.INFO: ScheduledJobManager started {"execution_time":"2026-05-17T15:04:01+00:00"} 
[2026-05-17 15:04:01] production.INFO: ScheduledJobManager completed {"execution_time":"2026-05-17T15:04:01+00:00","duration_ms":12.646,"dispatched":0,"skipped":0} 
[2026-05-17 15:05:01] production.INFO: ScheduledJobManager started {"execution_time":"2026-05-17T15:05:01+00:00"} 
[2026-05-17 15:05:01] production.INFO: ScheduledJobManager completed {"execution_time":"2026-05-17T15:05:01+00:00","duration_ms":12.393,"dispatched":0,"skipped":0} 
[2026-05-17 15:06:01] production.INFO: ScheduledJobManager started {"execution_time":"2026-05-17T15:06:01+00:00"} 
[2026-05-17 15:06:01] production.INFO: ScheduledJobManager completed {"execution_time":"2026-05-17T15:06:01+00:00","duration_ms":11.614,"dispatched":0,"skipped":0} 
[2026-05-17 15:07:01] production.INFO: ScheduledJobManager started {"execution_time":"2026-05-17T15:07:01+00:00"} 
[2026-05-17 15:07:01] production.INFO: ScheduledJobManager completed {"execution_time":"2026-05-17T15:07:01+00:00","duration_ms":12.894,"dispatched":0,"skipped":0} 
[2026-05-17 15:08:01] production.INFO: ScheduledJobManager started {"execution_time":"2026-05-17T15:08:01+00:00"} 
[2026-05-17 15:08:01] production.INFO: ScheduledJobManager completed {"execution_time":"2026-05-17T15:08:01+00:00","duration_ms":5.379,"dispatched":0,"skipped":0} 
[2026-05-17 15:09:01] production.INFO: ScheduledJobManager started {"execution_time":"2026-05-17T15:09:01+00:00"} 
[2026-05-17 15:09:01] production.INFO: ScheduledJobManager completed {"execution_time":"2026-05-17T15:09:01+00:00","duration_ms":12.829,"dispatched":0,"skipped":0} 
[2026-05-17 15:10:01] production.INFO: ScheduledJobManager started {"execution_time":"2026-05-17T15:10:01+00:00"} 
[2026-05-17 15:10:01] production.INFO: ScheduledJobManager completed {"execution_time":"2026-05-17T15:10:01+00:00","duration_ms":5.68,"dispatched":0,"skipped":0} 
[2026-05-17 15:11:01] production.INFO: ScheduledJobManager started {"execution_time":"2026-05-17T15:11:01+00:00"} 
[2026-05-17 15:11:01] production.INFO: ScheduledJobManager completed {"execution_time":"2026-05-17T15:11:01+00:00","duration_ms":12.128,"dispatched":0,"skipped":0} 
[2026-05-17 15:12:01] production.INFO: ScheduledJobManager started {"execution_time":"2026-05-17T15:12:01+00:00"} 
[2026-05-17 15:12:01] production.INFO: ScheduledJobManager completed {"execution_time":"2026-05-17T15:12:01+00:00","duration_ms":13.168,"dispatched":0,"skipped":0} 
[2026-05-17 15:13:01] production.INFO: ScheduledJobManager started {"execution_time":"2026-05-17T15:13:01+00:00"} 
[2026-05-17 15:13:01] production.INFO: ScheduledJobManager completed {"execution_time":"2026-05-17T15:13:01+00:00","duration_ms":12.818,"dispatched":0,"skipped":0} 
[2026-05-17 15:14:01] production.INFO: ScheduledJobManager started {"execution_time":"2026-05-17T15:14:01+00:00"} 
[2026-05-17 15:14:01] production.INFO: ScheduledJobManager completed {"execution_time":"2026-05-17T15:14:01+00:00","duration_ms":12.972,"dispatched":0,"skipped":0} 
[2026-05-17 15:15:01] production.INFO: ScheduledJobManager started {"execution_time":"2026-05-17T15:15:01+00:00"} 
[2026-05-17 15:15:01] production.INFO: ScheduledJobManager completed {"execution_time":"2026-05-17T15:15:01+00:00","duration_ms":12.208,"dispatched":0,"skipped":0} 
[2026-05-17 15:16:01] production.INFO: ScheduledJobManager started {"execution_time":"2026-05-17T15:16:01+00:00"} 
[2026-05-17 15:16:01] production.INFO: ScheduledJobManager completed {"execution_time":"2026-05-17T15:16:01+00:00","duration_ms":11.571,"dispatched":0,"skipped":0} 
[2026-05-17 15:17:01] production.INFO: ScheduledJobManager started {"execution_time":"2026-05-17T15:17:01+00:00"} 
[2026-05-17 15:17:01] production.INFO: ScheduledJobManager completed {"execution_time":"2026-05-17T15:17:01+00:00","duration_ms":12.838,"dispatched":0,"skipped":0} 
[2026-05-17 15:18:01] production.INFO: ScheduledJobManager started {"execution_time":"2026-05-17T15:18:01+00:00"} 
[2026-05-17 15:18:01] production.INFO: ScheduledJobManager completed {"execution_time":"2026-05-17T15:18:01+00:00","duration_ms":11.612,"dispatched":0,"skipped":0} 
[2026-05-17 15:19:01] production.INFO: ScheduledJobManager started {"execution_time":"2026-05-17T15:19:01+00:00"} 
[2026-05-17 15:19:01] production.INFO: ScheduledJobManager completed {"execution_time":"2026-05-17T15:19:01+00:00","duration_ms":11.272,"dispatched":0,"skipped":0} 
[2026-05-17 15:20:01] production.INFO: ScheduledJobManager started {"execution_time":"2026-05-17T15:20:01+00:00"} 
[2026-05-17 15:20:01] production.INFO: ScheduledJobManager completed {"execution_time":"2026-05-17T15:20:01+00:00","duration_ms":12.96,"dispatched":0,"skipped":0} 
[2026-05-17 15:21:01] production.INFO: ScheduledJobManager started {"execution_time":"2026-05-17T15:21:01+00:00"} 
[2026-05-17 15:21:01] production.INFO: ScheduledJobManager completed {"execution_time":"2026-05-17T15:21:01+00:00","duration_ms":11.885,"dispatched":0,"skipped":0} 
[2026-05-17 15:22:01] production.INFO: ScheduledJobManager started {"execution_time":"2026-05-17T15:22:01+00:00"} 
[2026-05-17 15:22:01] production.INFO: ScheduledJobManager completed {"execution_time":"2026-05-17T15:22:01+00:00","duration_ms":12.67,"dispatched":0,"skipped":0} 
[2026-05-17 15:23:01] production.INFO: ScheduledJobManager started {"execution_time":"2026-05-17T15:23:01+00:00"} 
[2026-05-17 15:23:01] production.INFO: ScheduledJobManager completed {"execution_time":"2026-05-17T15:23:01+00:00","duration_ms":13.051,"dispatched":0,"skipped":0} 
[2026-05-17 15:24:01] production.INFO: ScheduledJobManager started {"execution_time":"2026-05-17T15:24:01+00:00"} 
[2026-05-17 15:24:01] production.INFO: ScheduledJobManager completed {"execution_time":"2026-05-17T15:24:01+00:00","duration_ms":5.533,"dispatched":0,"skipped":0} 
[2026-05-17 15:25:01] production.INFO: ScheduledJobManager started {"execution_time":"2026-05-17T15:25:01+00:00"} 
[2026-05-17 15:25:01] production.INFO: ScheduledJobManager completed {"execution_time":"2026-05-17T15:25:01+00:00","duration_ms":13.14,"dispatched":0,"skipped":0} 
[2026-05-17 15:26:01] production.INFO: ScheduledJobManager started {"execution_time":"2026-05-17T15:26:01+00:00"} 
[2026-05-17 15:26:01] production.INFO: ScheduledJobManager completed {"execution_time":"2026-05-17T15:26:01+00:00","duration_ms":11.536,"dispatched":0,"skipped":0} 
[2026-05-17 15:27:01] production.INFO: ScheduledJobManager started {"execution_time":"2026-05-17T15:27:01+00:00"} 
[2026-05-17 15:27:01] production.INFO: ScheduledJobManager completed {"execution_time":"2026-05-17T15:27:01+00:00","duration_ms":11.654,"dispatched":0,"skipped":0} 
[2026-05-17 15:28:01] production.INFO: ScheduledJobManager started {"execution_time":"2026-05-17T15:28:01+00:00"} 
[2026-05-17 15:28:01] production.INFO: ScheduledJobManager completed {"execution_time":"2026-05-17T15:28:01+00:00","duration_ms":28.009,"dispatched":0,"skipped":0} 
[2026-05-17 15:29:01] production.INFO: ScheduledJobManager started {"execution_time":"2026-05-17T15:29:01+00:00"} 
[2026-05-17 15:29:01] production.INFO: ScheduledJobManager completed {"execution_time":"2026-05-17T15:29:01+00:00","duration_ms":11.188,"dispatched":0,"skipped":0} 
[2026-05-17 15:30:01] production.INFO: ScheduledJobManager started {"execution_time":"2026-05-17T15:30:01+00:00"} 
[2026-05-17 15:30:01] production.INFO: ScheduledJobManager completed {"execution_time":"2026-05-17T15:30:01+00:00","duration_ms":12.788,"dispatched":0,"skipped":0} 
[2026-05-17 15:31:01] production.INFO: ScheduledJobManager started {"execution_time":"2026-05-17T15:31:01+00:00"} 
[2026-05-17 15:31:01] production.INFO: ScheduledJobManager completed {"execution_time":"2026-05-17T15:31:01+00:00","duration_ms":11.617,"dispatched":0,"skipped":0} 
[2026-05-17 15:32:01] production.INFO: ScheduledJobManager started {"execution_time":"2026-05-17T15:32:01+00:00"} 
[2026-05-17 15:32:01] production.INFO: ScheduledJobManager completed {"execution_time":"2026-05-17T15:32:01+00:00","duration_ms":12.307,"dispatched":0,"skipped":0} 
[2026-05-17 15:33:01] production.INFO: ScheduledJobManager started {"execution_time":"2026-05-17T15:33:01+00:00"} 
[2026-05-17 15:33:01] production.INFO: ScheduledJobManager completed {"execution_time":"2026-05-17T15:33:01+00:00","duration_ms":12.796,"dispatched":0,"skipped":0} 
[2026-05-17 15:34:01] production.INFO: ScheduledJobManager started {"execution_time":"2026-05-17T15:34:01+00:00"} 
[2026-05-17 15:34:01] production.INFO: ScheduledJobManager completed {"execution_time":"2026-05-17T15:34:01+00:00","duration_ms":12.751,"dispatched":0,"skipped":0} 
[2026-05-17 15:35:01] production.INFO: ScheduledJobManager started {"execution_time":"2026-05-17T15:35:01+00:00"} 
[2026-05-17 15:35:01] production.INFO: ScheduledJobManager completed {"execution_time":"2026-05-17T15:35:01+00:00","duration_ms":12.653,"dispatched":0,"skipped":0} 
[2026-05-17 15:36:01] production.INFO: ScheduledJobManager started {"execution_time":"2026-05-17T15:36:01+00:00"} 
[2026-05-17 15:36:01] production.INFO: ScheduledJobManager completed {"execution_time":"2026-05-17T15:36:01+00:00","duration_ms":11.566,"dispatched":0,"skipped":0} 
[2026-05-17 15:37:01] production.INFO: ScheduledJobManager started {"execution_time":"2026-05-17T15:37:01+00:00"} 
[2026-05-17 15:37:01] production.INFO: ScheduledJobManager completed {"execution_time":"2026-05-17T15:37:01+00:00","duration_ms":12.855,"dispatched":0,"skipped":0} 
[2026-05-17 15:38:01] production.INFO: ScheduledJobManager started {"execution_time":"2026-05-17T15:38:01+00:00"} 
[2026-05-17 15:38:01] production.INFO: ScheduledJobManager completed {"execution_time":"2026-05-17T15:38:01+00:00","duration_ms":6.278,"dispatched":0,"skipped":0} 
[2026-05-17 15:39:01] production.INFO: ScheduledJobManager started {"execution_time":"2026-05-17T15:39:01+00:00"} 
[2026-05-17 15:39:01] production.INFO: ScheduledJobManager completed {"execution_time":"2026-05-17T15:39:01+00:00","duration_ms":14.443,"dispatched":0,"skipped":0} 
[2026-05-17 15:40:01] production.INFO: ScheduledJobManager started {"execution_time":"2026-05-17T15:40:01+00:00"} 
[2026-05-17 15:40:01] production.INFO: ScheduledJobManager completed {"execution_time":"2026-05-17T15:40:01+00:00","duration_ms":5.026,"dispatched":0,"skipped":0} 
[2026-05-17 15:41:01] production.INFO: ScheduledJobManager started {"execution_time":"2026-05-17T15:41:01+00:00"} 
[2026-05-17 15:41:01] production.INFO: ScheduledJobManager completed {"execution_time":"2026-05-17T15:41:01+00:00","duration_ms":12.247,"dispatched":0,"skipped":0} 
[2026-05-17 15:42:01] production.INFO: ScheduledJobManager started {"execution_time":"2026-05-17T15:42:01+00:00"} 
[2026-05-17 15:42:01] production.INFO: ScheduledJobManager completed {"execution_time":"2026-05-17T15:42:01+00:00","duration_ms":11.678,"dispatched":0,"skipped":0} 
[2026-05-17 15:43:01] production.INFO: ScheduledJobManager started {"execution_time":"2026-05-17T15:43:01+00:00"} 
[2026-05-17 15:43:01] production.INFO: ScheduledJobManager completed {"execution_time":"2026-05-17T15:43:01+00:00","duration_ms":12.532,"dispatched":0,"skipped":0} 
[2026-05-17 15:44:01] production.INFO: ScheduledJobManager started {"execution_time":"2026-05-17T15:44:01+00:00"} 
[2026-05-17 15:44:01] production.INFO: ScheduledJobManager completed {"execution_time":"2026-05-17T15:44:01+00:00","duration_ms":12.629,"dispatched":0,"skipped":0} 
[2026-05-17 15:45:01] production.INFO: ScheduledJobManager started {"execution_time":"2026-05-17T15:45:01+00:00"} 
[2026-05-17 15:45:01] production.INFO: ScheduledJobManager completed {"execution_time":"2026-05-17T15:45:01+00:00","duration_ms":11.274,"dispatched":0,"skipped":0} 
[2026-05-17 15:46:01] production.INFO: ScheduledJobManager started {"execution_time":"2026-05-17T15:46:01+00:00"} 
[2026-05-17 15:46:01] production.INFO: ScheduledJobManager completed {"execution_time":"2026-05-17T15:46:01+00:00","duration_ms":12.557,"dispatched":0,"skipped":0} 
[2026-05-17 15:47:01] production.INFO: ScheduledJobManager started {"execution_time":"2026-05-17T15:47:01+00:00"} 
[2026-05-17 15:47:01] production.INFO: ScheduledJobManager completed {"execution_time":"2026-05-17T15:47:01+00:00","duration_ms":12.797,"dispatched":0,"skipped":0} 
[2026-05-17 15:48:01] production.INFO: ScheduledJobManager started {"execution_time":"2026-05-17T15:48:01+00:00"} 
[2026-05-17 15:48:01] production.INFO: ScheduledJobManager completed {"execution_time":"2026-05-17T15:48:01+00:00","duration_ms":12.539,"dispatched":0,"skipped":0} 
[2026-05-17 15:49:01] production.INFO: ScheduledJobManager started {"execution_time":"2026-05-17T15:49:01+00:00"} 
[2026-05-17 15:49:01] production.INFO: ScheduledJobManager completed {"execution_time":"2026-05-17T15:49:01+00:00","duration_ms":12.555,"dispatched":0,"skipped":0} 
[2026-05-17 15:50:01] production.INFO: ScheduledJobManager started {"execution_time":"2026-05-17T15:50:01+00:00"} 
[2026-05-17 15:50:01] production.INFO: ScheduledJobManager completed {"execution_time":"2026-05-17T15:50:01+00:00","duration_ms":14.844,"dispatched":0,"skipped":0} 
[2026-05-17 15:51:01] production.INFO: ScheduledJobManager started {"execution_time":"2026-05-17T15:51:01+00:00"} 
[2026-05-17 15:51:01] production.INFO: ScheduledJobManager completed {"execution_time":"2026-05-17T15:51:01+00:00","duration_ms":13.118,"dispatched":0,"skipped":0} 
[2026-05-17 15:52:02] production.INFO: ScheduledJobManager started {"execution_time":"2026-05-17T15:52:02+00:00"} 
[2026-05-17 15:52:02] production.INFO: ScheduledJobManager completed {"execution_time":"2026-05-17T15:52:02+00:00","duration_ms":19.779,"dispatched":0,"skipped":0} 
[2026-05-17 15:53:01] production.INFO: ScheduledJobManager started {"execution_time":"2026-05-17T15:53:01+00:00"} 
[2026-05-17 15:53:01] production.INFO: ScheduledJobManager completed {"execution_time":"2026-05-17T15:53:01+00:00","duration_ms":12.638,"dispatched":0,"skipped":0} 
[2026-05-17 15:54:01] production.INFO: ScheduledJobManager started {"execution_time":"2026-05-17T15:54:01+00:00"} 
[2026-05-17 15:54:01] production.INFO: ScheduledJobManager completed {"execution_time":"2026-05-17T15:54:01+00:00","duration_ms":5.416,"dispatched":0,"skipped":0} 
[2026-05-17 15:55:01] production.INFO: ScheduledJobManager started {"execution_time":"2026-05-17T15:55:01+00:00"} 
[2026-05-17 15:55:01] production.INFO: ScheduledJobManager completed {"execution_time":"2026-05-17T15:55:01+00:00","duration_ms":11.418,"dispatched":0,"skipped":0} 
[2026-05-17 15:56:01] production.INFO: ScheduledJobManager started {"execution_time":"2026-05-17T15:56:01+00:00"} 
[2026-05-17 15:56:01] production.INFO: ScheduledJobManager completed {"execution_time":"2026-05-17T15:56:01+00:00","duration_ms":12.717,"dispatched":0,"skipped":0} 
[2026-05-17 15:57:01] production.INFO: ScheduledJobManager started {"execution_time":"2026-05-17T15:57:01+00:00"} 
[2026-05-17 15:57:01] production.INFO: ScheduledJobManager completed {"execution_time":"2026-05-17T15:57:01+00:00","duration_ms":12.931,"dispatched":0,"skipped":0} 
[2026-05-17 15:58:01] production.INFO: ScheduledJobManager started {"execution_time":"2026-05-17T15:58:01+00:00"} 
[2026-05-17 15:58:01] production.INFO: ScheduledJobManager completed {"execution_time":"2026-05-17T15:58:01+00:00","duration_ms":13.053,"dispatched":0,"skipped":0} 
[2026-05-17 15:59:01] production.INFO: ScheduledJobManager started {"execution_time":"2026-05-17T15:59:01+00:00"} 
[2026-05-17 15:59:01] production.INFO: ScheduledJobManager completed {"execution_time":"2026-05-17T15:59:01+00:00","duration_ms":17.888,"dispatched":0,"skipped":0} 
[2026-05-17 16:00:02] production.INFO: ScheduledJobManager started {"execution_time":"2026-05-17T16:00:02+00:00"} 
[2026-05-17 16:00:02] production.INFO: ScheduledJobManager completed {"execution_time":"2026-05-17T16:00:02+00:00","duration_ms":5.4,"dispatched":0,"skipped":0} 
[2026-05-17 16:01:01] production.INFO: ScheduledJobManager started {"execution_time":"2026-05-17T16:01:01+00:00"} 
[2026-05-17 16:01:01] production.INFO: ScheduledJobManager completed {"execution_time":"2026-05-17T16:01:01+00:00","duration_ms":12.548,"dispatched":0,"skipped":0} 
[2026-05-17 16:02:01] production.INFO: ScheduledJobManager started {"execution_time":"2026-05-17T16:02:01+00:00"} 
[2026-05-17 16:02:01] production.INFO: ScheduledJobManager completed {"execution_time":"2026-05-17T16:02:01+00:00","duration_ms":12.473,"dispatched":0,"skipped":0} 
[2026-05-17 16:03:01] production.INFO: ScheduledJobManager started {"execution_time":"2026-05-17T16:03:01+00:00"} 
[2026-05-17 16:03:01] production.INFO: ScheduledJobManager completed {"execution_time":"2026-05-17T16:03:01+00:00","duration_ms":11.932,"dispatched":0,"skipped":0} 
[2026-05-17 16:04:01] production.INFO: ScheduledJobManager started {"execution_time":"2026-05-17T16:04:01+00:00"} 
[2026-05-17 16:04:01] production.INFO: ScheduledJobManager completed {"execution_time":"2026-05-17T16:04:01+00:00","duration_ms":12.806,"dispatched":0,"skipped":0} 
[2026-05-17 16:05:01] production.INFO: ScheduledJobManager started {"execution_time":"2026-05-17T16:05:01+00:00"} 
[2026-05-17 16:05:01] production.INFO: ScheduledJobManager completed {"execution_time":"2026-05-17T16:05:01+00:00","duration_ms":12.945,"dispatched":0,"skipped":0} 
[2026-05-17 16:06:01] production.INFO: ScheduledJobManager started {"execution_time":"2026-05-17T16:06:01+00:00"} 
[2026-05-17 16:06:01] production.INFO: ScheduledJobManager completed {"execution_time":"2026-05-17T16:06:01+00:00","duration_ms":12.741,"dispatched":0,"skipped":0} 
[2026-05-17 16:07:02] production.INFO: ScheduledJobManager started {"execution_time":"2026-05-17T16:07:02+00:00"} 
[2026-05-17 16:07:02] production.INFO: ScheduledJobManager completed {"execution_time":"2026-05-17T16:07:02+00:00","duration_ms":12.481,"dispatched":0,"skipped":0} 
[2026-05-17 16:08:01] production.INFO: ScheduledJobManager started {"execution_time":"2026-05-17T16:08:01+00:00"} 
[2026-05-17 16:08:01] production.INFO: ScheduledJobManager completed {"execution_time":"2026-05-17T16:08:01+00:00","duration_ms":12.419,"dispatched":0,"skipped":0} 
[2026-05-17 16:09:01] production.INFO: ScheduledJobManager started {"execution_time":"2026-05-17T16:09:01+00:00"} 
[2026-05-17 16:09:01] production.INFO: ScheduledJobManager completed {"execution_time":"2026-05-17T16:09:01+00:00","duration_ms":12.904,"dispatched":0,"skipped":0} 
[2026-05-17 16:10:01] production.INFO: ScheduledJobManager started {"execution_time":"2026-05-17T16:10:01+00:00"} 
[2026-05-17 16:10:01] production.INFO: ScheduledJobManager completed {"execution_time":"2026-05-17T16:10:01+00:00","duration_ms":5.214,"dispatched":0,"skipped":0} 
[2026-05-17 16:11:01] production.INFO: ScheduledJobManager started {"execution_time":"2026-05-17T16:11:01+00:00"} 
[2026-05-17 16:11:01] production.INFO: ScheduledJobManager completed {"execution_time":"2026-05-17T16:11:01+00:00","duration_ms":12.804,"dispatched":0,"skipped":0} 
[2026-05-17 16:12:01] production.INFO: ScheduledJobManager started {"execution_time":"2026-05-17T16:12:01+00:00"} 
[2026-05-17 16:12:01] production.INFO: ScheduledJobManager completed {"execution_time":"2026-05-17T16:12:01+00:00","duration_ms":6.503,"dispatched":0,"skipped":0} 
[2026-05-17 16:13:01] production.INFO: ScheduledJobManager started {"execution_time":"2026-05-17T16:13:01+00:00"} 
[2026-05-17 16:13:01] production.INFO: ScheduledJobManager completed {"execution_time":"2026-05-17T16:13:01+00:00","duration_ms":11.952,"dispatched":0,"skipped":0} 
[2026-05-17 16:14:01] production.INFO: ScheduledJobManager started {"execution_time":"2026-05-17T16:14:01+00:00"} 
[2026-05-17 16:14:01] production.INFO: ScheduledJobManager completed {"execution_time":"2026-05-17T16:14:01+00:00","duration_ms":11.18,"dispatched":0,"skipped":0} 
[2026-05-17 16:15:01] production.INFO: ScheduledJobManager started {"execution_time":"2026-05-17T16:15:01+00:00"} 
[2026-05-17 16:15:01] production.INFO: ScheduledJobManager completed {"execution_time":"2026-05-17T16:15:01+00:00","duration_ms":12.928,"dispatched":0,"skipped":0} 
[2026-05-17 16:16:01] production.INFO: ScheduledJobManager started {"execution_time":"2026-05-17T16:16:01+00:00"} 
[2026-05-17 16:16:01] production.INFO: ScheduledJobManager completed {"execution_time":"2026-05-17T16:16:01+00:00","duration_ms":12.621,"dispatched":0,"skipped":0} 
[2026-05-17 16:17:01] production.INFO: ScheduledJobManager started {"execution_time":"2026-05-17T16:17:01+00:00"} 
[2026-05-17 16:17:01] production.INFO: ScheduledJobManager completed {"execution_time":"2026-05-17T16:17:01+00:00","duration_ms":13.049,"dispatched":0,"skipped":0} 
[2026-05-17 16:18:01] production.INFO: ScheduledJobManager started {"execution_time":"2026-05-17T16:18:01+00:00"} 
[2026-05-17 16:18:01] production.INFO: ScheduledJobManager completed {"execution_time":"2026-05-17T16:18:01+00:00","duration_ms":11.035,"dispatched":0,"skipped":0} 
[2026-05-17 16:19:01] production.INFO: ScheduledJobManager started {"execution_time":"2026-05-17T16:19:01+00:00"} 
[2026-05-17 16:19:01] production.INFO: ScheduledJobManager completed {"execution_time":"2026-05-17T16:19:01+00:00","duration_ms":11.909,"dispatched":0,"skipped":0} 
[2026-05-17 16:20:01] production.INFO: ScheduledJobManager started {"execution_time":"2026-05-17T16:20:01+00:00"} 
[2026-05-17 16:20:01] production.INFO: ScheduledJobManager completed {"execution_time":"2026-05-17T16:20:01+00:00","duration_ms":11.627,"dispatched":0,"skipped":0} 
[2026-05-17 16:21:01] production.INFO: ScheduledJobManager started {"execution_time":"2026-05-17T16:21:01+00:00"} 
[2026-05-17 16:21:01] production.INFO: ScheduledJobManager completed {"execution_time":"2026-05-17T16:21:01+00:00","duration_ms":13.111,"dispatched":0,"skipped":0} 
[2026-05-17 16:22:01] production.INFO: ScheduledJobManager started {"execution_time":"2026-05-17T16:22:01+00:00"} 
[2026-05-17 16:22:01] production.INFO: ScheduledJobManager completed {"execution_time":"2026-05-17T16:22:01+00:00","duration_ms":11.318,"dispatched":0,"skipped":0} 
[2026-05-17 16:23:02] production.INFO: ScheduledJobManager started {"execution_time":"2026-05-17T16:23:02+00:00"} 
[2026-05-17 16:23:02] production.INFO: ScheduledJobManager completed {"execution_time":"2026-05-17T16:23:02+00:00","duration_ms":12.675,"dispatched":0,"skipped":0} 
[2026-05-17 16:24:01] production.INFO: ScheduledJobManager started {"execution_time":"2026-05-17T16:24:01+00:00"} 
[2026-05-17 16:24:01] production.INFO: ScheduledJobManager completed {"execution_time":"2026-05-17T16:24:01+00:00","duration_ms":13.028,"dispatched":0,"skipped":0} 
[2026-05-17 16:25:01] production.INFO: ScheduledJobManager started {"execution_time":"2026-05-17T16:25:01+00:00"} 
[2026-05-17 16:25:01] production.INFO: ScheduledJobManager completed {"execution_time":"2026-05-17T16:25:01+00:00","duration_ms":4.315,"dispatched":0,"skipped":0} 
[2026-05-17 16:26:01] production.INFO: ScheduledJobManager started {"execution_time":"2026-05-17T16:26:01+00:00"} 
[2026-05-17 16:26:01] production.INFO: ScheduledJobManager completed {"execution_time":"2026-05-17T16:26:01+00:00","duration_ms":12.437,"dispatched":0,"skipped":0} 
[2026-05-17 16:27:01] production.INFO: ScheduledJobManager started {"execution_time":"2026-05-17T16:27:01+00:00"} 
[2026-05-17 16:27:01] production.INFO: ScheduledJobManager completed {"execution_time":"2026-05-17T16:27:01+00:00","duration_ms":12.635,"dispatched":0,"skipped":0} 
[2026-05-17 16:28:01] production.INFO: ScheduledJobManager started {"execution_time":"2026-05-17T16:28:01+00:00"} 
[2026-05-17 16:28:01] production.INFO: ScheduledJobManager completed {"execution_time":"2026-05-17T16:28:01+00:00","duration_ms":5.999,"dispatched":0,"skipped":0} 
[2026-05-17 16:29:01] production.INFO: ScheduledJobManager started {"execution_time":"2026-05-17T16:29:01+00:00"} 
[2026-05-17 16:29:01] production.INFO: ScheduledJobManager completed {"execution_time":"2026-05-17T16:29:01+00:00","duration_ms":12.136,"dispatched":0,"skipped":0} 
[2026-05-17 16:30:01] production.INFO: ScheduledJobManager started {"execution_time":"2026-05-17T16:30:01+00:00"} 
[2026-05-17 16:30:01] production.INFO: ScheduledJobManager completed {"execution_time":"2026-05-17T16:30:01+00:00","duration_ms":3.714,"dispatched":0,"skipped":0} 
[2026-05-17 16:31:01] production.INFO: ScheduledJobManager started {"execution_time":"2026-05-17T16:31:01+00:00"} 
[2026-05-17 16:31:01] production.INFO: ScheduledJobManager completed {"execution_time":"2026-05-17T16:31:01+00:00","duration_ms":12.822,"dispatched":0,"skipped":0} 
[2026-05-17 16:32:01] production.INFO: ScheduledJobManager started {"execution_time":"2026-05-17T16:32:01+00:00"} 
[2026-05-17 16:32:01] production.INFO: ScheduledJobManager completed {"execution_time":"2026-05-17T16:32:01+00:00","duration_ms":12.671,"dispatched":0,"skipped":0} 
[2026-05-17 16:33:01] production.INFO: ScheduledJobManager started {"execution_time":"2026-05-17T16:33:01+00:00"} 
[2026-05-17 16:33:01] production.INFO: ScheduledJobManager completed {"execution_time":"2026-05-17T16:33:01+00:00","duration_ms":11.689,"dispatched":0,"skipped":0} 
[2026-05-17 16:34:01] production.INFO: ScheduledJobManager started {"execution_time":"2026-05-17T16:34:01+00:00"} 
[2026-05-17 16:34:01] production.INFO: ScheduledJobManager completed {"execution_time":"2026-05-17T16:34:01+00:00","duration_ms":12.64,"dispatched":0,"skipped":0} 
[2026-05-17 16:35:01] production.INFO: ScheduledJobManager started {"execution_time":"2026-05-17T16:35:01+00:00"} 
[2026-05-17 16:35:01] production.INFO: ScheduledJobManager completed {"execution_time":"2026-05-17T16:35:01+00:00","duration_ms":12.916,"dispatched":0,"skipped":0} 
[2026-05-17 16:36:01] production.INFO: ScheduledJobManager started {"execution_time":"2026-05-17T16:36:01+00:00"} 
[2026-05-17 16:36:01] production.INFO: ScheduledJobManager completed {"execution_time":"2026-05-17T16:36:01+00:00","duration_ms":12.517,"dispatched":0,"skipped":0} 
[2026-05-17 16:37:01] production.INFO: ScheduledJobManager started {"execution_time":"2026-05-17T16:37:01+00:00"} 
[2026-05-17 16:37:01] production.INFO: ScheduledJobManager completed {"execution_time":"2026-05-17T16:37:01+00:00","duration_ms":12.755,"dispatched":0,"skipped":0} 
[2026-05-17 16:38:01] production.INFO: ScheduledJobManager started {"execution_time":"2026-05-17T16:38:01+00:00"} 
[2026-05-17 16:38:01] production.INFO: ScheduledJobManager completed {"execution_time":"2026-05-17T16:38:01+00:00","duration_ms":11.582,"dispatched":0,"skipped":0} 
[2026-05-17 16:39:01] production.INFO: ScheduledJobManager started {"execution_time":"2026-05-17T16:39:01+00:00"} 
[2026-05-17 16:39:01] production.INFO: ScheduledJobManager completed {"execution_time":"2026-05-17T16:39:01+00:00","duration_ms":12.629,"dispatched":0,"skipped":0} 
[2026-05-17 16:40:01] production.INFO: ScheduledJobManager started {"execution_time":"2026-05-17T16:40:01+00:00"} 
[2026-05-17 16:40:01] production.INFO: ScheduledJobManager completed {"execution_time":"2026-05-17T16:40:01+00:00","duration_ms":5.53,"dispatched":0,"skipped":0} 
[2026-05-17 16:41:01] production.INFO: ScheduledJobManager started {"execution_time":"2026-05-17T16:41:01+00:00"} 
[2026-05-17 16:41:01] production.INFO: ScheduledJobManager completed {"execution_time":"2026-05-17T16:41:01+00:00","duration_ms":11.418,"dispatched":0,"skipped":0} 
[2026-05-17 16:42:01] production.INFO: ScheduledJobManager started {"execution_time":"2026-05-17T16:42:01+00:00"} 
[2026-05-17 16:42:01] production.INFO: ScheduledJobManager completed {"execution_time":"2026-05-17T16:42:01+00:00","duration_ms":12.754,"dispatched":0,"skipped":0} 
[2026-05-17 16:43:01] production.INFO: ScheduledJobManager started {"execution_time":"2026-05-17T16:43:01+00:00"} 
[2026-05-17 16:43:01] production.INFO: ScheduledJobManager completed {"execution_time":"2026-05-17T16:43:01+00:00","duration_ms":16.326,"dispatched":0,"skipped":0} 
[2026-05-17 16:44:01] production.INFO: ScheduledJobManager started {"execution_time":"2026-05-17T16:44:01+00:00"} 
[2026-05-17 16:44:01] production.INFO: ScheduledJobManager completed {"execution_time":"2026-05-17T16:44:01+00:00","duration_ms":12.968,"dispatched":0,"skipped":0} 
[2026-05-17 16:45:01] production.INFO: ScheduledJobManager started {"execution_time":"2026-05-17T16:45:01+00:00"} 
[2026-05-17 16:45:01] production.INFO: ScheduledJobManager completed {"execution_time":"2026-05-17T16:45:01+00:00","duration_ms":3.693,"dispatched":0,"skipped":0} 
[2026-05-17 16:46:01] production.INFO: ScheduledJobManager started {"execution_time":"2026-05-17T16:46:01+00:00"} 
[2026-05-17 16:46:01] production.INFO: ScheduledJobManager completed {"execution_time":"2026-05-17T16:46:01+00:00","duration_ms":12.943,"dispatched":0,"skipped":0} 
[2026-05-17 16:47:01] production.INFO: ScheduledJobManager started {"execution_time":"2026-05-17T16:47:01+00:00"} 
[2026-05-17 16:47:01] production.INFO: ScheduledJobManager completed {"execution_time":"2026-05-17T16:47:01+00:00","duration_ms":11.425,"dispatched":0,"skipped":0} 
[2026-05-17 16:48:01] production.INFO: ScheduledJobManager started {"execution_time":"2026-05-17T16:48:01+00:00"} 
[2026-05-17 16:48:01] production.INFO: ScheduledJobManager completed {"execution_time":"2026-05-17T16:48:01+00:00","duration_ms":13.17,"dispatched":0,"skipped":0} 
[2026-05-17 16:49:01] production.INFO: ScheduledJobManager started {"execution_time":"2026-05-17T16:49:01+00:00"} 
[2026-05-17 16:49:01] production.INFO: ScheduledJobManager completed {"execution_time":"2026-05-17T16:49:01+00:00","duration_ms":12.389,"dispatched":0,"skipped":0} 
[2026-05-17 16:50:01] production.INFO: ScheduledJobManager started {"execution_time":"2026-05-17T16:50:01+00:00"} 
[2026-05-17 16:50:01] production.INFO: ScheduledJobManager completed {"execution_time":"2026-05-17T16:50:01+00:00","duration_ms":6.361,"dispatched":0,"skipped":0} 
[2026-05-17 16:51:01] production.INFO: ScheduledJobManager started {"execution_time":"2026-05-17T16:51:01+00:00"} 
[2026-05-17 16:51:01] production.INFO: ScheduledJobManager completed {"execution_time":"2026-05-17T16:51:01+00:00","duration_ms":17.023,"dispatched":0,"skipped":0} 
[2026-05-17 16:52:01] production.INFO: ScheduledJobManager started {"execution_time":"2026-05-17T16:52:01+00:00"} 
[2026-05-17 16:52:01] production.INFO: ScheduledJobManager completed {"execution_time":"2026-05-17T16:52:01+00:00","duration_ms":12.341,"dispatched":0,"skipped":0} 
[2026-05-17 16:53:01] production.INFO: ScheduledJobManager started {"execution_time":"2026-05-17T16:53:01+00:00"} 
[2026-05-17 16:53:01] production.INFO: ScheduledJobManager completed {"execution_time":"2026-05-17T16:53:01+00:00","duration_ms":12.741,"dispatched":0,"skipped":0} 
[2026-05-17 16:54:01] production.INFO: ScheduledJobManager started {"execution_time":"2026-05-17T16:54:01+00:00"} 
[2026-05-17 16:54:01] production.INFO: ScheduledJobManager completed {"execution_time":"2026-05-17T16:54:01+00:00","duration_ms":13.027,"dispatched":0,"skipped":0} 
[2026-05-17 16:55:01] production.INFO: ScheduledJobManager started {"execution_time":"2026-05-17T16:55:01+00:00"} 
[2026-05-17 16:55:01] production.INFO: ScheduledJobManager completed {"execution_time":"2026-05-17T16:55:01+00:00","duration_ms":4.388,"dispatched":0,"skipped":0} 
[2026-05-17 16:56:01] production.INFO: ScheduledJobManager started {"execution_time":"2026-05-17T16:56:01+00:00"} 
[2026-05-17 16:56:01] production.INFO: ScheduledJobManager completed {"execution_time":"2026-05-17T16:56:01+00:00","duration_ms":13.185,"dispatched":0,"skipped":0} 
[2026-05-17 16:57:01] production.INFO: ScheduledJobManager started {"execution_time":"2026-05-17T16:57:01+00:00"} 
[2026-05-17 16:57:01] production.INFO: ScheduledJobManager completed {"execution_time":"2026-05-17T16:57:01+00:00","duration_ms":12.463,"dispatched":0,"skipped":0} 
[2026-05-17 16:58:01] production.INFO: ScheduledJobManager started {"execution_time":"2026-05-17T16:58:01+00:00"} 
[2026-05-17 16:58:01] production.INFO: ScheduledJobManager completed {"execution_time":"2026-05-17T16:58:01+00:00","duration_ms":5.878,"dispatched":0,"skipped":0} 
[2026-05-17 16:59:01] production.INFO: ScheduledJobManager started {"execution_time":"2026-05-17T16:59:01+00:00"} 
[2026-05-17 16:59:01] production.INFO: ScheduledJobManager completed {"execution_time":"2026-05-17T16:59:01+00:00","duration_ms":12.403,"dispatched":0,"skipped":0} 
[2026-05-17 17:00:02] production.INFO: ScheduledJobManager started {"execution_time":"2026-05-17T17:00:02+00:00"} 
[2026-05-17 17:00:02] production.INFO: ScheduledJobManager completed {"execution_time":"2026-05-17T17:00:02+00:00","duration_ms":5.465,"dispatched":0,"skipped":0} 
[2026-05-17 17:01:01] production.INFO: ScheduledJobManager started {"execution_time":"2026-05-17T17:01:01+00:00"} 
[2026-05-17 17:01:01] production.INFO: ScheduledJobManager completed {"execution_time":"2026-05-17T17:01:01+00:00","duration_ms":11.558,"dispatched":0,"skipped":0} 
[2026-05-17 17:02:01] production.INFO: ScheduledJobManager started {"execution_time":"2026-05-17T17:02:01+00:00"} 
[2026-05-17 17:02:01] production.INFO: ScheduledJobManager completed {"execution_time":"2026-05-17T17:02:01+00:00","duration_ms":12.614,"dispatched":0,"skipped":0} 
[2026-05-17 17:03:01] production.INFO: ScheduledJobManager started {"execution_time":"2026-05-17T17:03:01+00:00"} 
[2026-05-17 17:03:01] production.INFO: ScheduledJobManager completed {"execution_time":"2026-05-17T17:03:01+00:00","duration_ms":12.831,"dispatched":0,"skipped":0} 
[2026-05-17 17:04:01] production.INFO: ScheduledJobManager started {"execution_time":"2026-05-17T17:04:01+00:00"} 
[2026-05-17 17:04:01] production.INFO: ScheduledJobManager completed {"execution_time":"2026-05-17T17:04:01+00:00","duration_ms":12.784,"dispatched":0,"skipped":0} 
[2026-05-17 17:05:01] production.INFO: ScheduledJobManager started {"execution_time":"2026-05-17T17:05:01+00:00"} 
[2026-05-17 17:05:01] production.INFO: ScheduledJobManager completed {"execution_time":"2026-05-17T17:05:01+00:00","duration_ms":13.076,"dispatched":0,"skipped":0} 
[2026-05-17 17:06:01] production.INFO: ScheduledJobManager started {"execution_time":"2026-05-17T17:06:01+00:00"} 
[2026-05-17 17:06:01] production.INFO: ScheduledJobManager completed {"execution_time":"2026-05-17T17:06:01+00:00","duration_ms":12.352,"dispatched":0,"skipped":0} 
[2026-05-17 17:07:01] production.INFO: ScheduledJobManager started {"execution_time":"2026-05-17T17:07:01+00:00"} 
[2026-05-17 17:07:01] production.INFO: ScheduledJobManager completed {"execution_time":"2026-05-17T17:07:01+00:00","duration_ms":11.313,"dispatched":0,"skipped":0} 
[2026-05-17 17:08:01] production.INFO: ScheduledJobManager started {"execution_time":"2026-05-17T17:08:01+00:00"} 
[2026-05-17 17:08:01] production.INFO: ScheduledJobManager completed {"execution_time":"2026-05-17T17:08:01+00:00","duration_ms":13.255,"dispatched":0,"skipped":0} 
[2026-05-17 17:09:01] production.INFO: ScheduledJobManager started {"execution_time":"2026-05-17T17:09:01+00:00"} 
[2026-05-17 17:09:01] production.INFO: ScheduledJobManager completed {"execution_time":"2026-05-17T17:09:01+00:00","duration_ms":12.54,"dispatched":0,"skipped":0} 
[2026-05-17 17:10:01] production.INFO: ScheduledJobManager started {"execution_time":"2026-05-17T17:10:01+00:00"} 
[2026-05-17 17:10:01] production.INFO: ScheduledJobManager completed {"execution_time":"2026-05-17T17:10:01+00:00","duration_ms":5.39,"dispatched":0,"skipped":0} 
[2026-05-17 17:11:01] production.INFO: ScheduledJobManager started {"execution_time":"2026-05-17T17:11:01+00:00"} 
[2026-05-17 17:11:01] production.INFO: ScheduledJobManager completed {"execution_time":"2026-05-17T17:11:01+00:00","duration_ms":12.618,"dispatched":0,"skipped":0} 
[2026-05-17 17:12:01] production.INFO: ScheduledJobManager started {"execution_time":"2026-05-17T17:12:01+00:00"} 
[2026-05-17 17:12:01] production.INFO: ScheduledJobManager completed {"execution_time":"2026-05-17T17:12:01+00:00","duration_ms":5.584,"dispatched":0,"skipped":0} 
[2026-05-17 17:13:01] production.INFO: ScheduledJobManager started {"execution_time":"2026-05-17T17:13:01+00:00"} 
[2026-05-17 17:13:01] production.INFO: ScheduledJobManager completed {"execution_time":"2026-05-17T17:13:01+00:00","duration_ms":12.586,"dispatched":0,"skipped":0} 
[2026-05-17 17:14:01] production.INFO: ScheduledJobManager started {"execution_time":"2026-05-17T17:14:01+00:00"} 
[2026-05-17 17:14:01] production.INFO: ScheduledJobManager completed {"execution_time":"2026-05-17T17:14:01+00:00","duration_ms":12.954,"dispatched":0,"skipped":0} 
[2026-05-17 17:15:01] production.INFO: ScheduledJobManager started {"execution_time":"2026-05-17T17:15:01+00:00"} 
[2026-05-17 17:15:01] production.INFO: ScheduledJobManager completed {"execution_time":"2026-05-17T17:15:01+00:00","duration_ms":4.392,"dispatched":0,"skipped":0} 
[2026-05-17 17:16:01] production.INFO: ScheduledJobManager started {"execution_time":"2026-05-17T17:16:01+00:00"} 
[2026-05-17 17:16:01] production.INFO: ScheduledJobManager completed {"execution_time":"2026-05-17T17:16:01+00:00","duration_ms":11.474,"dispatched":0,"skipped":0} 
[2026-05-17 17:17:01] production.INFO: ScheduledJobManager started {"execution_time":"2026-05-17T17:17:01+00:00"} 
[2026-05-17 17:17:01] production.INFO: ScheduledJobManager completed {"execution_time":"2026-05-17T17:17:01+00:00","duration_ms":12.749,"dispatched":0,"skipped":0} 
[2026-05-17 17:18:01] production.INFO: ScheduledJobManager started {"execution_time":"2026-05-17T17:18:01+00:00"} 
[2026-05-17 17:18:01] production.INFO: ScheduledJobManager completed {"execution_time":"2026-05-17T17:18:01+00:00","duration_ms":12.91,"dispatched":0,"skipped":0} 
[2026-05-17 17:19:01] production.INFO: ScheduledJobManager started {"execution_time":"2026-05-17T17:19:01+00:00"} 
[2026-05-17 17:19:01] production.INFO: ScheduledJobManager completed {"execution_time":"2026-05-17T17:19:01+00:00","duration_ms":12.515,"dispatched":0,"skipped":0} 
[2026-05-17 17:20:01] production.INFO: ScheduledJobManager started {"execution_time":"2026-05-17T17:20:01+00:00"} 
[2026-05-17 17:20:01] production.INFO: ScheduledJobManager completed {"execution_time":"2026-05-17T17:20:01+00:00","duration_ms":5.264,"dispatched":0,"skipped":0} 
[2026-05-17 17:21:01] production.INFO: ScheduledJobManager started {"execution_time":"2026-05-17T17:21:01+00:00"} 
[2026-05-17 17:21:01] production.INFO: ScheduledJobManager completed {"execution_time":"2026-05-17T17:21:01+00:00","duration_ms":12.064,"dispatched":0,"skipped":0} 
[2026-05-17 17:22:01] production.INFO: ScheduledJobManager started {"execution_time":"2026-05-17T17:22:01+00:00"} 
[2026-05-17 17:22:01] production.INFO: ScheduledJobManager completed {"execution_time":"2026-05-17T17:22:01+00:00","duration_ms":11.23,"dispatched":0,"skipped":0} 
[2026-05-17 17:23:01] production.INFO: ScheduledJobManager started {"execution_time":"2026-05-17T17:23:01+00:00"} 
[2026-05-17 17:23:01] production.INFO: ScheduledJobManager completed {"execution_time":"2026-05-17T17:23:01+00:00","duration_ms":12.403,"dispatched":0,"skipped":0} 
[2026-05-17 17:24:02] production.INFO: ScheduledJobManager started {"execution_time":"2026-05-17T17:24:02+00:00"} 
[2026-05-17 17:24:02] production.INFO: ScheduledJobManager completed {"execution_time":"2026-05-17T17:24:02+00:00","duration_ms":12.808,"dispatched":0,"skipped":0} 
[2026-05-17 17:25:02] production.INFO: ScheduledJobManager started {"execution_time":"2026-05-17T17:25:02+00:00"} 
[2026-05-17 17:25:02] production.INFO: ScheduledJobManager completed {"execution_time":"2026-05-17T17:25:02+00:00","duration_ms":12.972,"dispatched":0,"skipped":0} 
[2026-05-17 17:26:01] production.INFO: ScheduledJobManager started {"execution_time":"2026-05-17T17:26:01+00:00"} 
[2026-05-17 17:26:01] production.INFO: ScheduledJobManager completed {"execution_time":"2026-05-17T17:26:01+00:00","duration_ms":13.095,"dispatched":0,"skipped":0} 
[2026-05-17 17:27:01] production.INFO: ScheduledJobManager started {"execution_time":"2026-05-17T17:27:01+00:00"} 
[2026-05-17 17:27:01] production.INFO: ScheduledJobManager completed {"execution_time":"2026-05-17T17:27:01+00:00","duration_ms":20.027,"dispatched":0,"skipped":0} 
[2026-05-17 17:28:01] production.INFO: ScheduledJobManager started {"execution_time":"2026-05-17T17:28:01+00:00"} 
[2026-05-17 17:28:01] production.INFO: ScheduledJobManager completed {"execution_time":"2026-05-17T17:28:01+00:00","duration_ms":12.857,"dispatched":0,"skipped":0} 
[2026-05-17 17:29:01] production.INFO: ScheduledJobManager started {"execution_time":"2026-05-17T17:29:01+00:00"} 
[2026-05-17 17:29:01] production.INFO: ScheduledJobManager completed {"execution_time":"2026-05-17T17:29:01+00:00","duration_ms":12.572,"dispatched":0,"skipped":0} 
[2026-05-17 17:30:01] production.INFO: ScheduledJobManager started {"execution_time":"2026-05-17T17:30:01+00:00"} 
[2026-05-17 17:30:01] production.INFO: ScheduledJobManager completed {"execution_time":"2026-05-17T17:30:01+00:00","duration_ms":5.488,"dispatched":0,"skipped":0} 
[2026-05-17 17:31:01] production.INFO: ScheduledJobManager started {"execution_time":"2026-05-17T17:31:01+00:00"} 
[2026-05-17 17:31:01] production.INFO: ScheduledJobManager completed {"execution_time":"2026-05-17T17:31:01+00:00","duration_ms":11.49,"dispatched":0,"skipped":0} 
[2026-05-17 17:32:01] production.INFO: ScheduledJobManager started {"execution_time":"2026-05-17T17:32:01+00:00"} 
[2026-05-17 17:32:01] production.INFO: ScheduledJobManager completed {"execution_time":"2026-05-17T17:32:01+00:00","duration_ms":12.535,"dispatched":0,"skipped":0} 
[2026-05-17 17:33:01] production.INFO: ScheduledJobManager started {"execution_time":"2026-05-17T17:33:01+00:00"} 
[2026-05-17 17:33:01] production.INFO: ScheduledJobManager completed {"execution_time":"2026-05-17T17:33:01+00:00","duration_ms":11.262,"dispatched":0,"skipped":0} 
[2026-05-17 17:34:01] production.INFO: ScheduledJobManager started {"execution_time":"2026-05-17T17:34:01+00:00"} 
[2026-05-17 17:34:01] production.INFO: ScheduledJobManager completed {"execution_time":"2026-05-17T17:34:01+00:00","duration_ms":12.668,"dispatched":0,"skipped":0} 
[2026-05-17 17:35:01] production.INFO: ScheduledJobManager started {"execution_time":"2026-05-17T17:35:01+00:00"} 
[2026-05-17 17:35:01] production.INFO: ScheduledJobManager completed {"execution_time":"2026-05-17T17:35:01+00:00","duration_ms":12.16,"dispatched":0,"skipped":0} 
[2026-05-17 17:36:01] production.INFO: ScheduledJobManager started {"execution_time":"2026-05-17T17:36:01+00:00"} 
[2026-05-17 17:36:01] production.INFO: ScheduledJobManager completed {"execution_time":"2026-05-17T17:36:01+00:00","duration_ms":12.485,"dispatched":0,"skipped":0} 
[2026-05-17 17:37:01] production.INFO: ScheduledJobManager started {"execution_time":"2026-05-17T17:37:01+00:00"} 
[2026-05-17 17:37:01] production.INFO: ScheduledJobManager completed {"execution_time":"2026-05-17T17:37:01+00:00","duration_ms":12.986,"dispatched":0,"skipped":0} 
[2026-05-17 17:38:01] production.INFO: ScheduledJobManager started {"execution_time":"2026-05-17T17:38:01+00:00"} 
[2026-05-17 17:38:01] production.INFO: ScheduledJobManager completed {"execution_time":"2026-05-17T17:38:01+00:00","duration_ms":11.898,"dispatched":0,"skipped":0} 
[2026-05-17 17:39:02] production.INFO: ScheduledJobManager started {"execution_time":"2026-05-17T17:39:02+00:00"} 
[2026-05-17 17:39:02] production.INFO: ScheduledJobManager completed {"execution_time":"2026-05-17T17:39:02+00:00","duration_ms":11.788,"dispatched":0,"skipped":0} 
[2026-05-17 17:40:02] production.INFO: ScheduledJobManager started {"execution_time":"2026-05-17T17:40:02+00:00"} 
[2026-05-17 17:40:02] production.INFO: ScheduledJobManager completed {"execution_time":"2026-05-17T17:40:02+00:00","duration_ms":11.62,"dispatched":0,"skipped":0} 
[2026-05-17 17:41:01] production.INFO: ScheduledJobManager started {"execution_time":"2026-05-17T17:41:01+00:00"} 
[2026-05-17 17:41:01] production.INFO: ScheduledJobManager completed {"execution_time":"2026-05-17T17:41:01+00:00","duration_ms":12.9,"dispatched":0,"skipped":0} 
[2026-05-17 17:42:01] production.INFO: ScheduledJobManager started {"execution_time":"2026-05-17T17:42:01+00:00"} 
[2026-05-17 17:42:01] production.INFO: ScheduledJobManager completed {"execution_time":"2026-05-17T17:42:01+00:00","duration_ms":6.476,"dispatched":0,"skipped":0} 
[2026-05-17 17:43:01] production.INFO: ScheduledJobManager started {"execution_time":"2026-05-17T17:43:01+00:00"} 
[2026-05-17 17:43:01] production.INFO: ScheduledJobManager completed {"execution_time":"2026-05-17T17:43:01+00:00","duration_ms":12.858,"dispatched":0,"skipped":0} 
[2026-05-17 17:44:01] production.INFO: ScheduledJobManager started {"execution_time":"2026-05-17T17:44:01+00:00"} 
[2026-05-17 17:44:01] production.INFO: ScheduledJobManager completed {"execution_time":"2026-05-17T17:44:01+00:00","duration_ms":12.841,"dispatched":0,"skipped":0} 
[2026-05-17 17:45:01] production.INFO: ScheduledJobManager started {"execution_time":"2026-05-17T17:45:01+00:00"} 
[2026-05-17 17:45:01] production.INFO: ScheduledJobManager completed {"execution_time":"2026-05-17T17:45:01+00:00","duration_ms":4.127,"dispatched":0,"skipped":0} 
[2026-05-17 17:46:01] production.INFO: ScheduledJobManager started {"execution_time":"2026-05-17T17:46:01+00:00"} 
[2026-05-17 17:46:01] production.INFO: ScheduledJobManager completed {"execution_time":"2026-05-17T17:46:01+00:00","duration_ms":11.491,"dispatched":0,"skipped":0} 
[2026-05-17 17:47:01] production.INFO: ScheduledJobManager started {"execution_time":"2026-05-17T17:47:01+00:00"} 
[2026-05-17 17:47:01] production.INFO: ScheduledJobManager completed {"execution_time":"2026-05-17T17:47:01+00:00","duration_ms":12.746,"dispatched":0,"skipped":0} 
[2026-05-17 17:48:01] production.INFO: ScheduledJobManager started {"execution_time":"2026-05-17T17:48:01+00:00"} 
[2026-05-17 17:48:01] production.INFO: ScheduledJobManager completed {"execution_time":"2026-05-17T17:48:01+00:00","duration_ms":11.723,"dispatched":0,"skipped":0} 
[2026-05-17 17:49:01] production.INFO: ScheduledJobManager started {"execution_time":"2026-05-17T17:49:01+00:00"} 
[2026-05-17 17:49:01] production.INFO: ScheduledJobManager completed {"execution_time":"2026-05-17T17:49:01+00:00","duration_ms":12.662,"dispatched":0,"skipped":0} 
[2026-05-17 17:50:01] production.INFO: ScheduledJobManager started {"execution_time":"2026-05-17T17:50:01+00:00"} 
[2026-05-17 17:50:01] production.INFO: ScheduledJobManager completed {"execution_time":"2026-05-17T17:50:01+00:00","duration_ms":6.024,"dispatched":0,"skipped":0} 
[2026-05-17 17:51:01] production.INFO: ScheduledJobManager started {"execution_time":"2026-05-17T17:51:01+00:00"} 
[2026-05-17 17:51:01] production.INFO: ScheduledJobManager completed {"execution_time":"2026-05-17T17:51:01+00:00","duration_ms":12.619,"dispatched":0,"skipped":0} 
[2026-05-17 17:52:01] production.INFO: ScheduledJobManager started {"execution_time":"2026-05-17T17:52:01+00:00"} 
[2026-05-17 17:52:01] production.INFO: ScheduledJobManager completed {"execution_time":"2026-05-17T17:52:01+00:00","duration_ms":12.754,"dispatched":0,"skipped":0} 
[2026-05-17 17:53:01] production.INFO: ScheduledJobManager started {"execution_time":"2026-05-17T17:53:01+00:00"} 
[2026-05-17 17:53:02] production.INFO: ScheduledJobManager completed {"execution_time":"2026-05-17T17:53:01+00:00","duration_ms":12.516,"dispatched":0,"skipped":0} 
[2026-05-17 17:54:01] production.INFO: ScheduledJobManager started {"execution_time":"2026-05-17T17:54:01+00:00"} 
[2026-05-17 17:54:01] production.INFO: ScheduledJobManager completed {"execution_time":"2026-05-17T17:54:01+00:00","duration_ms":13.885,"dispatched":0,"skipped":0} 
[2026-05-17 17:55:01] production.INFO: ScheduledJobManager started {"execution_time":"2026-05-17T17:55:01+00:00"} 
[2026-05-17 17:55:01] production.INFO: ScheduledJobManager completed {"execution_time":"2026-05-17T17:55:01+00:00","duration_ms":4.216,"dispatched":0,"skipped":0} 
[2026-05-17 17:56:01] production.INFO: ScheduledJobManager started {"execution_time":"2026-05-17T17:56:01+00:00"} 
[2026-05-17 17:56:01] production.INFO: ScheduledJobManager completed {"execution_time":"2026-05-17T17:56:01+00:00","duration_ms":12.718,"dispatched":0,"skipped":0} 
[2026-05-17 17:57:01] production.INFO: ScheduledJobManager started {"execution_time":"2026-05-17T17:57:01+00:00"} 
[2026-05-17 17:57:01] production.INFO: ScheduledJobManager completed {"execution_time":"2026-05-17T17:57:01+00:00","duration_ms":12.461,"dispatched":0,"skipped":0} 
[2026-05-17 17:58:01] production.INFO: ScheduledJobManager started {"execution_time":"2026-05-17T17:58:01+00:00"} 
[2026-05-17 17:58:01] production.INFO: ScheduledJobManager completed {"execution_time":"2026-05-17T17:58:01+00:00","duration_ms":5.897,"dispatched":0,"skipped":0} 
[2026-05-17 17:59:01] production.INFO: ScheduledJobManager started {"execution_time":"2026-05-17T17:59:01+00:00"} 
[2026-05-17 17:59:01] production.INFO: ScheduledJobManager completed {"execution_time":"2026-05-17T17:59:01+00:00","duration_ms":12.048,"dispatched":0,"skipped":0} 
[2026-05-17 18:00:02] production.INFO: ScheduledJobManager started {"execution_time":"2026-05-17T18:00:02+00:00"} 
[2026-05-17 18:00:02] production.INFO: ScheduledJobManager completed {"execution_time":"2026-05-17T18:00:02+00:00","duration_ms":5.562,"dispatched":0,"skipped":0} 
[2026-05-17 18:01:01] production.INFO: ScheduledJobManager started {"execution_time":"2026-05-17T18:01:01+00:00"} 
[2026-05-17 18:01:01] production.INFO: ScheduledJobManager completed {"execution_time":"2026-05-17T18:01:01+00:00","duration_ms":12.808,"dispatched":0,"skipped":0} 
[2026-05-17 18:02:01] production.INFO: ScheduledJobManager started {"execution_time":"2026-05-17T18:02:01+00:00"} 
[2026-05-17 18:02:01] production.INFO: ScheduledJobManager completed {"execution_time":"2026-05-17T18:02:01+00:00","duration_ms":12.527,"dispatched":0,"skipped":0} 
[2026-05-17 18:03:01] production.INFO: ScheduledJobManager started {"execution_time":"2026-05-17T18:03:01+00:00"} 
[2026-05-17 18:03:01] production.INFO: ScheduledJobManager completed {"execution_time":"2026-05-17T18:03:01+00:00","duration_ms":12.672,"dispatched":0,"skipped":0} 
[2026-05-17 18:04:01] production.INFO: ScheduledJobManager started {"execution_time":"2026-05-17T18:04:01+00:00"} 
[2026-05-17 18:04:01] production.INFO: ScheduledJobManager completed {"execution_time":"2026-05-17T18:04:01+00:00","duration_ms":12.755,"dispatched":0,"skipped":0} 
[2026-05-17 18:05:01] production.INFO: ScheduledJobManager started {"execution_time":"2026-05-17T18:05:01+00:00"} 
[2026-05-17 18:05:01] production.INFO: ScheduledJobManager completed {"execution_time":"2026-05-17T18:05:01+00:00","duration_ms":12.943,"dispatched":0,"skipped":0} 
[2026-05-17 18:06:01] production.INFO: ScheduledJobManager started {"execution_time":"2026-05-17T18:06:01+00:00"} 
[2026-05-17 18:06:01] production.INFO: ScheduledJobManager completed {"execution_time":"2026-05-17T18:06:01+00:00","duration_ms":11.857,"dispatched":0,"skipped":0} 
[2026-05-17 18:07:01] production.INFO: ScheduledJobManager started {"execution_time":"2026-05-17T18:07:01+00:00"} 
[2026-05-17 18:07:01] production.INFO: ScheduledJobManager completed {"execution_time":"2026-05-17T18:07:01+00:00","duration_ms":12.567,"dispatched":0,"skipped":0} 
[2026-05-17 18:08:02] production.INFO: ScheduledJobManager started {"execution_time":"2026-05-17T18:08:02+00:00"} 
[2026-05-17 18:08:02] production.INFO: ScheduledJobManager completed {"execution_time":"2026-05-17T18:08:02+00:00","duration_ms":12.679,"dispatched":0,"skipped":0} 
[2026-05-17 18:09:01] production.INFO: ScheduledJobManager started {"execution_time":"2026-05-17T18:09:01+00:00"} 
[2026-05-17 18:09:01] production.INFO: ScheduledJobManager completed {"execution_time":"2026-05-17T18:09:01+00:00","duration_ms":28.037,"dispatched":0,"skipped":0} 
[2026-05-17 18:10:01] production.INFO: ScheduledJobManager started {"execution_time":"2026-05-17T18:10:01+00:00"} 
[2026-05-17 18:10:01] production.INFO: ScheduledJobManager completed {"execution_time":"2026-05-17T18:10:01+00:00","duration_ms":6.055,"dispatched":0,"skipped":0} 
[2026-05-17 18:11:01] production.INFO: ScheduledJobManager started {"execution_time":"2026-05-17T18:11:01+00:00"} 
[2026-05-17 18:11:01] production.INFO: ScheduledJobManager completed {"execution_time":"2026-05-17T18:11:01+00:00","duration_ms":12.472,"dispatched":0,"skipped":0} 
[2026-05-17 18:12:01] production.INFO: ScheduledJobManager started {"execution_time":"2026-05-17T18:12:01+00:00"} 
[2026-05-17 18:12:01] production.INFO: ScheduledJobManager completed {"execution_time":"2026-05-17T18:12:01+00:00","duration_ms":5.498,"dispatched":0,"skipped":0} 
[2026-05-17 18:13:01] production.INFO: ScheduledJobManager started {"execution_time":"2026-05-17T18:13:01+00:00"} 
[2026-05-17 18:13:01] production.INFO: ScheduledJobManager completed {"execution_time":"2026-05-17T18:13:01+00:00","duration_ms":11.825,"dispatched":0,"skipped":0} 
[2026-05-17 18:14:01] production.INFO: ScheduledJobManager started {"execution_time":"2026-05-17T18:14:01+00:00"} 
[2026-05-17 18:14:01] production.INFO: ScheduledJobManager completed {"execution_time":"2026-05-17T18:14:01+00:00","duration_ms":12.695,"dispatched":0,"skipped":0} 
[2026-05-17 18:15:01] production.INFO: ScheduledJobManager started {"execution_time":"2026-05-17T18:15:01+00:00"} 
[2026-05-17 18:15:01] production.INFO: ScheduledJobManager completed {"execution_time":"2026-05-17T18:15:01+00:00","duration_ms":4.442,"dispatched":0,"skipped":0} 
[2026-05-17 18:16:01] production.INFO: ScheduledJobManager started {"execution_time":"2026-05-17T18:16:01+00:00"} 
[2026-05-17 18:16:01] production.INFO: ScheduledJobManager completed {"execution_time":"2026-05-17T18:16:01+00:00","duration_ms":12.935,"dispatched":0,"skipped":0} 
[2026-05-17 18:17:01] production.INFO: ScheduledJobManager started {"execution_time":"2026-05-17T18:17:01+00:00"} 
[2026-05-17 18:17:01] production.INFO: ScheduledJobManager completed {"execution_time":"2026-05-17T18:17:01+00:00","duration_ms":12.788,"dispatched":0,"skipped":0} 
[2026-05-17 18:18:01] production.INFO: ScheduledJobManager started {"execution_time":"2026-05-17T18:18:01+00:00"} 
[2026-05-17 18:18:01] production.INFO: ScheduledJobManager completed {"execution_time":"2026-05-17T18:18:01+00:00","duration_ms":13.048,"dispatched":0,"skipped":0} 
[2026-05-17 18:19:01] production.INFO: ScheduledJobManager started {"execution_time":"2026-05-17T18:19:01+00:00"} 
[2026-05-17 18:19:01] production.INFO: ScheduledJobManager completed {"execution_time":"2026-05-17T18:19:01+00:00","duration_ms":11.827,"dispatched":0,"skipped":0} 
[2026-05-17 18:20:01] production.INFO: ScheduledJobManager started {"execution_time":"2026-05-17T18:20:01+00:00"} 
[2026-05-17 18:20:01] production.INFO: ScheduledJobManager completed {"execution_time":"2026-05-17T18:20:01+00:00","duration_ms":7.88,"dispatched":0,"skipped":0} 
[2026-05-17 18:21:01] production.INFO: ScheduledJobManager started {"execution_time":"2026-05-17T18:21:01+00:00"} 
[2026-05-17 18:21:01] production.INFO: ScheduledJobManager completed {"execution_time":"2026-05-17T18:21:01+00:00","duration_ms":14.403,"dispatched":0,"skipped":0} 
[2026-05-17 18:22:01] production.INFO: ScheduledJobManager started {"execution_time":"2026-05-17T18:22:01+00:00"} 
[2026-05-17 18:22:01] production.INFO: ScheduledJobManager completed {"execution_time":"2026-05-17T18:22:01+00:00","duration_ms":12.818,"dispatched":0,"skipped":0} 
[2026-05-17 18:23:02] production.INFO: ScheduledJobManager started {"execution_time":"2026-05-17T18:23:02+00:00"} 
[2026-05-17 18:23:02] production.INFO: ScheduledJobManager completed {"execution_time":"2026-05-17T18:23:02+00:00","duration_ms":12.718,"dispatched":0,"skipped":0} 
[2026-05-17 18:24:01] production.INFO: ScheduledJobManager started {"execution_time":"2026-05-17T18:24:01+00:00"} 
[2026-05-17 18:24:01] production.INFO: ScheduledJobManager completed {"execution_time":"2026-05-17T18:24:01+00:00","duration_ms":11.26,"dispatched":0,"skipped":0} 
[2026-05-17 18:25:01] production.INFO: ScheduledJobManager started {"execution_time":"2026-05-17T18:25:01+00:00"} 
[2026-05-17 18:25:01] production.INFO: ScheduledJobManager completed {"execution_time":"2026-05-17T18:25:01+00:00","duration_ms":3.924,"dispatched":0,"skipped":0} 
[2026-05-17 18:26:01] production.INFO: ScheduledJobManager started {"execution_time":"2026-05-17T18:26:01+00:00"} 
[2026-05-17 18:26:01] production.INFO: ScheduledJobManager completed {"execution_time":"2026-05-17T18:26:01+00:00","duration_ms":12.148,"dispatched":0,"skipped":0} 
[2026-05-17 18:27:01] production.INFO: ScheduledJobManager started {"execution_time":"2026-05-17T18:27:01+00:00"} 
[2026-05-17 18:27:01] production.INFO: ScheduledJobManager completed {"execution_time":"2026-05-17T18:27:01+00:00","duration_ms":12.448,"dispatched":0,"skipped":0} 
[2026-05-17 18:28:01] production.INFO: ScheduledJobManager started {"execution_time":"2026-05-17T18:28:01+00:00"} 
[2026-05-17 18:28:01] production.INFO: ScheduledJobManager completed {"execution_time":"2026-05-17T18:28:01+00:00","duration_ms":6.034,"dispatched":0,"skipped":0} 
[2026-05-17 18:29:01] production.INFO: ScheduledJobManager started {"execution_time":"2026-05-17T18:29:01+00:00"} 
[2026-05-17 18:29:01] production.INFO: ScheduledJobManager completed {"execution_time":"2026-05-17T18:29:01+00:00","duration_ms":12.819,"dispatched":0,"skipped":0} 
[2026-05-17 18:30:01] production.INFO: ScheduledJobManager started {"execution_time":"2026-05-17T18:30:01+00:00"} 
[2026-05-17 18:30:01] production.INFO: ScheduledJobManager completed {"execution_time":"2026-05-17T18:30:01+00:00","duration_ms":10.435,"dispatched":0,"skipped":0} 
[2026-05-17 18:31:01] production.INFO: ScheduledJobManager started {"execution_time":"2026-05-17T18:31:01+00:00"} 
[2026-05-17 18:31:01] production.INFO: ScheduledJobManager completed {"execution_time":"2026-05-17T18:31:01+00:00","duration_ms":12.772,"dispatched":0,"skipped":0} 
[2026-05-17 18:32:01] production.INFO: ScheduledJobManager started {"execution_time":"2026-05-17T18:32:01+00:00"} 
[2026-05-17 18:32:01] production.INFO: ScheduledJobManager completed {"execution_time":"2026-05-17T18:32:01+00:00","duration_ms":12.544,"dispatched":0,"skipped":0} 
[2026-05-17 18:33:01] production.INFO: ScheduledJobManager started {"execution_time":"2026-05-17T18:33:01+00:00"} 
[2026-05-17 18:33:01] production.INFO: ScheduledJobManager completed {"execution_time":"2026-05-17T18:33:01+00:00","duration_ms":12.856,"dispatched":0,"skipped":0} 
[2026-05-17 18:34:01] production.INFO: ScheduledJobManager started {"execution_time":"2026-05-17T18:34:01+00:00"} 
[2026-05-17 18:34:01] production.INFO: ScheduledJobManager completed {"execution_time":"2026-05-17T18:34:01+00:00","duration_ms":13.214,"dispatched":0,"skipped":0} 
[2026-05-17 18:35:01] production.INFO: ScheduledJobManager started {"execution_time":"2026-05-17T18:35:01+00:00"} 
[2026-05-17 18:35:01] production.INFO: ScheduledJobManager completed {"execution_time":"2026-05-17T18:35:01+00:00","duration_ms":12.189,"dispatched":0,"skipped":0} 
[2026-05-17 18:36:01] production.INFO: ScheduledJobManager started {"execution_time":"2026-05-17T18:36:01+00:00"} 
[2026-05-17 18:36:01] production.INFO: ScheduledJobManager completed {"execution_time":"2026-05-17T18:36:01+00:00","duration_ms":12.779,"dispatched":0,"skipped":0} 
[2026-05-17 18:37:01] production.INFO: ScheduledJobManager started {"execution_time":"2026-05-17T18:37:01+00:00"} 
[2026-05-17 18:37:01] production.INFO: ScheduledJobManager completed {"execution_time":"2026-05-17T18:37:01+00:00","duration_ms":12.913,"dispatched":0,"skipped":0} 
[2026-05-17 18:38:01] production.INFO: ScheduledJobManager started {"execution_time":"2026-05-17T18:38:01+00:00"} 
[2026-05-17 18:38:02] production.INFO: ScheduledJobManager completed {"execution_time":"2026-05-17T18:38:01+00:00","duration_ms":12.867,"dispatched":0,"skipped":0} 
[2026-05-17 18:39:01] production.INFO: ScheduledJobManager started {"execution_time":"2026-05-17T18:39:01+00:00"} 
[2026-05-17 18:39:01] production.INFO: ScheduledJobManager completed {"execution_time":"2026-05-17T18:39:01+00:00","duration_ms":11.283,"dispatched":0,"skipped":0} 
[2026-05-17 18:40:01] production.INFO: ScheduledJobManager started {"execution_time":"2026-05-17T18:40:01+00:00"} 
[2026-05-17 18:40:01] production.INFO: ScheduledJobManager completed {"execution_time":"2026-05-17T18:40:01+00:00","duration_ms":5.114,"dispatched":0,"skipped":0} 
[2026-05-17 18:41:01] production.INFO: ScheduledJobManager started {"execution_time":"2026-05-17T18:41:01+00:00"} 
[2026-05-17 18:41:01] production.INFO: ScheduledJobManager completed {"execution_time":"2026-05-17T18:41:01+00:00","duration_ms":12.432,"dispatched":0,"skipped":0} 
[2026-05-17 18:42:01] production.INFO: ScheduledJobManager started {"execution_time":"2026-05-17T18:42:01+00:00"} 
[2026-05-17 18:42:01] production.INFO: ScheduledJobManager completed {"execution_time":"2026-05-17T18:42:01+00:00","duration_ms":5.718,"dispatched":0,"skipped":0} 
[2026-05-17 18:43:01] production.INFO: ScheduledJobManager started {"execution_time":"2026-05-17T18:43:01+00:00"} 
[2026-05-17 18:43:01] production.INFO: ScheduledJobManager completed {"execution_time":"2026-05-17T18:43:01+00:00","duration_ms":12.717,"dispatched":0,"skipped":0} 
[2026-05-17 18:44:01] production.INFO: ScheduledJobManager started {"execution_time":"2026-05-17T18:44:01+00:00"} 
[2026-05-17 18:44:01] production.INFO: ScheduledJobManager completed {"execution_time":"2026-05-17T18:44:01+00:00","duration_ms":11.118,"dispatched":0,"skipped":0} 
[2026-05-17 18:45:01] production.INFO: ScheduledJobManager started {"execution_time":"2026-05-17T18:45:01+00:00"} 
[2026-05-17 18:45:01] production.INFO: ScheduledJobManager completed {"execution_time":"2026-05-17T18:45:01+00:00","duration_ms":3.757,"dispatched":0,"skipped":0} 
[2026-05-17 18:46:01] production.INFO: ScheduledJobManager started {"execution_time":"2026-05-17T18:46:01+00:00"} 
[2026-05-17 18:46:01] production.INFO: ScheduledJobManager completed {"execution_time":"2026-05-17T18:46:01+00:00","duration_ms":12.796,"dispatched":0,"skipped":0} 
[2026-05-17 18:47:01] production.INFO: ScheduledJobManager started {"execution_time":"2026-05-17T18:47:01+00:00"} 
[2026-05-17 18:47:01] production.INFO: ScheduledJobManager completed {"execution_time":"2026-05-17T18:47:01+00:00","duration_ms":12.594,"dispatched":0,"skipped":0} 
[2026-05-17 18:48:01] production.INFO: ScheduledJobManager started {"execution_time":"2026-05-17T18:48:01+00:00"} 
[2026-05-17 18:48:01] production.INFO: ScheduledJobManager completed {"execution_time":"2026-05-17T18:48:01+00:00","duration_ms":12.97,"dispatched":0,"skipped":0} 
[2026-05-17 18:49:01] production.INFO: ScheduledJobManager started {"execution_time":"2026-05-17T18:49:01+00:00"} 
[2026-05-17 18:49:01] production.INFO: ScheduledJobManager completed {"execution_time":"2026-05-17T18:49:01+00:00","duration_ms":12.543,"dispatched":0,"skipped":0} 
[2026-05-17 18:50:01] production.INFO: ScheduledJobManager started {"execution_time":"2026-05-17T18:50:01+00:00"} 
[2026-05-17 18:50:01] production.INFO: ScheduledJobManager completed {"execution_time":"2026-05-17T18:50:01+00:00","duration_ms":11.263,"dispatched":0,"skipped":0} 
[2026-05-17 18:51:01] production.INFO: ScheduledJobManager started {"execution_time":"2026-05-17T18:51:01+00:00"} 
[2026-05-17 18:51:01] production.INFO: ScheduledJobManager completed {"execution_time":"2026-05-17T18:51:01+00:00","duration_ms":13.012,"dispatched":0,"skipped":0} 
[2026-05-17 18:52:01] production.INFO: ScheduledJobManager started {"execution_time":"2026-05-17T18:52:01+00:00"} 
[2026-05-17 18:52:01] production.INFO: ScheduledJobManager completed {"execution_time":"2026-05-17T18:52:01+00:00","duration_ms":12.422,"dispatched":0,"skipped":0} 
[2026-05-17 18:53:01] production.INFO: ScheduledJobManager started {"execution_time":"2026-05-17T18:53:01+00:00"} 
[2026-05-17 18:53:01] production.INFO: ScheduledJobManager completed {"execution_time":"2026-05-17T18:53:01+00:00","duration_ms":12.775,"dispatched":0,"skipped":0} 
[2026-05-17 18:54:01] production.INFO: ScheduledJobManager started {"execution_time":"2026-05-17T18:54:01+00:00"} 
[2026-05-17 18:54:01] production.INFO: ScheduledJobManager completed {"execution_time":"2026-05-17T18:54:01+00:00","duration_ms":12.766,"dispatched":0,"skipped":0} 
[2026-05-17 18:55:01] production.INFO: ScheduledJobManager started {"execution_time":"2026-05-17T18:55:01+00:00"} 
[2026-05-17 18:55:01] production.INFO: ScheduledJobManager completed {"execution_time":"2026-05-17T18:55:01+00:00","duration_ms":4.257,"dispatched":0,"skipped":0} 
[2026-05-17 18:56:01] production.INFO: ScheduledJobManager started {"execution_time":"2026-05-17T18:56:01+00:00"} 
[2026-05-17 18:56:01] production.INFO: ScheduledJobManager completed {"execution_time":"2026-05-17T18:56:01+00:00","duration_ms":12.623,"dispatched":0,"skipped":0} 
[2026-05-17 18:57:01] production.INFO: ScheduledJobManager started {"execution_time":"2026-05-17T18:57:01+00:00"} 
[2026-05-17 18:57:01] production.INFO: ScheduledJobManager completed {"execution_time":"2026-05-17T18:57:01+00:00","duration_ms":11.139,"dispatched":0,"skipped":0} 
[2026-05-17 18:58:01] production.INFO: ScheduledJobManager started {"execution_time":"2026-05-17T18:58:01+00:00"} 
[2026-05-17 18:58:01] production.INFO: ScheduledJobManager completed {"execution_time":"2026-05-17T18:58:01+00:00","duration_ms":6.533,"dispatched":0,"skipped":0} 
[2026-05-17 18:59:01] production.INFO: ScheduledJobManager started {"execution_time":"2026-05-17T18:59:01+00:00"} 
[2026-05-17 18:59:01] production.INFO: ScheduledJobManager completed {"execution_time":"2026-05-17T18:59:01+00:00","duration_ms":11.983,"dispatched":0,"skipped":0} 
[2026-05-17 19:00:02] production.INFO: ScheduledJobManager started {"execution_time":"2026-05-17T19:00:02+00:00"} 
[2026-05-17 19:00:02] production.INFO: ScheduledJobManager completed {"execution_time":"2026-05-17T19:00:02+00:00","duration_ms":5.252,"dispatched":0,"skipped":0} 
[2026-05-17 19:01:00] production.INFO: ScheduledJobManager started {"execution_time":"2026-05-17T19:01:00+00:00"} 
[2026-05-17 19:01:00] production.INFO: ScheduledJobManager completed {"execution_time":"2026-05-17T19:01:00+00:00","duration_ms":12.066,"dispatched":0,"skipped":0} 
[2026-05-17 19:02:00] production.INFO: ScheduledJobManager started {"execution_time":"2026-05-17T19:02:00+00:00"} 
[2026-05-17 19:02:00] production.INFO: ScheduledJobManager completed {"execution_time":"2026-05-17T19:02:00+00:00","duration_ms":5.283,"dispatched":0,"skipped":0} 
[2026-05-17 19:03:00] production.INFO: ScheduledJobManager started {"execution_time":"2026-05-17T19:03:00+00:00"} 
[2026-05-17 19:03:00] production.INFO: ScheduledJobManager completed {"execution_time":"2026-05-17T19:03:00+00:00","duration_ms":4.021,"dispatched":0,"skipped":0} 
[2026-05-17 19:04:01] production.INFO: ScheduledJobManager started {"execution_time":"2026-05-17T19:04:01+00:00"} 
[2026-05-17 19:04:01] production.INFO: ScheduledJobManager completed {"execution_time":"2026-05-17T19:04:01+00:00","duration_ms":5.395,"dispatched":0,"skipped":0} 
[2026-05-17 19:05:01] production.INFO: ScheduledJobManager started {"execution_time":"2026-05-17T19:05:01+00:00"} 
[2026-05-17 19:05:01] production.INFO: ScheduledJobManager completed {"execution_time":"2026-05-17T19:05:01+00:00","duration_ms":12.709,"dispatched":0,"skipped":0} 
[2026-05-17 19:06:01] production.INFO: ScheduledJobManager started {"execution_time":"2026-05-17T19:06:01+00:00"} 
[2026-05-17 19:06:01] production.INFO: ScheduledJobManager completed {"execution_time":"2026-05-17T19:06:01+00:00","duration_ms":12.349,"dispatched":0,"skipped":0} 
[2026-05-17 19:07:01] production.INFO: ScheduledJobManager started {"execution_time":"2026-05-17T19:07:01+00:00"} 
[2026-05-17 19:07:01] production.INFO: ScheduledJobManager completed {"execution_time":"2026-05-17T19:07:01+00:00","duration_ms":12.178,"dispatched":0,"skipped":0} 
[2026-05-17 19:08:01] production.INFO: ScheduledJobManager started {"execution_time":"2026-05-17T19:08:01+00:00"} 
[2026-05-17 19:08:01] production.INFO: ScheduledJobManager completed {"execution_time":"2026-05-17T19:08:01+00:00","duration_ms":11.916,"dispatched":0,"skipped":0} 
[2026-05-17 19:09:01] production.INFO: ScheduledJobManager started {"execution_time":"2026-05-17T19:09:01+00:00"} 
[2026-05-17 19:09:01] production.INFO: ScheduledJobManager completed {"execution_time":"2026-05-17T19:09:01+00:00","duration_ms":12.89,"dispatched":0,"skipped":0} 
[2026-05-17 19:10:02] production.INFO: ScheduledJobManager started {"execution_time":"2026-05-17T19:10:02+00:00"} 
[2026-05-17 19:10:02] production.INFO: ScheduledJobManager completed {"execution_time":"2026-05-17T19:10:02+00:00","duration_ms":12.958,"dispatched":0,"skipped":0} 
[2026-05-17 19:11:01] production.INFO: ScheduledJobManager started {"execution_time":"2026-05-17T19:11:01+00:00"} 
[2026-05-17 19:11:01] production.INFO: ScheduledJobManager completed {"execution_time":"2026-05-17T19:11:01+00:00","duration_ms":11.926,"dispatched":0,"skipped":0} 
[2026-05-17 19:12:01] production.INFO: ScheduledJobManager started {"execution_time":"2026-05-17T19:12:01+00:00"} 
[2026-05-17 19:12:01] production.INFO: ScheduledJobManager completed {"execution_time":"2026-05-17T19:12:01+00:00","duration_ms":12.404,"dispatched":0,"skipped":0} 
[2026-05-17 19:13:01] production.INFO: ScheduledJobManager started {"execution_time":"2026-05-17T19:13:01+00:00"} 
[2026-05-17 19:13:01] production.INFO: ScheduledJobManager completed {"execution_time":"2026-05-17T19:13:01+00:00","duration_ms":12.919,"dispatched":0,"skipped":0} 
[2026-05-17 19:14:01] production.INFO: ScheduledJobManager started {"execution_time":"2026-05-17T19:14:01+00:00"} 
[2026-05-17 19:14:01] production.INFO: ScheduledJobManager completed {"execution_time":"2026-05-17T19:14:01+00:00","duration_ms":12.999,"dispatched":0,"skipped":0} 
[2026-05-17 19:15:01] production.INFO: ScheduledJobManager started {"execution_time":"2026-05-17T19:15:01+00:00"} 
[2026-05-17 19:15:01] production.INFO: ScheduledJobManager completed {"execution_time":"2026-05-17T19:15:01+00:00","duration_ms":4.195,"dispatched":0,"skipped":0} 
[2026-05-17 19:16:01] production.INFO: ScheduledJobManager started {"execution_time":"2026-05-17T19:16:01+00:00"} 
[2026-05-17 19:16:01] production.INFO: ScheduledJobManager completed {"execution_time":"2026-05-17T19:16:01+00:00","duration_ms":12.629,"dispatched":0,"skipped":0} 
[2026-05-17 19:17:01] production.INFO: ScheduledJobManager started {"execution_time":"2026-05-17T19:17:01+00:00"} 
[2026-05-17 19:17:01] production.INFO: ScheduledJobManager completed {"execution_time":"2026-05-17T19:17:01+00:00","duration_ms":12.643,"dispatched":0,"skipped":0} 
[2026-05-17 19:18:01] production.INFO: ScheduledJobManager started {"execution_time":"2026-05-17T19:18:01+00:00"} 
[2026-05-17 19:18:01] production.INFO: ScheduledJobManager completed {"execution_time":"2026-05-17T19:18:01+00:00","duration_ms":12.742,"dispatched":0,"skipped":0} 
[2026-05-17 19:19:01] production.INFO: ScheduledJobManager started {"execution_time":"2026-05-17T19:19:01+00:00"} 
[2026-05-17 19:19:01] production.INFO: ScheduledJobManager completed {"execution_time":"2026-05-17T19:19:01+00:00","duration_ms":11.977,"dispatched":0,"skipped":0} 
[2026-05-17 19:20:01] production.INFO: ScheduledJobManager started {"execution_time":"2026-05-17T19:20:01+00:00"} 
[2026-05-17 19:20:01] production.INFO: ScheduledJobManager completed {"execution_time":"2026-05-17T19:20:01+00:00","duration_ms":5.292,"dispatched":0,"skipped":0} 
[2026-05-17 19:21:01] production.INFO: ScheduledJobManager started {"execution_time":"2026-05-17T19:21:01+00:00"} 
[2026-05-17 19:21:01] production.INFO: ScheduledJobManager completed {"execution_time":"2026-05-17T19:21:01+00:00","duration_ms":12.96,"dispatched":0,"skipped":0} 
[2026-05-17 19:22:01] production.INFO: ScheduledJobManager started {"execution_time":"2026-05-17T19:22:01+00:00"} 
[2026-05-17 19:22:01] production.INFO: ScheduledJobManager completed {"execution_time":"2026-05-17T19:22:01+00:00","duration_ms":12.659,"dispatched":0,"skipped":0} 
[2026-05-17 19:23:01] production.INFO: ScheduledJobManager started {"execution_time":"2026-05-17T19:23:01+00:00"} 
[2026-05-17 19:23:01] production.INFO: ScheduledJobManager completed {"execution_time":"2026-05-17T19:23:01+00:00","duration_ms":12.555,"dispatched":0,"skipped":0} 
[2026-05-17 19:24:01] production.INFO: ScheduledJobManager started {"execution_time":"2026-05-17T19:24:01+00:00"} 
[2026-05-17 19:24:01] production.INFO: ScheduledJobManager completed {"execution_time":"2026-05-17T19:24:01+00:00","duration_ms":12.184,"dispatched":0,"skipped":0} 
[2026-05-17 19:25:02] production.INFO: ScheduledJobManager started {"execution_time":"2026-05-17T19:25:02+00:00"} 
[2026-05-17 19:25:02] production.INFO: ScheduledJobManager completed {"execution_time":"2026-05-17T19:25:02+00:00","duration_ms":11.687,"dispatched":0,"skipped":0} 
[2026-05-17 19:26:01] production.INFO: ScheduledJobManager started {"execution_time":"2026-05-17T19:26:01+00:00"} 
[2026-05-17 19:26:01] production.INFO: ScheduledJobManager completed {"execution_time":"2026-05-17T19:26:01+00:00","duration_ms":16.848,"dispatched":0,"skipped":0} 
[2026-05-17 19:27:01] production.INFO: ScheduledJobManager started {"execution_time":"2026-05-17T19:27:01+00:00"} 
[2026-05-17 19:27:01] production.INFO: ScheduledJobManager completed {"execution_time":"2026-05-17T19:27:01+00:00","duration_ms":11.527,"dispatched":0,"skipped":0} 
[2026-05-17 19:28:01] production.INFO: ScheduledJobManager started {"execution_time":"2026-05-17T19:28:01+00:00"} 
[2026-05-17 19:28:01] production.INFO: ScheduledJobManager completed {"execution_time":"2026-05-17T19:28:01+00:00","duration_ms":5.021,"dispatched":0,"skipped":0} 
[2026-05-17 19:29:01] production.INFO: ScheduledJobManager started {"execution_time":"2026-05-17T19:29:01+00:00"} 
[2026-05-17 19:29:01] production.INFO: ScheduledJobManager completed {"execution_time":"2026-05-17T19:29:01+00:00","duration_ms":12.499,"dispatched":0,"skipped":0} 
[2026-05-17 19:30:01] production.INFO: ScheduledJobManager started {"execution_time":"2026-05-17T19:30:01+00:00"} 
[2026-05-17 19:30:01] production.INFO: ScheduledJobManager completed {"execution_time":"2026-05-17T19:30:01+00:00","duration_ms":5.768,"dispatched":0,"skipped":0} 
[2026-05-17 19:31:01] production.INFO: ScheduledJobManager started {"execution_time":"2026-05-17T19:31:01+00:00"} 
[2026-05-17 19:31:01] production.INFO: ScheduledJobManager completed {"execution_time":"2026-05-17T19:31:01+00:00","duration_ms":12.652,"dispatched":0,"skipped":0} 
[2026-05-17 19:32:01] production.INFO: ScheduledJobManager started {"execution_time":"2026-05-17T19:32:01+00:00"} 
[2026-05-17 19:32:01] production.INFO: ScheduledJobManager completed {"execution_time":"2026-05-17T19:32:01+00:00","duration_ms":12.603,"dispatched":0,"skipped":0} 
[2026-05-17 19:33:01] production.INFO: ScheduledJobManager started {"execution_time":"2026-05-17T19:33:01+00:00"} 
[2026-05-17 19:33:01] production.INFO: ScheduledJobManager completed {"execution_time":"2026-05-17T19:33:01+00:00","duration_ms":12.366,"dispatched":0,"skipped":0} 
[2026-05-17 19:34:01] production.INFO: ScheduledJobManager started {"execution_time":"2026-05-17T19:34:01+00:00"} 
[2026-05-17 19:34:01] production.INFO: ScheduledJobManager completed {"execution_time":"2026-05-17T19:34:01+00:00","duration_ms":12.612,"dispatched":0,"skipped":0} 
[2026-05-17 19:35:01] production.INFO: ScheduledJobManager started {"execution_time":"2026-05-17T19:35:01+00:00"} 
[2026-05-17 19:35:01] production.INFO: ScheduledJobManager completed {"execution_time":"2026-05-17T19:35:01+00:00","duration_ms":12.632,"dispatched":0,"skipped":0} 
[2026-05-17 19:36:01] production.INFO: ScheduledJobManager started {"execution_time":"2026-05-17T19:36:01+00:00"} 
[2026-05-17 19:36:01] production.INFO: ScheduledJobManager completed {"execution_time":"2026-05-17T19:36:01+00:00","duration_ms":12.717,"dispatched":0,"skipped":0} 
[2026-05-17 19:37:01] production.INFO: ScheduledJobManager started {"execution_time":"2026-05-17T19:37:01+00:00"} 
[2026-05-17 19:37:01] production.INFO: ScheduledJobManager completed {"execution_time":"2026-05-17T19:37:01+00:00","duration_ms":11.401,"dispatched":0,"skipped":0} 
[2026-05-17 19:38:01] production.INFO: ScheduledJobManager started {"execution_time":"2026-05-17T19:38:01+00:00"} 
[2026-05-17 19:38:01] production.INFO: ScheduledJobManager completed {"execution_time":"2026-05-17T19:38:01+00:00","duration_ms":12.874,"dispatched":0,"skipped":0} 
[2026-05-17 19:39:02] production.INFO: ScheduledJobManager started {"execution_time":"2026-05-17T19:39:02+00:00"} 
[2026-05-17 19:39:02] production.INFO: ScheduledJobManager completed {"execution_time":"2026-05-17T19:39:02+00:00","duration_ms":18.041,"dispatched":0,"skipped":0} 
[2026-05-17 19:40:02] production.INFO: ScheduledJobManager started {"execution_time":"2026-05-17T19:40:02+00:00"} 
[2026-05-17 19:40:02] production.INFO: ScheduledJobManager completed {"execution_time":"2026-05-17T19:40:02+00:00","duration_ms":13.054,"dispatched":0,"skipped":0} 
[2026-05-17 19:41:01] production.INFO: ScheduledJobManager started {"execution_time":"2026-05-17T19:41:01+00:00"} 
[2026-05-17 19:41:01] production.INFO: ScheduledJobManager completed {"execution_time":"2026-05-17T19:41:01+00:00","duration_ms":12.012,"dispatched":0,"skipped":0} 
[2026-05-17 19:42:01] production.INFO: ScheduledJobManager started {"execution_time":"2026-05-17T19:42:01+00:00"} 
[2026-05-17 19:42:01] production.INFO: ScheduledJobManager completed {"execution_time":"2026-05-17T19:42:01+00:00","duration_ms":59.505,"dispatched":0,"skipped":0} 
[2026-05-17 19:43:01] production.INFO: ScheduledJobManager started {"execution_time":"2026-05-17T19:43:01+00:00"} 
[2026-05-17 19:43:01] production.INFO: ScheduledJobManager completed {"execution_time":"2026-05-17T19:43:01+00:00","duration_ms":12.723,"dispatched":0,"skipped":0} 
[2026-05-17 19:44:01] production.INFO: ScheduledJobManager started {"execution_time":"2026-05-17T19:44:01+00:00"} 
[2026-05-17 19:44:01] production.INFO: ScheduledJobManager completed {"execution_time":"2026-05-17T19:44:01+00:00","duration_ms":12.79,"dispatched":0,"skipped":0} 
[2026-05-17 19:45:01] production.INFO: ScheduledJobManager started {"execution_time":"2026-05-17T19:45:01+00:00"} 
[2026-05-17 19:45:01] production.INFO: ScheduledJobManager completed {"execution_time":"2026-05-17T19:45:01+00:00","duration_ms":4.042,"dispatched":0,"skipped":0} 
[2026-05-17 19:46:01] production.INFO: ScheduledJobManager started {"execution_time":"2026-05-17T19:46:01+00:00"} 
[2026-05-17 19:46:01] production.INFO: ScheduledJobManager completed {"execution_time":"2026-05-17T19:46:01+00:00","duration_ms":12.776,"dispatched":0,"skipped":0} 
[2026-05-17 19:47:01] production.INFO: ScheduledJobManager started {"execution_time":"2026-05-17T19:47:01+00:00"} 
[2026-05-17 19:47:01] production.INFO: ScheduledJobManager completed {"execution_time":"2026-05-17T19:47:01+00:00","duration_ms":12.581,"dispatched":0,"skipped":0} 
[2026-05-17 19:48:01] production.INFO: ScheduledJobManager started {"execution_time":"2026-05-17T19:48:01+00:00"} 
[2026-05-17 19:48:01] production.INFO: ScheduledJobManager completed {"execution_time":"2026-05-17T19:48:01+00:00","duration_ms":16.835,"dispatched":0,"skipped":0} 
[2026-05-17 19:49:01] production.INFO: ScheduledJobManager started {"execution_time":"2026-05-17T19:49:01+00:00"} 
[2026-05-17 19:49:01] production.INFO: ScheduledJobManager completed {"execution_time":"2026-05-17T19:49:01+00:00","duration_ms":12.698,"dispatched":0,"skipped":0} 
[2026-05-17 19:50:01] production.INFO: ScheduledJobManager started {"execution_time":"2026-05-17T19:50:01+00:00"} 
[2026-05-17 19:50:01] production.INFO: ScheduledJobManager completed {"execution_time":"2026-05-17T19:50:01+00:00","duration_ms":13.809,"dispatched":0,"skipped":0} 
[2026-05-17 19:51:01] production.INFO: ScheduledJobManager started {"execution_time":"2026-05-17T19:51:01+00:00"} 
[2026-05-17 19:51:01] production.INFO: ScheduledJobManager completed {"execution_time":"2026-05-17T19:51:01+00:00","duration_ms":12.989,"dispatched":0,"skipped":0} 
[2026-05-17 19:52:01] production.INFO: ScheduledJobManager started {"execution_time":"2026-05-17T19:52:01+00:00"} 
[2026-05-17 19:52:01] production.INFO: ScheduledJobManager completed {"execution_time":"2026-05-17T19:52:01+00:00","duration_ms":12.58,"dispatched":0,"skipped":0} 
[2026-05-17 19:53:01] production.INFO: ScheduledJobManager started {"execution_time":"2026-05-17T19:53:01+00:00"} 
[2026-05-17 19:53:01] production.INFO: ScheduledJobManager completed {"execution_time":"2026-05-17T19:53:01+00:00","duration_ms":12.698,"dispatched":0,"skipped":0} 
[2026-05-17 19:54:01] production.INFO: ScheduledJobManager started {"execution_time":"2026-05-17T19:54:01+00:00"} 
[2026-05-17 19:54:01] production.INFO: ScheduledJobManager completed {"execution_time":"2026-05-17T19:54:01+00:00","duration_ms":12.303,"dispatched":0,"skipped":0} 
[2026-05-17 19:55:02] production.INFO: ScheduledJobManager started {"execution_time":"2026-05-17T19:55:02+00:00"} 
[2026-05-17 19:55:02] production.INFO: ScheduledJobManager completed {"execution_time":"2026-05-17T19:55:02+00:00","duration_ms":11.512,"dispatched":0,"skipped":0} 
[2026-05-17 19:56:01] production.INFO: ScheduledJobManager started {"execution_time":"2026-05-17T19:56:01+00:00"} 
[2026-05-17 19:56:01] production.INFO: ScheduledJobManager completed {"execution_time":"2026-05-17T19:56:01+00:00","duration_ms":11.32,"dispatched":0,"skipped":0} 
[2026-05-17 19:57:01] production.INFO: ScheduledJobManager started {"execution_time":"2026-05-17T19:57:01+00:00"} 
[2026-05-17 19:57:01] production.INFO: ScheduledJobManager completed {"execution_time":"2026-05-17T19:57:01+00:00","duration_ms":12.757,"dispatched":0,"skipped":0} 
[2026-05-17 19:58:01] production.INFO: ScheduledJobManager started {"execution_time":"2026-05-17T19:58:01+00:00"} 
[2026-05-17 19:58:01] production.INFO: ScheduledJobManager completed {"execution_time":"2026-05-17T19:58:01+00:00","duration_ms":5.263,"dispatched":0,"skipped":0} 
[2026-05-17 19:59:01] production.INFO: ScheduledJobManager started {"execution_time":"2026-05-17T19:59:01+00:00"} 
[2026-05-17 19:59:01] production.INFO: ScheduledJobManager completed {"execution_time":"2026-05-17T19:59:01+00:00","duration_ms":12.644,"dispatched":0,"skipped":0} 
[2026-05-17 20:00:02] production.INFO: ScheduledJobManager started {"execution_time":"2026-05-17T20:00:02+00:00"} 
[2026-05-17 20:00:02] production.INFO: ScheduledJobManager completed {"execution_time":"2026-05-17T20:00:02+00:00","duration_ms":17.597,"dispatched":0,"skipped":0} 
[2026-05-17 20:01:01] production.INFO: ScheduledJobManager started {"execution_time":"2026-05-17T20:01:01+00:00"} 
[2026-05-17 20:01:01] production.INFO: ScheduledJobManager completed {"execution_time":"2026-05-17T20:01:01+00:00","duration_ms":12.598,"dispatched":0,"skipped":0} 
[2026-05-17 20:02:01] production.INFO: ScheduledJobManager started {"execution_time":"2026-05-17T20:02:01+00:00"} 
[2026-05-17 20:02:01] production.INFO: ScheduledJobManager completed {"execution_time":"2026-05-17T20:02:01+00:00","duration_ms":12.844,"dispatched":0,"skipped":0} 
[2026-05-17 20:03:01] production.INFO: ScheduledJobManager started {"execution_time":"2026-05-17T20:03:01+00:00"} 
[2026-05-17 20:03:01] production.INFO: ScheduledJobManager completed {"execution_time":"2026-05-17T20:03:01+00:00","duration_ms":12.513,"dispatched":0,"skipped":0} 
[2026-05-17 20:04:01] production.INFO: ScheduledJobManager started {"execution_time":"2026-05-17T20:04:01+00:00"} 
[2026-05-17 20:04:01] production.INFO: ScheduledJobManager completed {"execution_time":"2026-05-17T20:04:01+00:00","duration_ms":11.489,"dispatched":0,"skipped":0} 
[2026-05-17 20:05:01] production.INFO: ScheduledJobManager started {"execution_time":"2026-05-17T20:05:01+00:00"} 
[2026-05-17 20:05:01] production.INFO: ScheduledJobManager completed {"execution_time":"2026-05-17T20:05:01+00:00","duration_ms":11.276,"dispatched":0,"skipped":0} 
[2026-05-17 20:06:01] production.INFO: ScheduledJobManager started {"execution_time":"2026-05-17T20:06:01+00:00"} 
[2026-05-17 20:06:01] production.INFO: ScheduledJobManager completed {"execution_time":"2026-05-17T20:06:01+00:00","duration_ms":11.526,"dispatched":0,"skipped":0} 
[2026-05-17 20:07:01] production.INFO: ScheduledJobManager started {"execution_time":"2026-05-17T20:07:01+00:00"} 
[2026-05-17 20:07:01] production.INFO: ScheduledJobManager completed {"execution_time":"2026-05-17T20:07:01+00:00","duration_ms":11.789,"dispatched":0,"skipped":0} 
[2026-05-17 20:08:01] production.INFO: ScheduledJobManager started {"execution_time":"2026-05-17T20:08:01+00:00"} 
[2026-05-17 20:08:01] production.INFO: ScheduledJobManager completed {"execution_time":"2026-05-17T20:08:01+00:00","duration_ms":12.553,"dispatched":0,"skipped":0} 
[2026-05-17 20:09:02] production.INFO: ScheduledJobManager started {"execution_time":"2026-05-17T20:09:02+00:00"} 
[2026-05-17 20:09:02] production.INFO: ScheduledJobManager completed {"execution_time":"2026-05-17T20:09:02+00:00","duration_ms":12.794,"dispatched":0,"skipped":0} 
[2026-05-17 20:10:02] production.INFO: ScheduledJobManager started {"execution_time":"2026-05-17T20:10:02+00:00"} 
[2026-05-17 20:10:02] production.INFO: ScheduledJobManager completed {"execution_time":"2026-05-17T20:10:02+00:00","duration_ms":17.243,"dispatched":0,"skipped":0} 
[2026-05-17 20:11:01] production.INFO: ScheduledJobManager started {"execution_time":"2026-05-17T20:11:01+00:00"} 
[2026-05-17 20:11:01] production.INFO: ScheduledJobManager completed {"execution_time":"2026-05-17T20:11:01+00:00","duration_ms":12.628,"dispatched":0,"skipped":0} 
[2026-05-17 20:12:01] production.INFO: ScheduledJobManager started {"execution_time":"2026-05-17T20:12:01+00:00"} 
[2026-05-17 20:12:01] production.INFO: ScheduledJobManager completed {"execution_time":"2026-05-17T20:12:01+00:00","duration_ms":6.328,"dispatched":0,"skipped":0} 
[2026-05-17 20:13:01] production.INFO: ScheduledJobManager started {"execution_time":"2026-05-17T20:13:01+00:00"} 
[2026-05-17 20:13:01] production.INFO: ScheduledJobManager completed {"execution_time":"2026-05-17T20:13:01+00:00","duration_ms":11.914,"dispatched":0,"skipped":0} 
[2026-05-17 20:14:01] production.INFO: ScheduledJobManager started {"execution_time":"2026-05-17T20:14:01+00:00"} 
[2026-05-17 20:14:01] production.INFO: ScheduledJobManager completed {"execution_time":"2026-05-17T20:14:01+00:00","duration_ms":13.13,"dispatched":0,"skipped":0} 
[2026-05-17 20:15:01] production.INFO: ScheduledJobManager started {"execution_time":"2026-05-17T20:15:01+00:00"} 
[2026-05-17 20:15:01] production.INFO: ScheduledJobManager completed {"execution_time":"2026-05-17T20:15:01+00:00","duration_ms":4.43,"dispatched":0,"skipped":0} 
[2026-05-17 20:16:01] production.INFO: ScheduledJobManager started {"execution_time":"2026-05-17T20:16:01+00:00"} 
[2026-05-17 20:16:01] production.INFO: ScheduledJobManager completed {"execution_time":"2026-05-17T20:16:01+00:00","duration_ms":10.931,"dispatched":0,"skipped":0} 
[2026-05-17 20:17:01] production.INFO: ScheduledJobManager started {"execution_time":"2026-05-17T20:17:01+00:00"} 
[2026-05-17 20:17:01] production.INFO: ScheduledJobManager completed {"execution_time":"2026-05-17T20:17:01+00:00","duration_ms":12.73,"dispatched":0,"skipped":0} 
[2026-05-17 20:18:01] production.INFO: ScheduledJobManager started {"execution_time":"2026-05-17T20:18:01+00:00"} 
[2026-05-17 20:18:01] production.INFO: ScheduledJobManager completed {"execution_time":"2026-05-17T20:18:01+00:00","duration_ms":12.797,"dispatched":0,"skipped":0} 
[2026-05-17 20:19:01] production.INFO: ScheduledJobManager started {"execution_time":"2026-05-17T20:19:01+00:00"} 
[2026-05-17 20:19:01] production.INFO: ScheduledJobManager completed {"execution_time":"2026-05-17T20:19:01+00:00","duration_ms":12.601,"dispatched":0,"skipped":0} 
[2026-05-17 20:20:01] production.INFO: ScheduledJobManager started {"execution_time":"2026-05-17T20:20:01+00:00"} 
[2026-05-17 20:20:01] production.INFO: ScheduledJobManager completed {"execution_time":"2026-05-17T20:20:01+00:00","duration_ms":15.373,"dispatched":0,"skipped":0} 
[2026-05-17 20:21:01] production.INFO: ScheduledJobManager started {"execution_time":"2026-05-17T20:21:01+00:00"} 
[2026-05-17 20:21:01] production.INFO: ScheduledJobManager completed {"execution_time":"2026-05-17T20:21:01+00:00","duration_ms":12.597,"dispatched":0,"skipped":0} 
[2026-05-17 20:22:01] production.INFO: ScheduledJobManager started {"execution_time":"2026-05-17T20:22:01+00:00"} 
[2026-05-17 20:22:01] production.INFO: ScheduledJobManager completed {"execution_time":"2026-05-17T20:22:01+00:00","duration_ms":12.712,"dispatched":0,"skipped":0} 
[2026-05-17 20:23:01] production.INFO: ScheduledJobManager started {"execution_time":"2026-05-17T20:23:01+00:00"} 
[2026-05-17 20:23:01] production.INFO: ScheduledJobManager completed {"execution_time":"2026-05-17T20:23:01+00:00","duration_ms":12.821,"dispatched":0,"skipped":0} 
[2026-05-17 20:24:01] production.INFO: ScheduledJobManager started {"execution_time":"2026-05-17T20:24:01+00:00"} 
[2026-05-17 20:24:02] production.INFO: ScheduledJobManager completed {"execution_time":"2026-05-17T20:24:01+00:00","duration_ms":12.594,"dispatched":0,"skipped":0} 
[2026-05-17 20:25:02] production.INFO: ScheduledJobManager started {"execution_time":"2026-05-17T20:25:02+00:00"} 
[2026-05-17 20:25:02] production.INFO: ScheduledJobManager completed {"execution_time":"2026-05-17T20:25:02+00:00","duration_ms":12.788,"dispatched":0,"skipped":0} 
[2026-05-17 20:26:01] production.INFO: ScheduledJobManager started {"execution_time":"2026-05-17T20:26:01+00:00"} 
[2026-05-17 20:26:01] production.INFO: ScheduledJobManager completed {"execution_time":"2026-05-17T20:26:01+00:00","duration_ms":12.857,"dispatched":0,"skipped":0} 
[2026-05-17 20:27:01] production.INFO: ScheduledJobManager started {"execution_time":"2026-05-17T20:27:01+00:00"} 
[2026-05-17 20:27:01] production.INFO: ScheduledJobManager completed {"execution_time":"2026-05-17T20:27:01+00:00","duration_ms":12.471,"dispatched":0,"skipped":0} 
[2026-05-17 20:28:01] production.INFO: ScheduledJobManager started {"execution_time":"2026-05-17T20:28:01+00:00"} 
[2026-05-17 20:28:01] production.INFO: ScheduledJobManager completed {"execution_time":"2026-05-17T20:28:01+00:00","duration_ms":6.873,"dispatched":0,"skipped":0} 
[2026-05-17 20:29:01] production.INFO: ScheduledJobManager started {"execution_time":"2026-05-17T20:29:01+00:00"} 
[2026-05-17 20:29:01] production.INFO: ScheduledJobManager completed {"execution_time":"2026-05-17T20:29:01+00:00","duration_ms":12.598,"dispatched":0,"skipped":0} 
[2026-05-17 20:30:01] production.INFO: ScheduledJobManager started {"execution_time":"2026-05-17T20:30:01+00:00"} 
[2026-05-17 20:30:01] production.INFO: ScheduledJobManager completed {"execution_time":"2026-05-17T20:30:01+00:00","duration_ms":3.855,"dispatched":0,"skipped":0} 
[2026-05-17 20:31:01] production.INFO: ScheduledJobManager started {"execution_time":"2026-05-17T20:31:01+00:00"} 
[2026-05-17 20:31:01] production.INFO: ScheduledJobManager completed {"execution_time":"2026-05-17T20:31:01+00:00","duration_ms":12.532,"dispatched":0,"skipped":0} 
[2026-05-17 20:32:01] production.INFO: ScheduledJobManager started {"execution_time":"2026-05-17T20:32:01+00:00"} 
[2026-05-17 20:32:01] production.INFO: ScheduledJobManager completed {"execution_time":"2026-05-17T20:32:01+00:00","duration_ms":11.69,"dispatched":0,"skipped":0} 
[2026-05-17 20:33:01] production.INFO: ScheduledJobManager started {"execution_time":"2026-05-17T20:33:01+00:00"} 
[2026-05-17 20:33:01] production.INFO: ScheduledJobManager completed {"execution_time":"2026-05-17T20:33:01+00:00","duration_ms":12.706,"dispatched":0,"skipped":0} 
[2026-05-17 20:34:01] production.INFO: ScheduledJobManager started {"execution_time":"2026-05-17T20:34:01+00:00"} 
[2026-05-17 20:34:01] production.INFO: ScheduledJobManager completed {"execution_time":"2026-05-17T20:34:01+00:00","duration_ms":15.33,"dispatched":0,"skipped":0} 
[2026-05-17 20:35:01] production.INFO: ScheduledJobManager started {"execution_time":"2026-05-17T20:35:01+00:00"} 
[2026-05-17 20:35:01] production.INFO: ScheduledJobManager completed {"execution_time":"2026-05-17T20:35:01+00:00","duration_ms":12.661,"dispatched":0,"skipped":0} 
[2026-05-17 20:36:01] production.INFO: ScheduledJobManager started {"execution_time":"2026-05-17T20:36:01+00:00"} 
[2026-05-17 20:36:01] production.INFO: ScheduledJobManager completed {"execution_time":"2026-05-17T20:36:01+00:00","duration_ms":11.95,"dispatched":0,"skipped":0} 
[2026-05-17 20:37:01] production.INFO: ScheduledJobManager started {"execution_time":"2026-05-17T20:37:01+00:00"} 
[2026-05-17 20:37:01] production.INFO: ScheduledJobManager completed {"execution_time":"2026-05-17T20:37:01+00:00","duration_ms":11.329,"dispatched":0,"skipped":0} 
[2026-05-17 20:38:01] production.INFO: ScheduledJobManager started {"execution_time":"2026-05-17T20:38:01+00:00"} 
[2026-05-17 20:38:01] production.INFO: ScheduledJobManager completed {"execution_time":"2026-05-17T20:38:01+00:00","duration_ms":12.844,"dispatched":0,"skipped":0} 
[2026-05-17 20:39:02] production.INFO: ScheduledJobManager started {"execution_time":"2026-05-17T20:39:02+00:00"} 
[2026-05-17 20:39:02] production.INFO: ScheduledJobManager completed {"execution_time":"2026-05-17T20:39:02+00:00","duration_ms":12.735,"dispatched":0,"skipped":0} 
[2026-05-17 20:40:02] production.INFO: ScheduledJobManager started {"execution_time":"2026-05-17T20:40:02+00:00"} 
[2026-05-17 20:40:02] production.INFO: ScheduledJobManager completed {"execution_time":"2026-05-17T20:40:02+00:00","duration_ms":12.893,"dispatched":0,"skipped":0} 
[2026-05-17 20:41:01] production.INFO: ScheduledJobManager started {"execution_time":"2026-05-17T20:41:01+00:00"} 
[2026-05-17 20:41:01] production.INFO: ScheduledJobManager completed {"execution_time":"2026-05-17T20:41:01+00:00","duration_ms":12.931,"dispatched":0,"skipped":0} 
[2026-05-17 20:42:01] production.INFO: ScheduledJobManager started {"execution_time":"2026-05-17T20:42:01+00:00"} 
[2026-05-17 20:42:01] production.INFO: ScheduledJobManager completed {"execution_time":"2026-05-17T20:42:01+00:00","duration_ms":5.982,"dispatched":0,"skipped":0} 
[2026-05-17 20:43:01] production.INFO: ScheduledJobManager started {"execution_time":"2026-05-17T20:43:01+00:00"} 
[2026-05-17 20:43:01] production.INFO: ScheduledJobManager completed {"execution_time":"2026-05-17T20:43:01+00:00","duration_ms":12.527,"dispatched":0,"skipped":0} 
[2026-05-17 20:44:01] production.INFO: ScheduledJobManager started {"execution_time":"2026-05-17T20:44:01+00:00"} 
[2026-05-17 20:44:01] production.INFO: ScheduledJobManager completed {"execution_time":"2026-05-17T20:44:01+00:00","duration_ms":12.07,"dispatched":0,"skipped":0} 
[2026-05-17 20:45:01] production.INFO: ScheduledJobManager started {"execution_time":"2026-05-17T20:45:01+00:00"} 
[2026-05-17 20:45:01] production.INFO: ScheduledJobManager completed {"execution_time":"2026-05-17T20:45:01+00:00","duration_ms":3.967,"dispatched":0,"skipped":0} 
[2026-05-17 20:46:01] production.INFO: ScheduledJobManager started {"execution_time":"2026-05-17T20:46:01+00:00"} 
[2026-05-17 20:46:01] production.INFO: ScheduledJobManager completed {"execution_time":"2026-05-17T20:46:01+00:00","duration_ms":11.663,"dispatched":0,"skipped":0} 
[2026-05-17 20:47:01] production.INFO: ScheduledJobManager started {"execution_time":"2026-05-17T20:47:01+00:00"} 
[2026-05-17 20:47:01] production.INFO: ScheduledJobManager completed {"execution_time":"2026-05-17T20:47:01+00:00","duration_ms":12.518,"dispatched":0,"skipped":0} 
[2026-05-17 20:48:01] production.INFO: ScheduledJobManager started {"execution_time":"2026-05-17T20:48:01+00:00"} 
[2026-05-17 20:48:01] production.INFO: ScheduledJobManager completed {"execution_time":"2026-05-17T20:48:01+00:00","duration_ms":11.352,"dispatched":0,"skipped":0} 
[2026-05-17 20:49:01] production.INFO: ScheduledJobManager started {"execution_time":"2026-05-17T20:49:01+00:00"} 
[2026-05-17 20:49:01] production.INFO: ScheduledJobManager completed {"execution_time":"2026-05-17T20:49:01+00:00","duration_ms":12.864,"dispatched":0,"skipped":0} 
[2026-05-17 20:50:01] production.INFO: ScheduledJobManager started {"execution_time":"2026-05-17T20:50:01+00:00"} 
[2026-05-17 20:50:01] production.INFO: ScheduledJobManager completed {"execution_time":"2026-05-17T20:50:01+00:00","duration_ms":23.569,"dispatched":0,"skipped":0} 
[2026-05-17 20:51:01] production.INFO: ScheduledJobManager started {"execution_time":"2026-05-17T20:51:01+00:00"} 
[2026-05-17 20:51:01] production.INFO: ScheduledJobManager completed {"execution_time":"2026-05-17T20:51:01+00:00","duration_ms":11.002,"dispatched":0,"skipped":0} 
[2026-05-17 20:52:01] production.INFO: ScheduledJobManager started {"execution_time":"2026-05-17T20:52:01+00:00"} 
[2026-05-17 20:52:01] production.INFO: ScheduledJobManager completed {"execution_time":"2026-05-17T20:52:01+00:00","duration_ms":11.514,"dispatched":0,"skipped":0} 
[2026-05-17 20:53:01] production.INFO: ScheduledJobManager started {"execution_time":"2026-05-17T20:53:01+00:00"} 
[2026-05-17 20:53:01] production.INFO: ScheduledJobManager completed {"execution_time":"2026-05-17T20:53:01+00:00","duration_ms":12.475,"dispatched":0,"skipped":0} 
[2026-05-17 20:54:01] production.INFO: ScheduledJobManager started {"execution_time":"2026-05-17T20:54:01+00:00"} 
[2026-05-17 20:54:01] production.INFO: ScheduledJobManager completed {"execution_time":"2026-05-17T20:54:01+00:00","duration_ms":13.161,"dispatched":0,"skipped":0} 
[2026-05-17 20:55:01] production.INFO: ScheduledJobManager started {"execution_time":"2026-05-17T20:55:01+00:00"} 
[2026-05-17 20:55:01] production.INFO: ScheduledJobManager completed {"execution_time":"2026-05-17T20:55:01+00:00","duration_ms":4.314,"dispatched":0,"skipped":0} 
[2026-05-17 20:56:01] production.INFO: ScheduledJobManager started {"execution_time":"2026-05-17T20:56:01+00:00"} 
[2026-05-17 20:56:01] production.INFO: ScheduledJobManager completed {"execution_time":"2026-05-17T20:56:01+00:00","duration_ms":12.472,"dispatched":0,"skipped":0} 
[2026-05-17 20:57:01] production.INFO: ScheduledJobManager started {"execution_time":"2026-05-17T20:57:01+00:00"} 
[2026-05-17 20:57:01] production.INFO: ScheduledJobManager completed {"execution_time":"2026-05-17T20:57:01+00:00","duration_ms":12.756,"dispatched":0,"skipped":0} 
[2026-05-17 20:58:01] production.INFO: ScheduledJobManager started {"execution_time":"2026-05-17T20:58:01+00:00"} 
[2026-05-17 20:58:01] production.INFO: ScheduledJobManager completed {"execution_time":"2026-05-17T20:58:01+00:00","duration_ms":12.684,"dispatched":0,"skipped":0} 
[2026-05-17 20:59:01] production.INFO: ScheduledJobManager started {"execution_time":"2026-05-17T20:59:01+00:00"} 
[2026-05-17 20:59:01] production.INFO: ScheduledJobManager completed {"execution_time":"2026-05-17T20:59:01+00:00","duration_ms":13.041,"dispatched":0,"skipped":0} 
[2026-05-17 21:00:02] production.INFO: ScheduledJobManager started {"execution_time":"2026-05-17T21:00:02+00:00"} 
[2026-05-17 21:00:02] production.INFO: ScheduledJobManager completed {"execution_time":"2026-05-17T21:00:02+00:00","duration_ms":4.592,"dispatched":0,"skipped":0} 
[2026-05-17 21:01:01] production.INFO: ScheduledJobManager started {"execution_time":"2026-05-17T21:01:01+00:00"} 
[2026-05-17 21:01:01] production.INFO: ScheduledJobManager completed {"execution_time":"2026-05-17T21:01:01+00:00","duration_ms":11.855,"dispatched":0,"skipped":0} 
[2026-05-17 21:02:01] production.INFO: ScheduledJobManager started {"execution_time":"2026-05-17T21:02:01+00:00"} 
[2026-05-17 21:02:01] production.INFO: ScheduledJobManager completed {"execution_time":"2026-05-17T21:02:01+00:00","duration_ms":11.645,"dispatched":0,"skipped":0} 
[2026-05-17 21:03:01] production.INFO: ScheduledJobManager started {"execution_time":"2026-05-17T21:03:01+00:00"} 
[2026-05-17 21:03:01] production.INFO: ScheduledJobManager completed {"execution_time":"2026-05-17T21:03:01+00:00","duration_ms":12.843,"dispatched":0,"skipped":0} 
[2026-05-17 21:04:01] production.INFO: ScheduledJobManager started {"execution_time":"2026-05-17T21:04:01+00:00"} 
[2026-05-17 21:04:01] production.INFO: ScheduledJobManager completed {"execution_time":"2026-05-17T21:04:01+00:00","duration_ms":12.87,"dispatched":0,"skipped":0} 
[2026-05-17 21:05:01] production.INFO: ScheduledJobManager started {"execution_time":"2026-05-17T21:05:01+00:00"} 
[2026-05-17 21:05:01] production.INFO: ScheduledJobManager completed {"execution_time":"2026-05-17T21:05:01+00:00","duration_ms":12.921,"dispatched":0,"skipped":0} 
[2026-05-17 21:06:01] production.INFO: ScheduledJobManager started {"execution_time":"2026-05-17T21:06:01+00:00"} 
[2026-05-17 21:06:01] production.INFO: ScheduledJobManager completed {"execution_time":"2026-05-17T21:06:01+00:00","duration_ms":12.454,"dispatched":0,"skipped":0} 
[2026-05-17 21:07:01] production.INFO: ScheduledJobManager started {"execution_time":"2026-05-17T21:07:01+00:00"} 
[2026-05-17 21:07:01] production.INFO: ScheduledJobManager completed {"execution_time":"2026-05-17T21:07:01+00:00","duration_ms":11.408,"dispatched":0,"skipped":0} 
[2026-05-17 21:08:02] production.INFO: ScheduledJobManager started {"execution_time":"2026-05-17T21:08:01+00:00"} 
[2026-05-17 21:08:02] production.INFO: ScheduledJobManager completed {"execution_time":"2026-05-17T21:08:01+00:00","duration_ms":12.759,"dispatched":0,"skipped":0} 
[2026-05-17 21:09:01] production.INFO: ScheduledJobManager started {"execution_time":"2026-05-17T21:09:01+00:00"} 
[2026-05-17 21:09:01] production.INFO: ScheduledJobManager completed {"execution_time":"2026-05-17T21:09:01+00:00","duration_ms":11.329,"dispatched":0,"skipped":0} 
[2026-05-17 21:10:01] production.INFO: ScheduledJobManager started {"execution_time":"2026-05-17T21:10:01+00:00"} 
[2026-05-17 21:10:01] production.INFO: ScheduledJobManager completed {"execution_time":"2026-05-17T21:10:01+00:00","duration_ms":5.234,"dispatched":0,"skipped":0} 
[2026-05-17 21:11:01] production.INFO: ScheduledJobManager started {"execution_time":"2026-05-17T21:11:01+00:00"} 
[2026-05-17 21:11:01] production.INFO: ScheduledJobManager completed {"execution_time":"2026-05-17T21:11:01+00:00","duration_ms":12.785,"dispatched":0,"skipped":0} 
[2026-05-17 21:12:01] production.INFO: ScheduledJobManager started {"execution_time":"2026-05-17T21:12:01+00:00"} 
[2026-05-17 21:12:01] production.INFO: ScheduledJobManager completed {"execution_time":"2026-05-17T21:12:01+00:00","duration_ms":10.041,"dispatched":0,"skipped":0} 
[2026-05-17 21:13:01] production.INFO: ScheduledJobManager started {"execution_time":"2026-05-17T21:13:01+00:00"} 
[2026-05-17 21:13:01] production.INFO: ScheduledJobManager completed {"execution_time":"2026-05-17T21:13:01+00:00","duration_ms":12.813,"dispatched":0,"skipped":0} 
[2026-05-17 21:14:01] production.INFO: ScheduledJobManager started {"execution_time":"2026-05-17T21:14:01+00:00"} 
[2026-05-17 21:14:01] production.INFO: ScheduledJobManager completed {"execution_time":"2026-05-17T21:14:01+00:00","duration_ms":12.452,"dispatched":0,"skipped":0} 
[2026-05-17 21:15:01] production.INFO: ScheduledJobManager started {"execution_time":"2026-05-17T21:15:01+00:00"} 
[2026-05-17 21:15:01] production.INFO: ScheduledJobManager completed {"execution_time":"2026-05-17T21:15:01+00:00","duration_ms":4.274,"dispatched":0,"skipped":0} 
[2026-05-17 21:16:01] production.INFO: ScheduledJobManager started {"execution_time":"2026-05-17T21:16:01+00:00"} 
[2026-05-17 21:16:01] production.INFO: ScheduledJobManager completed {"execution_time":"2026-05-17T21:16:01+00:00","duration_ms":11.532,"dispatched":0,"skipped":0} 
[2026-05-17 21:17:01] production.INFO: ScheduledJobManager started {"execution_time":"2026-05-17T21:17:01+00:00"} 
[2026-05-17 21:17:01] production.INFO: ScheduledJobManager completed {"execution_time":"2026-05-17T21:17:01+00:00","duration_ms":12.183,"dispatched":0,"skipped":0} 
[2026-05-17 21:18:01] production.INFO: ScheduledJobManager started {"execution_time":"2026-05-17T21:18:01+00:00"} 
[2026-05-17 21:18:01] production.INFO: ScheduledJobManager completed {"execution_time":"2026-05-17T21:18:01+00:00","duration_ms":12.447,"dispatched":0,"skipped":0} 
[2026-05-17 21:19:01] production.INFO: ScheduledJobManager started {"execution_time":"2026-05-17T21:19:01+00:00"} 
[2026-05-17 21:19:01] production.INFO: ScheduledJobManager completed {"execution_time":"2026-05-17T21:19:01+00:00","duration_ms":12.193,"dispatched":0,"skipped":0} 
[2026-05-17 21:20:01] production.INFO: ScheduledJobManager started {"execution_time":"2026-05-17T21:20:01+00:00"} 
[2026-05-17 21:20:01] production.INFO: ScheduledJobManager completed {"execution_time":"2026-05-17T21:20:01+00:00","duration_ms":12.27,"dispatched":0,"skipped":0} 
[2026-05-17 21:21:01] production.INFO: ScheduledJobManager started {"execution_time":"2026-05-17T21:21:01+00:00"} 
[2026-05-17 21:21:01] production.INFO: ScheduledJobManager completed {"execution_time":"2026-05-17T21:21:01+00:00","duration_ms":12.289,"dispatched":0,"skipped":0} 
[2026-05-17 21:22:01] production.INFO: ScheduledJobManager started {"execution_time":"2026-05-17T21:22:01+00:00"} 
[2026-05-17 21:22:01] production.INFO: ScheduledJobManager completed {"execution_time":"2026-05-17T21:22:01+00:00","duration_ms":12.489,"dispatched":0,"skipped":0} 
[2026-05-17 21:23:01] production.INFO: ScheduledJobManager started {"execution_time":"2026-05-17T21:23:01+00:00"} 
[2026-05-17 21:23:01] production.INFO: ScheduledJobManager completed {"execution_time":"2026-05-17T21:23:01+00:00","duration_ms":12.987,"dispatched":0,"skipped":0} 
[2026-05-17 21:24:01] production.INFO: ScheduledJobManager started {"execution_time":"2026-05-17T21:24:01+00:00"} 
[2026-05-17 21:24:01] production.INFO: ScheduledJobManager completed {"execution_time":"2026-05-17T21:24:01+00:00","duration_ms":12.751,"dispatched":0,"skipped":0} 
[2026-05-17 21:25:02] production.INFO: ScheduledJobManager started {"execution_time":"2026-05-17T21:25:02+00:00"} 
[2026-05-17 21:25:02] production.INFO: ScheduledJobManager completed {"execution_time":"2026-05-17T21:25:02+00:00","duration_ms":12.599,"dispatched":0,"skipped":0} 
[2026-05-17 21:26:01] production.INFO: ScheduledJobManager started {"execution_time":"2026-05-17T21:26:01+00:00"} 
[2026-05-17 21:26:01] production.INFO: ScheduledJobManager completed {"execution_time":"2026-05-17T21:26:01+00:00","duration_ms":12.474,"dispatched":0,"skipped":0} 
[2026-05-17 21:27:01] production.INFO: ScheduledJobManager started {"execution_time":"2026-05-17T21:27:01+00:00"} 
[2026-05-17 21:27:01] production.INFO: ScheduledJobManager completed {"execution_time":"2026-05-17T21:27:01+00:00","duration_ms":12.634,"dispatched":0,"skipped":0} 
[2026-05-17 21:28:01] production.INFO: ScheduledJobManager started {"execution_time":"2026-05-17T21:28:01+00:00"} 
[2026-05-17 21:28:01] production.INFO: ScheduledJobManager completed {"execution_time":"2026-05-17T21:28:01+00:00","duration_ms":6.962,"dispatched":0,"skipped":0} 
[2026-05-17 21:29:01] production.INFO: ScheduledJobManager started {"execution_time":"2026-05-17T21:29:01+00:00"} 
[2026-05-17 21:29:01] production.INFO: ScheduledJobManager completed {"execution_time":"2026-05-17T21:29:01+00:00","duration_ms":11.954,"dispatched":0,"skipped":0} 
[2026-05-17 21:30:01] production.INFO: ScheduledJobManager started {"execution_time":"2026-05-17T21:30:01+00:00"} 
[2026-05-17 21:30:01] production.INFO: ScheduledJobManager completed {"execution_time":"2026-05-17T21:30:01+00:00","duration_ms":4.288,"dispatched":0,"skipped":0} 
[2026-05-17 21:31:01] production.INFO: ScheduledJobManager started {"execution_time":"2026-05-17T21:31:01+00:00"} 
[2026-05-17 21:31:01] production.INFO: ScheduledJobManager completed {"execution_time":"2026-05-17T21:31:01+00:00","duration_ms":12.853,"dispatched":0,"skipped":0} 
[2026-05-17 21:32:01] production.INFO: ScheduledJobManager started {"execution_time":"2026-05-17T21:32:01+00:00"} 
[2026-05-17 21:32:01] production.INFO: ScheduledJobManager completed {"execution_time":"2026-05-17T21:32:01+00:00","duration_ms":12.694,"dispatched":0,"skipped":0} 
[2026-05-17 21:33:01] production.INFO: ScheduledJobManager started {"execution_time":"2026-05-17T21:33:01+00:00"} 
[2026-05-17 21:33:01] production.INFO: ScheduledJobManager completed {"execution_time":"2026-05-17T21:33:01+00:00","duration_ms":12.798,"dispatched":0,"skipped":0} 
[2026-05-17 21:34:01] production.INFO: ScheduledJobManager started {"execution_time":"2026-05-17T21:34:01+00:00"} 
[2026-05-17 21:34:01] production.INFO: ScheduledJobManager completed {"execution_time":"2026-05-17T21:34:01+00:00","duration_ms":12.532,"dispatched":0,"skipped":0} 
[2026-05-17 21:35:01] production.INFO: ScheduledJobManager started {"execution_time":"2026-05-17T21:35:01+00:00"} 
[2026-05-17 21:35:01] production.INFO: ScheduledJobManager completed {"execution_time":"2026-05-17T21:35:01+00:00","duration_ms":11.261,"dispatched":0,"skipped":0} 
[2026-05-17 21:36:01] production.INFO: ScheduledJobManager started {"execution_time":"2026-05-17T21:36:01+00:00"} 
[2026-05-17 21:36:01] production.INFO: ScheduledJobManager completed {"execution_time":"2026-05-17T21:36:01+00:00","duration_ms":6.435,"dispatched":0,"skipped":0} 
[2026-05-17 21:37:01] production.INFO: ScheduledJobManager started {"execution_time":"2026-05-17T21:37:01+00:00"} 
[2026-05-17 21:37:01] production.INFO: ScheduledJobManager completed {"execution_time":"2026-05-17T21:37:01+00:00","duration_ms":12.687,"dispatched":0,"skipped":0} 
[2026-05-17 21:38:01] production.INFO: ScheduledJobManager started {"execution_time":"2026-05-17T21:38:01+00:00"} 
[2026-05-17 21:38:01] production.INFO: ScheduledJobManager completed {"execution_time":"2026-05-17T21:38:01+00:00","duration_ms":12.885,"dispatched":0,"skipped":0} 
[2026-05-17 21:39:01] production.INFO: ScheduledJobManager started {"execution_time":"2026-05-17T21:39:00+00:00"} 
[2026-05-17 21:39:01] production.INFO: ScheduledJobManager completed {"execution_time":"2026-05-17T21:39:00+00:00","duration_ms":12.157,"dispatched":0,"skipped":0} 
[2026-05-17 21:40:01] production.INFO: ScheduledJobManager started {"execution_time":"2026-05-17T21:40:01+00:00"} 
[2026-05-17 21:40:01] production.INFO: ScheduledJobManager completed {"execution_time":"2026-05-17T21:40:01+00:00","duration_ms":5.306,"dispatched":0,"skipped":0} 
[2026-05-17 21:41:01] production.INFO: ScheduledJobManager started {"execution_time":"2026-05-17T21:41:01+00:00"} 
[2026-05-17 21:41:01] production.INFO: ScheduledJobManager completed {"execution_time":"2026-05-17T21:41:01+00:00","duration_ms":12.799,"dispatched":0,"skipped":0} 
[2026-05-17 21:42:01] production.INFO: ScheduledJobManager started {"execution_time":"2026-05-17T21:42:01+00:00"} 
[2026-05-17 21:42:01] production.INFO: ScheduledJobManager completed {"execution_time":"2026-05-17T21:42:01+00:00","duration_ms":11.988,"dispatched":0,"skipped":0} 
[2026-05-17 21:43:01] production.INFO: ScheduledJobManager started {"execution_time":"2026-05-17T21:43:01+00:00"} 
[2026-05-17 21:43:01] production.INFO: ScheduledJobManager completed {"execution_time":"2026-05-17T21:43:01+00:00","duration_ms":12.676,"dispatched":0,"skipped":0} 
[2026-05-17 21:44:01] production.INFO: ScheduledJobManager started {"execution_time":"2026-05-17T21:44:01+00:00"} 
[2026-05-17 21:44:01] production.INFO: ScheduledJobManager completed {"execution_time":"2026-05-17T21:44:01+00:00","duration_ms":11.395,"dispatched":0,"skipped":0} 
[2026-05-17 21:45:01] production.INFO: ScheduledJobManager started {"execution_time":"2026-05-17T21:45:01+00:00"} 
[2026-05-17 21:45:01] production.INFO: ScheduledJobManager completed {"execution_time":"2026-05-17T21:45:01+00:00","duration_ms":3.879,"dispatched":0,"skipped":0} 
[2026-05-17 21:46:01] production.INFO: ScheduledJobManager started {"execution_time":"2026-05-17T21:46:01+00:00"} 
[2026-05-17 21:46:01] production.INFO: ScheduledJobManager completed {"execution_time":"2026-05-17T21:46:01+00:00","duration_ms":12.654,"dispatched":0,"skipped":0} 
[2026-05-17 21:47:01] production.INFO: ScheduledJobManager started {"execution_time":"2026-05-17T21:47:01+00:00"} 
[2026-05-17 21:47:01] production.INFO: ScheduledJobManager completed {"execution_time":"2026-05-17T21:47:01+00:00","duration_ms":12.464,"dispatched":0,"skipped":0} 
[2026-05-17 21:48:01] production.INFO: ScheduledJobManager started {"execution_time":"2026-05-17T21:48:01+00:00"} 
[2026-05-17 21:48:01] production.INFO: ScheduledJobManager completed {"execution_time":"2026-05-17T21:48:01+00:00","duration_ms":12.627,"dispatched":0,"skipped":0} 
[2026-05-17 21:49:01] production.INFO: ScheduledJobManager started {"execution_time":"2026-05-17T21:49:01+00:00"} 
[2026-05-17 21:49:01] production.INFO: ScheduledJobManager completed {"execution_time":"2026-05-17T21:49:01+00:00","duration_ms":11.071,"dispatched":0,"skipped":0} 
[2026-05-17 21:50:01] production.INFO: ScheduledJobManager started {"execution_time":"2026-05-17T21:50:01+00:00"} 
[2026-05-17 21:50:01] production.INFO: ScheduledJobManager completed {"execution_time":"2026-05-17T21:50:01+00:00","duration_ms":15.037,"dispatched":0,"skipped":0} 
[2026-05-17 21:51:01] production.INFO: ScheduledJobManager started {"execution_time":"2026-05-17T21:51:01+00:00"} 
[2026-05-17 21:51:01] production.INFO: ScheduledJobManager completed {"execution_time":"2026-05-17T21:51:01+00:00","duration_ms":12.3,"dispatched":0,"skipped":0} 
[2026-05-17 21:52:01] production.INFO: ScheduledJobManager started {"execution_time":"2026-05-17T21:52:01+00:00"} 
[2026-05-17 21:52:01] production.INFO: ScheduledJobManager completed {"execution_time":"2026-05-17T21:52:01+00:00","duration_ms":11.775,"dispatched":0,"skipped":0} 
[2026-05-17 21:53:01] production.INFO: ScheduledJobManager started {"execution_time":"2026-05-17T21:53:01+00:00"} 
[2026-05-17 21:53:01] production.INFO: ScheduledJobManager completed {"execution_time":"2026-05-17T21:53:01+00:00","duration_ms":12.006,"dispatched":0,"skipped":0} 
[2026-05-17 21:54:01] production.INFO: ScheduledJobManager started {"execution_time":"2026-05-17T21:54:01+00:00"} 
[2026-05-17 21:54:01] production.INFO: ScheduledJobManager completed {"execution_time":"2026-05-17T21:54:01+00:00","duration_ms":12.137,"dispatched":0,"skipped":0} 
[2026-05-17 21:55:02] production.INFO: ScheduledJobManager started {"execution_time":"2026-05-17T21:55:01+00:00"} 
[2026-05-17 21:55:02] production.INFO: ScheduledJobManager completed {"execution_time":"2026-05-17T21:55:01+00:00","duration_ms":13.544,"dispatched":0,"skipped":0} 
[2026-05-17 21:56:01] production.INFO: ScheduledJobManager started {"execution_time":"2026-05-17T21:56:01+00:00"} 
[2026-05-17 21:56:01] production.INFO: ScheduledJobManager completed {"execution_time":"2026-05-17T21:56:01+00:00","duration_ms":12.651,"dispatched":0,"skipped":0} 
[2026-05-17 21:57:01] production.INFO: ScheduledJobManager started {"execution_time":"2026-05-17T21:57:01+00:00"} 
[2026-05-17 21:57:01] production.INFO: ScheduledJobManager completed {"execution_time":"2026-05-17T21:57:01+00:00","duration_ms":12.739,"dispatched":0,"skipped":0} 
[2026-05-17 21:58:01] production.INFO: ScheduledJobManager started {"execution_time":"2026-05-17T21:58:01+00:00"} 
[2026-05-17 21:58:01] production.INFO: ScheduledJobManager completed {"execution_time":"2026-05-17T21:58:01+00:00","duration_ms":5.999,"dispatched":0,"skipped":0} 
[2026-05-17 21:59:01] production.INFO: ScheduledJobManager started {"execution_time":"2026-05-17T21:59:01+00:00"} 
[2026-05-17 21:59:01] production.INFO: ScheduledJobManager completed {"execution_time":"2026-05-17T21:59:01+00:00","duration_ms":11.146,"dispatched":0,"skipped":0} 
[2026-05-17 22:00:02] production.INFO: ScheduledJobManager started {"execution_time":"2026-05-17T22:00:02+00:00"} 
[2026-05-17 22:00:02] production.INFO: ScheduledJobManager completed {"execution_time":"2026-05-17T22:00:02+00:00","duration_ms":15.327,"dispatched":0,"skipped":0} 
[2026-05-17 22:01:01] production.INFO: ScheduledJobManager started {"execution_time":"2026-05-17T22:01:01+00:00"} 
[2026-05-17 22:01:01] production.INFO: ScheduledJobManager completed {"execution_time":"2026-05-17T22:01:01+00:00","duration_ms":12.402,"dispatched":0,"skipped":0} 
[2026-05-17 22:02:01] production.INFO: ScheduledJobManager started {"execution_time":"2026-05-17T22:02:01+00:00"} 
[2026-05-17 22:02:01] production.INFO: ScheduledJobManager completed {"execution_time":"2026-05-17T22:02:01+00:00","duration_ms":12.616,"dispatched":0,"skipped":0} 
[2026-05-17 22:03:01] production.INFO: ScheduledJobManager started {"execution_time":"2026-05-17T22:03:01+00:00"} 
[2026-05-17 22:03:01] production.INFO: ScheduledJobManager completed {"execution_time":"2026-05-17T22:03:01+00:00","duration_ms":12.321,"dispatched":0,"skipped":0} 
[2026-05-17 22:04:01] production.INFO: ScheduledJobManager started {"execution_time":"2026-05-17T22:04:01+00:00"} 
[2026-05-17 22:04:01] production.INFO: ScheduledJobManager completed {"execution_time":"2026-05-17T22:04:01+00:00","duration_ms":15.469,"dispatched":0,"skipped":0} 
[2026-05-17 22:05:01] production.INFO: ScheduledJobManager started {"execution_time":"2026-05-17T22:05:01+00:00"} 
[2026-05-17 22:05:01] production.INFO: ScheduledJobManager completed {"execution_time":"2026-05-17T22:05:01+00:00","duration_ms":13.034,"dispatched":0,"skipped":0} 
[2026-05-17 22:06:01] production.INFO: ScheduledJobManager started {"execution_time":"2026-05-17T22:06:01+00:00"} 
[2026-05-17 22:06:01] production.INFO: ScheduledJobManager completed {"execution_time":"2026-05-17T22:06:01+00:00","duration_ms":10.85,"dispatched":0,"skipped":0} 
[2026-05-17 22:07:01] production.INFO: ScheduledJobManager started {"execution_time":"2026-05-17T22:07:01+00:00"} 
[2026-05-17 22:07:01] production.INFO: ScheduledJobManager completed {"execution_time":"2026-05-17T22:07:01+00:00","duration_ms":11.122,"dispatched":0,"skipped":0} 
[2026-05-17 22:08:01] production.INFO: ScheduledJobManager started {"execution_time":"2026-05-17T22:08:01+00:00"} 
[2026-05-17 22:08:01] production.INFO: ScheduledJobManager completed {"execution_time":"2026-05-17T22:08:01+00:00","duration_ms":10.843,"dispatched":0,"skipped":0} 
[2026-05-17 22:09:01] production.INFO: ScheduledJobManager started {"execution_time":"2026-05-17T22:09:01+00:00"} 
[2026-05-17 22:09:01] production.INFO: ScheduledJobManager completed {"execution_time":"2026-05-17T22:09:01+00:00","duration_ms":11.195,"dispatched":0,"skipped":0} 
[2026-05-17 22:10:01] production.INFO: ScheduledJobManager started {"execution_time":"2026-05-17T22:10:01+00:00"} 
[2026-05-17 22:10:01] production.INFO: ScheduledJobManager completed {"execution_time":"2026-05-17T22:10:01+00:00","duration_ms":10.968,"dispatched":0,"skipped":0} 
[2026-05-17 22:11:00] production.INFO: ScheduledJobManager started {"execution_time":"2026-05-17T22:11:00+00:00"} 
[2026-05-17 22:11:00] production.INFO: ScheduledJobManager completed {"execution_time":"2026-05-17T22:11:00+00:00","duration_ms":10.908,"dispatched":0,"skipped":0} 
[2026-05-17 22:12:01] production.INFO: ScheduledJobManager started {"execution_time":"2026-05-17T22:12:01+00:00"} 
[2026-05-17 22:12:01] production.INFO: ScheduledJobManager completed {"execution_time":"2026-05-17T22:12:01+00:00","duration_ms":5.528,"dispatched":0,"skipped":0} 
[2026-05-17 22:13:01] production.INFO: ScheduledJobManager started {"execution_time":"2026-05-17T22:13:01+00:00"} 
[2026-05-17 22:13:01] production.INFO: ScheduledJobManager completed {"execution_time":"2026-05-17T22:13:01+00:00","duration_ms":10.983,"dispatched":0,"skipped":0} 
[2026-05-17 22:14:01] production.INFO: ScheduledJobManager started {"execution_time":"2026-05-17T22:14:01+00:00"} 
[2026-05-17 22:14:01] production.INFO: ScheduledJobManager completed {"execution_time":"2026-05-17T22:14:01+00:00","duration_ms":11.033,"dispatched":0,"skipped":0} 
[2026-05-17 22:15:01] production.INFO: ScheduledJobManager started {"execution_time":"2026-05-17T22:15:01+00:00"} 
[2026-05-17 22:15:01] production.INFO: ScheduledJobManager completed {"execution_time":"2026-05-17T22:15:01+00:00","duration_ms":3.694,"dispatched":0,"skipped":0} 
[2026-05-17 22:16:01] production.INFO: ScheduledJobManager started {"execution_time":"2026-05-17T22:16:01+00:00"} 
[2026-05-17 22:16:01] production.INFO: ScheduledJobManager completed {"execution_time":"2026-05-17T22:16:01+00:00","duration_ms":15.691,"dispatched":0,"skipped":0} 
[2026-05-17 22:17:01] production.INFO: ScheduledJobManager started {"execution_time":"2026-05-17T22:17:01+00:00"} 
[2026-05-17 22:17:01] production.INFO: ScheduledJobManager completed {"execution_time":"2026-05-17T22:17:01+00:00","duration_ms":11.045,"dispatched":0,"skipped":0} 
[2026-05-17 22:18:01] production.INFO: ScheduledJobManager started {"execution_time":"2026-05-17T22:18:01+00:00"} 
[2026-05-17 22:18:01] production.INFO: ScheduledJobManager completed {"execution_time":"2026-05-17T22:18:01+00:00","duration_ms":11.006,"dispatched":0,"skipped":0} 
[2026-05-17 22:19:01] production.INFO: ScheduledJobManager started {"execution_time":"2026-05-17T22:19:01+00:00"} 
[2026-05-17 22:19:01] production.INFO: ScheduledJobManager completed {"execution_time":"2026-05-17T22:19:01+00:00","duration_ms":11.262,"dispatched":0,"skipped":0} 
[2026-05-17 22:20:01] production.INFO: ScheduledJobManager started {"execution_time":"2026-05-17T22:20:01+00:00"} 
[2026-05-17 22:20:01] production.INFO: ScheduledJobManager completed {"execution_time":"2026-05-17T22:20:01+00:00","duration_ms":6.214,"dispatched":0,"skipped":0} 
[2026-05-17 22:21:01] production.INFO: ScheduledJobManager started {"execution_time":"2026-05-17T22:21:01+00:00"} 
[2026-05-17 22:21:01] production.INFO: ScheduledJobManager completed {"execution_time":"2026-05-17T22:21:01+00:00","duration_ms":11.421,"dispatched":0,"skipped":0} 
[2026-05-17 22:22:01] production.INFO: ScheduledJobManager started {"execution_time":"2026-05-17T22:22:01+00:00"} 
[2026-05-17 22:22:01] production.INFO: ScheduledJobManager completed {"execution_time":"2026-05-17T22:22:01+00:00","duration_ms":11.207,"dispatched":0,"skipped":0} 
[2026-05-17 22:23:01] production.INFO: ScheduledJobManager started {"execution_time":"2026-05-17T22:23:01+00:00"} 
[2026-05-17 22:23:01] production.INFO: ScheduledJobManager completed {"execution_time":"2026-05-17T22:23:01+00:00","duration_ms":10.973,"dispatched":0,"skipped":0} 
[2026-05-17 22:24:01] production.INFO: ScheduledJobManager started {"execution_time":"2026-05-17T22:24:01+00:00"} 
[2026-05-17 22:24:01] production.INFO: ScheduledJobManager completed {"execution_time":"2026-05-17T22:24:01+00:00","duration_ms":11.0,"dispatched":0,"skipped":0} 
[2026-05-17 22:25:01] production.INFO: ScheduledJobManager started {"execution_time":"2026-05-17T22:25:01+00:00"} 
[2026-05-17 22:25:01] production.INFO: ScheduledJobManager completed {"execution_time":"2026-05-17T22:25:01+00:00","duration_ms":11.144,"dispatched":0,"skipped":0} 
[2026-05-17 22:26:01] production.INFO: ScheduledJobManager started {"execution_time":"2026-05-17T22:26:01+00:00"} 
[2026-05-17 22:26:01] production.INFO: ScheduledJobManager completed {"execution_time":"2026-05-17T22:26:01+00:00","duration_ms":10.99,"dispatched":0,"skipped":0} 
[2026-05-17 22:27:00] production.INFO: ScheduledJobManager started {"execution_time":"2026-05-17T22:27:00+00:00"} 
[2026-05-17 22:27:00] production.INFO: ScheduledJobManager completed {"execution_time":"2026-05-17T22:27:00+00:00","duration_ms":10.965,"dispatched":0,"skipped":0} 
[2026-05-17 22:28:01] production.INFO: ScheduledJobManager started {"execution_time":"2026-05-17T22:28:01+00:00"} 
[2026-05-17 22:28:01] production.INFO: ScheduledJobManager completed {"execution_time":"2026-05-17T22:28:01+00:00","duration_ms":4.879,"dispatched":0,"skipped":0} 
[2026-05-17 22:29:01] production.INFO: ScheduledJobManager started {"execution_time":"2026-05-17T22:29:01+00:00"} 
[2026-05-17 22:29:01] production.INFO: ScheduledJobManager completed {"execution_time":"2026-05-17T22:29:01+00:00","duration_ms":11.106,"dispatched":0,"skipped":0} 
[2026-05-17 22:30:01] production.INFO: ScheduledJobManager started {"execution_time":"2026-05-17T22:30:01+00:00"} 
[2026-05-17 22:30:01] production.INFO: ScheduledJobManager completed {"execution_time":"2026-05-17T22:30:01+00:00","duration_ms":5.117,"dispatched":0,"skipped":0} 
[2026-05-17 22:31:01] production.INFO: ScheduledJobManager started {"execution_time":"2026-05-17T22:31:01+00:00"} 
[2026-05-17 22:31:01] production.INFO: ScheduledJobManager completed {"execution_time":"2026-05-17T22:31:01+00:00","duration_ms":10.83,"dispatched":0,"skipped":0} 
[2026-05-17 22:32:01] production.INFO: ScheduledJobManager started {"execution_time":"2026-05-17T22:32:01+00:00"} 
[2026-05-17 22:32:01] production.INFO: ScheduledJobManager completed {"execution_time":"2026-05-17T22:32:01+00:00","duration_ms":11.172,"dispatched":0,"skipped":0} 
[2026-05-17 22:33:01] production.INFO: ScheduledJobManager started {"execution_time":"2026-05-17T22:33:01+00:00"} 
[2026-05-17 22:33:01] production.INFO: ScheduledJobManager completed {"execution_time":"2026-05-17T22:33:01+00:00","duration_ms":10.996,"dispatched":0,"skipped":0} 
[2026-05-17 22:34:01] production.INFO: ScheduledJobManager started {"execution_time":"2026-05-17T22:34:01+00:00"} 
[2026-05-17 22:34:01] production.INFO: ScheduledJobManager completed {"execution_time":"2026-05-17T22:34:01+00:00","duration_ms":11.29,"dispatched":0,"skipped":0} 
[2026-05-17 22:35:01] production.INFO: ScheduledJobManager started {"execution_time":"2026-05-17T22:35:01+00:00"} 
[2026-05-17 22:35:01] production.INFO: ScheduledJobManager completed {"execution_time":"2026-05-17T22:35:01+00:00","duration_ms":10.942,"dispatched":0,"skipped":0} 
[2026-05-17 22:36:01] production.INFO: ScheduledJobManager started {"execution_time":"2026-05-17T22:36:01+00:00"} 
[2026-05-17 22:36:01] production.INFO: ScheduledJobManager completed {"execution_time":"2026-05-17T22:36:01+00:00","duration_ms":10.97,"dispatched":0,"skipped":0} 
[2026-05-17 22:37:01] production.INFO: ScheduledJobManager started {"execution_time":"2026-05-17T22:37:01+00:00"} 
[2026-05-17 22:37:01] production.INFO: ScheduledJobManager completed {"execution_time":"2026-05-17T22:37:01+00:00","duration_ms":11.019,"dispatched":0,"skipped":0} 
[2026-05-17 22:38:01] production.INFO: ScheduledJobManager started {"execution_time":"2026-05-17T22:38:01+00:00"} 
[2026-05-17 22:38:01] production.INFO: ScheduledJobManager completed {"execution_time":"2026-05-17T22:38:01+00:00","duration_ms":11.41,"dispatched":0,"skipped":0} 
[2026-05-17 22:39:01] production.INFO: ScheduledJobManager started {"execution_time":"2026-05-17T22:39:01+00:00"} 
[2026-05-17 22:39:01] production.INFO: ScheduledJobManager completed {"execution_time":"2026-05-17T22:39:01+00:00","duration_ms":10.939,"dispatched":0,"skipped":0} 
[2026-05-17 22:40:01] production.INFO: ScheduledJobManager started {"execution_time":"2026-05-17T22:40:01+00:00"} 
[2026-05-17 22:40:01] production.INFO: ScheduledJobManager completed {"execution_time":"2026-05-17T22:40:01+00:00","duration_ms":11.52,"dispatched":0,"skipped":0} 
[2026-05-17 22:41:01] production.INFO: ScheduledJobManager started {"execution_time":"2026-05-17T22:41:01+00:00"} 
[2026-05-17 22:41:01] production.INFO: ScheduledJobManager completed {"execution_time":"2026-05-17T22:41:01+00:00","duration_ms":11.05,"dispatched":0,"skipped":0} 
[2026-05-17 22:42:01] production.INFO: ScheduledJobManager started {"execution_time":"2026-05-17T22:42:01+00:00"} 
[2026-05-17 22:42:01] production.INFO: ScheduledJobManager completed {"execution_time":"2026-05-17T22:42:01+00:00","duration_ms":11.099,"dispatched":0,"skipped":0} 
[2026-05-17 22:43:00] production.INFO: ScheduledJobManager started {"execution_time":"2026-05-17T22:43:00+00:00"} 
[2026-05-17 22:43:00] production.INFO: ScheduledJobManager completed {"execution_time":"2026-05-17T22:43:00+00:00","duration_ms":11.107,"dispatched":0,"skipped":0} 
[2026-05-17 22:44:01] production.INFO: ScheduledJobManager started {"execution_time":"2026-05-17T22:44:01+00:00"} 
[2026-05-17 22:44:01] production.INFO: ScheduledJobManager completed {"execution_time":"2026-05-17T22:44:01+00:00","duration_ms":5.417,"dispatched":0,"skipped":0} 
[2026-05-17 22:45:01] production.INFO: ScheduledJobManager started {"execution_time":"2026-05-17T22:45:01+00:00"} 
[2026-05-17 22:45:01] production.INFO: ScheduledJobManager completed {"execution_time":"2026-05-17T22:45:01+00:00","duration_ms":11.24,"dispatched":0,"skipped":0} 
[2026-05-17 22:46:01] production.INFO: ScheduledJobManager started {"execution_time":"2026-05-17T22:46:01+00:00"} 
[2026-05-17 22:46:01] production.INFO: ScheduledJobManager completed {"execution_time":"2026-05-17T22:46:01+00:00","duration_ms":11.139,"dispatched":0,"skipped":0} 
[2026-05-17 22:47:01] production.INFO: ScheduledJobManager started {"execution_time":"2026-05-17T22:47:01+00:00"} 
[2026-05-17 22:47:01] production.INFO: ScheduledJobManager completed {"execution_time":"2026-05-17T22:47:01+00:00","duration_ms":10.945,"dispatched":0,"skipped":0} 
[2026-05-17 22:48:01] production.INFO: ScheduledJobManager started {"execution_time":"2026-05-17T22:48:01+00:00"} 
[2026-05-17 22:48:01] production.INFO: ScheduledJobManager completed {"execution_time":"2026-05-17T22:48:01+00:00","duration_ms":11.636,"dispatched":0,"skipped":0} 
[2026-05-17 22:49:01] production.INFO: ScheduledJobManager started {"execution_time":"2026-05-17T22:49:01+00:00"} 
[2026-05-17 22:49:01] production.INFO: ScheduledJobManager completed {"execution_time":"2026-05-17T22:49:01+00:00","duration_ms":11.009,"dispatched":0,"skipped":0} 
[2026-05-17 22:50:01] production.INFO: ScheduledJobManager started {"execution_time":"2026-05-17T22:50:01+00:00"} 
[2026-05-17 22:50:01] production.INFO: ScheduledJobManager completed {"execution_time":"2026-05-17T22:50:01+00:00","duration_ms":4.444,"dispatched":0,"skipped":0} 
[2026-05-17 22:51:01] production.INFO: ScheduledJobManager started {"execution_time":"2026-05-17T22:51:01+00:00"} 
[2026-05-17 22:51:01] production.INFO: ScheduledJobManager completed {"execution_time":"2026-05-17T22:51:01+00:00","duration_ms":11.103,"dispatched":0,"skipped":0} 
[2026-05-17 22:52:01] production.INFO: ScheduledJobManager started {"execution_time":"2026-05-17T22:52:01+00:00"} 
[2026-05-17 22:52:01] production.INFO: ScheduledJobManager completed {"execution_time":"2026-05-17T22:52:01+00:00","duration_ms":10.962,"dispatched":0,"skipped":0} 
[2026-05-17 22:53:01] production.INFO: ScheduledJobManager started {"execution_time":"2026-05-17T22:53:01+00:00"} 
[2026-05-17 22:53:01] production.INFO: ScheduledJobManager completed {"execution_time":"2026-05-17T22:53:01+00:00","duration_ms":11.006,"dispatched":0,"skipped":0} 
[2026-05-17 22:54:01] production.INFO: ScheduledJobManager started {"execution_time":"2026-05-17T22:54:01+00:00"} 
[2026-05-17 22:54:01] production.INFO: ScheduledJobManager completed {"execution_time":"2026-05-17T22:54:01+00:00","duration_ms":10.83,"dispatched":0,"skipped":0} 
[2026-05-17 22:55:01] production.INFO: ScheduledJobManager started {"execution_time":"2026-05-17T22:55:01+00:00"} 
[2026-05-17 22:55:01] production.INFO: ScheduledJobManager completed {"execution_time":"2026-05-17T22:55:01+00:00","duration_ms":11.086,"dispatched":0,"skipped":0} 
[2026-05-17 22:56:01] production.INFO: ScheduledJobManager started {"execution_time":"2026-05-17T22:56:01+00:00"} 
[2026-05-17 22:56:01] production.INFO: ScheduledJobManager completed {"execution_time":"2026-05-17T22:56:01+00:00","duration_ms":10.828,"dispatched":0,"skipped":0} 
[2026-05-17 22:57:01] production.INFO: ScheduledJobManager started {"execution_time":"2026-05-17T22:57:01+00:00"} 
[2026-05-17 22:57:01] production.INFO: ScheduledJobManager completed {"execution_time":"2026-05-17T22:57:01+00:00","duration_ms":11.136,"dispatched":0,"skipped":0} 
[2026-05-17 22:58:01] production.INFO: ScheduledJobManager started {"execution_time":"2026-05-17T22:58:01+00:00"} 
[2026-05-17 22:58:01] production.INFO: ScheduledJobManager completed {"execution_time":"2026-05-17T22:58:01+00:00","duration_ms":11.07,"dispatched":0,"skipped":0} 
[2026-05-17 22:59:01] production.INFO: ScheduledJobManager started {"execution_time":"2026-05-17T22:59:01+00:00"} 
[2026-05-17 22:59:01] production.INFO: ScheduledJobManager completed {"execution_time":"2026-05-17T22:59:01+00:00","duration_ms":10.902,"dispatched":0,"skipped":0} 
[2026-05-17 23:00:02] production.INFO: ScheduledJobManager started {"execution_time":"2026-05-17T23:00:02+00:00"} 
[2026-05-17 23:00:02] production.INFO: ScheduledJobManager completed {"execution_time":"2026-05-17T23:00:02+00:00","duration_ms":14.908,"dispatched":0,"skipped":0} 
[2026-05-17 23:01:01] production.INFO: ScheduledJobManager started {"execution_time":"2026-05-17T23:01:01+00:00"} 
[2026-05-17 23:01:01] production.INFO: ScheduledJobManager completed {"execution_time":"2026-05-17T23:01:01+00:00","duration_ms":11.345,"dispatched":0,"skipped":0} 
[2026-05-17 23:02:01] production.INFO: ScheduledJobManager started {"execution_time":"2026-05-17T23:02:01+00:00"} 
[2026-05-17 23:02:01] production.INFO: ScheduledJobManager completed {"execution_time":"2026-05-17T23:02:01+00:00","duration_ms":11.068,"dispatched":0,"skipped":0} 
[2026-05-17 23:03:01] production.INFO: ScheduledJobManager started {"execution_time":"2026-05-17T23:03:01+00:00"} 
[2026-05-17 23:03:01] production.INFO: ScheduledJobManager completed {"execution_time":"2026-05-17T23:03:01+00:00","duration_ms":11.297,"dispatched":0,"skipped":0} 
[2026-05-17 23:04:01] production.INFO: ScheduledJobManager started {"execution_time":"2026-05-17T23:04:01+00:00"} 
[2026-05-17 23:04:01] production.INFO: ScheduledJobManager completed {"execution_time":"2026-05-17T23:04:01+00:00","duration_ms":11.247,"dispatched":0,"skipped":0} 
[2026-05-17 23:05:01] production.INFO: ScheduledJobManager started {"execution_time":"2026-05-17T23:05:01+00:00"} 
[2026-05-17 23:05:01] production.INFO: ScheduledJobManager completed {"execution_time":"2026-05-17T23:05:01+00:00","duration_ms":11.101,"dispatched":0,"skipped":0} 
[2026-05-17 23:06:01] production.INFO: ScheduledJobManager started {"execution_time":"2026-05-17T23:06:01+00:00"} 
[2026-05-17 23:06:01] production.INFO: ScheduledJobManager completed {"execution_time":"2026-05-17T23:06:01+00:00","duration_ms":10.986,"dispatched":0,"skipped":0} 
[2026-05-17 23:07:01] production.INFO: ScheduledJobManager started {"execution_time":"2026-05-17T23:07:01+00:00"} 
[2026-05-17 23:07:01] production.INFO: ScheduledJobManager completed {"execution_time":"2026-05-17T23:07:01+00:00","duration_ms":11.03,"dispatched":0,"skipped":0} 
[2026-05-17 23:08:01] production.INFO: ScheduledJobManager started {"execution_time":"2026-05-17T23:08:01+00:00"} 
[2026-05-17 23:08:01] production.INFO: ScheduledJobManager completed {"execution_time":"2026-05-17T23:08:01+00:00","duration_ms":11.152,"dispatched":0,"skipped":0} 
[2026-05-17 23:09:01] production.INFO: ScheduledJobManager started {"execution_time":"2026-05-17T23:09:01+00:00"} 
[2026-05-17 23:09:01] production.INFO: ScheduledJobManager completed {"execution_time":"2026-05-17T23:09:01+00:00","duration_ms":11.06,"dispatched":0,"skipped":0} 
[2026-05-17 23:10:01] production.INFO: ScheduledJobManager started {"execution_time":"2026-05-17T23:10:01+00:00"} 
[2026-05-17 23:10:01] production.INFO: ScheduledJobManager completed {"execution_time":"2026-05-17T23:10:01+00:00","duration_ms":11.186,"dispatched":0,"skipped":0} 
[2026-05-17 23:11:01] production.INFO: ScheduledJobManager started {"execution_time":"2026-05-17T23:11:01+00:00"} 
[2026-05-17 23:11:01] production.INFO: ScheduledJobManager completed {"execution_time":"2026-05-17T23:11:01+00:00","duration_ms":11.33,"dispatched":0,"skipped":0} 
[2026-05-17 23:12:01] production.INFO: ScheduledJobManager started {"execution_time":"2026-05-17T23:12:01+00:00"} 
[2026-05-17 23:12:01] production.INFO: ScheduledJobManager completed {"execution_time":"2026-05-17T23:12:01+00:00","duration_ms":11.462,"dispatched":0,"skipped":0} 
[2026-05-17 23:13:01] production.INFO: ScheduledJobManager started {"execution_time":"2026-05-17T23:13:01+00:00"} 
[2026-05-17 23:13:01] production.INFO: ScheduledJobManager completed {"execution_time":"2026-05-17T23:13:01+00:00","duration_ms":11.322,"dispatched":0,"skipped":0} 
[2026-05-17 23:14:01] production.INFO: ScheduledJobManager started {"execution_time":"2026-05-17T23:14:01+00:00"} 
[2026-05-17 23:14:01] production.INFO: ScheduledJobManager completed {"execution_time":"2026-05-17T23:14:01+00:00","duration_ms":10.936,"dispatched":0,"skipped":0} 
[2026-05-17 23:15:01] production.INFO: ScheduledJobManager started {"execution_time":"2026-05-17T23:15:01+00:00"} 
[2026-05-17 23:15:01] production.INFO: ScheduledJobManager completed {"execution_time":"2026-05-17T23:15:01+00:00","duration_ms":4.062,"dispatched":0,"skipped":0} 
[2026-05-17 23:16:01] production.INFO: ScheduledJobManager started {"execution_time":"2026-05-17T23:16:01+00:00"} 
[2026-05-17 23:16:01] production.INFO: ScheduledJobManager completed {"execution_time":"2026-05-17T23:16:01+00:00","duration_ms":11.815,"dispatched":0,"skipped":0} 
[2026-05-17 23:17:01] production.INFO: ScheduledJobManager started {"execution_time":"2026-05-17T23:17:01+00:00"} 
[2026-05-17 23:17:01] production.INFO: ScheduledJobManager completed {"execution_time":"2026-05-17T23:17:01+00:00","duration_ms":11.532,"dispatched":0,"skipped":0} 
[2026-05-17 23:18:01] production.INFO: ScheduledJobManager started {"execution_time":"2026-05-17T23:18:01+00:00"} 
[2026-05-17 23:18:01] production.INFO: ScheduledJobManager completed {"execution_time":"2026-05-17T23:18:01+00:00","duration_ms":11.305,"dispatched":0,"skipped":0} 
[2026-05-17 23:19:01] production.INFO: ScheduledJobManager started {"execution_time":"2026-05-17T23:19:01+00:00"} 
[2026-05-17 23:19:01] production.INFO: ScheduledJobManager completed {"execution_time":"2026-05-17T23:19:01+00:00","duration_ms":11.431,"dispatched":0,"skipped":0} 
[2026-05-17 23:20:01] production.INFO: ScheduledJobManager started {"execution_time":"2026-05-17T23:20:01+00:00"} 
[2026-05-17 23:20:01] production.INFO: ScheduledJobManager completed {"execution_time":"2026-05-17T23:20:01+00:00","duration_ms":12.135,"dispatched":0,"skipped":0} 
[2026-05-17 23:21:01] production.INFO: ScheduledJobManager started {"execution_time":"2026-05-17T23:21:01+00:00"} 
[2026-05-17 23:21:01] production.INFO: ScheduledJobManager completed {"execution_time":"2026-05-17T23:21:01+00:00","duration_ms":11.467,"dispatched":0,"skipped":0} 
[2026-05-17 23:22:01] production.INFO: ScheduledJobManager started {"execution_time":"2026-05-17T23:22:01+00:00"} 
[2026-05-17 23:22:01] production.INFO: ScheduledJobManager completed {"execution_time":"2026-05-17T23:22:01+00:00","duration_ms":11.157,"dispatched":0,"skipped":0} 
[2026-05-17 23:23:01] production.INFO: ScheduledJobManager started {"execution_time":"2026-05-17T23:23:01+00:00"} 
[2026-05-17 23:23:01] production.INFO: ScheduledJobManager completed {"execution_time":"2026-05-17T23:23:01+00:00","duration_ms":11.116,"dispatched":0,"skipped":0} 
[2026-05-17 23:24:01] production.INFO: ScheduledJobManager started {"execution_time":"2026-05-17T23:24:01+00:00"} 
[2026-05-17 23:24:01] production.INFO: ScheduledJobManager completed {"execution_time":"2026-05-17T23:24:01+00:00","duration_ms":11.166,"dispatched":0,"skipped":0} 
[2026-05-17 23:25:01] production.INFO: ScheduledJobManager started {"execution_time":"2026-05-17T23:25:01+00:00"} 
[2026-05-17 23:25:01] production.INFO: ScheduledJobManager completed {"execution_time":"2026-05-17T23:25:01+00:00","duration_ms":11.418,"dispatched":0,"skipped":0} 
[2026-05-17 23:26:01] production.INFO: ScheduledJobManager started {"execution_time":"2026-05-17T23:26:01+00:00"} 
[2026-05-17 23:26:01] production.INFO: ScheduledJobManager completed {"execution_time":"2026-05-17T23:26:01+00:00","duration_ms":11.549,"dispatched":0,"skipped":0} 
[2026-05-17 23:27:01] production.INFO: ScheduledJobManager started {"execution_time":"2026-05-17T23:27:01+00:00"} 
[2026-05-17 23:27:01] production.INFO: ScheduledJobManager completed {"execution_time":"2026-05-17T23:27:01+00:00","duration_ms":11.248,"dispatched":0,"skipped":0} 
[2026-05-17 23:28:01] production.INFO: ScheduledJobManager started {"execution_time":"2026-05-17T23:28:01+00:00"} 
[2026-05-17 23:28:01] production.INFO: ScheduledJobManager completed {"execution_time":"2026-05-17T23:28:01+00:00","duration_ms":11.394,"dispatched":0,"skipped":0} 
[2026-05-17 23:29:01] production.INFO: ScheduledJobManager started {"execution_time":"2026-05-17T23:29:01+00:00"} 
[2026-05-17 23:29:01] production.INFO: ScheduledJobManager completed {"execution_time":"2026-05-17T23:29:01+00:00","duration_ms":11.178,"dispatched":0,"skipped":0} 
[2026-05-17 23:30:01] production.INFO: ScheduledJobManager started {"execution_time":"2026-05-17T23:30:01+00:00"} 
[2026-05-17 23:30:01] production.INFO: ScheduledJobManager completed {"execution_time":"2026-05-17T23:30:01+00:00","duration_ms":20.069,"dispatched":0,"skipped":0} 
[2026-05-17 23:31:01] production.INFO: ScheduledJobManager started {"execution_time":"2026-05-17T23:31:01+00:00"} 
[2026-05-17 23:31:01] production.INFO: ScheduledJobManager completed {"execution_time":"2026-05-17T23:31:01+00:00","duration_ms":11.299,"dispatched":0,"skipped":0} 
[2026-05-17 23:32:01] production.INFO: ScheduledJobManager started {"execution_time":"2026-05-17T23:32:01+00:00"} 
[2026-05-17 23:32:01] production.INFO: ScheduledJobManager completed {"execution_time":"2026-05-17T23:32:01+00:00","duration_ms":6.284,"dispatched":0,"skipped":0} 
[2026-05-17 23:33:01] production.INFO: ScheduledJobManager started {"execution_time":"2026-05-17T23:33:01+00:00"} 
[2026-05-17 23:33:01] production.INFO: ScheduledJobManager completed {"execution_time":"2026-05-17T23:33:01+00:00","duration_ms":11.049,"dispatched":0,"skipped":0} 
[2026-05-17 23:34:01] production.INFO: ScheduledJobManager started {"execution_time":"2026-05-17T23:34:01+00:00"} 
[2026-05-17 23:34:01] production.INFO: ScheduledJobManager completed {"execution_time":"2026-05-17T23:34:01+00:00","duration_ms":11.11,"dispatched":0,"skipped":0} 
[2026-05-17 23:35:01] production.INFO: ScheduledJobManager started {"execution_time":"2026-05-17T23:35:01+00:00"} 
[2026-05-17 23:35:01] production.INFO: ScheduledJobManager completed {"execution_time":"2026-05-17T23:35:01+00:00","duration_ms":3.901,"dispatched":0,"skipped":0} 
[2026-05-17 23:36:01] production.INFO: ScheduledJobManager started {"execution_time":"2026-05-17T23:36:01+00:00"} 
[2026-05-17 23:36:01] production.INFO: ScheduledJobManager completed {"execution_time":"2026-05-17T23:36:01+00:00","duration_ms":11.426,"dispatched":0,"skipped":0} 
[2026-05-17 23:37:01] production.INFO: ScheduledJobManager started {"execution_time":"2026-05-17T23:37:01+00:00"} 
[2026-05-17 23:37:01] production.INFO: ScheduledJobManager completed {"execution_time":"2026-05-17T23:37:01+00:00","duration_ms":11.055,"dispatched":0,"skipped":0} 
[2026-05-17 23:38:01] production.INFO: ScheduledJobManager started {"execution_time":"2026-05-17T23:38:01+00:00"} 
[2026-05-17 23:38:01] production.INFO: ScheduledJobManager completed {"execution_time":"2026-05-17T23:38:01+00:00","duration_ms":11.142,"dispatched":0,"skipped":0} 
[2026-05-17 23:39:01] production.INFO: ScheduledJobManager started {"execution_time":"2026-05-17T23:39:01+00:00"} 
[2026-05-17 23:39:01] production.INFO: ScheduledJobManager completed {"execution_time":"2026-05-17T23:39:01+00:00","duration_ms":11.493,"dispatched":0,"skipped":0} 
[2026-05-17 23:40:01] production.INFO: ScheduledJobManager started {"execution_time":"2026-05-17T23:40:01+00:00"} 
[2026-05-17 23:40:01] production.INFO: ScheduledJobManager completed {"execution_time":"2026-05-17T23:40:01+00:00","duration_ms":11.32,"dispatched":0,"skipped":0} 
[2026-05-17 23:41:01] production.INFO: ScheduledJobManager started {"execution_time":"2026-05-17T23:41:01+00:00"} 
[2026-05-17 23:41:01] production.INFO: ScheduledJobManager completed {"execution_time":"2026-05-17T23:41:01+00:00","duration_ms":11.156,"dispatched":0,"skipped":0} 
[2026-05-17 23:42:01] production.INFO: ScheduledJobManager started {"execution_time":"2026-05-17T23:42:01+00:00"} 
[2026-05-17 23:42:01] production.INFO: ScheduledJobManager completed {"execution_time":"2026-05-17T23:42:01+00:00","duration_ms":14.568,"dispatched":0,"skipped":0} 
[2026-05-17 23:43:01] production.INFO: ScheduledJobManager started {"execution_time":"2026-05-17T23:43:01+00:00"} 
[2026-05-17 23:43:01] production.INFO: ScheduledJobManager completed {"execution_time":"2026-05-17T23:43:01+00:00","duration_ms":11.207,"dispatched":0,"skipped":0} 
[2026-05-17 23:44:01] production.INFO: ScheduledJobManager started {"execution_time":"2026-05-17T23:44:01+00:00"} 
[2026-05-17 23:44:01] production.INFO: ScheduledJobManager completed {"execution_time":"2026-05-17T23:44:01+00:00","duration_ms":11.245,"dispatched":0,"skipped":0} 
[2026-05-17 23:45:01] production.INFO: ScheduledJobManager started {"execution_time":"2026-05-17T23:45:01+00:00"} 
[2026-05-17 23:45:01] production.INFO: ScheduledJobManager completed {"execution_time":"2026-05-17T23:45:01+00:00","duration_ms":3.846,"dispatched":0,"skipped":0} 
[2026-05-17 23:46:01] production.INFO: ScheduledJobManager started {"execution_time":"2026-05-17T23:46:01+00:00"} 
[2026-05-17 23:46:01] production.INFO: ScheduledJobManager completed {"execution_time":"2026-05-17T23:46:01+00:00","duration_ms":11.268,"dispatched":0,"skipped":0} 
[2026-05-17 23:47:01] production.INFO: ScheduledJobManager started {"execution_time":"2026-05-17T23:47:01+00:00"} 
[2026-05-17 23:47:01] production.INFO: ScheduledJobManager completed {"execution_time":"2026-05-17T23:47:01+00:00","duration_ms":10.973,"dispatched":0,"skipped":0} 
[2026-05-17 23:48:01] production.INFO: ScheduledJobManager started {"execution_time":"2026-05-17T23:48:01+00:00"} 
[2026-05-17 23:48:01] production.INFO: ScheduledJobManager completed {"execution_time":"2026-05-17T23:48:01+00:00","duration_ms":11.276,"dispatched":0,"skipped":0} 
[2026-05-17 23:49:01] production.INFO: ScheduledJobManager started {"execution_time":"2026-05-17T23:49:01+00:00"} 
[2026-05-17 23:49:01] production.INFO: ScheduledJobManager completed {"execution_time":"2026-05-17T23:49:01+00:00","duration_ms":11.201,"dispatched":0,"skipped":0} 
[2026-05-17 23:50:01] production.INFO: ScheduledJobManager started {"execution_time":"2026-05-17T23:50:01+00:00"} 
[2026-05-17 23:50:01] production.INFO: ScheduledJobManager completed {"execution_time":"2026-05-17T23:50:01+00:00","duration_ms":3.943,"dispatched":0,"skipped":0} 
[2026-05-17 23:51:01] production.INFO: ScheduledJobManager started {"execution_time":"2026-05-17T23:51:01+00:00"} 
[2026-05-17 23:51:01] production.INFO: ScheduledJobManager completed {"execution_time":"2026-05-17T23:51:01+00:00","duration_ms":11.06,"dispatched":0,"skipped":0} 
[2026-05-17 23:52:01] production.INFO: ScheduledJobManager started {"execution_time":"2026-05-17T23:52:01+00:00"} 
[2026-05-17 23:52:01] production.INFO: ScheduledJobManager completed {"execution_time":"2026-05-17T23:52:01+00:00","duration_ms":11.138,"dispatched":0,"skipped":0} 
[2026-05-17 23:53:01] production.INFO: ScheduledJobManager started {"execution_time":"2026-05-17T23:53:01+00:00"} 
[2026-05-17 23:53:01] production.INFO: ScheduledJobManager completed {"execution_time":"2026-05-17T23:53:01+00:00","duration_ms":11.086,"dispatched":0,"skipped":0} 
[2026-05-17 23:54:01] production.INFO: ScheduledJobManager started {"execution_time":"2026-05-17T23:54:01+00:00"} 
[2026-05-17 23:54:01] production.INFO: ScheduledJobManager completed {"execution_time":"2026-05-17T23:54:01+00:00","duration_ms":10.911,"dispatched":0,"skipped":0} 
[2026-05-17 23:55:01] production.INFO: ScheduledJobManager started {"execution_time":"2026-05-17T23:55:01+00:00"} 
[2026-05-17 23:55:01] production.INFO: ScheduledJobManager completed {"execution_time":"2026-05-17T23:55:01+00:00","duration_ms":12.062,"dispatched":0,"skipped":0} 
[2026-05-17 23:56:01] production.INFO: ScheduledJobManager started {"execution_time":"2026-05-17T23:56:01+00:00"} 
[2026-05-17 23:56:01] production.INFO: ScheduledJobManager completed {"execution_time":"2026-05-17T23:56:01+00:00","duration_ms":11.224,"dispatched":0,"skipped":0} 
[2026-05-17 23:57:01] production.INFO: ScheduledJobManager started {"execution_time":"2026-05-17T23:57:01+00:00"} 
[2026-05-17 23:57:01] production.INFO: ScheduledJobManager completed {"execution_time":"2026-05-17T23:57:01+00:00","duration_ms":11.281,"dispatched":0,"skipped":0} 
[2026-05-17 23:58:01] production.INFO: ScheduledJobManager started {"execution_time":"2026-05-17T23:58:01+00:00"} 
[2026-05-17 23:58:01] production.INFO: ScheduledJobManager completed {"execution_time":"2026-05-17T23:58:01+00:00","duration_ms":11.436,"dispatched":0,"skipped":0} 
[2026-05-17 23:59:00] production.INFO: ScheduledJobManager started {"execution_time":"2026-05-17T23:59:00+00:00"} 
[2026-05-17 23:59:00] production.INFO: ScheduledJobManager completed {"execution_time":"2026-05-17T23:59:00+00:00","duration_ms":10.926,"dispatched":0,"skipped":0} 
