[2026-05-18 00:00:04] production.INFO: ScheduledJobManager started {"execution_time":"2026-05-18T00:00:04+00:00"} 
[2026-05-18 00:00:04] production.INFO: Docker cleanup dispatched {"server_id":1,"server_name":"SARVER ","team_id":4} 
[2026-05-18 00:00:04] production.INFO: Docker cleanup dispatched {"server_id":0,"server_name":"localhost","team_id":0} 
[2026-05-18 00:00:04] production.INFO: ScheduledJobManager completed {"execution_time":"2026-05-18T00:00:04+00:00","duration_ms":50.008,"dispatched":2,"skipped":0} 
[2026-05-18 00:01:01] production.INFO: ScheduledJobManager started {"execution_time":"2026-05-18T00:01:01+00:00"} 
[2026-05-18 00:01:01] production.INFO: ScheduledJobManager completed {"execution_time":"2026-05-18T00:01:01+00:00","duration_ms":11.268,"dispatched":0,"skipped":0} 
[2026-05-18 00:02:01] production.INFO: ScheduledJobManager started {"execution_time":"2026-05-18T00:02:01+00:00"} 
[2026-05-18 00:02:01] production.INFO: ScheduledJobManager completed {"execution_time":"2026-05-18T00:02:01+00:00","duration_ms":11.347,"dispatched":0,"skipped":0} 
[2026-05-18 00:03:01] production.INFO: ScheduledJobManager started {"execution_time":"2026-05-18T00:03:01+00:00"} 
[2026-05-18 00:03:01] production.INFO: ScheduledJobManager completed {"execution_time":"2026-05-18T00:03:01+00:00","duration_ms":11.075,"dispatched":0,"skipped":0} 
[2026-05-18 00:04:01] production.INFO: ScheduledJobManager started {"execution_time":"2026-05-18T00:04:01+00:00"} 
[2026-05-18 00:04:01] production.INFO: ScheduledJobManager completed {"execution_time":"2026-05-18T00:04:01+00:00","duration_ms":11.428,"dispatched":0,"skipped":0} 
[2026-05-18 00:05:01] production.INFO: ScheduledJobManager started {"execution_time":"2026-05-18T00:05:01+00:00"} 
[2026-05-18 00:05:01] production.INFO: ScheduledJobManager completed {"execution_time":"2026-05-18T00:05:01+00:00","duration_ms":3.823,"dispatched":0,"skipped":0} 
[2026-05-18 00:06:01] production.INFO: ScheduledJobManager started {"execution_time":"2026-05-18T00:06:01+00:00"} 
[2026-05-18 00:06:01] production.INFO: ScheduledJobManager completed {"execution_time":"2026-05-18T00:06:01+00:00","duration_ms":10.95,"dispatched":0,"skipped":0} 
[2026-05-18 00:07:01] production.INFO: ScheduledJobManager started {"execution_time":"2026-05-18T00:07:01+00:00"} 
[2026-05-18 00:07:01] production.INFO: ScheduledJobManager completed {"execution_time":"2026-05-18T00:07:01+00:00","duration_ms":11.202,"dispatched":0,"skipped":0} 
[2026-05-18 00:08:01] production.INFO: ScheduledJobManager started {"execution_time":"2026-05-18T00:08:01+00:00"} 
[2026-05-18 00:08:01] production.INFO: ScheduledJobManager completed {"execution_time":"2026-05-18T00:08:01+00:00","duration_ms":11.049,"dispatched":0,"skipped":0} 
[2026-05-18 00:09:01] production.INFO: ScheduledJobManager started {"execution_time":"2026-05-18T00:09:01+00:00"} 
[2026-05-18 00:09:01] production.INFO: ScheduledJobManager completed {"execution_time":"2026-05-18T00:09:01+00:00","duration_ms":11.003,"dispatched":0,"skipped":0} 
[2026-05-18 00:10:01] production.INFO: ScheduledJobManager started {"execution_time":"2026-05-18T00:10:01+00:00"} 
[2026-05-18 00:10:01] production.INFO: ScheduledJobManager completed {"execution_time":"2026-05-18T00:10:01+00:00","duration_ms":11.008,"dispatched":0,"skipped":0} 
[2026-05-18 00:11:01] production.INFO: ScheduledJobManager started {"execution_time":"2026-05-18T00:11:01+00:00"} 
[2026-05-18 00:11:01] production.INFO: ScheduledJobManager completed {"execution_time":"2026-05-18T00:11:01+00:00","duration_ms":10.9,"dispatched":0,"skipped":0} 
[2026-05-18 00:12:01] production.INFO: ScheduledJobManager started {"execution_time":"2026-05-18T00:12:01+00:00"} 
[2026-05-18 00:12:01] production.INFO: ScheduledJobManager completed {"execution_time":"2026-05-18T00:12:01+00:00","duration_ms":11.009,"dispatched":0,"skipped":0} 
[2026-05-18 00:13:01] production.INFO: ScheduledJobManager started {"execution_time":"2026-05-18T00:13:01+00:00"} 
[2026-05-18 00:13:01] production.INFO: ScheduledJobManager completed {"execution_time":"2026-05-18T00:13:01+00:00","duration_ms":10.853,"dispatched":0,"skipped":0} 
[2026-05-18 00:14:01] production.INFO: ScheduledJobManager started {"execution_time":"2026-05-18T00:14:01+00:00"} 
[2026-05-18 00:14:01] production.INFO: ScheduledJobManager completed {"execution_time":"2026-05-18T00:14:01+00:00","duration_ms":11.118,"dispatched":0,"skipped":0} 
[2026-05-18 00:15:01] production.INFO: ScheduledJobManager started {"execution_time":"2026-05-18T00:15:01+00:00"} 
[2026-05-18 00:15:01] production.INFO: ScheduledJobManager completed {"execution_time":"2026-05-18T00:15:01+00:00","duration_ms":10.978,"dispatched":0,"skipped":0} 
[2026-05-18 00:16:01] production.INFO: ScheduledJobManager started {"execution_time":"2026-05-18T00:16:01+00:00"} 
[2026-05-18 00:16:01] production.INFO: ScheduledJobManager completed {"execution_time":"2026-05-18T00:16:01+00:00","duration_ms":11.074,"dispatched":0,"skipped":0} 
[2026-05-18 00:17:01] production.INFO: ScheduledJobManager started {"execution_time":"2026-05-18T00:17:01+00:00"} 
[2026-05-18 00:17:01] production.INFO: ScheduledJobManager completed {"execution_time":"2026-05-18T00:17:01+00:00","duration_ms":11.077,"dispatched":0,"skipped":0} 
[2026-05-18 00:18:01] production.INFO: ScheduledJobManager started {"execution_time":"2026-05-18T00:18:01+00:00"} 
[2026-05-18 00:18:01] production.INFO: ScheduledJobManager completed {"execution_time":"2026-05-18T00:18:01+00:00","duration_ms":5.256,"dispatched":0,"skipped":0} 
[2026-05-18 00:19:01] production.INFO: ScheduledJobManager started {"execution_time":"2026-05-18T00:19:01+00:00"} 
[2026-05-18 00:19:01] production.INFO: ScheduledJobManager completed {"execution_time":"2026-05-18T00:19:01+00:00","duration_ms":11.3,"dispatched":0,"skipped":0} 
[2026-05-18 00:20:01] production.INFO: ScheduledJobManager started {"execution_time":"2026-05-18T00:20:01+00:00"} 
[2026-05-18 00:20:01] production.INFO: ScheduledJobManager completed {"execution_time":"2026-05-18T00:20:01+00:00","duration_ms":3.733,"dispatched":0,"skipped":0} 
[2026-05-18 00:21:01] production.INFO: ScheduledJobManager started {"execution_time":"2026-05-18T00:21:01+00:00"} 
[2026-05-18 00:21:01] production.INFO: ScheduledJobManager completed {"execution_time":"2026-05-18T00:21:01+00:00","duration_ms":10.738,"dispatched":0,"skipped":0} 
[2026-05-18 00:22:01] production.INFO: ScheduledJobManager started {"execution_time":"2026-05-18T00:22:01+00:00"} 
[2026-05-18 00:22:01] production.INFO: ScheduledJobManager completed {"execution_time":"2026-05-18T00:22:01+00:00","duration_ms":11.079,"dispatched":0,"skipped":0} 
[2026-05-18 00:23:01] production.INFO: ScheduledJobManager started {"execution_time":"2026-05-18T00:23:01+00:00"} 
[2026-05-18 00:23:01] production.INFO: ScheduledJobManager completed {"execution_time":"2026-05-18T00:23:01+00:00","duration_ms":11.004,"dispatched":0,"skipped":0} 
[2026-05-18 00:24:01] production.INFO: ScheduledJobManager started {"execution_time":"2026-05-18T00:24:01+00:00"} 
[2026-05-18 00:24:01] production.INFO: ScheduledJobManager completed {"execution_time":"2026-05-18T00:24:01+00:00","duration_ms":10.902,"dispatched":0,"skipped":0} 
[2026-05-18 00:25:01] production.INFO: ScheduledJobManager started {"execution_time":"2026-05-18T00:25:01+00:00"} 
[2026-05-18 00:25:01] production.INFO: ScheduledJobManager completed {"execution_time":"2026-05-18T00:25:01+00:00","duration_ms":10.935,"dispatched":0,"skipped":0} 
[2026-05-18 00:26:01] production.INFO: ScheduledJobManager started {"execution_time":"2026-05-18T00:26:01+00:00"} 
[2026-05-18 00:26:01] production.INFO: ScheduledJobManager completed {"execution_time":"2026-05-18T00:26:01+00:00","duration_ms":11.026,"dispatched":0,"skipped":0} 
[2026-05-18 00:27:01] production.INFO: ScheduledJobManager started {"execution_time":"2026-05-18T00:27:01+00:00"} 
[2026-05-18 00:27:01] production.INFO: ScheduledJobManager completed {"execution_time":"2026-05-18T00:27:01+00:00","duration_ms":11.043,"dispatched":0,"skipped":0} 
[2026-05-18 00:28:01] production.INFO: ScheduledJobManager started {"execution_time":"2026-05-18T00:28:01+00:00"} 
[2026-05-18 00:28:01] production.INFO: ScheduledJobManager completed {"execution_time":"2026-05-18T00:28:01+00:00","duration_ms":11.465,"dispatched":0,"skipped":0} 
[2026-05-18 00:29:01] production.INFO: ScheduledJobManager started {"execution_time":"2026-05-18T00:29:01+00:00"} 
[2026-05-18 00:29:01] production.INFO: ScheduledJobManager completed {"execution_time":"2026-05-18T00:29:01+00:00","duration_ms":11.028,"dispatched":0,"skipped":0} 
[2026-05-18 00:30:01] production.INFO: ScheduledJobManager started {"execution_time":"2026-05-18T00:30:01+00:00"} 
[2026-05-18 00:30:01] production.INFO: ScheduledJobManager completed {"execution_time":"2026-05-18T00:30:01+00:00","duration_ms":10.803,"dispatched":0,"skipped":0} 
[2026-05-18 00:31:00] production.INFO: ScheduledJobManager started {"execution_time":"2026-05-18T00:31:00+00:00"} 
[2026-05-18 00:31:00] production.INFO: ScheduledJobManager completed {"execution_time":"2026-05-18T00:31:00+00:00","duration_ms":11.094,"dispatched":0,"skipped":0} 
[2026-05-18 00:32:01] production.INFO: ScheduledJobManager started {"execution_time":"2026-05-18T00:32:01+00:00"} 
[2026-05-18 00:32:01] production.INFO: ScheduledJobManager completed {"execution_time":"2026-05-18T00:32:01+00:00","duration_ms":4.647,"dispatched":0,"skipped":0} 
[2026-05-18 00:33:01] production.INFO: ScheduledJobManager started {"execution_time":"2026-05-18T00:33:01+00:00"} 
[2026-05-18 00:33:01] production.INFO: ScheduledJobManager completed {"execution_time":"2026-05-18T00:33:01+00:00","duration_ms":10.915,"dispatched":0,"skipped":0} 
[2026-05-18 00:34:01] production.INFO: ScheduledJobManager started {"execution_time":"2026-05-18T00:34:01+00:00"} 
[2026-05-18 00:34:01] production.INFO: ScheduledJobManager completed {"execution_time":"2026-05-18T00:34:01+00:00","duration_ms":11.331,"dispatched":0,"skipped":0} 
[2026-05-18 00:35:01] production.INFO: ScheduledJobManager started {"execution_time":"2026-05-18T00:35:01+00:00"} 
[2026-05-18 00:35:01] production.INFO: ScheduledJobManager completed {"execution_time":"2026-05-18T00:35:01+00:00","duration_ms":3.544,"dispatched":0,"skipped":0} 
[2026-05-18 00:36:01] production.INFO: ScheduledJobManager started {"execution_time":"2026-05-18T00:36:01+00:00"} 
[2026-05-18 00:36:01] production.INFO: ScheduledJobManager completed {"execution_time":"2026-05-18T00:36:01+00:00","duration_ms":11.321,"dispatched":0,"skipped":0} 
[2026-05-18 00:37:01] production.INFO: ScheduledJobManager started {"execution_time":"2026-05-18T00:37:01+00:00"} 
[2026-05-18 00:37:01] production.INFO: ScheduledJobManager completed {"execution_time":"2026-05-18T00:37:01+00:00","duration_ms":10.666,"dispatched":0,"skipped":0} 
[2026-05-18 00:38:01] production.INFO: ScheduledJobManager started {"execution_time":"2026-05-18T00:38:01+00:00"} 
[2026-05-18 00:38:01] production.INFO: ScheduledJobManager completed {"execution_time":"2026-05-18T00:38:01+00:00","duration_ms":11.19,"dispatched":0,"skipped":0} 
[2026-05-18 00:39:01] production.INFO: ScheduledJobManager started {"execution_time":"2026-05-18T00:39:01+00:00"} 
[2026-05-18 00:39:01] production.INFO: ScheduledJobManager completed {"execution_time":"2026-05-18T00:39:01+00:00","duration_ms":10.965,"dispatched":0,"skipped":0} 
[2026-05-18 00:40:01] production.INFO: ScheduledJobManager started {"execution_time":"2026-05-18T00:40:01+00:00"} 
[2026-05-18 00:40:01] production.INFO: ScheduledJobManager completed {"execution_time":"2026-05-18T00:40:01+00:00","duration_ms":5.289,"dispatched":0,"skipped":0} 
[2026-05-18 00:41:01] production.INFO: ScheduledJobManager started {"execution_time":"2026-05-18T00:41:01+00:00"} 
[2026-05-18 00:41:01] production.INFO: ScheduledJobManager completed {"execution_time":"2026-05-18T00:41:01+00:00","duration_ms":11.277,"dispatched":0,"skipped":0} 
[2026-05-18 00:42:01] production.INFO: ScheduledJobManager started {"execution_time":"2026-05-18T00:42:01+00:00"} 
[2026-05-18 00:42:01] production.INFO: ScheduledJobManager completed {"execution_time":"2026-05-18T00:42:01+00:00","duration_ms":10.912,"dispatched":0,"skipped":0} 
[2026-05-18 00:43:01] production.INFO: ScheduledJobManager started {"execution_time":"2026-05-18T00:43:01+00:00"} 
[2026-05-18 00:43:01] production.INFO: ScheduledJobManager completed {"execution_time":"2026-05-18T00:43:01+00:00","duration_ms":10.922,"dispatched":0,"skipped":0} 
[2026-05-18 00:44:01] production.INFO: ScheduledJobManager started {"execution_time":"2026-05-18T00:44:01+00:00"} 
[2026-05-18 00:44:01] production.INFO: ScheduledJobManager completed {"execution_time":"2026-05-18T00:44:01+00:00","duration_ms":10.916,"dispatched":0,"skipped":0} 
[2026-05-18 00:45:01] production.INFO: ScheduledJobManager started {"execution_time":"2026-05-18T00:45:01+00:00"} 
[2026-05-18 00:45:01] production.INFO: ScheduledJobManager completed {"execution_time":"2026-05-18T00:45:01+00:00","duration_ms":14.36,"dispatched":0,"skipped":0} 
[2026-05-18 00:46:01] production.INFO: ScheduledJobManager started {"execution_time":"2026-05-18T00:46:01+00:00"} 
[2026-05-18 00:46:01] production.INFO: ScheduledJobManager completed {"execution_time":"2026-05-18T00:46:01+00:00","duration_ms":11.028,"dispatched":0,"skipped":0} 
[2026-05-18 00:47:01] production.INFO: ScheduledJobManager started {"execution_time":"2026-05-18T00:47:01+00:00"} 
[2026-05-18 00:47:01] production.INFO: ScheduledJobManager completed {"execution_time":"2026-05-18T00:47:01+00:00","duration_ms":10.919,"dispatched":0,"skipped":0} 
[2026-05-18 00:48:01] production.INFO: ScheduledJobManager started {"execution_time":"2026-05-18T00:48:01+00:00"} 
[2026-05-18 00:48:01] production.INFO: ScheduledJobManager completed {"execution_time":"2026-05-18T00:48:01+00:00","duration_ms":5.439,"dispatched":0,"skipped":0} 
[2026-05-18 00:49:01] production.INFO: ScheduledJobManager started {"execution_time":"2026-05-18T00:49:01+00:00"} 
[2026-05-18 00:49:01] production.INFO: ScheduledJobManager completed {"execution_time":"2026-05-18T00:49:01+00:00","duration_ms":11.061,"dispatched":0,"skipped":0} 
[2026-05-18 00:50:01] production.INFO: ScheduledJobManager started {"execution_time":"2026-05-18T00:50:01+00:00"} 
[2026-05-18 00:50:01] production.INFO: ScheduledJobManager completed {"execution_time":"2026-05-18T00:50:01+00:00","duration_ms":4.855,"dispatched":0,"skipped":0} 
[2026-05-18 00:51:01] production.INFO: ScheduledJobManager started {"execution_time":"2026-05-18T00:51:01+00:00"} 
[2026-05-18 00:51:01] production.INFO: ScheduledJobManager completed {"execution_time":"2026-05-18T00:51:01+00:00","duration_ms":11.241,"dispatched":0,"skipped":0} 
[2026-05-18 00:52:01] production.INFO: ScheduledJobManager started {"execution_time":"2026-05-18T00:52:01+00:00"} 
[2026-05-18 00:52:01] production.INFO: ScheduledJobManager completed {"execution_time":"2026-05-18T00:52:01+00:00","duration_ms":10.808,"dispatched":0,"skipped":0} 
[2026-05-18 00:53:01] production.INFO: ScheduledJobManager started {"execution_time":"2026-05-18T00:53:01+00:00"} 
[2026-05-18 00:53:01] production.INFO: ScheduledJobManager completed {"execution_time":"2026-05-18T00:53:01+00:00","duration_ms":11.018,"dispatched":0,"skipped":0} 
[2026-05-18 00:54:01] production.INFO: ScheduledJobManager started {"execution_time":"2026-05-18T00:54:01+00:00"} 
[2026-05-18 00:54:01] production.INFO: ScheduledJobManager completed {"execution_time":"2026-05-18T00:54:01+00:00","duration_ms":11.016,"dispatched":0,"skipped":0} 
[2026-05-18 00:55:01] production.INFO: ScheduledJobManager started {"execution_time":"2026-05-18T00:55:01+00:00"} 
[2026-05-18 00:55:01] production.INFO: ScheduledJobManager completed {"execution_time":"2026-05-18T00:55:01+00:00","duration_ms":11.077,"dispatched":0,"skipped":0} 
[2026-05-18 00:56:01] production.INFO: ScheduledJobManager started {"execution_time":"2026-05-18T00:56:01+00:00"} 
[2026-05-18 00:56:01] production.INFO: ScheduledJobManager completed {"execution_time":"2026-05-18T00:56:01+00:00","duration_ms":10.954,"dispatched":0,"skipped":0} 
[2026-05-18 00:57:01] production.INFO: ScheduledJobManager started {"execution_time":"2026-05-18T00:57:01+00:00"} 
[2026-05-18 00:57:01] production.INFO: ScheduledJobManager completed {"execution_time":"2026-05-18T00:57:01+00:00","duration_ms":11.098,"dispatched":0,"skipped":0} 
[2026-05-18 00:58:01] production.INFO: ScheduledJobManager started {"execution_time":"2026-05-18T00:58:01+00:00"} 
[2026-05-18 00:58:01] production.INFO: ScheduledJobManager completed {"execution_time":"2026-05-18T00:58:01+00:00","duration_ms":11.647,"dispatched":0,"skipped":0} 
[2026-05-18 00:59:01] production.INFO: ScheduledJobManager started {"execution_time":"2026-05-18T00:59:01+00:00"} 
[2026-05-18 00:59:01] production.INFO: ScheduledJobManager completed {"execution_time":"2026-05-18T00:59:01+00:00","duration_ms":11.233,"dispatched":0,"skipped":0} 
[2026-05-18 01:00:02] production.INFO: ScheduledJobManager started {"execution_time":"2026-05-18T01:00:02+00:00"} 
[2026-05-18 01:00:02] production.INFO: ScheduledJobManager completed {"execution_time":"2026-05-18T01:00:02+00:00","duration_ms":4.693,"dispatched":0,"skipped":0} 
[2026-05-18 01:01:00] production.INFO: ScheduledJobManager started {"execution_time":"2026-05-18T01:01:00+00:00"} 
[2026-05-18 01:01:00] production.INFO: ScheduledJobManager completed {"execution_time":"2026-05-18T01:01:00+00:00","duration_ms":11.138,"dispatched":0,"skipped":0} 
[2026-05-18 01:02:01] production.INFO: ScheduledJobManager started {"execution_time":"2026-05-18T01:02:01+00:00"} 
[2026-05-18 01:02:01] production.INFO: ScheduledJobManager completed {"execution_time":"2026-05-18T01:02:01+00:00","duration_ms":4.748,"dispatched":0,"skipped":0} 
[2026-05-18 01:03:01] production.INFO: ScheduledJobManager started {"execution_time":"2026-05-18T01:03:01+00:00"} 
[2026-05-18 01:03:01] production.INFO: ScheduledJobManager completed {"execution_time":"2026-05-18T01:03:01+00:00","duration_ms":11.101,"dispatched":0,"skipped":0} 
[2026-05-18 01:04:01] production.INFO: ScheduledJobManager started {"execution_time":"2026-05-18T01:04:01+00:00"} 
[2026-05-18 01:04:01] production.INFO: ScheduledJobManager completed {"execution_time":"2026-05-18T01:04:01+00:00","duration_ms":5.451,"dispatched":0,"skipped":0} 
[2026-05-18 01:05:01] production.INFO: ScheduledJobManager started {"execution_time":"2026-05-18T01:05:01+00:00"} 
[2026-05-18 01:05:01] production.INFO: ScheduledJobManager completed {"execution_time":"2026-05-18T01:05:01+00:00","duration_ms":11.544,"dispatched":0,"skipped":0} 
[2026-05-18 01:06:01] production.INFO: ScheduledJobManager started {"execution_time":"2026-05-18T01:06:01+00:00"} 
[2026-05-18 01:06:01] production.INFO: ScheduledJobManager completed {"execution_time":"2026-05-18T01:06:01+00:00","duration_ms":11.058,"dispatched":0,"skipped":0} 
[2026-05-18 01:07:01] production.INFO: ScheduledJobManager started {"execution_time":"2026-05-18T01:07:01+00:00"} 
[2026-05-18 01:07:01] production.INFO: ScheduledJobManager completed {"execution_time":"2026-05-18T01:07:01+00:00","duration_ms":11.007,"dispatched":0,"skipped":0} 
[2026-05-18 01:08:01] production.INFO: ScheduledJobManager started {"execution_time":"2026-05-18T01:08:01+00:00"} 
[2026-05-18 01:08:01] production.INFO: ScheduledJobManager completed {"execution_time":"2026-05-18T01:08:01+00:00","duration_ms":16.722,"dispatched":0,"skipped":0} 
[2026-05-18 01:09:01] production.INFO: ScheduledJobManager started {"execution_time":"2026-05-18T01:09:01+00:00"} 
[2026-05-18 01:09:01] production.INFO: ScheduledJobManager completed {"execution_time":"2026-05-18T01:09:01+00:00","duration_ms":10.878,"dispatched":0,"skipped":0} 
[2026-05-18 01:10:01] production.INFO: ScheduledJobManager started {"execution_time":"2026-05-18T01:10:01+00:00"} 
[2026-05-18 01:10:01] production.INFO: ScheduledJobManager completed {"execution_time":"2026-05-18T01:10:01+00:00","duration_ms":5.567,"dispatched":0,"skipped":0} 
[2026-05-18 01:11:01] production.INFO: ScheduledJobManager started {"execution_time":"2026-05-18T01:11:01+00:00"} 
[2026-05-18 01:11:01] production.INFO: ScheduledJobManager completed {"execution_time":"2026-05-18T01:11:01+00:00","duration_ms":10.931,"dispatched":0,"skipped":0} 
[2026-05-18 01:12:01] production.INFO: ScheduledJobManager started {"execution_time":"2026-05-18T01:12:01+00:00"} 
[2026-05-18 01:12:01] production.INFO: ScheduledJobManager completed {"execution_time":"2026-05-18T01:12:01+00:00","duration_ms":11.485,"dispatched":0,"skipped":0} 
[2026-05-18 01:13:01] production.INFO: ScheduledJobManager started {"execution_time":"2026-05-18T01:13:01+00:00"} 
[2026-05-18 01:13:01] production.INFO: ScheduledJobManager completed {"execution_time":"2026-05-18T01:13:01+00:00","duration_ms":11.091,"dispatched":0,"skipped":0} 
[2026-05-18 01:14:01] production.INFO: ScheduledJobManager started {"execution_time":"2026-05-18T01:14:01+00:00"} 
[2026-05-18 01:14:01] production.INFO: ScheduledJobManager completed {"execution_time":"2026-05-18T01:14:01+00:00","duration_ms":10.983,"dispatched":0,"skipped":0} 
[2026-05-18 01:15:01] production.INFO: ScheduledJobManager started {"execution_time":"2026-05-18T01:15:01+00:00"} 
[2026-05-18 01:15:01] production.INFO: ScheduledJobManager completed {"execution_time":"2026-05-18T01:15:01+00:00","duration_ms":11.05,"dispatched":0,"skipped":0} 
[2026-05-18 01:16:01] production.INFO: ScheduledJobManager started {"execution_time":"2026-05-18T01:16:01+00:00"} 
[2026-05-18 01:16:01] production.INFO: ScheduledJobManager completed {"execution_time":"2026-05-18T01:16:01+00:00","duration_ms":11.705,"dispatched":0,"skipped":0} 
[2026-05-18 01:17:01] production.INFO: ScheduledJobManager started {"execution_time":"2026-05-18T01:17:01+00:00"} 
[2026-05-18 01:17:01] production.INFO: ScheduledJobManager completed {"execution_time":"2026-05-18T01:17:01+00:00","duration_ms":11.415,"dispatched":0,"skipped":0} 
[2026-05-18 01:18:01] production.INFO: ScheduledJobManager started {"execution_time":"2026-05-18T01:18:01+00:00"} 
[2026-05-18 01:18:01] production.INFO: ScheduledJobManager completed {"execution_time":"2026-05-18T01:18:01+00:00","duration_ms":11.265,"dispatched":0,"skipped":0} 
[2026-05-18 01:19:01] production.INFO: ScheduledJobManager started {"execution_time":"2026-05-18T01:19:01+00:00"} 
[2026-05-18 01:19:01] production.INFO: ScheduledJobManager completed {"execution_time":"2026-05-18T01:19:01+00:00","duration_ms":10.99,"dispatched":0,"skipped":0} 
[2026-05-18 01:20:01] production.INFO: ScheduledJobManager started {"execution_time":"2026-05-18T01:20:01+00:00"} 
[2026-05-18 01:20:01] production.INFO: ScheduledJobManager completed {"execution_time":"2026-05-18T01:20:01+00:00","duration_ms":5.405,"dispatched":0,"skipped":0} 
[2026-05-18 01:21:01] production.INFO: ScheduledJobManager started {"execution_time":"2026-05-18T01:21:01+00:00"} 
[2026-05-18 01:21:01] production.INFO: ScheduledJobManager completed {"execution_time":"2026-05-18T01:21:01+00:00","duration_ms":10.98,"dispatched":0,"skipped":0} 
[2026-05-18 01:22:01] production.INFO: ScheduledJobManager started {"execution_time":"2026-05-18T01:22:01+00:00"} 
[2026-05-18 01:22:01] production.INFO: ScheduledJobManager completed {"execution_time":"2026-05-18T01:22:01+00:00","duration_ms":5.298,"dispatched":0,"skipped":0} 
[2026-05-18 01:23:01] production.INFO: ScheduledJobManager started {"execution_time":"2026-05-18T01:23:01+00:00"} 
[2026-05-18 01:23:01] production.INFO: ScheduledJobManager completed {"execution_time":"2026-05-18T01:23:01+00:00","duration_ms":11.276,"dispatched":0,"skipped":0} 
[2026-05-18 01:24:01] production.INFO: ScheduledJobManager started {"execution_time":"2026-05-18T01:24:01+00:00"} 
[2026-05-18 01:24:01] production.INFO: ScheduledJobManager completed {"execution_time":"2026-05-18T01:24:01+00:00","duration_ms":11.051,"dispatched":0,"skipped":0} 
[2026-05-18 01:25:01] production.INFO: ScheduledJobManager started {"execution_time":"2026-05-18T01:25:01+00:00"} 
[2026-05-18 01:25:01] production.INFO: ScheduledJobManager completed {"execution_time":"2026-05-18T01:25:01+00:00","duration_ms":15.996,"dispatched":0,"skipped":0} 
[2026-05-18 01:26:01] production.INFO: ScheduledJobManager started {"execution_time":"2026-05-18T01:26:01+00:00"} 
[2026-05-18 01:26:01] production.INFO: ScheduledJobManager completed {"execution_time":"2026-05-18T01:26:01+00:00","duration_ms":11.164,"dispatched":0,"skipped":0} 
[2026-05-18 01:27:01] production.INFO: ScheduledJobManager started {"execution_time":"2026-05-18T01:27:01+00:00"} 
[2026-05-18 01:27:01] production.INFO: ScheduledJobManager completed {"execution_time":"2026-05-18T01:27:01+00:00","duration_ms":11.161,"dispatched":0,"skipped":0} 
[2026-05-18 01:28:01] production.INFO: ScheduledJobManager started {"execution_time":"2026-05-18T01:28:01+00:00"} 
[2026-05-18 01:28:01] production.INFO: ScheduledJobManager completed {"execution_time":"2026-05-18T01:28:01+00:00","duration_ms":11.219,"dispatched":0,"skipped":0} 
[2026-05-18 01:29:01] production.INFO: ScheduledJobManager started {"execution_time":"2026-05-18T01:29:01+00:00"} 
[2026-05-18 01:29:01] production.INFO: ScheduledJobManager completed {"execution_time":"2026-05-18T01:29:01+00:00","duration_ms":11.082,"dispatched":0,"skipped":0} 
[2026-05-18 01:30:01] production.INFO: ScheduledJobManager started {"execution_time":"2026-05-18T01:30:01+00:00"} 
[2026-05-18 01:30:01] production.INFO: ScheduledJobManager completed {"execution_time":"2026-05-18T01:30:01+00:00","duration_ms":5.711,"dispatched":0,"skipped":0} 
[2026-05-18 01:31:01] production.INFO: ScheduledJobManager started {"execution_time":"2026-05-18T01:31:01+00:00"} 
[2026-05-18 01:31:01] production.INFO: ScheduledJobManager completed {"execution_time":"2026-05-18T01:31:01+00:00","duration_ms":11.0,"dispatched":0,"skipped":0} 
[2026-05-18 01:32:01] production.INFO: ScheduledJobManager started {"execution_time":"2026-05-18T01:32:01+00:00"} 
[2026-05-18 01:32:01] production.INFO: ScheduledJobManager completed {"execution_time":"2026-05-18T01:32:01+00:00","duration_ms":11.356,"dispatched":0,"skipped":0} 
[2026-05-18 01:33:00] production.INFO: ScheduledJobManager started {"execution_time":"2026-05-18T01:33:00+00:00"} 
[2026-05-18 01:33:00] production.INFO: ScheduledJobManager completed {"execution_time":"2026-05-18T01:33:00+00:00","duration_ms":11.131,"dispatched":0,"skipped":0} 
[2026-05-18 01:34:01] production.INFO: ScheduledJobManager started {"execution_time":"2026-05-18T01:34:01+00:00"} 
[2026-05-18 01:34:01] production.INFO: ScheduledJobManager completed {"execution_time":"2026-05-18T01:34:01+00:00","duration_ms":4.998,"dispatched":0,"skipped":0} 
[2026-05-18 01:35:01] production.INFO: ScheduledJobManager started {"execution_time":"2026-05-18T01:35:01+00:00"} 
[2026-05-18 01:35:01] production.INFO: ScheduledJobManager completed {"execution_time":"2026-05-18T01:35:01+00:00","duration_ms":10.87,"dispatched":0,"skipped":0} 
[2026-05-18 01:36:01] production.INFO: ScheduledJobManager started {"execution_time":"2026-05-18T01:36:01+00:00"} 
[2026-05-18 01:36:01] production.INFO: ScheduledJobManager completed {"execution_time":"2026-05-18T01:36:01+00:00","duration_ms":11.997,"dispatched":0,"skipped":0} 
[2026-05-18 01:37:01] production.INFO: ScheduledJobManager started {"execution_time":"2026-05-18T01:37:01+00:00"} 
[2026-05-18 01:37:01] production.INFO: ScheduledJobManager completed {"execution_time":"2026-05-18T01:37:01+00:00","duration_ms":11.652,"dispatched":0,"skipped":0} 
[2026-05-18 01:38:01] production.INFO: ScheduledJobManager started {"execution_time":"2026-05-18T01:38:01+00:00"} 
[2026-05-18 01:38:01] production.INFO: ScheduledJobManager completed {"execution_time":"2026-05-18T01:38:01+00:00","duration_ms":11.24,"dispatched":0,"skipped":0} 
[2026-05-18 01:39:01] production.INFO: ScheduledJobManager started {"execution_time":"2026-05-18T01:39:01+00:00"} 
[2026-05-18 01:39:01] production.INFO: ScheduledJobManager completed {"execution_time":"2026-05-18T01:39:01+00:00","duration_ms":11.449,"dispatched":0,"skipped":0} 
[2026-05-18 01:40:01] production.INFO: ScheduledJobManager started {"execution_time":"2026-05-18T01:40:01+00:00"} 
[2026-05-18 01:40:01] production.INFO: ScheduledJobManager completed {"execution_time":"2026-05-18T01:40:01+00:00","duration_ms":3.799,"dispatched":0,"skipped":0} 
[2026-05-18 01:41:01] production.INFO: ScheduledJobManager started {"execution_time":"2026-05-18T01:41:01+00:00"} 
[2026-05-18 01:41:01] production.INFO: ScheduledJobManager completed {"execution_time":"2026-05-18T01:41:01+00:00","duration_ms":11.34,"dispatched":0,"skipped":0} 
[2026-05-18 01:42:01] production.INFO: ScheduledJobManager started {"execution_time":"2026-05-18T01:42:01+00:00"} 
[2026-05-18 01:42:01] production.INFO: ScheduledJobManager completed {"execution_time":"2026-05-18T01:42:01+00:00","duration_ms":11.34,"dispatched":0,"skipped":0} 
[2026-05-18 01:43:01] production.INFO: ScheduledJobManager started {"execution_time":"2026-05-18T01:43:01+00:00"} 
[2026-05-18 01:43:01] production.INFO: ScheduledJobManager completed {"execution_time":"2026-05-18T01:43:01+00:00","duration_ms":11.405,"dispatched":0,"skipped":0} 
[2026-05-18 01:44:01] production.INFO: ScheduledJobManager started {"execution_time":"2026-05-18T01:44:01+00:00"} 
[2026-05-18 01:44:01] production.INFO: ScheduledJobManager completed {"execution_time":"2026-05-18T01:44:01+00:00","duration_ms":11.169,"dispatched":0,"skipped":0} 
[2026-05-18 01:45:01] production.INFO: ScheduledJobManager started {"execution_time":"2026-05-18T01:45:01+00:00"} 
[2026-05-18 01:45:01] production.INFO: ScheduledJobManager completed {"execution_time":"2026-05-18T01:45:01+00:00","duration_ms":11.386,"dispatched":0,"skipped":0} 
[2026-05-18 01:46:01] production.INFO: ScheduledJobManager started {"execution_time":"2026-05-18T01:46:01+00:00"} 
[2026-05-18 01:46:01] production.INFO: ScheduledJobManager completed {"execution_time":"2026-05-18T01:46:01+00:00","duration_ms":11.189,"dispatched":0,"skipped":0} 
[2026-05-18 01:47:01] production.INFO: ScheduledJobManager started {"execution_time":"2026-05-18T01:47:01+00:00"} 
[2026-05-18 01:47:01] production.INFO: ScheduledJobManager completed {"execution_time":"2026-05-18T01:47:01+00:00","duration_ms":10.929,"dispatched":0,"skipped":0} 
[2026-05-18 01:48:01] production.INFO: ScheduledJobManager started {"execution_time":"2026-05-18T01:48:01+00:00"} 
[2026-05-18 01:48:01] production.INFO: ScheduledJobManager completed {"execution_time":"2026-05-18T01:48:01+00:00","duration_ms":11.099,"dispatched":0,"skipped":0} 
[2026-05-18 01:49:00] production.INFO: ScheduledJobManager started {"execution_time":"2026-05-18T01:49:00+00:00"} 
[2026-05-18 01:49:00] production.INFO: ScheduledJobManager completed {"execution_time":"2026-05-18T01:49:00+00:00","duration_ms":11.467,"dispatched":0,"skipped":0} 
[2026-05-18 01:50:01] production.INFO: ScheduledJobManager started {"execution_time":"2026-05-18T01:50:01+00:00"} 
[2026-05-18 01:50:01] production.INFO: ScheduledJobManager completed {"execution_time":"2026-05-18T01:50:01+00:00","duration_ms":5.128,"dispatched":0,"skipped":0} 
[2026-05-18 01:51:01] production.INFO: ScheduledJobManager started {"execution_time":"2026-05-18T01:51:01+00:00"} 
[2026-05-18 01:51:01] production.INFO: ScheduledJobManager completed {"execution_time":"2026-05-18T01:51:01+00:00","duration_ms":11.428,"dispatched":0,"skipped":0} 
[2026-05-18 01:52:01] production.INFO: ScheduledJobManager started {"execution_time":"2026-05-18T01:52:01+00:00"} 
[2026-05-18 01:52:01] production.INFO: ScheduledJobManager completed {"execution_time":"2026-05-18T01:52:01+00:00","duration_ms":11.178,"dispatched":0,"skipped":0} 
[2026-05-18 01:53:01] production.INFO: ScheduledJobManager started {"execution_time":"2026-05-18T01:53:01+00:00"} 
[2026-05-18 01:53:01] production.INFO: ScheduledJobManager completed {"execution_time":"2026-05-18T01:53:01+00:00","duration_ms":10.953,"dispatched":0,"skipped":0} 
[2026-05-18 01:54:01] production.INFO: ScheduledJobManager started {"execution_time":"2026-05-18T01:54:01+00:00"} 
[2026-05-18 01:54:01] production.INFO: ScheduledJobManager completed {"execution_time":"2026-05-18T01:54:01+00:00","duration_ms":13.5,"dispatched":0,"skipped":0} 
[2026-05-18 01:55:01] production.INFO: ScheduledJobManager started {"execution_time":"2026-05-18T01:55:01+00:00"} 
[2026-05-18 01:55:01] production.INFO: ScheduledJobManager completed {"execution_time":"2026-05-18T01:55:01+00:00","duration_ms":11.074,"dispatched":0,"skipped":0} 
[2026-05-18 01:56:01] production.INFO: ScheduledJobManager started {"execution_time":"2026-05-18T01:56:01+00:00"} 
[2026-05-18 01:56:01] production.INFO: ScheduledJobManager completed {"execution_time":"2026-05-18T01:56:01+00:00","duration_ms":11.34,"dispatched":0,"skipped":0} 
[2026-05-18 01:57:01] production.INFO: ScheduledJobManager started {"execution_time":"2026-05-18T01:57:01+00:00"} 
[2026-05-18 01:57:01] production.INFO: ScheduledJobManager completed {"execution_time":"2026-05-18T01:57:01+00:00","duration_ms":11.391,"dispatched":0,"skipped":0} 
[2026-05-18 01:58:01] production.INFO: ScheduledJobManager started {"execution_time":"2026-05-18T01:58:01+00:00"} 
[2026-05-18 01:58:01] production.INFO: ScheduledJobManager completed {"execution_time":"2026-05-18T01:58:01+00:00","duration_ms":11.067,"dispatched":0,"skipped":0} 
[2026-05-18 01:59:01] production.INFO: ScheduledJobManager started {"execution_time":"2026-05-18T01:59:01+00:00"} 
[2026-05-18 01:59:01] production.INFO: ScheduledJobManager completed {"execution_time":"2026-05-18T01:59:01+00:00","duration_ms":11.296,"dispatched":0,"skipped":0} 
[2026-05-18 02:00:02] production.INFO: ScheduledJobManager started {"execution_time":"2026-05-18T02:00:02+00:00"} 
[2026-05-18 02:00:02] production.INFO: ScheduledJobManager completed {"execution_time":"2026-05-18T02:00:02+00:00","duration_ms":4.902,"dispatched":0,"skipped":0} 
[2026-05-18 02:01:01] production.INFO: ScheduledJobManager started {"execution_time":"2026-05-18T02:01:01+00:00"} 
[2026-05-18 02:01:01] production.INFO: ScheduledJobManager completed {"execution_time":"2026-05-18T02:01:01+00:00","duration_ms":10.94,"dispatched":0,"skipped":0} 
[2026-05-18 02:02:01] production.INFO: ScheduledJobManager started {"execution_time":"2026-05-18T02:02:01+00:00"} 
[2026-05-18 02:02:01] production.INFO: ScheduledJobManager completed {"execution_time":"2026-05-18T02:02:01+00:00","duration_ms":11.079,"dispatched":0,"skipped":0} 
[2026-05-18 02:03:01] production.INFO: ScheduledJobManager started {"execution_time":"2026-05-18T02:03:01+00:00"} 
[2026-05-18 02:03:01] production.INFO: ScheduledJobManager completed {"execution_time":"2026-05-18T02:03:01+00:00","duration_ms":11.019,"dispatched":0,"skipped":0} 
[2026-05-18 02:04:01] production.INFO: ScheduledJobManager started {"execution_time":"2026-05-18T02:04:01+00:00"} 
[2026-05-18 02:04:01] production.INFO: ScheduledJobManager completed {"execution_time":"2026-05-18T02:04:01+00:00","duration_ms":11.409,"dispatched":0,"skipped":0} 
[2026-05-18 02:05:02] production.INFO: ScheduledJobManager started {"execution_time":"2026-05-18T02:05:02+00:00"} 
[2026-05-18 02:05:02] production.INFO: ScheduledJobManager completed {"execution_time":"2026-05-18T02:05:02+00:00","duration_ms":11.053,"dispatched":0,"skipped":0} 
[2026-05-18 02:06:01] production.INFO: ScheduledJobManager started {"execution_time":"2026-05-18T02:06:01+00:00"} 
[2026-05-18 02:06:01] production.INFO: ScheduledJobManager completed {"execution_time":"2026-05-18T02:06:01+00:00","duration_ms":11.17,"dispatched":0,"skipped":0} 
[2026-05-18 02:07:01] production.INFO: ScheduledJobManager started {"execution_time":"2026-05-18T02:07:01+00:00"} 
[2026-05-18 02:07:01] production.INFO: ScheduledJobManager completed {"execution_time":"2026-05-18T02:07:01+00:00","duration_ms":11.007,"dispatched":0,"skipped":0} 
[2026-05-18 02:08:01] production.INFO: ScheduledJobManager started {"execution_time":"2026-05-18T02:08:01+00:00"} 
[2026-05-18 02:08:01] production.INFO: ScheduledJobManager completed {"execution_time":"2026-05-18T02:08:01+00:00","duration_ms":13.581,"dispatched":0,"skipped":0} 
[2026-05-18 02:09:01] production.INFO: ScheduledJobManager started {"execution_time":"2026-05-18T02:09:01+00:00"} 
[2026-05-18 02:09:01] production.INFO: ScheduledJobManager completed {"execution_time":"2026-05-18T02:09:01+00:00","duration_ms":11.204,"dispatched":0,"skipped":0} 
[2026-05-18 02:10:01] production.INFO: ScheduledJobManager started {"execution_time":"2026-05-18T02:10:01+00:00"} 
[2026-05-18 02:10:01] production.INFO: ScheduledJobManager completed {"execution_time":"2026-05-18T02:10:01+00:00","duration_ms":11.278,"dispatched":0,"skipped":0} 
[2026-05-18 02:11:01] production.INFO: ScheduledJobManager started {"execution_time":"2026-05-18T02:11:01+00:00"} 
[2026-05-18 02:11:01] production.INFO: ScheduledJobManager completed {"execution_time":"2026-05-18T02:11:01+00:00","duration_ms":11.228,"dispatched":0,"skipped":0} 
[2026-05-18 02:12:01] production.INFO: ScheduledJobManager started {"execution_time":"2026-05-18T02:12:01+00:00"} 
[2026-05-18 02:12:01] production.INFO: ScheduledJobManager completed {"execution_time":"2026-05-18T02:12:01+00:00","duration_ms":11.19,"dispatched":0,"skipped":0} 
[2026-05-18 02:13:01] production.INFO: ScheduledJobManager started {"execution_time":"2026-05-18T02:13:01+00:00"} 
[2026-05-18 02:13:01] production.INFO: ScheduledJobManager completed {"execution_time":"2026-05-18T02:13:01+00:00","duration_ms":11.022,"dispatched":0,"skipped":0} 
[2026-05-18 02:14:01] production.INFO: ScheduledJobManager started {"execution_time":"2026-05-18T02:14:01+00:00"} 
[2026-05-18 02:14:01] production.INFO: ScheduledJobManager completed {"execution_time":"2026-05-18T02:14:01+00:00","duration_ms":5.752,"dispatched":0,"skipped":0} 
[2026-05-18 02:15:01] production.INFO: ScheduledJobManager started {"execution_time":"2026-05-18T02:15:01+00:00"} 
[2026-05-18 02:15:01] production.INFO: ScheduledJobManager completed {"execution_time":"2026-05-18T02:15:01+00:00","duration_ms":10.914,"dispatched":0,"skipped":0} 
[2026-05-18 02:16:01] production.INFO: ScheduledJobManager started {"execution_time":"2026-05-18T02:16:01+00:00"} 
[2026-05-18 02:16:01] production.INFO: ScheduledJobManager completed {"execution_time":"2026-05-18T02:16:01+00:00","duration_ms":11.105,"dispatched":0,"skipped":0} 
[2026-05-18 02:17:01] production.INFO: ScheduledJobManager started {"execution_time":"2026-05-18T02:17:01+00:00"} 
[2026-05-18 02:17:01] production.INFO: ScheduledJobManager completed {"execution_time":"2026-05-18T02:17:01+00:00","duration_ms":11.135,"dispatched":0,"skipped":0} 
[2026-05-18 02:18:01] production.INFO: ScheduledJobManager started {"execution_time":"2026-05-18T02:18:01+00:00"} 
[2026-05-18 02:18:01] production.INFO: ScheduledJobManager completed {"execution_time":"2026-05-18T02:18:01+00:00","duration_ms":11.079,"dispatched":0,"skipped":0} 
[2026-05-18 02:19:00] production.INFO: ScheduledJobManager started {"execution_time":"2026-05-18T02:19:00+00:00"} 
[2026-05-18 02:19:00] production.INFO: ScheduledJobManager completed {"execution_time":"2026-05-18T02:19:00+00:00","duration_ms":11.249,"dispatched":0,"skipped":0} 
[2026-05-18 02:20:01] production.INFO: ScheduledJobManager started {"execution_time":"2026-05-18T02:20:01+00:00"} 
[2026-05-18 02:20:01] production.INFO: ScheduledJobManager completed {"execution_time":"2026-05-18T02:20:01+00:00","duration_ms":5.022,"dispatched":0,"skipped":0} 
[2026-05-18 02:21:01] production.INFO: ScheduledJobManager started {"execution_time":"2026-05-18T02:21:01+00:00"} 
[2026-05-18 02:21:01] production.INFO: ScheduledJobManager completed {"execution_time":"2026-05-18T02:21:01+00:00","duration_ms":11.022,"dispatched":0,"skipped":0} 
[2026-05-18 02:22:01] production.INFO: ScheduledJobManager started {"execution_time":"2026-05-18T02:22:01+00:00"} 
[2026-05-18 02:22:01] production.INFO: ScheduledJobManager completed {"execution_time":"2026-05-18T02:22:01+00:00","duration_ms":5.462,"dispatched":0,"skipped":0} 
[2026-05-18 02:23:01] production.INFO: ScheduledJobManager started {"execution_time":"2026-05-18T02:23:01+00:00"} 
[2026-05-18 02:23:01] production.INFO: ScheduledJobManager completed {"execution_time":"2026-05-18T02:23:01+00:00","duration_ms":11.059,"dispatched":0,"skipped":0} 
[2026-05-18 02:24:01] production.INFO: ScheduledJobManager started {"execution_time":"2026-05-18T02:24:01+00:00"} 
[2026-05-18 02:24:01] production.INFO: ScheduledJobManager completed {"execution_time":"2026-05-18T02:24:01+00:00","duration_ms":6.226,"dispatched":0,"skipped":0} 
[2026-05-18 02:25:01] production.INFO: ScheduledJobManager started {"execution_time":"2026-05-18T02:25:01+00:00"} 
[2026-05-18 02:25:01] production.INFO: ScheduledJobManager completed {"execution_time":"2026-05-18T02:25:01+00:00","duration_ms":17.987,"dispatched":0,"skipped":0} 
[2026-05-18 02:26:01] production.INFO: ScheduledJobManager started {"execution_time":"2026-05-18T02:26:01+00:00"} 
[2026-05-18 02:26:01] production.INFO: ScheduledJobManager completed {"execution_time":"2026-05-18T02:26:01+00:00","duration_ms":10.942,"dispatched":0,"skipped":0} 
[2026-05-18 02:27:01] production.INFO: ScheduledJobManager started {"execution_time":"2026-05-18T02:27:01+00:00"} 
[2026-05-18 02:27:01] production.INFO: ScheduledJobManager completed {"execution_time":"2026-05-18T02:27:01+00:00","duration_ms":11.08,"dispatched":0,"skipped":0} 
[2026-05-18 02:28:01] production.INFO: ScheduledJobManager started {"execution_time":"2026-05-18T02:28:01+00:00"} 
[2026-05-18 02:28:01] production.INFO: ScheduledJobManager completed {"execution_time":"2026-05-18T02:28:01+00:00","duration_ms":11.122,"dispatched":0,"skipped":0} 
[2026-05-18 02:29:01] production.INFO: ScheduledJobManager started {"execution_time":"2026-05-18T02:29:01+00:00"} 
[2026-05-18 02:29:01] production.INFO: ScheduledJobManager completed {"execution_time":"2026-05-18T02:29:01+00:00","duration_ms":11.099,"dispatched":0,"skipped":0} 
[2026-05-18 02:30:01] production.INFO: ScheduledJobManager started {"execution_time":"2026-05-18T02:30:01+00:00"} 
[2026-05-18 02:30:01] production.INFO: ScheduledJobManager completed {"execution_time":"2026-05-18T02:30:01+00:00","duration_ms":5.563,"dispatched":0,"skipped":0} 
[2026-05-18 02:31:01] production.INFO: ScheduledJobManager started {"execution_time":"2026-05-18T02:31:01+00:00"} 
[2026-05-18 02:31:01] production.INFO: ScheduledJobManager completed {"execution_time":"2026-05-18T02:31:01+00:00","duration_ms":10.777,"dispatched":0,"skipped":0} 
[2026-05-18 02:32:01] production.INFO: ScheduledJobManager started {"execution_time":"2026-05-18T02:32:01+00:00"} 
[2026-05-18 02:32:01] production.INFO: ScheduledJobManager completed {"execution_time":"2026-05-18T02:32:01+00:00","duration_ms":10.925,"dispatched":0,"skipped":0} 
[2026-05-18 02:33:01] production.INFO: ScheduledJobManager started {"execution_time":"2026-05-18T02:33:01+00:00"} 
[2026-05-18 02:33:01] production.INFO: ScheduledJobManager completed {"execution_time":"2026-05-18T02:33:01+00:00","duration_ms":11.015,"dispatched":0,"skipped":0} 
[2026-05-18 02:34:01] production.INFO: ScheduledJobManager started {"execution_time":"2026-05-18T02:34:01+00:00"} 
[2026-05-18 02:34:01] production.INFO: ScheduledJobManager completed {"execution_time":"2026-05-18T02:34:01+00:00","duration_ms":10.939,"dispatched":0,"skipped":0} 
[2026-05-18 02:35:01] production.INFO: ScheduledJobManager started {"execution_time":"2026-05-18T02:35:01+00:00"} 
[2026-05-18 02:35:01] production.INFO: ScheduledJobManager completed {"execution_time":"2026-05-18T02:35:01+00:00","duration_ms":11.317,"dispatched":0,"skipped":0} 
[2026-05-18 02:36:01] production.INFO: ScheduledJobManager started {"execution_time":"2026-05-18T02:36:01+00:00"} 
[2026-05-18 02:36:01] production.INFO: ScheduledJobManager completed {"execution_time":"2026-05-18T02:36:01+00:00","duration_ms":11.264,"dispatched":0,"skipped":0} 
[2026-05-18 02:37:01] production.INFO: ScheduledJobManager started {"execution_time":"2026-05-18T02:37:01+00:00"} 
[2026-05-18 02:37:01] production.INFO: ScheduledJobManager completed {"execution_time":"2026-05-18T02:37:01+00:00","duration_ms":11.087,"dispatched":0,"skipped":0} 
[2026-05-18 02:38:01] production.INFO: ScheduledJobManager started {"execution_time":"2026-05-18T02:38:01+00:00"} 
[2026-05-18 02:38:01] production.INFO: ScheduledJobManager completed {"execution_time":"2026-05-18T02:38:01+00:00","duration_ms":5.601,"dispatched":0,"skipped":0} 
[2026-05-18 02:39:01] production.INFO: ScheduledJobManager started {"execution_time":"2026-05-18T02:39:01+00:00"} 
[2026-05-18 02:39:01] production.INFO: ScheduledJobManager completed {"execution_time":"2026-05-18T02:39:01+00:00","duration_ms":10.897,"dispatched":0,"skipped":0} 
[2026-05-18 02:40:01] production.INFO: ScheduledJobManager started {"execution_time":"2026-05-18T02:40:01+00:00"} 
[2026-05-18 02:40:01] production.INFO: ScheduledJobManager completed {"execution_time":"2026-05-18T02:40:01+00:00","duration_ms":4.563,"dispatched":0,"skipped":0} 
[2026-05-18 02:41:01] production.INFO: ScheduledJobManager started {"execution_time":"2026-05-18T02:41:01+00:00"} 
[2026-05-18 02:41:01] production.INFO: ScheduledJobManager completed {"execution_time":"2026-05-18T02:41:01+00:00","duration_ms":10.678,"dispatched":0,"skipped":0} 
[2026-05-18 02:42:01] production.INFO: ScheduledJobManager started {"execution_time":"2026-05-18T02:42:01+00:00"} 
[2026-05-18 02:42:01] production.INFO: ScheduledJobManager completed {"execution_time":"2026-05-18T02:42:01+00:00","duration_ms":11.257,"dispatched":0,"skipped":0} 
[2026-05-18 02:43:01] production.INFO: ScheduledJobManager started {"execution_time":"2026-05-18T02:43:01+00:00"} 
[2026-05-18 02:43:01] production.INFO: ScheduledJobManager completed {"execution_time":"2026-05-18T02:43:01+00:00","duration_ms":10.911,"dispatched":0,"skipped":0} 
[2026-05-18 02:44:01] production.INFO: ScheduledJobManager started {"execution_time":"2026-05-18T02:44:01+00:00"} 
[2026-05-18 02:44:01] production.INFO: ScheduledJobManager completed {"execution_time":"2026-05-18T02:44:01+00:00","duration_ms":11.16,"dispatched":0,"skipped":0} 
[2026-05-18 02:45:01] production.INFO: ScheduledJobManager started {"execution_time":"2026-05-18T02:45:01+00:00"} 
[2026-05-18 02:45:01] production.INFO: ScheduledJobManager completed {"execution_time":"2026-05-18T02:45:01+00:00","duration_ms":11.042,"dispatched":0,"skipped":0} 
[2026-05-18 02:46:01] production.INFO: ScheduledJobManager started {"execution_time":"2026-05-18T02:46:01+00:00"} 
[2026-05-18 02:46:01] production.INFO: ScheduledJobManager completed {"execution_time":"2026-05-18T02:46:01+00:00","duration_ms":10.923,"dispatched":0,"skipped":0} 
[2026-05-18 02:47:01] production.INFO: ScheduledJobManager started {"execution_time":"2026-05-18T02:47:01+00:00"} 
[2026-05-18 02:47:01] production.INFO: ScheduledJobManager completed {"execution_time":"2026-05-18T02:47:01+00:00","duration_ms":11.345,"dispatched":0,"skipped":0} 
[2026-05-18 02:48:01] production.INFO: ScheduledJobManager started {"execution_time":"2026-05-18T02:48:01+00:00"} 
[2026-05-18 02:48:01] production.INFO: ScheduledJobManager completed {"execution_time":"2026-05-18T02:48:01+00:00","duration_ms":11.069,"dispatched":0,"skipped":0} 
[2026-05-18 02:49:01] production.INFO: ScheduledJobManager started {"execution_time":"2026-05-18T02:49:01+00:00"} 
[2026-05-18 02:49:01] production.INFO: ScheduledJobManager completed {"execution_time":"2026-05-18T02:49:01+00:00","duration_ms":10.834,"dispatched":0,"skipped":0} 
[2026-05-18 02:50:01] production.INFO: ScheduledJobManager started {"execution_time":"2026-05-18T02:50:01+00:00"} 
[2026-05-18 02:50:01] production.INFO: ScheduledJobManager completed {"execution_time":"2026-05-18T02:50:01+00:00","duration_ms":10.84,"dispatched":0,"skipped":0} 
[2026-05-18 02:51:00] production.INFO: ScheduledJobManager started {"execution_time":"2026-05-18T02:51:00+00:00"} 
[2026-05-18 02:51:00] production.INFO: ScheduledJobManager completed {"execution_time":"2026-05-18T02:51:00+00:00","duration_ms":10.936,"dispatched":0,"skipped":0} 
[2026-05-18 02:52:01] production.INFO: ScheduledJobManager started {"execution_time":"2026-05-18T02:52:01+00:00"} 
[2026-05-18 02:52:01] production.INFO: ScheduledJobManager completed {"execution_time":"2026-05-18T02:52:01+00:00","duration_ms":4.993,"dispatched":0,"skipped":0} 
[2026-05-18 02:53:01] production.INFO: ScheduledJobManager started {"execution_time":"2026-05-18T02:53:01+00:00"} 
[2026-05-18 02:53:01] production.INFO: ScheduledJobManager completed {"execution_time":"2026-05-18T02:53:01+00:00","duration_ms":10.952,"dispatched":0,"skipped":0} 
[2026-05-18 02:54:01] production.INFO: ScheduledJobManager started {"execution_time":"2026-05-18T02:54:01+00:00"} 
[2026-05-18 02:54:01] production.INFO: ScheduledJobManager completed {"execution_time":"2026-05-18T02:54:01+00:00","duration_ms":11.052,"dispatched":0,"skipped":0} 
[2026-05-18 02:55:01] production.INFO: ScheduledJobManager started {"execution_time":"2026-05-18T02:55:01+00:00"} 
[2026-05-18 02:55:01] production.INFO: ScheduledJobManager completed {"execution_time":"2026-05-18T02:55:01+00:00","duration_ms":3.744,"dispatched":0,"skipped":0} 
[2026-05-18 02:56:01] production.INFO: ScheduledJobManager started {"execution_time":"2026-05-18T02:56:01+00:00"} 
[2026-05-18 02:56:01] production.INFO: ScheduledJobManager completed {"execution_time":"2026-05-18T02:56:01+00:00","duration_ms":11.164,"dispatched":0,"skipped":0} 
[2026-05-18 02:57:01] production.INFO: ScheduledJobManager started {"execution_time":"2026-05-18T02:57:01+00:00"} 
[2026-05-18 02:57:01] production.INFO: ScheduledJobManager completed {"execution_time":"2026-05-18T02:57:01+00:00","duration_ms":11.15,"dispatched":0,"skipped":0} 
[2026-05-18 02:58:01] production.INFO: ScheduledJobManager started {"execution_time":"2026-05-18T02:58:01+00:00"} 
[2026-05-18 02:58:01] production.INFO: ScheduledJobManager completed {"execution_time":"2026-05-18T02:58:01+00:00","duration_ms":10.847,"dispatched":0,"skipped":0} 
[2026-05-18 02:59:01] production.INFO: ScheduledJobManager started {"execution_time":"2026-05-18T02:59:01+00:00"} 
[2026-05-18 02:59:01] production.INFO: ScheduledJobManager completed {"execution_time":"2026-05-18T02:59:01+00:00","duration_ms":10.72,"dispatched":0,"skipped":0} 
[2026-05-18 03:00:02] production.INFO: ScheduledJobManager started {"execution_time":"2026-05-18T03:00:02+00:00"} 
[2026-05-18 03:00:02] production.INFO: ScheduledJobManager completed {"execution_time":"2026-05-18T03:00:02+00:00","duration_ms":4.407,"dispatched":0,"skipped":0} 
[2026-05-18 03:01:01] production.INFO: ScheduledJobManager started {"execution_time":"2026-05-18T03:01:01+00:00"} 
[2026-05-18 03:01:01] production.INFO: ScheduledJobManager completed {"execution_time":"2026-05-18T03:01:01+00:00","duration_ms":10.924,"dispatched":0,"skipped":0} 
[2026-05-18 03:02:01] production.INFO: ScheduledJobManager started {"execution_time":"2026-05-18T03:02:01+00:00"} 
[2026-05-18 03:02:01] production.INFO: ScheduledJobManager completed {"execution_time":"2026-05-18T03:02:01+00:00","duration_ms":11.45,"dispatched":0,"skipped":0} 
[2026-05-18 03:03:01] production.INFO: ScheduledJobManager started {"execution_time":"2026-05-18T03:03:01+00:00"} 
[2026-05-18 03:03:01] production.INFO: ScheduledJobManager completed {"execution_time":"2026-05-18T03:03:01+00:00","duration_ms":12.797,"dispatched":0,"skipped":0} 
[2026-05-18 03:04:01] production.INFO: ScheduledJobManager started {"execution_time":"2026-05-18T03:04:01+00:00"} 
[2026-05-18 03:04:01] production.INFO: ScheduledJobManager completed {"execution_time":"2026-05-18T03:04:01+00:00","duration_ms":10.953,"dispatched":0,"skipped":0} 
[2026-05-18 03:05:01] production.INFO: ScheduledJobManager started {"execution_time":"2026-05-18T03:05:01+00:00"} 
[2026-05-18 03:05:01] production.INFO: ScheduledJobManager completed {"execution_time":"2026-05-18T03:05:01+00:00","duration_ms":11.113,"dispatched":0,"skipped":0} 
[2026-05-18 03:06:01] production.INFO: ScheduledJobManager started {"execution_time":"2026-05-18T03:06:01+00:00"} 
[2026-05-18 03:06:01] production.INFO: ScheduledJobManager completed {"execution_time":"2026-05-18T03:06:01+00:00","duration_ms":13.373,"dispatched":0,"skipped":0} 
[2026-05-18 03:07:01] production.INFO: ScheduledJobManager started {"execution_time":"2026-05-18T03:07:01+00:00"} 
[2026-05-18 03:07:01] production.INFO: ScheduledJobManager completed {"execution_time":"2026-05-18T03:07:01+00:00","duration_ms":11.034,"dispatched":0,"skipped":0} 
[2026-05-18 03:08:01] production.INFO: ScheduledJobManager started {"execution_time":"2026-05-18T03:08:01+00:00"} 
[2026-05-18 03:08:01] production.INFO: ScheduledJobManager completed {"execution_time":"2026-05-18T03:08:01+00:00","duration_ms":10.98,"dispatched":0,"skipped":0} 
[2026-05-18 03:09:01] production.INFO: ScheduledJobManager started {"execution_time":"2026-05-18T03:09:01+00:00"} 
[2026-05-18 03:09:01] production.INFO: ScheduledJobManager completed {"execution_time":"2026-05-18T03:09:01+00:00","duration_ms":17.627,"dispatched":0,"skipped":0} 
[2026-05-18 03:10:01] production.INFO: ScheduledJobManager started {"execution_time":"2026-05-18T03:10:01+00:00"} 
[2026-05-18 03:10:01] production.INFO: ScheduledJobManager completed {"execution_time":"2026-05-18T03:10:01+00:00","duration_ms":5.208,"dispatched":0,"skipped":0} 
[2026-05-18 03:11:01] production.INFO: ScheduledJobManager started {"execution_time":"2026-05-18T03:11:01+00:00"} 
[2026-05-18 03:11:01] production.INFO: ScheduledJobManager completed {"execution_time":"2026-05-18T03:11:01+00:00","duration_ms":10.941,"dispatched":0,"skipped":0} 
[2026-05-18 03:12:01] production.INFO: ScheduledJobManager started {"execution_time":"2026-05-18T03:12:01+00:00"} 
[2026-05-18 03:12:01] production.INFO: ScheduledJobManager completed {"execution_time":"2026-05-18T03:12:01+00:00","duration_ms":6.211,"dispatched":0,"skipped":0} 
[2026-05-18 03:13:01] production.INFO: ScheduledJobManager started {"execution_time":"2026-05-18T03:13:01+00:00"} 
[2026-05-18 03:13:01] production.INFO: ScheduledJobManager completed {"execution_time":"2026-05-18T03:13:01+00:00","duration_ms":11.4,"dispatched":0,"skipped":0} 
[2026-05-18 03:14:01] production.INFO: ScheduledJobManager started {"execution_time":"2026-05-18T03:14:01+00:00"} 
[2026-05-18 03:14:01] production.INFO: ScheduledJobManager completed {"execution_time":"2026-05-18T03:14:01+00:00","duration_ms":10.929,"dispatched":0,"skipped":0} 
[2026-05-18 03:15:01] production.INFO: ScheduledJobManager started {"execution_time":"2026-05-18T03:15:01+00:00"} 
[2026-05-18 03:15:01] production.INFO: ScheduledJobManager completed {"execution_time":"2026-05-18T03:15:01+00:00","duration_ms":13.343,"dispatched":0,"skipped":0} 
[2026-05-18 03:16:01] production.INFO: ScheduledJobManager started {"execution_time":"2026-05-18T03:16:01+00:00"} 
[2026-05-18 03:16:01] production.INFO: ScheduledJobManager completed {"execution_time":"2026-05-18T03:16:01+00:00","duration_ms":10.858,"dispatched":0,"skipped":0} 
[2026-05-18 03:17:01] production.INFO: ScheduledJobManager started {"execution_time":"2026-05-18T03:17:01+00:00"} 
[2026-05-18 03:17:01] production.INFO: ScheduledJobManager completed {"execution_time":"2026-05-18T03:17:01+00:00","duration_ms":11.086,"dispatched":0,"skipped":0} 
[2026-05-18 03:18:01] production.INFO: ScheduledJobManager started {"execution_time":"2026-05-18T03:18:01+00:00"} 
[2026-05-18 03:18:01] production.INFO: ScheduledJobManager completed {"execution_time":"2026-05-18T03:18:01+00:00","duration_ms":15.434,"dispatched":0,"skipped":0} 
[2026-05-18 03:19:01] production.INFO: ScheduledJobManager started {"execution_time":"2026-05-18T03:19:01+00:00"} 
[2026-05-18 03:19:01] production.INFO: ScheduledJobManager completed {"execution_time":"2026-05-18T03:19:01+00:00","duration_ms":16.012,"dispatched":0,"skipped":0} 
[2026-05-18 03:20:01] production.INFO: ScheduledJobManager started {"execution_time":"2026-05-18T03:20:01+00:00"} 
[2026-05-18 03:20:01] production.INFO: ScheduledJobManager completed {"execution_time":"2026-05-18T03:20:01+00:00","duration_ms":11.191,"dispatched":0,"skipped":0} 
[2026-05-18 03:21:01] production.INFO: ScheduledJobManager started {"execution_time":"2026-05-18T03:21:01+00:00"} 
[2026-05-18 03:21:01] production.INFO: ScheduledJobManager completed {"execution_time":"2026-05-18T03:21:01+00:00","duration_ms":13.804,"dispatched":0,"skipped":0} 
[2026-05-18 03:22:01] production.INFO: ScheduledJobManager started {"execution_time":"2026-05-18T03:22:01+00:00"} 
[2026-05-18 03:22:01] production.INFO: ScheduledJobManager completed {"execution_time":"2026-05-18T03:22:01+00:00","duration_ms":15.299,"dispatched":0,"skipped":0} 
[2026-05-18 03:23:00] production.INFO: ScheduledJobManager started {"execution_time":"2026-05-18T03:23:00+00:00"} 
[2026-05-18 03:23:00] production.INFO: ScheduledJobManager completed {"execution_time":"2026-05-18T03:23:00+00:00","duration_ms":10.99,"dispatched":0,"skipped":0} 
[2026-05-18 03:24:01] production.INFO: ScheduledJobManager started {"execution_time":"2026-05-18T03:24:01+00:00"} 
[2026-05-18 03:24:01] production.INFO: ScheduledJobManager completed {"execution_time":"2026-05-18T03:24:01+00:00","duration_ms":5.706,"dispatched":0,"skipped":0} 
[2026-05-18 03:25:01] production.INFO: ScheduledJobManager started {"execution_time":"2026-05-18T03:25:01+00:00"} 
[2026-05-18 03:25:01] production.INFO: ScheduledJobManager completed {"execution_time":"2026-05-18T03:25:01+00:00","duration_ms":20.481,"dispatched":0,"skipped":0} 
[2026-05-18 03:26:01] production.INFO: ScheduledJobManager started {"execution_time":"2026-05-18T03:26:01+00:00"} 
[2026-05-18 03:26:01] production.INFO: ScheduledJobManager completed {"execution_time":"2026-05-18T03:26:01+00:00","duration_ms":11.089,"dispatched":0,"skipped":0} 
[2026-05-18 03:27:01] production.INFO: ScheduledJobManager started {"execution_time":"2026-05-18T03:27:01+00:00"} 
[2026-05-18 03:27:01] production.INFO: ScheduledJobManager completed {"execution_time":"2026-05-18T03:27:01+00:00","duration_ms":12.666,"dispatched":0,"skipped":0} 
[2026-05-18 03:28:01] production.INFO: ScheduledJobManager started {"execution_time":"2026-05-18T03:28:01+00:00"} 
[2026-05-18 03:28:01] production.INFO: ScheduledJobManager completed {"execution_time":"2026-05-18T03:28:01+00:00","duration_ms":11.048,"dispatched":0,"skipped":0} 
[2026-05-18 03:29:01] production.INFO: ScheduledJobManager started {"execution_time":"2026-05-18T03:29:01+00:00"} 
[2026-05-18 03:29:01] production.INFO: ScheduledJobManager completed {"execution_time":"2026-05-18T03:29:01+00:00","duration_ms":11.35,"dispatched":0,"skipped":0} 
[2026-05-18 03:30:01] production.INFO: ScheduledJobManager started {"execution_time":"2026-05-18T03:30:01+00:00"} 
[2026-05-18 03:30:01] production.INFO: ScheduledJobManager completed {"execution_time":"2026-05-18T03:30:01+00:00","duration_ms":11.278,"dispatched":0,"skipped":0} 
[2026-05-18 03:31:01] production.INFO: ScheduledJobManager started {"execution_time":"2026-05-18T03:31:01+00:00"} 
[2026-05-18 03:31:01] production.INFO: ScheduledJobManager completed {"execution_time":"2026-05-18T03:31:01+00:00","duration_ms":11.023,"dispatched":0,"skipped":0} 
[2026-05-18 03:32:01] production.INFO: ScheduledJobManager started {"execution_time":"2026-05-18T03:32:01+00:00"} 
[2026-05-18 03:32:01] production.INFO: ScheduledJobManager completed {"execution_time":"2026-05-18T03:32:01+00:00","duration_ms":11.156,"dispatched":0,"skipped":0} 
[2026-05-18 03:33:01] production.INFO: ScheduledJobManager started {"execution_time":"2026-05-18T03:33:01+00:00"} 
[2026-05-18 03:33:01] production.INFO: ScheduledJobManager completed {"execution_time":"2026-05-18T03:33:01+00:00","duration_ms":13.211,"dispatched":0,"skipped":0} 
[2026-05-18 03:34:01] production.INFO: ScheduledJobManager started {"execution_time":"2026-05-18T03:34:01+00:00"} 
[2026-05-18 03:34:01] production.INFO: ScheduledJobManager completed {"execution_time":"2026-05-18T03:34:01+00:00","duration_ms":11.022,"dispatched":0,"skipped":0} 
[2026-05-18 03:35:01] production.INFO: ScheduledJobManager started {"execution_time":"2026-05-18T03:35:01+00:00"} 
[2026-05-18 03:35:01] production.INFO: ScheduledJobManager completed {"execution_time":"2026-05-18T03:35:01+00:00","duration_ms":11.012,"dispatched":0,"skipped":0} 
[2026-05-18 03:36:01] production.INFO: ScheduledJobManager started {"execution_time":"2026-05-18T03:36:01+00:00"} 
[2026-05-18 03:36:01] production.INFO: ScheduledJobManager completed {"execution_time":"2026-05-18T03:36:01+00:00","duration_ms":5.766,"dispatched":0,"skipped":0} 
[2026-05-18 03:37:01] production.INFO: ScheduledJobManager started {"execution_time":"2026-05-18T03:37:01+00:00"} 
[2026-05-18 03:37:01] production.INFO: ScheduledJobManager completed {"execution_time":"2026-05-18T03:37:01+00:00","duration_ms":11.167,"dispatched":0,"skipped":0} 
[2026-05-18 03:38:01] production.INFO: ScheduledJobManager started {"execution_time":"2026-05-18T03:38:01+00:00"} 
[2026-05-18 03:38:01] production.INFO: ScheduledJobManager completed {"execution_time":"2026-05-18T03:38:01+00:00","duration_ms":10.899,"dispatched":0,"skipped":0} 
[2026-05-18 03:39:00] production.INFO: ScheduledJobManager started {"execution_time":"2026-05-18T03:39:00+00:00"} 
[2026-05-18 03:39:00] production.INFO: ScheduledJobManager completed {"execution_time":"2026-05-18T03:39:00+00:00","duration_ms":11.468,"dispatched":0,"skipped":0} 
[2026-05-18 03:40:01] production.INFO: ScheduledJobManager started {"execution_time":"2026-05-18T03:40:01+00:00"} 
[2026-05-18 03:40:01] production.INFO: ScheduledJobManager completed {"execution_time":"2026-05-18T03:40:01+00:00","duration_ms":5.38,"dispatched":0,"skipped":0} 
[2026-05-18 03:41:01] production.INFO: ScheduledJobManager started {"execution_time":"2026-05-18T03:41:01+00:00"} 
[2026-05-18 03:41:01] production.INFO: ScheduledJobManager completed {"execution_time":"2026-05-18T03:41:01+00:00","duration_ms":10.837,"dispatched":0,"skipped":0} 
[2026-05-18 03:42:01] production.INFO: ScheduledJobManager started {"execution_time":"2026-05-18T03:42:01+00:00"} 
[2026-05-18 03:42:01] production.INFO: ScheduledJobManager completed {"execution_time":"2026-05-18T03:42:01+00:00","duration_ms":15.163,"dispatched":0,"skipped":0} 
[2026-05-18 03:43:01] production.INFO: ScheduledJobManager started {"execution_time":"2026-05-18T03:43:01+00:00"} 
[2026-05-18 03:43:01] production.INFO: ScheduledJobManager completed {"execution_time":"2026-05-18T03:43:01+00:00","duration_ms":10.997,"dispatched":0,"skipped":0} 
[2026-05-18 03:44:01] production.INFO: ScheduledJobManager started {"execution_time":"2026-05-18T03:44:01+00:00"} 
[2026-05-18 03:44:01] production.INFO: ScheduledJobManager completed {"execution_time":"2026-05-18T03:44:01+00:00","duration_ms":11.105,"dispatched":0,"skipped":0} 
[2026-05-18 03:45:01] production.INFO: ScheduledJobManager started {"execution_time":"2026-05-18T03:45:01+00:00"} 
[2026-05-18 03:45:01] production.INFO: ScheduledJobManager completed {"execution_time":"2026-05-18T03:45:01+00:00","duration_ms":11.41,"dispatched":0,"skipped":0} 
[2026-05-18 03:46:01] production.INFO: ScheduledJobManager started {"execution_time":"2026-05-18T03:46:01+00:00"} 
[2026-05-18 03:46:01] production.INFO: ScheduledJobManager completed {"execution_time":"2026-05-18T03:46:01+00:00","duration_ms":11.083,"dispatched":0,"skipped":0} 
[2026-05-18 03:47:01] production.INFO: ScheduledJobManager started {"execution_time":"2026-05-18T03:47:01+00:00"} 
[2026-05-18 03:47:01] production.INFO: ScheduledJobManager completed {"execution_time":"2026-05-18T03:47:01+00:00","duration_ms":11.077,"dispatched":0,"skipped":0} 
[2026-05-18 03:48:01] production.INFO: ScheduledJobManager started {"execution_time":"2026-05-18T03:48:01+00:00"} 
[2026-05-18 03:48:01] production.INFO: ScheduledJobManager completed {"execution_time":"2026-05-18T03:48:01+00:00","duration_ms":11.437,"dispatched":0,"skipped":0} 
[2026-05-18 03:49:01] production.INFO: ScheduledJobManager started {"execution_time":"2026-05-18T03:49:01+00:00"} 
[2026-05-18 03:49:01] production.INFO: ScheduledJobManager completed {"execution_time":"2026-05-18T03:49:01+00:00","duration_ms":10.738,"dispatched":0,"skipped":0} 
[2026-05-18 03:50:01] production.INFO: ScheduledJobManager started {"execution_time":"2026-05-18T03:50:01+00:00"} 
[2026-05-18 03:50:01] production.INFO: ScheduledJobManager completed {"execution_time":"2026-05-18T03:50:01+00:00","duration_ms":5.723,"dispatched":0,"skipped":0} 
[2026-05-18 03:51:01] production.INFO: ScheduledJobManager started {"execution_time":"2026-05-18T03:51:01+00:00"} 
[2026-05-18 03:51:01] production.INFO: ScheduledJobManager completed {"execution_time":"2026-05-18T03:51:01+00:00","duration_ms":11.44,"dispatched":0,"skipped":0} 
[2026-05-18 03:52:01] production.INFO: ScheduledJobManager started {"execution_time":"2026-05-18T03:52:01+00:00"} 
[2026-05-18 03:52:01] production.INFO: ScheduledJobManager completed {"execution_time":"2026-05-18T03:52:01+00:00","duration_ms":11.068,"dispatched":0,"skipped":0} 
[2026-05-18 03:53:01] production.INFO: ScheduledJobManager started {"execution_time":"2026-05-18T03:53:01+00:00"} 
[2026-05-18 03:53:01] production.INFO: ScheduledJobManager completed {"execution_time":"2026-05-18T03:53:01+00:00","duration_ms":12.733,"dispatched":0,"skipped":0} 
[2026-05-18 03:54:01] production.INFO: ScheduledJobManager started {"execution_time":"2026-05-18T03:54:01+00:00"} 
[2026-05-18 03:54:01] production.INFO: ScheduledJobManager completed {"execution_time":"2026-05-18T03:54:01+00:00","duration_ms":11.159,"dispatched":0,"skipped":0} 
[2026-05-18 03:55:02] production.INFO: ScheduledJobManager started {"execution_time":"2026-05-18T03:55:02+00:00"} 
[2026-05-18 03:55:02] production.INFO: ScheduledJobManager completed {"execution_time":"2026-05-18T03:55:02+00:00","duration_ms":11.215,"dispatched":0,"skipped":0} 
[2026-05-18 03:56:01] production.INFO: ScheduledJobManager started {"execution_time":"2026-05-18T03:56:01+00:00"} 
[2026-05-18 03:56:01] production.INFO: ScheduledJobManager completed {"execution_time":"2026-05-18T03:56:01+00:00","duration_ms":11.967,"dispatched":0,"skipped":0} 
[2026-05-18 03:57:01] production.INFO: ScheduledJobManager started {"execution_time":"2026-05-18T03:57:01+00:00"} 
[2026-05-18 03:57:01] production.INFO: ScheduledJobManager completed {"execution_time":"2026-05-18T03:57:01+00:00","duration_ms":11.178,"dispatched":0,"skipped":0} 
[2026-05-18 03:58:01] production.INFO: ScheduledJobManager started {"execution_time":"2026-05-18T03:58:01+00:00"} 
[2026-05-18 03:58:01] production.INFO: ScheduledJobManager completed {"execution_time":"2026-05-18T03:58:01+00:00","duration_ms":56.032,"dispatched":0,"skipped":0} 
[2026-05-18 03:59:01] production.INFO: ScheduledJobManager started {"execution_time":"2026-05-18T03:59:01+00:00"} 
[2026-05-18 03:59:01] production.INFO: ScheduledJobManager completed {"execution_time":"2026-05-18T03:59:01+00:00","duration_ms":11.044,"dispatched":0,"skipped":0} 
[2026-05-18 04:00:01] production.INFO: ScheduledJobManager started {"execution_time":"2026-05-18T04:00:01+00:00"} 
[2026-05-18 04:00:02] production.INFO: ScheduledJobManager completed {"execution_time":"2026-05-18T04:00:01+00:00","duration_ms":4.637,"dispatched":0,"skipped":0} 
[2026-05-18 04:01:01] production.INFO: ScheduledJobManager started {"execution_time":"2026-05-18T04:01:01+00:00"} 
[2026-05-18 04:01:01] production.INFO: ScheduledJobManager completed {"execution_time":"2026-05-18T04:01:01+00:00","duration_ms":11.008,"dispatched":0,"skipped":0} 
[2026-05-18 04:02:01] production.INFO: ScheduledJobManager started {"execution_time":"2026-05-18T04:02:01+00:00"} 
[2026-05-18 04:02:01] production.INFO: ScheduledJobManager completed {"execution_time":"2026-05-18T04:02:01+00:00","duration_ms":11.21,"dispatched":0,"skipped":0} 
[2026-05-18 04:03:01] production.INFO: ScheduledJobManager started {"execution_time":"2026-05-18T04:03:01+00:00"} 
[2026-05-18 04:03:01] production.INFO: ScheduledJobManager completed {"execution_time":"2026-05-18T04:03:01+00:00","duration_ms":11.326,"dispatched":0,"skipped":0} 
[2026-05-18 04:04:01] production.INFO: ScheduledJobManager started {"execution_time":"2026-05-18T04:04:01+00:00"} 
[2026-05-18 04:04:01] production.INFO: ScheduledJobManager completed {"execution_time":"2026-05-18T04:04:01+00:00","duration_ms":11.003,"dispatched":0,"skipped":0} 
[2026-05-18 04:05:01] production.INFO: ScheduledJobManager started {"execution_time":"2026-05-18T04:05:01+00:00"} 
[2026-05-18 04:05:01] production.INFO: ScheduledJobManager completed {"execution_time":"2026-05-18T04:05:01+00:00","duration_ms":10.996,"dispatched":0,"skipped":0} 
[2026-05-18 04:06:01] production.INFO: ScheduledJobManager started {"execution_time":"2026-05-18T04:06:01+00:00"} 
[2026-05-18 04:06:01] production.INFO: ScheduledJobManager completed {"execution_time":"2026-05-18T04:06:01+00:00","duration_ms":10.946,"dispatched":0,"skipped":0} 
[2026-05-18 04:07:01] production.INFO: ScheduledJobManager started {"execution_time":"2026-05-18T04:07:01+00:00"} 
[2026-05-18 04:07:01] production.INFO: ScheduledJobManager completed {"execution_time":"2026-05-18T04:07:01+00:00","duration_ms":11.429,"dispatched":0,"skipped":0} 
[2026-05-18 04:08:01] production.INFO: ScheduledJobManager started {"execution_time":"2026-05-18T04:08:01+00:00"} 
[2026-05-18 04:08:01] production.INFO: ScheduledJobManager completed {"execution_time":"2026-05-18T04:08:01+00:00","duration_ms":11.044,"dispatched":0,"skipped":0} 
[2026-05-18 04:09:01] production.INFO: ScheduledJobManager started {"execution_time":"2026-05-18T04:09:01+00:00"} 
[2026-05-18 04:09:01] production.INFO: ScheduledJobManager completed {"execution_time":"2026-05-18T04:09:01+00:00","duration_ms":11.011,"dispatched":0,"skipped":0} 
[2026-05-18 04:10:01] production.INFO: ScheduledJobManager started {"execution_time":"2026-05-18T04:10:01+00:00"} 
[2026-05-18 04:10:01] production.INFO: ScheduledJobManager completed {"execution_time":"2026-05-18T04:10:01+00:00","duration_ms":10.872,"dispatched":0,"skipped":0} 
[2026-05-18 04:11:01] production.INFO: ScheduledJobManager started {"execution_time":"2026-05-18T04:11:01+00:00"} 
[2026-05-18 04:11:01] production.INFO: ScheduledJobManager completed {"execution_time":"2026-05-18T04:11:01+00:00","duration_ms":11.235,"dispatched":0,"skipped":0} 
[2026-05-18 04:12:01] production.INFO: ScheduledJobManager started {"execution_time":"2026-05-18T04:12:01+00:00"} 
[2026-05-18 04:12:01] production.INFO: ScheduledJobManager completed {"execution_time":"2026-05-18T04:12:01+00:00","duration_ms":5.548,"dispatched":0,"skipped":0} 
[2026-05-18 04:13:01] production.INFO: ScheduledJobManager started {"execution_time":"2026-05-18T04:13:01+00:00"} 
[2026-05-18 04:13:01] production.INFO: ScheduledJobManager completed {"execution_time":"2026-05-18T04:13:01+00:00","duration_ms":10.946,"dispatched":0,"skipped":0} 
[2026-05-18 04:14:01] production.INFO: ScheduledJobManager started {"execution_time":"2026-05-18T04:14:01+00:00"} 
[2026-05-18 04:14:01] production.INFO: ScheduledJobManager completed {"execution_time":"2026-05-18T04:14:01+00:00","duration_ms":5.462,"dispatched":0,"skipped":0} 
[2026-05-18 04:15:01] production.INFO: ScheduledJobManager started {"execution_time":"2026-05-18T04:15:01+00:00"} 
[2026-05-18 04:15:01] production.INFO: ScheduledJobManager completed {"execution_time":"2026-05-18T04:15:01+00:00","duration_ms":13.928,"dispatched":0,"skipped":0} 
[2026-05-18 04:16:01] production.INFO: ScheduledJobManager started {"execution_time":"2026-05-18T04:16:01+00:00"} 
[2026-05-18 04:16:01] production.INFO: ScheduledJobManager completed {"execution_time":"2026-05-18T04:16:01+00:00","duration_ms":15.209,"dispatched":0,"skipped":0} 
[2026-05-18 04:17:01] production.INFO: ScheduledJobManager started {"execution_time":"2026-05-18T04:17:01+00:00"} 
[2026-05-18 04:17:01] production.INFO: ScheduledJobManager completed {"execution_time":"2026-05-18T04:17:01+00:00","duration_ms":11.115,"dispatched":0,"skipped":0} 
[2026-05-18 04:18:01] production.INFO: ScheduledJobManager started {"execution_time":"2026-05-18T04:18:01+00:00"} 
[2026-05-18 04:18:01] production.INFO: ScheduledJobManager completed {"execution_time":"2026-05-18T04:18:01+00:00","duration_ms":10.912,"dispatched":0,"skipped":0} 
[2026-05-18 04:19:01] production.INFO: ScheduledJobManager started {"execution_time":"2026-05-18T04:19:01+00:00"} 
[2026-05-18 04:19:01] production.INFO: ScheduledJobManager completed {"execution_time":"2026-05-18T04:19:01+00:00","duration_ms":10.851,"dispatched":0,"skipped":0} 
[2026-05-18 04:20:01] production.INFO: ScheduledJobManager started {"execution_time":"2026-05-18T04:20:01+00:00"} 
[2026-05-18 04:20:01] production.INFO: ScheduledJobManager completed {"execution_time":"2026-05-18T04:20:01+00:00","duration_ms":5.947,"dispatched":0,"skipped":0} 
[2026-05-18 04:21:01] production.INFO: ScheduledJobManager started {"execution_time":"2026-05-18T04:21:01+00:00"} 
[2026-05-18 04:21:01] production.INFO: ScheduledJobManager completed {"execution_time":"2026-05-18T04:21:01+00:00","duration_ms":11.292,"dispatched":0,"skipped":0} 
[2026-05-18 04:22:01] production.INFO: ScheduledJobManager started {"execution_time":"2026-05-18T04:22:01+00:00"} 
[2026-05-18 04:22:01] production.INFO: ScheduledJobManager completed {"execution_time":"2026-05-18T04:22:01+00:00","duration_ms":10.933,"dispatched":0,"skipped":0} 
[2026-05-18 04:23:02] production.INFO: ScheduledJobManager started {"execution_time":"2026-05-18T04:23:02+00:00"} 
[2026-05-18 04:23:02] production.INFO: ScheduledJobManager completed {"execution_time":"2026-05-18T04:23:02+00:00","duration_ms":10.826,"dispatched":0,"skipped":0} 
[2026-05-18 04:24:00] production.INFO: ScheduledJobManager started {"execution_time":"2026-05-18T04:24:00+00:00"} 
[2026-05-18 04:24:00] production.INFO: ScheduledJobManager completed {"execution_time":"2026-05-18T04:24:00+00:00","duration_ms":4.693,"dispatched":0,"skipped":0} 
[2026-05-18 04:25:01] production.INFO: ScheduledJobManager started {"execution_time":"2026-05-18T04:25:01+00:00"} 
[2026-05-18 04:25:01] production.INFO: ScheduledJobManager completed {"execution_time":"2026-05-18T04:25:01+00:00","duration_ms":14.684,"dispatched":0,"skipped":0} 
[2026-05-18 04:26:00] production.INFO: ScheduledJobManager started {"execution_time":"2026-05-18T04:26:00+00:00"} 
[2026-05-18 04:26:00] production.INFO: ScheduledJobManager completed {"execution_time":"2026-05-18T04:26:00+00:00","duration_ms":15.959,"dispatched":0,"skipped":0} 
[2026-05-18 04:27:01] production.INFO: ScheduledJobManager started {"execution_time":"2026-05-18T04:27:01+00:00"} 
[2026-05-18 04:27:01] production.INFO: ScheduledJobManager completed {"execution_time":"2026-05-18T04:27:01+00:00","duration_ms":11.065,"dispatched":0,"skipped":0} 
[2026-05-18 04:28:01] production.INFO: ScheduledJobManager started {"execution_time":"2026-05-18T04:28:01+00:00"} 
[2026-05-18 04:28:01] production.INFO: ScheduledJobManager completed {"execution_time":"2026-05-18T04:28:01+00:00","duration_ms":11.204,"dispatched":0,"skipped":0} 
[2026-05-18 04:29:01] production.INFO: ScheduledJobManager started {"execution_time":"2026-05-18T04:29:01+00:00"} 
[2026-05-18 04:29:01] production.INFO: ScheduledJobManager completed {"execution_time":"2026-05-18T04:29:01+00:00","duration_ms":11.126,"dispatched":0,"skipped":0} 
[2026-05-18 04:30:01] production.INFO: ScheduledJobManager started {"execution_time":"2026-05-18T04:30:01+00:00"} 
[2026-05-18 04:30:01] production.INFO: ScheduledJobManager completed {"execution_time":"2026-05-18T04:30:01+00:00","duration_ms":3.691,"dispatched":0,"skipped":0} 
[2026-05-18 04:31:01] production.INFO: ScheduledJobManager started {"execution_time":"2026-05-18T04:31:01+00:00"} 
[2026-05-18 04:31:01] production.INFO: ScheduledJobManager completed {"execution_time":"2026-05-18T04:31:01+00:00","duration_ms":11.089,"dispatched":0,"skipped":0} 
[2026-05-18 04:32:01] production.INFO: ScheduledJobManager started {"execution_time":"2026-05-18T04:32:01+00:00"} 
[2026-05-18 04:32:01] production.INFO: ScheduledJobManager completed {"execution_time":"2026-05-18T04:32:01+00:00","duration_ms":10.767,"dispatched":0,"skipped":0} 
[2026-05-18 04:33:01] production.INFO: ScheduledJobManager started {"execution_time":"2026-05-18T04:33:01+00:00"} 
[2026-05-18 04:33:01] production.INFO: ScheduledJobManager completed {"execution_time":"2026-05-18T04:33:01+00:00","duration_ms":10.827,"dispatched":0,"skipped":0} 
[2026-05-18 04:34:01] production.INFO: ScheduledJobManager started {"execution_time":"2026-05-18T04:34:01+00:00"} 
[2026-05-18 04:34:01] production.INFO: ScheduledJobManager completed {"execution_time":"2026-05-18T04:34:01+00:00","duration_ms":11.245,"dispatched":0,"skipped":0} 
[2026-05-18 04:35:01] production.INFO: ScheduledJobManager started {"execution_time":"2026-05-18T04:35:01+00:00"} 
[2026-05-18 04:35:01] production.INFO: ScheduledJobManager completed {"execution_time":"2026-05-18T04:35:01+00:00","duration_ms":10.957,"dispatched":0,"skipped":0} 
[2026-05-18 04:36:01] production.INFO: ScheduledJobManager started {"execution_time":"2026-05-18T04:36:01+00:00"} 
[2026-05-18 04:36:01] production.INFO: ScheduledJobManager completed {"execution_time":"2026-05-18T04:36:01+00:00","duration_ms":11.512,"dispatched":0,"skipped":0} 
[2026-05-18 04:37:01] production.INFO: ScheduledJobManager started {"execution_time":"2026-05-18T04:37:01+00:00"} 
[2026-05-18 04:37:01] production.INFO: ScheduledJobManager completed {"execution_time":"2026-05-18T04:37:01+00:00","duration_ms":11.126,"dispatched":0,"skipped":0} 
[2026-05-18 04:38:01] production.INFO: ScheduledJobManager started {"execution_time":"2026-05-18T04:38:01+00:00"} 
[2026-05-18 04:38:01] production.INFO: ScheduledJobManager completed {"execution_time":"2026-05-18T04:38:01+00:00","duration_ms":11.324,"dispatched":0,"skipped":0} 
[2026-05-18 04:39:01] production.INFO: ScheduledJobManager started {"execution_time":"2026-05-18T04:39:01+00:00"} 
[2026-05-18 04:39:01] production.INFO: ScheduledJobManager completed {"execution_time":"2026-05-18T04:39:01+00:00","duration_ms":11.099,"dispatched":0,"skipped":0} 
[2026-05-18 04:40:01] production.INFO: ScheduledJobManager started {"execution_time":"2026-05-18T04:40:01+00:00"} 
[2026-05-18 04:40:01] production.INFO: ScheduledJobManager completed {"execution_time":"2026-05-18T04:40:01+00:00","duration_ms":11.089,"dispatched":0,"skipped":0} 
[2026-05-18 04:41:01] production.INFO: ScheduledJobManager started {"execution_time":"2026-05-18T04:41:01+00:00"} 
[2026-05-18 04:41:01] production.INFO: ScheduledJobManager completed {"execution_time":"2026-05-18T04:41:01+00:00","duration_ms":11.101,"dispatched":0,"skipped":0} 
[2026-05-18 04:42:01] production.INFO: ScheduledJobManager started {"execution_time":"2026-05-18T04:42:01+00:00"} 
[2026-05-18 04:42:01] production.INFO: ScheduledJobManager completed {"execution_time":"2026-05-18T04:42:01+00:00","duration_ms":11.047,"dispatched":0,"skipped":0} 
[2026-05-18 04:43:01] production.INFO: ScheduledJobManager started {"execution_time":"2026-05-18T04:43:01+00:00"} 
[2026-05-18 04:43:01] production.INFO: ScheduledJobManager completed {"execution_time":"2026-05-18T04:43:01+00:00","duration_ms":11.528,"dispatched":0,"skipped":0} 
[2026-05-18 04:44:01] production.INFO: ScheduledJobManager started {"execution_time":"2026-05-18T04:44:01+00:00"} 
[2026-05-18 04:44:01] production.INFO: ScheduledJobManager completed {"execution_time":"2026-05-18T04:44:01+00:00","duration_ms":5.557,"dispatched":0,"skipped":0} 
[2026-05-18 04:45:01] production.INFO: ScheduledJobManager started {"execution_time":"2026-05-18T04:45:01+00:00"} 
[2026-05-18 04:45:01] production.INFO: ScheduledJobManager completed {"execution_time":"2026-05-18T04:45:01+00:00","duration_ms":11.38,"dispatched":0,"skipped":0} 
[2026-05-18 04:46:01] production.INFO: ScheduledJobManager started {"execution_time":"2026-05-18T04:46:01+00:00"} 
[2026-05-18 04:46:01] production.INFO: ScheduledJobManager completed {"execution_time":"2026-05-18T04:46:01+00:00","duration_ms":11.084,"dispatched":0,"skipped":0} 
[2026-05-18 04:47:01] production.INFO: ScheduledJobManager started {"execution_time":"2026-05-18T04:47:01+00:00"} 
[2026-05-18 04:47:01] production.INFO: ScheduledJobManager completed {"execution_time":"2026-05-18T04:47:01+00:00","duration_ms":11.002,"dispatched":0,"skipped":0} 
[2026-05-18 04:48:01] production.INFO: ScheduledJobManager started {"execution_time":"2026-05-18T04:48:01+00:00"} 
[2026-05-18 04:48:01] production.INFO: ScheduledJobManager completed {"execution_time":"2026-05-18T04:48:01+00:00","duration_ms":11.067,"dispatched":0,"skipped":0} 
[2026-05-18 04:49:01] production.INFO: ScheduledJobManager started {"execution_time":"2026-05-18T04:49:01+00:00"} 
[2026-05-18 04:49:01] production.INFO: ScheduledJobManager completed {"execution_time":"2026-05-18T04:49:01+00:00","duration_ms":11.009,"dispatched":0,"skipped":0} 
[2026-05-18 04:50:01] production.INFO: ScheduledJobManager started {"execution_time":"2026-05-18T04:50:01+00:00"} 
[2026-05-18 04:50:01] production.INFO: ScheduledJobManager completed {"execution_time":"2026-05-18T04:50:01+00:00","duration_ms":11.056,"dispatched":0,"skipped":0} 
[2026-05-18 04:51:01] production.INFO: ScheduledJobManager started {"execution_time":"2026-05-18T04:51:01+00:00"} 
[2026-05-18 04:51:01] production.INFO: ScheduledJobManager completed {"execution_time":"2026-05-18T04:51:01+00:00","duration_ms":14.775,"dispatched":0,"skipped":0} 
[2026-05-18 04:52:01] production.INFO: ScheduledJobManager started {"execution_time":"2026-05-18T04:52:01+00:00"} 
[2026-05-18 04:52:01] production.INFO: ScheduledJobManager completed {"execution_time":"2026-05-18T04:52:01+00:00","duration_ms":11.06,"dispatched":0,"skipped":0} 
[2026-05-18 04:53:01] production.INFO: ScheduledJobManager started {"execution_time":"2026-05-18T04:53:01+00:00"} 
[2026-05-18 04:53:01] production.INFO: ScheduledJobManager completed {"execution_time":"2026-05-18T04:53:01+00:00","duration_ms":10.996,"dispatched":0,"skipped":0} 
[2026-05-18 04:54:01] production.INFO: ScheduledJobManager started {"execution_time":"2026-05-18T04:54:01+00:00"} 
[2026-05-18 04:54:01] production.INFO: ScheduledJobManager completed {"execution_time":"2026-05-18T04:54:01+00:00","duration_ms":11.014,"dispatched":0,"skipped":0} 
[2026-05-18 04:55:01] production.INFO: ScheduledJobManager started {"execution_time":"2026-05-18T04:55:01+00:00"} 
[2026-05-18 04:55:01] production.INFO: ScheduledJobManager completed {"execution_time":"2026-05-18T04:55:01+00:00","duration_ms":11.724,"dispatched":0,"skipped":0} 
[2026-05-18 04:56:01] production.INFO: ScheduledJobManager started {"execution_time":"2026-05-18T04:56:01+00:00"} 
[2026-05-18 04:56:01] production.INFO: ScheduledJobManager completed {"execution_time":"2026-05-18T04:56:01+00:00","duration_ms":11.044,"dispatched":0,"skipped":0} 
[2026-05-18 04:57:01] production.INFO: ScheduledJobManager started {"execution_time":"2026-05-18T04:57:01+00:00"} 
[2026-05-18 04:57:01] production.INFO: ScheduledJobManager completed {"execution_time":"2026-05-18T04:57:01+00:00","duration_ms":10.805,"dispatched":0,"skipped":0} 
[2026-05-18 04:58:01] production.INFO: ScheduledJobManager started {"execution_time":"2026-05-18T04:58:01+00:00"} 
[2026-05-18 04:58:01] production.INFO: ScheduledJobManager completed {"execution_time":"2026-05-18T04:58:01+00:00","duration_ms":11.068,"dispatched":0,"skipped":0} 
[2026-05-18 04:59:01] production.INFO: ScheduledJobManager started {"execution_time":"2026-05-18T04:59:01+00:00"} 
[2026-05-18 04:59:01] production.INFO: ScheduledJobManager completed {"execution_time":"2026-05-18T04:59:01+00:00","duration_ms":11.054,"dispatched":0,"skipped":0} 
[2026-05-18 05:00:02] production.INFO: ScheduledJobManager started {"execution_time":"2026-05-18T05:00:02+00:00"} 
[2026-05-18 05:00:02] production.INFO: ScheduledJobManager completed {"execution_time":"2026-05-18T05:00:02+00:00","duration_ms":11.009,"dispatched":0,"skipped":0} 
[2026-05-18 05:01:01] production.INFO: ScheduledJobManager started {"execution_time":"2026-05-18T05:01:01+00:00"} 
[2026-05-18 05:01:01] production.INFO: ScheduledJobManager completed {"execution_time":"2026-05-18T05:01:01+00:00","duration_ms":11.31,"dispatched":0,"skipped":0} 
[2026-05-18 05:02:01] production.INFO: ScheduledJobManager started {"execution_time":"2026-05-18T05:02:01+00:00"} 
[2026-05-18 05:02:01] production.INFO: ScheduledJobManager completed {"execution_time":"2026-05-18T05:02:01+00:00","duration_ms":11.076,"dispatched":0,"skipped":0} 
[2026-05-18 05:03:01] production.INFO: ScheduledJobManager started {"execution_time":"2026-05-18T05:03:01+00:00"} 
[2026-05-18 05:03:01] production.INFO: ScheduledJobManager completed {"execution_time":"2026-05-18T05:03:01+00:00","duration_ms":11.197,"dispatched":0,"skipped":0} 
[2026-05-18 05:04:01] production.INFO: ScheduledJobManager started {"execution_time":"2026-05-18T05:04:01+00:00"} 
[2026-05-18 05:04:01] production.INFO: ScheduledJobManager completed {"execution_time":"2026-05-18T05:04:01+00:00","duration_ms":14.95,"dispatched":0,"skipped":0} 
[2026-05-18 05:05:01] production.INFO: ScheduledJobManager started {"execution_time":"2026-05-18T05:05:01+00:00"} 
[2026-05-18 05:05:01] production.INFO: ScheduledJobManager completed {"execution_time":"2026-05-18T05:05:01+00:00","duration_ms":15.758,"dispatched":0,"skipped":0} 
[2026-05-18 05:06:01] production.INFO: ScheduledJobManager started {"execution_time":"2026-05-18T05:06:01+00:00"} 
[2026-05-18 05:06:01] production.INFO: ScheduledJobManager completed {"execution_time":"2026-05-18T05:06:01+00:00","duration_ms":11.123,"dispatched":0,"skipped":0} 
[2026-05-18 05:07:01] production.INFO: ScheduledJobManager started {"execution_time":"2026-05-18T05:07:01+00:00"} 
[2026-05-18 05:07:01] production.INFO: ScheduledJobManager completed {"execution_time":"2026-05-18T05:07:01+00:00","duration_ms":11.29,"dispatched":0,"skipped":0} 
[2026-05-18 05:08:01] production.INFO: ScheduledJobManager started {"execution_time":"2026-05-18T05:08:01+00:00"} 
[2026-05-18 05:08:01] production.INFO: ScheduledJobManager completed {"execution_time":"2026-05-18T05:08:01+00:00","duration_ms":11.381,"dispatched":0,"skipped":0} 
[2026-05-18 05:09:01] production.INFO: ScheduledJobManager started {"execution_time":"2026-05-18T05:09:01+00:00"} 
[2026-05-18 05:09:01] production.INFO: ScheduledJobManager completed {"execution_time":"2026-05-18T05:09:01+00:00","duration_ms":11.446,"dispatched":0,"skipped":0} 
[2026-05-18 05:10:01] production.INFO: ScheduledJobManager started {"execution_time":"2026-05-18T05:10:01+00:00"} 
[2026-05-18 05:10:01] production.INFO: ScheduledJobManager completed {"execution_time":"2026-05-18T05:10:01+00:00","duration_ms":11.077,"dispatched":0,"skipped":0} 
[2026-05-18 05:11:01] production.INFO: ScheduledJobManager started {"execution_time":"2026-05-18T05:11:01+00:00"} 
[2026-05-18 05:11:01] production.INFO: ScheduledJobManager completed {"execution_time":"2026-05-18T05:11:01+00:00","duration_ms":11.27,"dispatched":0,"skipped":0} 
[2026-05-18 05:12:01] production.INFO: ScheduledJobManager started {"execution_time":"2026-05-18T05:12:01+00:00"} 
[2026-05-18 05:12:01] production.INFO: ScheduledJobManager completed {"execution_time":"2026-05-18T05:12:01+00:00","duration_ms":11.178,"dispatched":0,"skipped":0} 
[2026-05-18 05:13:01] production.INFO: ScheduledJobManager started {"execution_time":"2026-05-18T05:13:01+00:00"} 
[2026-05-18 05:13:01] production.INFO: ScheduledJobManager completed {"execution_time":"2026-05-18T05:13:01+00:00","duration_ms":11.05,"dispatched":0,"skipped":0} 
[2026-05-18 05:14:01] production.INFO: ScheduledJobManager started {"execution_time":"2026-05-18T05:14:01+00:00"} 
[2026-05-18 05:14:01] production.INFO: ScheduledJobManager completed {"execution_time":"2026-05-18T05:14:01+00:00","duration_ms":14.592,"dispatched":0,"skipped":0} 
[2026-05-18 05:15:01] production.INFO: ScheduledJobManager started {"execution_time":"2026-05-18T05:15:01+00:00"} 
[2026-05-18 05:15:01] production.INFO: ScheduledJobManager completed {"execution_time":"2026-05-18T05:15:01+00:00","duration_ms":3.779,"dispatched":0,"skipped":0} 
[2026-05-18 05:16:01] production.INFO: ScheduledJobManager started {"execution_time":"2026-05-18T05:16:01+00:00"} 
[2026-05-18 05:16:01] production.INFO: ScheduledJobManager completed {"execution_time":"2026-05-18T05:16:01+00:00","duration_ms":11.6,"dispatched":0,"skipped":0} 
[2026-05-18 05:17:01] production.INFO: ScheduledJobManager started {"execution_time":"2026-05-18T05:17:01+00:00"} 
[2026-05-18 05:17:01] production.INFO: ScheduledJobManager completed {"execution_time":"2026-05-18T05:17:01+00:00","duration_ms":10.942,"dispatched":0,"skipped":0} 
[2026-05-18 05:18:01] production.INFO: ScheduledJobManager started {"execution_time":"2026-05-18T05:18:01+00:00"} 
[2026-05-18 05:18:01] production.INFO: ScheduledJobManager completed {"execution_time":"2026-05-18T05:18:01+00:00","duration_ms":5.846,"dispatched":0,"skipped":0} 
[2026-05-18 05:19:01] production.INFO: ScheduledJobManager started {"execution_time":"2026-05-18T05:19:01+00:00"} 
[2026-05-18 05:19:01] production.INFO: ScheduledJobManager completed {"execution_time":"2026-05-18T05:19:01+00:00","duration_ms":11.282,"dispatched":0,"skipped":0} 
[2026-05-18 05:20:01] production.INFO: ScheduledJobManager started {"execution_time":"2026-05-18T05:20:01+00:00"} 
[2026-05-18 05:20:01] production.INFO: ScheduledJobManager completed {"execution_time":"2026-05-18T05:20:01+00:00","duration_ms":8.116,"dispatched":0,"skipped":0} 
[2026-05-18 05:21:01] production.INFO: ScheduledJobManager started {"execution_time":"2026-05-18T05:21:01+00:00"} 
[2026-05-18 05:21:01] production.INFO: ScheduledJobManager completed {"execution_time":"2026-05-18T05:21:01+00:00","duration_ms":11.669,"dispatched":0,"skipped":0} 
[2026-05-18 05:22:01] production.INFO: ScheduledJobManager started {"execution_time":"2026-05-18T05:22:01+00:00"} 
[2026-05-18 05:22:01] production.INFO: ScheduledJobManager completed {"execution_time":"2026-05-18T05:22:01+00:00","duration_ms":10.966,"dispatched":0,"skipped":0} 
[2026-05-18 05:23:01] production.INFO: ScheduledJobManager started {"execution_time":"2026-05-18T05:23:01+00:00"} 
[2026-05-18 05:23:01] production.INFO: ScheduledJobManager completed {"execution_time":"2026-05-18T05:23:01+00:00","duration_ms":10.945,"dispatched":0,"skipped":0} 
[2026-05-18 05:24:01] production.INFO: ScheduledJobManager started {"execution_time":"2026-05-18T05:24:01+00:00"} 
[2026-05-18 05:24:01] production.INFO: ScheduledJobManager completed {"execution_time":"2026-05-18T05:24:01+00:00","duration_ms":11.314,"dispatched":0,"skipped":0} 
[2026-05-18 05:25:01] production.INFO: ScheduledJobManager started {"execution_time":"2026-05-18T05:25:01+00:00"} 
[2026-05-18 05:25:01] production.INFO: ScheduledJobManager completed {"execution_time":"2026-05-18T05:25:01+00:00","duration_ms":11.484,"dispatched":0,"skipped":0} 
[2026-05-18 05:26:01] production.INFO: ScheduledJobManager started {"execution_time":"2026-05-18T05:26:01+00:00"} 
[2026-05-18 05:26:01] production.INFO: ScheduledJobManager completed {"execution_time":"2026-05-18T05:26:01+00:00","duration_ms":11.213,"dispatched":0,"skipped":0} 
[2026-05-18 05:27:01] production.INFO: ScheduledJobManager started {"execution_time":"2026-05-18T05:27:01+00:00"} 
[2026-05-18 05:27:01] production.INFO: ScheduledJobManager completed {"execution_time":"2026-05-18T05:27:01+00:00","duration_ms":11.35,"dispatched":0,"skipped":0} 
[2026-05-18 05:28:01] production.INFO: ScheduledJobManager started {"execution_time":"2026-05-18T05:28:01+00:00"} 
[2026-05-18 05:28:01] production.INFO: ScheduledJobManager completed {"execution_time":"2026-05-18T05:28:01+00:00","duration_ms":11.338,"dispatched":0,"skipped":0} 
[2026-05-18 05:29:01] production.INFO: ScheduledJobManager started {"execution_time":"2026-05-18T05:29:01+00:00"} 
[2026-05-18 05:29:01] production.INFO: ScheduledJobManager completed {"execution_time":"2026-05-18T05:29:01+00:00","duration_ms":11.232,"dispatched":0,"skipped":0} 
[2026-05-18 05:30:02] production.INFO: ScheduledJobManager started {"execution_time":"2026-05-18T05:30:01+00:00"} 
[2026-05-18 05:30:02] production.INFO: ScheduledJobManager completed {"execution_time":"2026-05-18T05:30:01+00:00","duration_ms":14.571,"dispatched":0,"skipped":0} 
[2026-05-18 05:31:01] production.INFO: ScheduledJobManager started {"execution_time":"2026-05-18T05:31:01+00:00"} 
[2026-05-18 05:31:01] production.INFO: ScheduledJobManager completed {"execution_time":"2026-05-18T05:31:01+00:00","duration_ms":11.009,"dispatched":0,"skipped":0} 
[2026-05-18 05:32:01] production.INFO: ScheduledJobManager started {"execution_time":"2026-05-18T05:32:01+00:00"} 
[2026-05-18 05:32:01] production.INFO: ScheduledJobManager completed {"execution_time":"2026-05-18T05:32:01+00:00","duration_ms":5.433,"dispatched":0,"skipped":0} 
[2026-05-18 05:33:01] production.INFO: ScheduledJobManager started {"execution_time":"2026-05-18T05:33:01+00:00"} 
[2026-05-18 05:33:01] production.INFO: ScheduledJobManager completed {"execution_time":"2026-05-18T05:33:01+00:00","duration_ms":11.262,"dispatched":0,"skipped":0} 
[2026-05-18 05:34:01] production.INFO: ScheduledJobManager started {"execution_time":"2026-05-18T05:34:01+00:00"} 
[2026-05-18 05:34:01] production.INFO: ScheduledJobManager completed {"execution_time":"2026-05-18T05:34:01+00:00","duration_ms":11.328,"dispatched":0,"skipped":0} 
[2026-05-18 05:35:01] production.INFO: ScheduledJobManager started {"execution_time":"2026-05-18T05:35:01+00:00"} 
[2026-05-18 05:35:01] production.INFO: ScheduledJobManager completed {"execution_time":"2026-05-18T05:35:01+00:00","duration_ms":3.746,"dispatched":0,"skipped":0} 
[2026-05-18 05:36:01] production.INFO: ScheduledJobManager started {"execution_time":"2026-05-18T05:36:01+00:00"} 
[2026-05-18 05:36:01] production.INFO: ScheduledJobManager completed {"execution_time":"2026-05-18T05:36:01+00:00","duration_ms":11.077,"dispatched":0,"skipped":0} 
[2026-05-18 05:37:01] production.INFO: ScheduledJobManager started {"execution_time":"2026-05-18T05:37:01+00:00"} 
[2026-05-18 05:37:01] production.INFO: ScheduledJobManager completed {"execution_time":"2026-05-18T05:37:01+00:00","duration_ms":11.471,"dispatched":0,"skipped":0} 
[2026-05-18 05:38:01] production.INFO: ScheduledJobManager started {"execution_time":"2026-05-18T05:38:01+00:00"} 
[2026-05-18 05:38:01] production.INFO: ScheduledJobManager completed {"execution_time":"2026-05-18T05:38:01+00:00","duration_ms":11.088,"dispatched":0,"skipped":0} 
[2026-05-18 05:39:01] production.INFO: ScheduledJobManager started {"execution_time":"2026-05-18T05:39:01+00:00"} 
[2026-05-18 05:39:01] production.INFO: ScheduledJobManager completed {"execution_time":"2026-05-18T05:39:01+00:00","duration_ms":11.813,"dispatched":0,"skipped":0} 
[2026-05-18 05:40:01] production.INFO: ScheduledJobManager started {"execution_time":"2026-05-18T05:40:01+00:00"} 
[2026-05-18 05:40:01] production.INFO: ScheduledJobManager completed {"execution_time":"2026-05-18T05:40:01+00:00","duration_ms":11.044,"dispatched":0,"skipped":0} 
[2026-05-18 05:41:01] production.INFO: ScheduledJobManager started {"execution_time":"2026-05-18T05:41:01+00:00"} 
[2026-05-18 05:41:01] production.INFO: ScheduledJobManager completed {"execution_time":"2026-05-18T05:41:01+00:00","duration_ms":11.06,"dispatched":0,"skipped":0} 
[2026-05-18 05:42:01] production.INFO: ScheduledJobManager started {"execution_time":"2026-05-18T05:42:01+00:00"} 
[2026-05-18 05:42:01] production.INFO: ScheduledJobManager completed {"execution_time":"2026-05-18T05:42:01+00:00","duration_ms":10.939,"dispatched":0,"skipped":0} 
[2026-05-18 05:43:01] production.INFO: ScheduledJobManager started {"execution_time":"2026-05-18T05:43:01+00:00"} 
[2026-05-18 05:43:01] production.INFO: ScheduledJobManager completed {"execution_time":"2026-05-18T05:43:01+00:00","duration_ms":11.487,"dispatched":0,"skipped":0} 
[2026-05-18 05:44:01] production.INFO: ScheduledJobManager started {"execution_time":"2026-05-18T05:44:01+00:00"} 
[2026-05-18 05:44:01] production.INFO: ScheduledJobManager completed {"execution_time":"2026-05-18T05:44:01+00:00","duration_ms":11.482,"dispatched":0,"skipped":0} 
[2026-05-18 05:45:01] production.INFO: ScheduledJobManager started {"execution_time":"2026-05-18T05:45:01+00:00"} 
[2026-05-18 05:45:01] production.INFO: ScheduledJobManager completed {"execution_time":"2026-05-18T05:45:01+00:00","duration_ms":11.228,"dispatched":0,"skipped":0} 
[2026-05-18 05:46:01] production.INFO: ScheduledJobManager started {"execution_time":"2026-05-18T05:46:01+00:00"} 
[2026-05-18 05:46:01] production.INFO: ScheduledJobManager completed {"execution_time":"2026-05-18T05:46:01+00:00","duration_ms":11.818,"dispatched":0,"skipped":0} 
[2026-05-18 05:47:01] production.INFO: ScheduledJobManager started {"execution_time":"2026-05-18T05:47:01+00:00"} 
[2026-05-18 05:47:01] production.INFO: ScheduledJobManager completed {"execution_time":"2026-05-18T05:47:01+00:00","duration_ms":11.258,"dispatched":0,"skipped":0} 
[2026-05-18 05:48:01] production.INFO: ScheduledJobManager started {"execution_time":"2026-05-18T05:48:01+00:00"} 
[2026-05-18 05:48:01] production.INFO: ScheduledJobManager completed {"execution_time":"2026-05-18T05:48:01+00:00","duration_ms":5.72,"dispatched":0,"skipped":0} 
[2026-05-18 05:49:01] production.INFO: ScheduledJobManager started {"execution_time":"2026-05-18T05:49:01+00:00"} 
[2026-05-18 05:49:01] production.INFO: ScheduledJobManager completed {"execution_time":"2026-05-18T05:49:01+00:00","duration_ms":11.143,"dispatched":0,"skipped":0} 
[2026-05-18 05:50:01] production.INFO: ScheduledJobManager started {"execution_time":"2026-05-18T05:50:01+00:00"} 
[2026-05-18 05:50:01] production.INFO: ScheduledJobManager completed {"execution_time":"2026-05-18T05:50:01+00:00","duration_ms":3.846,"dispatched":0,"skipped":0} 
[2026-05-18 05:51:01] production.INFO: ScheduledJobManager started {"execution_time":"2026-05-18T05:51:01+00:00"} 
[2026-05-18 05:51:01] production.INFO: ScheduledJobManager completed {"execution_time":"2026-05-18T05:51:01+00:00","duration_ms":11.33,"dispatched":0,"skipped":0} 
[2026-05-18 05:52:01] production.INFO: ScheduledJobManager started {"execution_time":"2026-05-18T05:52:01+00:00"} 
[2026-05-18 05:52:01] production.INFO: ScheduledJobManager completed {"execution_time":"2026-05-18T05:52:01+00:00","duration_ms":12.142,"dispatched":0,"skipped":0} 
[2026-05-18 05:53:01] production.INFO: ScheduledJobManager started {"execution_time":"2026-05-18T05:53:01+00:00"} 
[2026-05-18 05:53:01] production.INFO: ScheduledJobManager completed {"execution_time":"2026-05-18T05:53:01+00:00","duration_ms":11.572,"dispatched":0,"skipped":0} 
[2026-05-18 05:54:01] production.INFO: ScheduledJobManager started {"execution_time":"2026-05-18T05:54:01+00:00"} 
[2026-05-18 05:54:01] production.INFO: ScheduledJobManager completed {"execution_time":"2026-05-18T05:54:01+00:00","duration_ms":11.261,"dispatched":0,"skipped":0} 
[2026-05-18 05:55:01] production.INFO: ScheduledJobManager started {"execution_time":"2026-05-18T05:55:01+00:00"} 
[2026-05-18 05:55:01] production.INFO: ScheduledJobManager completed {"execution_time":"2026-05-18T05:55:01+00:00","duration_ms":12.066,"dispatched":0,"skipped":0} 
[2026-05-18 05:56:01] production.INFO: ScheduledJobManager started {"execution_time":"2026-05-18T05:56:01+00:00"} 
[2026-05-18 05:56:01] production.INFO: ScheduledJobManager completed {"execution_time":"2026-05-18T05:56:01+00:00","duration_ms":11.188,"dispatched":0,"skipped":0} 
[2026-05-18 05:57:01] production.INFO: ScheduledJobManager started {"execution_time":"2026-05-18T05:57:01+00:00"} 
[2026-05-18 05:57:01] production.INFO: ScheduledJobManager completed {"execution_time":"2026-05-18T05:57:01+00:00","duration_ms":11.935,"dispatched":0,"skipped":0} 
[2026-05-18 05:58:01] production.INFO: ScheduledJobManager started {"execution_time":"2026-05-18T05:58:01+00:00"} 
[2026-05-18 05:58:01] production.INFO: ScheduledJobManager completed {"execution_time":"2026-05-18T05:58:01+00:00","duration_ms":12.187,"dispatched":0,"skipped":0} 
[2026-05-18 05:59:01] production.INFO: ScheduledJobManager started {"execution_time":"2026-05-18T05:59:01+00:00"} 
[2026-05-18 05:59:01] production.INFO: ScheduledJobManager completed {"execution_time":"2026-05-18T05:59:01+00:00","duration_ms":11.08,"dispatched":0,"skipped":0} 
[2026-05-18 06:00:02] production.INFO: ScheduledJobManager started {"execution_time":"2026-05-18T06:00:02+00:00"} 
[2026-05-18 06:00:02] production.INFO: ScheduledJobManager completed {"execution_time":"2026-05-18T06:00:02+00:00","duration_ms":4.641,"dispatched":0,"skipped":0} 
[2026-05-18 06:01:00] production.INFO: ScheduledJobManager started {"execution_time":"2026-05-18T06:01:00+00:00"} 
[2026-05-18 06:01:00] production.INFO: ScheduledJobManager completed {"execution_time":"2026-05-18T06:01:00+00:00","duration_ms":11.177,"dispatched":0,"skipped":0} 
[2026-05-18 06:02:01] production.INFO: ScheduledJobManager started {"execution_time":"2026-05-18T06:02:01+00:00"} 
[2026-05-18 06:02:01] production.INFO: ScheduledJobManager completed {"execution_time":"2026-05-18T06:02:01+00:00","duration_ms":5.007,"dispatched":0,"skipped":0} 
[2026-05-18 06:03:01] production.INFO: ScheduledJobManager started {"execution_time":"2026-05-18T06:03:01+00:00"} 
[2026-05-18 06:03:01] production.INFO: ScheduledJobManager completed {"execution_time":"2026-05-18T06:03:01+00:00","duration_ms":11.231,"dispatched":0,"skipped":0} 
[2026-05-18 06:04:01] production.INFO: ScheduledJobManager started {"execution_time":"2026-05-18T06:04:01+00:00"} 
[2026-05-18 06:04:01] production.INFO: ScheduledJobManager completed {"execution_time":"2026-05-18T06:04:01+00:00","duration_ms":17.467,"dispatched":0,"skipped":0} 
[2026-05-18 06:05:01] production.INFO: ScheduledJobManager started {"execution_time":"2026-05-18T06:05:01+00:00"} 
[2026-05-18 06:05:01] production.INFO: ScheduledJobManager completed {"execution_time":"2026-05-18T06:05:01+00:00","duration_ms":3.661,"dispatched":0,"skipped":0} 
[2026-05-18 06:06:01] production.INFO: ScheduledJobManager started {"execution_time":"2026-05-18T06:06:01+00:00"} 
[2026-05-18 06:06:01] production.INFO: ScheduledJobManager completed {"execution_time":"2026-05-18T06:06:01+00:00","duration_ms":10.85,"dispatched":0,"skipped":0} 
[2026-05-18 06:07:01] production.INFO: ScheduledJobManager started {"execution_time":"2026-05-18T06:07:01+00:00"} 
[2026-05-18 06:07:01] production.INFO: ScheduledJobManager completed {"execution_time":"2026-05-18T06:07:01+00:00","duration_ms":10.962,"dispatched":0,"skipped":0} 
[2026-05-18 06:08:01] production.INFO: ScheduledJobManager started {"execution_time":"2026-05-18T06:08:01+00:00"} 
[2026-05-18 06:08:01] production.INFO: ScheduledJobManager completed {"execution_time":"2026-05-18T06:08:01+00:00","duration_ms":11.03,"dispatched":0,"skipped":0} 
[2026-05-18 06:09:01] production.INFO: ScheduledJobManager started {"execution_time":"2026-05-18T06:09:01+00:00"} 
[2026-05-18 06:09:01] production.INFO: ScheduledJobManager completed {"execution_time":"2026-05-18T06:09:01+00:00","duration_ms":10.954,"dispatched":0,"skipped":0} 
[2026-05-18 06:10:01] production.INFO: ScheduledJobManager started {"execution_time":"2026-05-18T06:10:01+00:00"} 
[2026-05-18 06:10:01] production.INFO: ScheduledJobManager completed {"execution_time":"2026-05-18T06:10:01+00:00","duration_ms":14.259,"dispatched":0,"skipped":0} 
[2026-05-18 06:11:01] production.INFO: ScheduledJobManager started {"execution_time":"2026-05-18T06:11:01+00:00"} 
[2026-05-18 06:11:01] production.INFO: ScheduledJobManager completed {"execution_time":"2026-05-18T06:11:01+00:00","duration_ms":11.039,"dispatched":0,"skipped":0} 
[2026-05-18 06:12:01] production.INFO: ScheduledJobManager started {"execution_time":"2026-05-18T06:12:01+00:00"} 
[2026-05-18 06:12:01] production.INFO: ScheduledJobManager completed {"execution_time":"2026-05-18T06:12:01+00:00","duration_ms":11.028,"dispatched":0,"skipped":0} 
[2026-05-18 06:13:01] production.INFO: ScheduledJobManager started {"execution_time":"2026-05-18T06:13:01+00:00"} 
[2026-05-18 06:13:01] production.INFO: ScheduledJobManager completed {"execution_time":"2026-05-18T06:13:01+00:00","duration_ms":11.845,"dispatched":0,"skipped":0} 
[2026-05-18 06:14:01] production.INFO: ScheduledJobManager started {"execution_time":"2026-05-18T06:14:01+00:00"} 
[2026-05-18 06:14:01] production.INFO: ScheduledJobManager completed {"execution_time":"2026-05-18T06:14:01+00:00","duration_ms":10.949,"dispatched":0,"skipped":0} 
[2026-05-18 06:15:01] production.INFO: ScheduledJobManager started {"execution_time":"2026-05-18T06:15:01+00:00"} 
[2026-05-18 06:15:01] production.INFO: ScheduledJobManager completed {"execution_time":"2026-05-18T06:15:01+00:00","duration_ms":11.366,"dispatched":0,"skipped":0} 
[2026-05-18 06:16:01] production.INFO: ScheduledJobManager started {"execution_time":"2026-05-18T06:16:01+00:00"} 
[2026-05-18 06:16:01] production.INFO: ScheduledJobManager completed {"execution_time":"2026-05-18T06:16:01+00:00","duration_ms":11.186,"dispatched":0,"skipped":0} 
[2026-05-18 06:17:01] production.INFO: ScheduledJobManager started {"execution_time":"2026-05-18T06:17:01+00:00"} 
[2026-05-18 06:17:01] production.INFO: ScheduledJobManager completed {"execution_time":"2026-05-18T06:17:01+00:00","duration_ms":11.082,"dispatched":0,"skipped":0} 
[2026-05-18 06:18:01] production.INFO: ScheduledJobManager started {"execution_time":"2026-05-18T06:18:01+00:00"} 
[2026-05-18 06:18:01] production.INFO: ScheduledJobManager completed {"execution_time":"2026-05-18T06:18:01+00:00","duration_ms":5.019,"dispatched":0,"skipped":0} 
[2026-05-18 06:19:01] production.INFO: ScheduledJobManager started {"execution_time":"2026-05-18T06:19:01+00:00"} 
[2026-05-18 06:19:01] production.INFO: ScheduledJobManager completed {"execution_time":"2026-05-18T06:19:01+00:00","duration_ms":11.091,"dispatched":0,"skipped":0} 
[2026-05-18 06:20:01] production.INFO: ScheduledJobManager started {"execution_time":"2026-05-18T06:20:01+00:00"} 
[2026-05-18 06:20:01] production.INFO: ScheduledJobManager completed {"execution_time":"2026-05-18T06:20:01+00:00","duration_ms":3.625,"dispatched":0,"skipped":0} 
[2026-05-18 06:21:01] production.INFO: ScheduledJobManager started {"execution_time":"2026-05-18T06:21:01+00:00"} 
[2026-05-18 06:21:01] production.INFO: ScheduledJobManager completed {"execution_time":"2026-05-18T06:21:01+00:00","duration_ms":10.931,"dispatched":0,"skipped":0} 
[2026-05-18 06:22:01] production.INFO: ScheduledJobManager started {"execution_time":"2026-05-18T06:22:01+00:00"} 
[2026-05-18 06:22:01] production.INFO: ScheduledJobManager completed {"execution_time":"2026-05-18T06:22:01+00:00","duration_ms":11.02,"dispatched":0,"skipped":0} 
[2026-05-18 06:23:01] production.INFO: ScheduledJobManager started {"execution_time":"2026-05-18T06:23:01+00:00"} 
[2026-05-18 06:23:01] production.INFO: ScheduledJobManager completed {"execution_time":"2026-05-18T06:23:01+00:00","duration_ms":11.19,"dispatched":0,"skipped":0} 
[2026-05-18 06:24:01] production.INFO: ScheduledJobManager started {"execution_time":"2026-05-18T06:24:01+00:00"} 
[2026-05-18 06:24:01] production.INFO: ScheduledJobManager completed {"execution_time":"2026-05-18T06:24:01+00:00","duration_ms":10.97,"dispatched":0,"skipped":0} 
[2026-05-18 06:25:01] production.INFO: ScheduledJobManager started {"execution_time":"2026-05-18T06:25:01+00:00"} 
[2026-05-18 06:25:01] production.INFO: ScheduledJobManager completed {"execution_time":"2026-05-18T06:25:01+00:00","duration_ms":10.991,"dispatched":0,"skipped":0} 
[2026-05-18 06:26:01] production.INFO: ScheduledJobManager started {"execution_time":"2026-05-18T06:26:01+00:00"} 
[2026-05-18 06:26:01] production.INFO: ScheduledJobManager completed {"execution_time":"2026-05-18T06:26:01+00:00","duration_ms":11.037,"dispatched":0,"skipped":0} 
[2026-05-18 06:27:01] production.INFO: ScheduledJobManager started {"execution_time":"2026-05-18T06:27:01+00:00"} 
[2026-05-18 06:27:01] production.INFO: ScheduledJobManager completed {"execution_time":"2026-05-18T06:27:01+00:00","duration_ms":11.167,"dispatched":0,"skipped":0} 
[2026-05-18 06:28:01] production.INFO: ScheduledJobManager started {"execution_time":"2026-05-18T06:28:01+00:00"} 
[2026-05-18 06:28:01] production.INFO: ScheduledJobManager completed {"execution_time":"2026-05-18T06:28:01+00:00","duration_ms":11.134,"dispatched":0,"skipped":0} 
[2026-05-18 06:29:01] production.INFO: ScheduledJobManager started {"execution_time":"2026-05-18T06:29:01+00:00"} 
[2026-05-18 06:29:01] production.INFO: ScheduledJobManager completed {"execution_time":"2026-05-18T06:29:01+00:00","duration_ms":11.0,"dispatched":0,"skipped":0} 
[2026-05-18 06:30:01] production.INFO: ScheduledJobManager started {"execution_time":"2026-05-18T06:30:01+00:00"} 
[2026-05-18 06:30:01] production.INFO: ScheduledJobManager completed {"execution_time":"2026-05-18T06:30:01+00:00","duration_ms":11.197,"dispatched":0,"skipped":0} 
[2026-05-18 06:31:00] production.INFO: ScheduledJobManager started {"execution_time":"2026-05-18T06:31:00+00:00"} 
[2026-05-18 06:31:00] production.INFO: ScheduledJobManager completed {"execution_time":"2026-05-18T06:31:00+00:00","duration_ms":10.939,"dispatched":0,"skipped":0} 
[2026-05-18 06:32:01] production.INFO: ScheduledJobManager started {"execution_time":"2026-05-18T06:32:01+00:00"} 
[2026-05-18 06:32:01] production.INFO: ScheduledJobManager completed {"execution_time":"2026-05-18T06:32:01+00:00","duration_ms":4.996,"dispatched":0,"skipped":0} 
[2026-05-18 06:33:01] production.INFO: ScheduledJobManager started {"execution_time":"2026-05-18T06:33:01+00:00"} 
[2026-05-18 06:33:01] production.INFO: ScheduledJobManager completed {"execution_time":"2026-05-18T06:33:01+00:00","duration_ms":11.192,"dispatched":0,"skipped":0} 
[2026-05-18 06:34:01] production.INFO: ScheduledJobManager started {"execution_time":"2026-05-18T06:34:01+00:00"} 
[2026-05-18 06:34:01] production.INFO: ScheduledJobManager completed {"execution_time":"2026-05-18T06:34:01+00:00","duration_ms":5.772,"dispatched":0,"skipped":0} 
[2026-05-18 06:35:01] production.INFO: ScheduledJobManager started {"execution_time":"2026-05-18T06:35:01+00:00"} 
[2026-05-18 06:35:01] production.INFO: ScheduledJobManager completed {"execution_time":"2026-05-18T06:35:01+00:00","duration_ms":11.443,"dispatched":0,"skipped":0} 
[2026-05-18 06:36:01] production.INFO: ScheduledJobManager started {"execution_time":"2026-05-18T06:36:01+00:00"} 
[2026-05-18 06:36:01] production.INFO: ScheduledJobManager completed {"execution_time":"2026-05-18T06:36:01+00:00","duration_ms":11.433,"dispatched":0,"skipped":0} 
[2026-05-18 06:37:01] production.INFO: ScheduledJobManager started {"execution_time":"2026-05-18T06:37:01+00:00"} 
[2026-05-18 06:37:01] production.INFO: ScheduledJobManager completed {"execution_time":"2026-05-18T06:37:01+00:00","duration_ms":11.322,"dispatched":0,"skipped":0} 
[2026-05-18 06:38:01] production.INFO: ScheduledJobManager started {"execution_time":"2026-05-18T06:38:01+00:00"} 
[2026-05-18 06:38:01] production.INFO: ScheduledJobManager completed {"execution_time":"2026-05-18T06:38:01+00:00","duration_ms":11.102,"dispatched":0,"skipped":0} 
[2026-05-18 06:39:01] production.INFO: ScheduledJobManager started {"execution_time":"2026-05-18T06:39:01+00:00"} 
[2026-05-18 06:39:01] production.INFO: ScheduledJobManager completed {"execution_time":"2026-05-18T06:39:01+00:00","duration_ms":10.977,"dispatched":0,"skipped":0} 
[2026-05-18 06:40:01] production.INFO: ScheduledJobManager started {"execution_time":"2026-05-18T06:40:01+00:00"} 
[2026-05-18 06:40:01] production.INFO: ScheduledJobManager completed {"execution_time":"2026-05-18T06:40:01+00:00","duration_ms":5.589,"dispatched":0,"skipped":0} 
[2026-05-18 06:41:01] production.INFO: ScheduledJobManager started {"execution_time":"2026-05-18T06:41:01+00:00"} 
[2026-05-18 06:41:01] production.INFO: ScheduledJobManager completed {"execution_time":"2026-05-18T06:41:01+00:00","duration_ms":10.804,"dispatched":0,"skipped":0} 
[2026-05-18 06:42:01] production.INFO: ScheduledJobManager started {"execution_time":"2026-05-18T06:42:01+00:00"} 
[2026-05-18 06:42:01] production.INFO: ScheduledJobManager completed {"execution_time":"2026-05-18T06:42:01+00:00","duration_ms":11.358,"dispatched":0,"skipped":0} 
[2026-05-18 06:43:01] production.INFO: ScheduledJobManager started {"execution_time":"2026-05-18T06:43:01+00:00"} 
[2026-05-18 06:43:01] production.INFO: ScheduledJobManager completed {"execution_time":"2026-05-18T06:43:01+00:00","duration_ms":10.982,"dispatched":0,"skipped":0} 
[2026-05-18 06:44:01] production.INFO: ScheduledJobManager started {"execution_time":"2026-05-18T06:44:01+00:00"} 
[2026-05-18 06:44:01] production.INFO: ScheduledJobManager completed {"execution_time":"2026-05-18T06:44:01+00:00","duration_ms":11.021,"dispatched":0,"skipped":0} 
[2026-05-18 06:45:01] production.INFO: ScheduledJobManager started {"execution_time":"2026-05-18T06:45:01+00:00"} 
[2026-05-18 06:45:01] production.INFO: ScheduledJobManager completed {"execution_time":"2026-05-18T06:45:01+00:00","duration_ms":15.542,"dispatched":0,"skipped":0} 
[2026-05-18 06:46:01] production.INFO: ScheduledJobManager started {"execution_time":"2026-05-18T06:46:01+00:00"} 
[2026-05-18 06:46:01] production.INFO: ScheduledJobManager completed {"execution_time":"2026-05-18T06:46:01+00:00","duration_ms":11.117,"dispatched":0,"skipped":0} 
[2026-05-18 06:47:00] production.INFO: ScheduledJobManager started {"execution_time":"2026-05-18T06:47:00+00:00"} 
[2026-05-18 06:47:00] production.INFO: ScheduledJobManager completed {"execution_time":"2026-05-18T06:47:00+00:00","duration_ms":11.105,"dispatched":0,"skipped":0} 
[2026-05-18 06:48:01] production.INFO: ScheduledJobManager started {"execution_time":"2026-05-18T06:48:01+00:00"} 
[2026-05-18 06:48:01] production.INFO: ScheduledJobManager completed {"execution_time":"2026-05-18T06:48:01+00:00","duration_ms":53.015,"dispatched":0,"skipped":0} 
[2026-05-18 06:49:01] production.INFO: ScheduledJobManager started {"execution_time":"2026-05-18T06:49:01+00:00"} 
[2026-05-18 06:49:01] production.INFO: ScheduledJobManager completed {"execution_time":"2026-05-18T06:49:01+00:00","duration_ms":11.201,"dispatched":0,"skipped":0} 
[2026-05-18 06:50:01] production.INFO: ScheduledJobManager started {"execution_time":"2026-05-18T06:50:01+00:00"} 
[2026-05-18 06:50:01] production.INFO: ScheduledJobManager completed {"execution_time":"2026-05-18T06:50:01+00:00","duration_ms":5.091,"dispatched":0,"skipped":0} 
[2026-05-18 06:51:01] production.INFO: ScheduledJobManager started {"execution_time":"2026-05-18T06:51:01+00:00"} 
[2026-05-18 06:51:01] production.INFO: ScheduledJobManager completed {"execution_time":"2026-05-18T06:51:01+00:00","duration_ms":10.769,"dispatched":0,"skipped":0} 
[2026-05-18 06:52:01] production.INFO: ScheduledJobManager started {"execution_time":"2026-05-18T06:52:01+00:00"} 
[2026-05-18 06:52:01] production.INFO: ScheduledJobManager completed {"execution_time":"2026-05-18T06:52:01+00:00","duration_ms":5.445,"dispatched":0,"skipped":0} 
[2026-05-18 06:53:01] production.INFO: ScheduledJobManager started {"execution_time":"2026-05-18T06:53:01+00:00"} 
[2026-05-18 06:53:01] production.INFO: ScheduledJobManager completed {"execution_time":"2026-05-18T06:53:01+00:00","duration_ms":11.165,"dispatched":0,"skipped":0} 
[2026-05-18 06:54:01] production.INFO: ScheduledJobManager started {"execution_time":"2026-05-18T06:54:01+00:00"} 
[2026-05-18 06:54:01] production.INFO: ScheduledJobManager completed {"execution_time":"2026-05-18T06:54:01+00:00","duration_ms":11.131,"dispatched":0,"skipped":0} 
[2026-05-18 06:55:01] production.INFO: ScheduledJobManager started {"execution_time":"2026-05-18T06:55:01+00:00"} 
[2026-05-18 06:55:01] production.INFO: ScheduledJobManager completed {"execution_time":"2026-05-18T06:55:01+00:00","duration_ms":10.854,"dispatched":0,"skipped":0} 
[2026-05-18 06:56:01] production.INFO: ScheduledJobManager started {"execution_time":"2026-05-18T06:56:01+00:00"} 
[2026-05-18 06:56:01] production.INFO: ScheduledJobManager completed {"execution_time":"2026-05-18T06:56:01+00:00","duration_ms":10.841,"dispatched":0,"skipped":0} 
[2026-05-18 06:57:01] production.INFO: ScheduledJobManager started {"execution_time":"2026-05-18T06:57:01+00:00"} 
[2026-05-18 06:57:01] production.INFO: ScheduledJobManager completed {"execution_time":"2026-05-18T06:57:01+00:00","duration_ms":11.13,"dispatched":0,"skipped":0} 
[2026-05-18 06:58:01] production.INFO: ScheduledJobManager started {"execution_time":"2026-05-18T06:58:01+00:00"} 
[2026-05-18 06:58:01] production.INFO: ScheduledJobManager completed {"execution_time":"2026-05-18T06:58:01+00:00","duration_ms":10.982,"dispatched":0,"skipped":0} 
[2026-05-18 06:59:01] production.INFO: ScheduledJobManager started {"execution_time":"2026-05-18T06:59:01+00:00"} 
[2026-05-18 06:59:01] production.INFO: ScheduledJobManager completed {"execution_time":"2026-05-18T06:59:01+00:00","duration_ms":11.487,"dispatched":0,"skipped":0} 
[2026-05-18 07:00:02] production.INFO: ScheduledJobManager started {"execution_time":"2026-05-18T07:00:02+00:00"} 
[2026-05-18 07:00:02] production.INFO: ScheduledJobManager completed {"execution_time":"2026-05-18T07:00:02+00:00","duration_ms":4.577,"dispatched":0,"skipped":0} 
[2026-05-18 07:01:01] production.INFO: ScheduledJobManager started {"execution_time":"2026-05-18T07:01:01+00:00"} 
[2026-05-18 07:01:01] production.INFO: ScheduledJobManager completed {"execution_time":"2026-05-18T07:01:01+00:00","duration_ms":11.536,"dispatched":0,"skipped":0} 
[2026-05-18 07:02:01] production.INFO: ScheduledJobManager started {"execution_time":"2026-05-18T07:02:01+00:00"} 
[2026-05-18 07:02:01] production.INFO: ScheduledJobManager completed {"execution_time":"2026-05-18T07:02:01+00:00","duration_ms":11.036,"dispatched":0,"skipped":0} 
[2026-05-18 07:03:01] production.INFO: ScheduledJobManager started {"execution_time":"2026-05-18T07:03:01+00:00"} 
[2026-05-18 07:03:01] production.INFO: ScheduledJobManager completed {"execution_time":"2026-05-18T07:03:01+00:00","duration_ms":11.265,"dispatched":0,"skipped":0} 
[2026-05-18 07:04:01] production.INFO: ScheduledJobManager started {"execution_time":"2026-05-18T07:04:01+00:00"} 
[2026-05-18 07:04:01] production.INFO: ScheduledJobManager completed {"execution_time":"2026-05-18T07:04:01+00:00","duration_ms":11.475,"dispatched":0,"skipped":0} 
[2026-05-18 07:05:01] production.INFO: ScheduledJobManager started {"execution_time":"2026-05-18T07:05:01+00:00"} 
[2026-05-18 07:05:01] production.INFO: ScheduledJobManager completed {"execution_time":"2026-05-18T07:05:01+00:00","duration_ms":3.624,"dispatched":0,"skipped":0} 
[2026-05-18 07:06:01] production.INFO: ScheduledJobManager started {"execution_time":"2026-05-18T07:06:01+00:00"} 
[2026-05-18 07:06:01] production.INFO: ScheduledJobManager completed {"execution_time":"2026-05-18T07:06:01+00:00","duration_ms":11.546,"dispatched":0,"skipped":0} 
[2026-05-18 07:07:01] production.INFO: ScheduledJobManager started {"execution_time":"2026-05-18T07:07:01+00:00"} 
[2026-05-18 07:07:01] production.INFO: ScheduledJobManager completed {"execution_time":"2026-05-18T07:07:01+00:00","duration_ms":11.058,"dispatched":0,"skipped":0} 
[2026-05-18 07:08:01] production.INFO: ScheduledJobManager started {"execution_time":"2026-05-18T07:08:01+00:00"} 
[2026-05-18 07:08:01] production.INFO: ScheduledJobManager completed {"execution_time":"2026-05-18T07:08:01+00:00","duration_ms":15.075,"dispatched":0,"skipped":0} 
[2026-05-18 07:09:01] production.INFO: ScheduledJobManager started {"execution_time":"2026-05-18T07:09:01+00:00"} 
[2026-05-18 07:09:01] production.INFO: ScheduledJobManager completed {"execution_time":"2026-05-18T07:09:01+00:00","duration_ms":11.409,"dispatched":0,"skipped":0} 
[2026-05-18 07:10:01] production.INFO: ScheduledJobManager started {"execution_time":"2026-05-18T07:10:01+00:00"} 
[2026-05-18 07:10:01] production.INFO: ScheduledJobManager completed {"execution_time":"2026-05-18T07:10:01+00:00","duration_ms":5.137,"dispatched":0,"skipped":0} 
[2026-05-18 07:11:01] production.INFO: ScheduledJobManager started {"execution_time":"2026-05-18T07:11:01+00:00"} 
[2026-05-18 07:11:01] production.INFO: ScheduledJobManager completed {"execution_time":"2026-05-18T07:11:01+00:00","duration_ms":11.148,"dispatched":0,"skipped":0} 
[2026-05-18 07:12:01] production.INFO: ScheduledJobManager started {"execution_time":"2026-05-18T07:12:01+00:00"} 
[2026-05-18 07:12:01] production.INFO: ScheduledJobManager completed {"execution_time":"2026-05-18T07:12:01+00:00","duration_ms":11.576,"dispatched":0,"skipped":0} 
[2026-05-18 07:13:01] production.INFO: ScheduledJobManager started {"execution_time":"2026-05-18T07:13:01+00:00"} 
[2026-05-18 07:13:01] production.INFO: ScheduledJobManager completed {"execution_time":"2026-05-18T07:13:01+00:00","duration_ms":10.981,"dispatched":0,"skipped":0} 
[2026-05-18 07:14:01] production.INFO: ScheduledJobManager started {"execution_time":"2026-05-18T07:14:01+00:00"} 
[2026-05-18 07:14:01] production.INFO: ScheduledJobManager completed {"execution_time":"2026-05-18T07:14:01+00:00","duration_ms":11.218,"dispatched":0,"skipped":0} 
[2026-05-18 07:15:01] production.INFO: ScheduledJobManager started {"execution_time":"2026-05-18T07:15:01+00:00"} 
[2026-05-18 07:15:01] production.INFO: ScheduledJobManager completed {"execution_time":"2026-05-18T07:15:01+00:00","duration_ms":11.381,"dispatched":0,"skipped":0} 
[2026-05-18 07:16:01] production.INFO: ScheduledJobManager started {"execution_time":"2026-05-18T07:16:01+00:00"} 
[2026-05-18 07:16:01] production.INFO: ScheduledJobManager completed {"execution_time":"2026-05-18T07:16:01+00:00","duration_ms":13.71,"dispatched":0,"skipped":0} 
[2026-05-18 07:17:01] production.INFO: ScheduledJobManager started {"execution_time":"2026-05-18T07:17:01+00:00"} 
[2026-05-18 07:17:01] production.INFO: ScheduledJobManager completed {"execution_time":"2026-05-18T07:17:01+00:00","duration_ms":10.931,"dispatched":0,"skipped":0} 
[2026-05-18 07:18:01] production.INFO: ScheduledJobManager started {"execution_time":"2026-05-18T07:18:01+00:00"} 
[2026-05-18 07:18:01] production.INFO: ScheduledJobManager completed {"execution_time":"2026-05-18T07:18:01+00:00","duration_ms":11.318,"dispatched":0,"skipped":0} 
[2026-05-18 07:19:01] production.INFO: ScheduledJobManager started {"execution_time":"2026-05-18T07:19:01+00:00"} 
[2026-05-18 07:19:01] production.INFO: ScheduledJobManager completed {"execution_time":"2026-05-18T07:19:01+00:00","duration_ms":11.115,"dispatched":0,"skipped":0} 
[2026-05-18 07:20:01] production.INFO: ScheduledJobManager started {"execution_time":"2026-05-18T07:20:01+00:00"} 
[2026-05-18 07:20:01] production.INFO: ScheduledJobManager completed {"execution_time":"2026-05-18T07:20:01+00:00","duration_ms":4.984,"dispatched":0,"skipped":0} 
[2026-05-18 07:21:01] production.INFO: ScheduledJobManager started {"execution_time":"2026-05-18T07:21:01+00:00"} 
[2026-05-18 07:21:01] production.INFO: ScheduledJobManager completed {"execution_time":"2026-05-18T07:21:01+00:00","duration_ms":11.094,"dispatched":0,"skipped":0} 
[2026-05-18 07:22:01] production.INFO: ScheduledJobManager started {"execution_time":"2026-05-18T07:22:01+00:00"} 
[2026-05-18 07:22:01] production.INFO: ScheduledJobManager completed {"execution_time":"2026-05-18T07:22:01+00:00","duration_ms":5.309,"dispatched":0,"skipped":0} 
[2026-05-18 07:23:01] production.INFO: ScheduledJobManager started {"execution_time":"2026-05-18T07:23:01+00:00"} 
[2026-05-18 07:23:01] production.INFO: ScheduledJobManager completed {"execution_time":"2026-05-18T07:23:01+00:00","duration_ms":11.003,"dispatched":0,"skipped":0} 
[2026-05-18 07:24:01] production.INFO: ScheduledJobManager started {"execution_time":"2026-05-18T07:24:01+00:00"} 
[2026-05-18 07:24:01] production.INFO: ScheduledJobManager completed {"execution_time":"2026-05-18T07:24:01+00:00","duration_ms":11.131,"dispatched":0,"skipped":0} 
[2026-05-18 07:25:01] production.INFO: ScheduledJobManager started {"execution_time":"2026-05-18T07:25:01+00:00"} 
[2026-05-18 07:25:01] production.INFO: ScheduledJobManager completed {"execution_time":"2026-05-18T07:25:01+00:00","duration_ms":4.149,"dispatched":0,"skipped":0} 
[2026-05-18 07:26:01] production.INFO: ScheduledJobManager started {"execution_time":"2026-05-18T07:26:01+00:00"} 
[2026-05-18 07:26:01] production.INFO: ScheduledJobManager completed {"execution_time":"2026-05-18T07:26:01+00:00","duration_ms":11.099,"dispatched":0,"skipped":0} 
[2026-05-18 07:27:01] production.INFO: ScheduledJobManager started {"execution_time":"2026-05-18T07:27:01+00:00"} 
[2026-05-18 07:27:01] production.INFO: ScheduledJobManager completed {"execution_time":"2026-05-18T07:27:01+00:00","duration_ms":11.047,"dispatched":0,"skipped":0} 
[2026-05-18 07:28:01] production.INFO: ScheduledJobManager started {"execution_time":"2026-05-18T07:28:01+00:00"} 
[2026-05-18 07:28:01] production.INFO: ScheduledJobManager completed {"execution_time":"2026-05-18T07:28:01+00:00","duration_ms":11.159,"dispatched":0,"skipped":0} 
[2026-05-18 07:29:01] production.INFO: ScheduledJobManager started {"execution_time":"2026-05-18T07:29:01+00:00"} 
[2026-05-18 07:29:01] production.INFO: ScheduledJobManager completed {"execution_time":"2026-05-18T07:29:01+00:00","duration_ms":11.405,"dispatched":0,"skipped":0} 
[2026-05-18 07:30:01] production.INFO: ScheduledJobManager started {"execution_time":"2026-05-18T07:30:01+00:00"} 
[2026-05-18 07:30:01] production.INFO: ScheduledJobManager completed {"execution_time":"2026-05-18T07:30:01+00:00","duration_ms":11.342,"dispatched":0,"skipped":0} 
[2026-05-18 07:31:01] production.INFO: ScheduledJobManager started {"execution_time":"2026-05-18T07:31:01+00:00"} 
[2026-05-18 07:31:01] production.INFO: ScheduledJobManager completed {"execution_time":"2026-05-18T07:31:01+00:00","duration_ms":11.585,"dispatched":0,"skipped":0} 
[2026-05-18 07:32:01] production.INFO: ScheduledJobManager started {"execution_time":"2026-05-18T07:32:01+00:00"} 
[2026-05-18 07:32:01] production.INFO: ScheduledJobManager completed {"execution_time":"2026-05-18T07:32:01+00:00","duration_ms":11.614,"dispatched":0,"skipped":0} 
[2026-05-18 07:33:01] production.INFO: ScheduledJobManager started {"execution_time":"2026-05-18T07:33:01+00:00"} 
[2026-05-18 07:33:01] production.INFO: ScheduledJobManager completed {"execution_time":"2026-05-18T07:33:01+00:00","duration_ms":16.551,"dispatched":0,"skipped":0} 
[2026-05-18 07:34:01] production.INFO: ScheduledJobManager started {"execution_time":"2026-05-18T07:34:01+00:00"} 
[2026-05-18 07:34:01] production.INFO: ScheduledJobManager completed {"execution_time":"2026-05-18T07:34:01+00:00","duration_ms":11.096,"dispatched":0,"skipped":0} 
[2026-05-18 07:35:01] production.INFO: ScheduledJobManager started {"execution_time":"2026-05-18T07:35:01+00:00"} 
[2026-05-18 07:35:01] production.INFO: ScheduledJobManager completed {"execution_time":"2026-05-18T07:35:01+00:00","duration_ms":11.246,"dispatched":0,"skipped":0} 
[2026-05-18 07:36:01] production.INFO: ScheduledJobManager started {"execution_time":"2026-05-18T07:36:01+00:00"} 
[2026-05-18 07:36:01] production.INFO: ScheduledJobManager completed {"execution_time":"2026-05-18T07:36:01+00:00","duration_ms":11.376,"dispatched":0,"skipped":0} 
[2026-05-18 07:37:01] production.INFO: ScheduledJobManager started {"execution_time":"2026-05-18T07:37:01+00:00"} 
[2026-05-18 07:37:01] production.INFO: ScheduledJobManager completed {"execution_time":"2026-05-18T07:37:01+00:00","duration_ms":11.011,"dispatched":0,"skipped":0} 
[2026-05-18 07:38:01] production.INFO: ScheduledJobManager started {"execution_time":"2026-05-18T07:38:01+00:00"} 
[2026-05-18 07:38:01] production.INFO: ScheduledJobManager completed {"execution_time":"2026-05-18T07:38:01+00:00","duration_ms":13.977,"dispatched":0,"skipped":0} 
[2026-05-18 07:39:01] production.INFO: ScheduledJobManager started {"execution_time":"2026-05-18T07:39:01+00:00"} 
[2026-05-18 07:39:01] production.INFO: ScheduledJobManager completed {"execution_time":"2026-05-18T07:39:01+00:00","duration_ms":11.061,"dispatched":0,"skipped":0} 
[2026-05-18 07:40:01] production.INFO: ScheduledJobManager started {"execution_time":"2026-05-18T07:40:01+00:00"} 
[2026-05-18 07:40:01] production.INFO: ScheduledJobManager completed {"execution_time":"2026-05-18T07:40:01+00:00","duration_ms":3.84,"dispatched":0,"skipped":0} 
[2026-05-18 07:41:01] production.INFO: ScheduledJobManager started {"execution_time":"2026-05-18T07:41:01+00:00"} 
[2026-05-18 07:41:01] production.INFO: ScheduledJobManager completed {"execution_time":"2026-05-18T07:41:01+00:00","duration_ms":15.075,"dispatched":0,"skipped":0} 
[2026-05-18 07:42:01] production.INFO: ScheduledJobManager started {"execution_time":"2026-05-18T07:42:01+00:00"} 
[2026-05-18 07:42:01] production.INFO: ScheduledJobManager completed {"execution_time":"2026-05-18T07:42:01+00:00","duration_ms":11.338,"dispatched":0,"skipped":0} 
[2026-05-18 07:43:01] production.INFO: ScheduledJobManager started {"execution_time":"2026-05-18T07:43:01+00:00"} 
[2026-05-18 07:43:01] production.INFO: ScheduledJobManager completed {"execution_time":"2026-05-18T07:43:01+00:00","duration_ms":11.127,"dispatched":0,"skipped":0} 
[2026-05-18 07:44:01] production.INFO: ScheduledJobManager started {"execution_time":"2026-05-18T07:44:01+00:00"} 
[2026-05-18 07:44:01] production.INFO: ScheduledJobManager completed {"execution_time":"2026-05-18T07:44:01+00:00","duration_ms":11.105,"dispatched":0,"skipped":0} 
[2026-05-18 07:45:01] production.INFO: ScheduledJobManager started {"execution_time":"2026-05-18T07:45:01+00:00"} 
[2026-05-18 07:45:01] production.INFO: ScheduledJobManager completed {"execution_time":"2026-05-18T07:45:01+00:00","duration_ms":11.116,"dispatched":0,"skipped":0} 
[2026-05-18 07:46:01] production.INFO: ScheduledJobManager started {"execution_time":"2026-05-18T07:46:01+00:00"} 
[2026-05-18 07:46:01] production.INFO: ScheduledJobManager completed {"execution_time":"2026-05-18T07:46:01+00:00","duration_ms":10.922,"dispatched":0,"skipped":0} 
[2026-05-18 07:47:01] production.INFO: ScheduledJobManager started {"execution_time":"2026-05-18T07:47:01+00:00"} 
[2026-05-18 07:47:01] production.INFO: ScheduledJobManager completed {"execution_time":"2026-05-18T07:47:01+00:00","duration_ms":11.316,"dispatched":0,"skipped":0} 
[2026-05-18 07:48:01] production.INFO: ScheduledJobManager started {"execution_time":"2026-05-18T07:48:01+00:00"} 
[2026-05-18 07:48:01] production.INFO: ScheduledJobManager completed {"execution_time":"2026-05-18T07:48:01+00:00","duration_ms":11.543,"dispatched":0,"skipped":0} 
[2026-05-18 07:49:01] production.INFO: ScheduledJobManager started {"execution_time":"2026-05-18T07:49:01+00:00"} 
[2026-05-18 07:49:01] production.INFO: ScheduledJobManager completed {"execution_time":"2026-05-18T07:49:01+00:00","duration_ms":11.196,"dispatched":0,"skipped":0} 
[2026-05-18 07:50:01] production.INFO: ScheduledJobManager started {"execution_time":"2026-05-18T07:50:01+00:00"} 
[2026-05-18 07:50:01] production.INFO: ScheduledJobManager completed {"execution_time":"2026-05-18T07:50:01+00:00","duration_ms":21.066,"dispatched":0,"skipped":0} 
[2026-05-18 07:51:01] production.INFO: ScheduledJobManager started {"execution_time":"2026-05-18T07:51:00+00:00"} 
[2026-05-18 07:51:01] production.INFO: ScheduledJobManager completed {"execution_time":"2026-05-18T07:51:00+00:00","duration_ms":11.127,"dispatched":0,"skipped":0} 
[2026-05-18 07:52:01] production.INFO: ScheduledJobManager started {"execution_time":"2026-05-18T07:52:01+00:00"} 
[2026-05-18 07:52:01] production.INFO: ScheduledJobManager completed {"execution_time":"2026-05-18T07:52:01+00:00","duration_ms":4.953,"dispatched":0,"skipped":0} 
[2026-05-18 07:53:01] production.INFO: ScheduledJobManager started {"execution_time":"2026-05-18T07:53:01+00:00"} 
[2026-05-18 07:53:01] production.INFO: ScheduledJobManager completed {"execution_time":"2026-05-18T07:53:01+00:00","duration_ms":11.051,"dispatched":0,"skipped":0} 
[2026-05-18 07:54:01] production.INFO: ScheduledJobManager started {"execution_time":"2026-05-18T07:54:01+00:00"} 
[2026-05-18 07:54:01] production.INFO: ScheduledJobManager completed {"execution_time":"2026-05-18T07:54:01+00:00","duration_ms":17.556,"dispatched":0,"skipped":0} 
[2026-05-18 07:55:01] production.INFO: ScheduledJobManager started {"execution_time":"2026-05-18T07:55:01+00:00"} 
[2026-05-18 07:55:01] production.INFO: ScheduledJobManager completed {"execution_time":"2026-05-18T07:55:01+00:00","duration_ms":3.916,"dispatched":0,"skipped":0} 
[2026-05-18 07:56:01] production.INFO: ScheduledJobManager started {"execution_time":"2026-05-18T07:56:01+00:00"} 
[2026-05-18 07:56:01] production.INFO: ScheduledJobManager completed {"execution_time":"2026-05-18T07:56:01+00:00","duration_ms":11.0,"dispatched":0,"skipped":0} 
[2026-05-18 07:57:01] production.INFO: ScheduledJobManager started {"execution_time":"2026-05-18T07:57:01+00:00"} 
[2026-05-18 07:57:01] production.INFO: ScheduledJobManager completed {"execution_time":"2026-05-18T07:57:01+00:00","duration_ms":11.386,"dispatched":0,"skipped":0} 
[2026-05-18 07:58:01] production.INFO: ScheduledJobManager started {"execution_time":"2026-05-18T07:58:01+00:00"} 
[2026-05-18 07:58:01] production.INFO: ScheduledJobManager completed {"execution_time":"2026-05-18T07:58:01+00:00","duration_ms":11.552,"dispatched":0,"skipped":0} 
[2026-05-18 07:59:01] production.INFO: ScheduledJobManager started {"execution_time":"2026-05-18T07:59:01+00:00"} 
[2026-05-18 07:59:01] production.INFO: ScheduledJobManager completed {"execution_time":"2026-05-18T07:59:01+00:00","duration_ms":11.254,"dispatched":0,"skipped":0} 
[2026-05-18 08:00:02] production.INFO: ScheduledJobManager started {"execution_time":"2026-05-18T08:00:02+00:00"} 
[2026-05-18 08:00:02] production.INFO: ScheduledJobManager completed {"execution_time":"2026-05-18T08:00:02+00:00","duration_ms":4.778,"dispatched":0,"skipped":0} 
[2026-05-18 08:01:01] production.INFO: ScheduledJobManager started {"execution_time":"2026-05-18T08:01:01+00:00"} 
[2026-05-18 08:01:01] production.INFO: ScheduledJobManager completed {"execution_time":"2026-05-18T08:01:01+00:00","duration_ms":11.049,"dispatched":0,"skipped":0} 
[2026-05-18 08:02:01] production.INFO: ScheduledJobManager started {"execution_time":"2026-05-18T08:02:01+00:00"} 
[2026-05-18 08:02:01] production.INFO: ScheduledJobManager completed {"execution_time":"2026-05-18T08:02:01+00:00","duration_ms":11.208,"dispatched":0,"skipped":0} 
[2026-05-18 08:03:01] production.INFO: ScheduledJobManager started {"execution_time":"2026-05-18T08:03:01+00:00"} 
[2026-05-18 08:03:01] production.INFO: ScheduledJobManager completed {"execution_time":"2026-05-18T08:03:01+00:00","duration_ms":10.965,"dispatched":0,"skipped":0} 
[2026-05-18 08:04:01] production.INFO: ScheduledJobManager started {"execution_time":"2026-05-18T08:04:01+00:00"} 
[2026-05-18 08:04:01] production.INFO: ScheduledJobManager completed {"execution_time":"2026-05-18T08:04:01+00:00","duration_ms":11.209,"dispatched":0,"skipped":0} 
[2026-05-18 08:05:01] production.INFO: ScheduledJobManager started {"execution_time":"2026-05-18T08:05:01+00:00"} 
[2026-05-18 08:05:01] production.INFO: ScheduledJobManager completed {"execution_time":"2026-05-18T08:05:01+00:00","duration_ms":11.102,"dispatched":0,"skipped":0} 
[2026-05-18 08:06:01] production.INFO: ScheduledJobManager started {"execution_time":"2026-05-18T08:06:01+00:00"} 
[2026-05-18 08:06:01] production.INFO: ScheduledJobManager completed {"execution_time":"2026-05-18T08:06:01+00:00","duration_ms":11.148,"dispatched":0,"skipped":0} 
[2026-05-18 08:07:01] production.INFO: ScheduledJobManager started {"execution_time":"2026-05-18T08:07:01+00:00"} 
[2026-05-18 08:07:01] production.INFO: ScheduledJobManager completed {"execution_time":"2026-05-18T08:07:01+00:00","duration_ms":10.995,"dispatched":0,"skipped":0} 
[2026-05-18 08:08:01] production.INFO: ScheduledJobManager started {"execution_time":"2026-05-18T08:08:01+00:00"} 
[2026-05-18 08:08:01] production.INFO: ScheduledJobManager completed {"execution_time":"2026-05-18T08:08:01+00:00","duration_ms":5.47,"dispatched":0,"skipped":0} 
[2026-05-18 08:09:01] production.INFO: ScheduledJobManager started {"execution_time":"2026-05-18T08:09:01+00:00"} 
[2026-05-18 08:09:01] production.INFO: ScheduledJobManager completed {"execution_time":"2026-05-18T08:09:01+00:00","duration_ms":11.01,"dispatched":0,"skipped":0} 
[2026-05-18 08:10:01] production.INFO: ScheduledJobManager started {"execution_time":"2026-05-18T08:10:01+00:00"} 
[2026-05-18 08:10:01] production.INFO: ScheduledJobManager completed {"execution_time":"2026-05-18T08:10:01+00:00","duration_ms":3.862,"dispatched":0,"skipped":0} 
[2026-05-18 08:11:01] production.INFO: ScheduledJobManager started {"execution_time":"2026-05-18T08:11:01+00:00"} 
[2026-05-18 08:11:01] production.INFO: ScheduledJobManager completed {"execution_time":"2026-05-18T08:11:01+00:00","duration_ms":11.285,"dispatched":0,"skipped":0} 
[2026-05-18 08:12:01] production.INFO: ScheduledJobManager started {"execution_time":"2026-05-18T08:12:01+00:00"} 
[2026-05-18 08:12:01] production.INFO: ScheduledJobManager completed {"execution_time":"2026-05-18T08:12:01+00:00","duration_ms":11.072,"dispatched":0,"skipped":0} 
[2026-05-18 08:13:01] production.INFO: ScheduledJobManager started {"execution_time":"2026-05-18T08:13:01+00:00"} 
[2026-05-18 08:13:01] production.INFO: ScheduledJobManager completed {"execution_time":"2026-05-18T08:13:01+00:00","duration_ms":10.968,"dispatched":0,"skipped":0} 
[2026-05-18 08:14:01] production.INFO: ScheduledJobManager started {"execution_time":"2026-05-18T08:14:01+00:00"} 
[2026-05-18 08:14:01] production.INFO: ScheduledJobManager completed {"execution_time":"2026-05-18T08:14:01+00:00","duration_ms":11.101,"dispatched":0,"skipped":0} 
[2026-05-18 08:15:01] production.INFO: ScheduledJobManager started {"execution_time":"2026-05-18T08:15:01+00:00"} 
[2026-05-18 08:15:01] production.INFO: ScheduledJobManager completed {"execution_time":"2026-05-18T08:15:01+00:00","duration_ms":11.443,"dispatched":0,"skipped":0} 
[2026-05-18 08:16:01] production.INFO: ScheduledJobManager started {"execution_time":"2026-05-18T08:16:01+00:00"} 
[2026-05-18 08:16:01] production.INFO: ScheduledJobManager completed {"execution_time":"2026-05-18T08:16:01+00:00","duration_ms":11.235,"dispatched":0,"skipped":0} 
[2026-05-18 08:17:01] production.INFO: ScheduledJobManager started {"execution_time":"2026-05-18T08:17:01+00:00"} 
[2026-05-18 08:17:01] production.INFO: ScheduledJobManager completed {"execution_time":"2026-05-18T08:17:01+00:00","duration_ms":10.897,"dispatched":0,"skipped":0} 
[2026-05-18 08:18:01] production.INFO: ScheduledJobManager started {"execution_time":"2026-05-18T08:18:01+00:00"} 
[2026-05-18 08:18:01] production.INFO: ScheduledJobManager completed {"execution_time":"2026-05-18T08:18:01+00:00","duration_ms":11.357,"dispatched":0,"skipped":0} 
[2026-05-18 08:19:01] production.INFO: ScheduledJobManager started {"execution_time":"2026-05-18T08:19:01+00:00"} 
[2026-05-18 08:19:01] production.INFO: ScheduledJobManager completed {"execution_time":"2026-05-18T08:19:01+00:00","duration_ms":10.901,"dispatched":0,"skipped":0} 
[2026-05-18 08:20:01] production.INFO: ScheduledJobManager started {"execution_time":"2026-05-18T08:20:01+00:00"} 
[2026-05-18 08:20:01] production.INFO: ScheduledJobManager completed {"execution_time":"2026-05-18T08:20:01+00:00","duration_ms":11.355,"dispatched":0,"skipped":0} 
[2026-05-18 08:21:00] production.INFO: ScheduledJobManager started {"execution_time":"2026-05-18T08:21:00+00:00"} 
[2026-05-18 08:21:00] production.INFO: ScheduledJobManager completed {"execution_time":"2026-05-18T08:21:00+00:00","duration_ms":15.133,"dispatched":0,"skipped":0} 
[2026-05-18 08:22:01] production.INFO: ScheduledJobManager started {"execution_time":"2026-05-18T08:22:01+00:00"} 
[2026-05-18 08:22:01] production.INFO: ScheduledJobManager completed {"execution_time":"2026-05-18T08:22:01+00:00","duration_ms":5.482,"dispatched":0,"skipped":0} 
[2026-05-18 08:23:01] production.INFO: ScheduledJobManager started {"execution_time":"2026-05-18T08:23:01+00:00"} 
[2026-05-18 08:23:01] production.INFO: ScheduledJobManager completed {"execution_time":"2026-05-18T08:23:01+00:00","duration_ms":11.345,"dispatched":0,"skipped":0} 
[2026-05-18 08:24:01] production.INFO: ScheduledJobManager started {"execution_time":"2026-05-18T08:24:01+00:00"} 
[2026-05-18 08:24:01] production.INFO: ScheduledJobManager completed {"execution_time":"2026-05-18T08:24:01+00:00","duration_ms":11.137,"dispatched":0,"skipped":0} 
[2026-05-18 08:25:01] production.INFO: ScheduledJobManager started {"execution_time":"2026-05-18T08:25:01+00:00"} 
[2026-05-18 08:25:01] production.INFO: ScheduledJobManager completed {"execution_time":"2026-05-18T08:25:01+00:00","duration_ms":3.677,"dispatched":0,"skipped":0} 
[2026-05-18 08:26:01] production.INFO: ScheduledJobManager started {"execution_time":"2026-05-18T08:26:01+00:00"} 
[2026-05-18 08:26:01] production.INFO: ScheduledJobManager completed {"execution_time":"2026-05-18T08:26:01+00:00","duration_ms":11.696,"dispatched":0,"skipped":0} 
[2026-05-18 08:27:01] production.INFO: ScheduledJobManager started {"execution_time":"2026-05-18T08:27:01+00:00"} 
[2026-05-18 08:27:01] production.INFO: ScheduledJobManager completed {"execution_time":"2026-05-18T08:27:01+00:00","duration_ms":11.041,"dispatched":0,"skipped":0} 
[2026-05-18 08:28:01] production.INFO: ScheduledJobManager started {"execution_time":"2026-05-18T08:28:01+00:00"} 
[2026-05-18 08:28:01] production.INFO: ScheduledJobManager completed {"execution_time":"2026-05-18T08:28:01+00:00","duration_ms":11.24,"dispatched":0,"skipped":0} 
[2026-05-18 08:29:01] production.INFO: ScheduledJobManager started {"execution_time":"2026-05-18T08:29:01+00:00"} 
[2026-05-18 08:29:01] production.INFO: ScheduledJobManager completed {"execution_time":"2026-05-18T08:29:01+00:00","duration_ms":11.047,"dispatched":0,"skipped":0} 
[2026-05-18 08:30:01] production.INFO: ScheduledJobManager started {"execution_time":"2026-05-18T08:30:01+00:00"} 
[2026-05-18 08:30:01] production.INFO: ScheduledJobManager completed {"execution_time":"2026-05-18T08:30:01+00:00","duration_ms":11.382,"dispatched":0,"skipped":0} 
[2026-05-18 08:31:01] production.INFO: ScheduledJobManager started {"execution_time":"2026-05-18T08:31:01+00:00"} 
[2026-05-18 08:31:01] production.INFO: ScheduledJobManager completed {"execution_time":"2026-05-18T08:31:01+00:00","duration_ms":11.098,"dispatched":0,"skipped":0} 
[2026-05-18 08:32:01] production.INFO: ScheduledJobManager started {"execution_time":"2026-05-18T08:32:01+00:00"} 
[2026-05-18 08:32:01] production.INFO: ScheduledJobManager completed {"execution_time":"2026-05-18T08:32:01+00:00","duration_ms":11.582,"dispatched":0,"skipped":0} 
[2026-05-18 08:33:01] production.INFO: ScheduledJobManager started {"execution_time":"2026-05-18T08:33:01+00:00"} 
[2026-05-18 08:33:01] production.INFO: ScheduledJobManager completed {"execution_time":"2026-05-18T08:33:01+00:00","duration_ms":11.098,"dispatched":0,"skipped":0} 
[2026-05-18 08:34:01] production.INFO: ScheduledJobManager started {"execution_time":"2026-05-18T08:34:01+00:00"} 
[2026-05-18 08:34:01] production.INFO: ScheduledJobManager completed {"execution_time":"2026-05-18T08:34:01+00:00","duration_ms":11.051,"dispatched":0,"skipped":0} 
[2026-05-18 08:35:01] production.INFO: ScheduledJobManager started {"execution_time":"2026-05-18T08:35:01+00:00"} 
[2026-05-18 08:35:01] production.INFO: ScheduledJobManager completed {"execution_time":"2026-05-18T08:35:01+00:00","duration_ms":11.243,"dispatched":0,"skipped":0} 
[2026-05-18 08:36:01] production.INFO: ScheduledJobManager started {"execution_time":"2026-05-18T08:36:01+00:00"} 
[2026-05-18 08:36:01] production.INFO: ScheduledJobManager completed {"execution_time":"2026-05-18T08:36:01+00:00","duration_ms":10.935,"dispatched":0,"skipped":0} 
[2026-05-18 08:37:00] production.INFO: ScheduledJobManager started {"execution_time":"2026-05-18T08:37:00+00:00"} 
[2026-05-18 08:37:00] production.INFO: ScheduledJobManager completed {"execution_time":"2026-05-18T08:37:00+00:00","duration_ms":11.0,"dispatched":0,"skipped":0} 
[2026-05-18 08:38:01] production.INFO: ScheduledJobManager started {"execution_time":"2026-05-18T08:38:01+00:00"} 
[2026-05-18 08:38:01] production.INFO: ScheduledJobManager completed {"execution_time":"2026-05-18T08:38:01+00:00","duration_ms":53.414,"dispatched":0,"skipped":0} 
[2026-05-18 08:39:01] production.INFO: ScheduledJobManager started {"execution_time":"2026-05-18T08:39:01+00:00"} 
[2026-05-18 08:39:01] production.INFO: ScheduledJobManager completed {"execution_time":"2026-05-18T08:39:01+00:00","duration_ms":11.069,"dispatched":0,"skipped":0} 
[2026-05-18 08:40:01] production.INFO: ScheduledJobManager started {"execution_time":"2026-05-18T08:40:01+00:00"} 
[2026-05-18 08:40:01] production.INFO: ScheduledJobManager completed {"execution_time":"2026-05-18T08:40:01+00:00","duration_ms":5.274,"dispatched":0,"skipped":0} 
[2026-05-18 08:41:01] production.INFO: ScheduledJobManager started {"execution_time":"2026-05-18T08:41:01+00:00"} 
[2026-05-18 08:41:01] production.INFO: ScheduledJobManager completed {"execution_time":"2026-05-18T08:41:01+00:00","duration_ms":11.086,"dispatched":0,"skipped":0} 
[2026-05-18 08:42:01] production.INFO: ScheduledJobManager started {"execution_time":"2026-05-18T08:42:01+00:00"} 
[2026-05-18 08:42:01] production.INFO: ScheduledJobManager completed {"execution_time":"2026-05-18T08:42:01+00:00","duration_ms":11.3,"dispatched":0,"skipped":0} 
[2026-05-18 08:43:01] production.INFO: ScheduledJobManager started {"execution_time":"2026-05-18T08:43:01+00:00"} 
[2026-05-18 08:43:01] production.INFO: ScheduledJobManager completed {"execution_time":"2026-05-18T08:43:01+00:00","duration_ms":11.202,"dispatched":0,"skipped":0} 
[2026-05-18 08:44:01] production.INFO: ScheduledJobManager started {"execution_time":"2026-05-18T08:44:01+00:00"} 
[2026-05-18 08:44:01] production.INFO: ScheduledJobManager completed {"execution_time":"2026-05-18T08:44:01+00:00","duration_ms":11.334,"dispatched":0,"skipped":0} 
[2026-05-18 08:45:01] production.INFO: ScheduledJobManager started {"execution_time":"2026-05-18T08:45:01+00:00"} 
[2026-05-18 08:45:01] production.INFO: ScheduledJobManager completed {"execution_time":"2026-05-18T08:45:01+00:00","duration_ms":11.205,"dispatched":0,"skipped":0} 
[2026-05-18 08:46:01] production.INFO: ScheduledJobManager started {"execution_time":"2026-05-18T08:46:01+00:00"} 
[2026-05-18 08:46:01] production.INFO: ScheduledJobManager completed {"execution_time":"2026-05-18T08:46:01+00:00","duration_ms":11.414,"dispatched":0,"skipped":0} 
[2026-05-18 08:47:01] production.INFO: ScheduledJobManager started {"execution_time":"2026-05-18T08:47:01+00:00"} 
[2026-05-18 08:47:01] production.INFO: ScheduledJobManager completed {"execution_time":"2026-05-18T08:47:01+00:00","duration_ms":10.804,"dispatched":0,"skipped":0} 
[2026-05-18 08:48:01] production.INFO: ScheduledJobManager started {"execution_time":"2026-05-18T08:48:01+00:00"} 
[2026-05-18 08:48:01] production.INFO: ScheduledJobManager completed {"execution_time":"2026-05-18T08:48:01+00:00","duration_ms":11.057,"dispatched":0,"skipped":0} 
[2026-05-18 08:49:01] production.INFO: ScheduledJobManager started {"execution_time":"2026-05-18T08:49:01+00:00"} 
[2026-05-18 08:49:01] production.INFO: ScheduledJobManager completed {"execution_time":"2026-05-18T08:49:01+00:00","duration_ms":10.818,"dispatched":0,"skipped":0} 
[2026-05-18 08:50:01] production.INFO: ScheduledJobManager started {"execution_time":"2026-05-18T08:50:01+00:00"} 
[2026-05-18 08:50:01] production.INFO: ScheduledJobManager completed {"execution_time":"2026-05-18T08:50:01+00:00","duration_ms":11.006,"dispatched":0,"skipped":0} 
[2026-05-18 08:51:01] production.INFO: ScheduledJobManager started {"execution_time":"2026-05-18T08:51:01+00:00"} 
[2026-05-18 08:51:01] production.INFO: ScheduledJobManager completed {"execution_time":"2026-05-18T08:51:01+00:00","duration_ms":11.016,"dispatched":0,"skipped":0} 
[2026-05-18 08:52:01] production.INFO: ScheduledJobManager started {"execution_time":"2026-05-18T08:52:01+00:00"} 
[2026-05-18 08:52:01] production.INFO: ScheduledJobManager completed {"execution_time":"2026-05-18T08:52:01+00:00","duration_ms":11.169,"dispatched":0,"skipped":0} 
[2026-05-18 08:53:00] production.INFO: ScheduledJobManager started {"execution_time":"2026-05-18T08:53:00+00:00"} 
[2026-05-18 08:53:00] production.INFO: ScheduledJobManager completed {"execution_time":"2026-05-18T08:53:00+00:00","duration_ms":11.932,"dispatched":0,"skipped":0} 
[2026-05-18 08:54:01] production.INFO: ScheduledJobManager started {"execution_time":"2026-05-18T08:54:01+00:00"} 
[2026-05-18 08:54:01] production.INFO: ScheduledJobManager completed {"execution_time":"2026-05-18T08:54:01+00:00","duration_ms":5.457,"dispatched":0,"skipped":0} 
[2026-05-18 08:55:01] production.INFO: ScheduledJobManager started {"execution_time":"2026-05-18T08:55:01+00:00"} 
[2026-05-18 08:55:01] production.INFO: ScheduledJobManager completed {"execution_time":"2026-05-18T08:55:01+00:00","duration_ms":11.1,"dispatched":0,"skipped":0} 
[2026-05-18 08:56:01] production.INFO: ScheduledJobManager started {"execution_time":"2026-05-18T08:56:01+00:00"} 
[2026-05-18 08:56:01] production.INFO: ScheduledJobManager completed {"execution_time":"2026-05-18T08:56:01+00:00","duration_ms":11.178,"dispatched":0,"skipped":0} 
[2026-05-18 08:57:01] production.INFO: ScheduledJobManager started {"execution_time":"2026-05-18T08:57:01+00:00"} 
[2026-05-18 08:57:01] production.INFO: ScheduledJobManager completed {"execution_time":"2026-05-18T08:57:01+00:00","duration_ms":10.914,"dispatched":0,"skipped":0} 
[2026-05-18 08:58:01] production.INFO: ScheduledJobManager started {"execution_time":"2026-05-18T08:58:01+00:00"} 
[2026-05-18 08:58:01] production.INFO: ScheduledJobManager completed {"execution_time":"2026-05-18T08:58:01+00:00","duration_ms":11.652,"dispatched":0,"skipped":0} 
[2026-05-18 08:59:01] production.INFO: ScheduledJobManager started {"execution_time":"2026-05-18T08:59:01+00:00"} 
[2026-05-18 08:59:01] production.INFO: ScheduledJobManager completed {"execution_time":"2026-05-18T08:59:01+00:00","duration_ms":11.035,"dispatched":0,"skipped":0} 
[2026-05-18 09:00:02] production.INFO: ScheduledJobManager started {"execution_time":"2026-05-18T09:00:02+00:00"} 
[2026-05-18 09:00:02] production.INFO: ScheduledJobManager completed {"execution_time":"2026-05-18T09:00:02+00:00","duration_ms":4.804,"dispatched":0,"skipped":0} 
[2026-05-18 09:01:01] production.INFO: ScheduledJobManager started {"execution_time":"2026-05-18T09:01:01+00:00"} 
[2026-05-18 09:01:01] production.INFO: ScheduledJobManager completed {"execution_time":"2026-05-18T09:01:01+00:00","duration_ms":11.085,"dispatched":0,"skipped":0} 
[2026-05-18 09:02:01] production.INFO: ScheduledJobManager started {"execution_time":"2026-05-18T09:02:01+00:00"} 
[2026-05-18 09:02:01] production.INFO: ScheduledJobManager completed {"execution_time":"2026-05-18T09:02:01+00:00","duration_ms":10.865,"dispatched":0,"skipped":0} 
[2026-05-18 09:03:01] production.INFO: ScheduledJobManager started {"execution_time":"2026-05-18T09:03:01+00:00"} 
[2026-05-18 09:03:01] production.INFO: ScheduledJobManager completed {"execution_time":"2026-05-18T09:03:01+00:00","duration_ms":16.984,"dispatched":0,"skipped":0} 
[2026-05-18 09:04:01] production.INFO: ScheduledJobManager started {"execution_time":"2026-05-18T09:04:01+00:00"} 
[2026-05-18 09:04:01] production.INFO: ScheduledJobManager completed {"execution_time":"2026-05-18T09:04:01+00:00","duration_ms":11.23,"dispatched":0,"skipped":0} 
[2026-05-18 09:05:01] production.INFO: ScheduledJobManager started {"execution_time":"2026-05-18T09:05:01+00:00"} 
[2026-05-18 09:05:01] production.INFO: ScheduledJobManager completed {"execution_time":"2026-05-18T09:05:01+00:00","duration_ms":12.779,"dispatched":0,"skipped":0} 
[2026-05-18 09:06:01] production.INFO: ScheduledJobManager started {"execution_time":"2026-05-18T09:06:01+00:00"} 
[2026-05-18 09:06:01] production.INFO: ScheduledJobManager completed {"execution_time":"2026-05-18T09:06:01+00:00","duration_ms":11.519,"dispatched":0,"skipped":0} 
[2026-05-18 09:07:01] production.INFO: ScheduledJobManager started {"execution_time":"2026-05-18T09:07:01+00:00"} 
[2026-05-18 09:07:01] production.INFO: ScheduledJobManager completed {"execution_time":"2026-05-18T09:07:01+00:00","duration_ms":10.832,"dispatched":0,"skipped":0} 
[2026-05-18 09:08:01] production.INFO: ScheduledJobManager started {"execution_time":"2026-05-18T09:08:01+00:00"} 
[2026-05-18 09:08:01] production.INFO: ScheduledJobManager completed {"execution_time":"2026-05-18T09:08:01+00:00","duration_ms":11.563,"dispatched":0,"skipped":0} 
[2026-05-18 09:09:00] production.INFO: ScheduledJobManager started {"execution_time":"2026-05-18T09:09:00+00:00"} 
[2026-05-18 09:09:00] production.INFO: ScheduledJobManager completed {"execution_time":"2026-05-18T09:09:00+00:00","duration_ms":11.064,"dispatched":0,"skipped":0} 
[2026-05-18 09:10:01] production.INFO: ScheduledJobManager started {"execution_time":"2026-05-18T09:10:01+00:00"} 
[2026-05-18 09:10:01] production.INFO: ScheduledJobManager completed {"execution_time":"2026-05-18T09:10:01+00:00","duration_ms":5.368,"dispatched":0,"skipped":0} 
[2026-05-18 09:11:01] production.INFO: ScheduledJobManager started {"execution_time":"2026-05-18T09:11:01+00:00"} 
[2026-05-18 09:11:01] production.INFO: ScheduledJobManager completed {"execution_time":"2026-05-18T09:11:01+00:00","duration_ms":11.681,"dispatched":0,"skipped":0} 
[2026-05-18 09:12:01] production.INFO: ScheduledJobManager started {"execution_time":"2026-05-18T09:12:01+00:00"} 
[2026-05-18 09:12:01] production.INFO: ScheduledJobManager completed {"execution_time":"2026-05-18T09:12:01+00:00","duration_ms":11.831,"dispatched":0,"skipped":0} 
[2026-05-18 09:13:01] production.INFO: ScheduledJobManager started {"execution_time":"2026-05-18T09:13:01+00:00"} 
[2026-05-18 09:13:01] production.INFO: ScheduledJobManager completed {"execution_time":"2026-05-18T09:13:01+00:00","duration_ms":13.121,"dispatched":0,"skipped":0} 
[2026-05-18 09:14:01] production.INFO: ScheduledJobManager started {"execution_time":"2026-05-18T09:14:01+00:00"} 
[2026-05-18 09:14:01] production.INFO: ScheduledJobManager completed {"execution_time":"2026-05-18T09:14:01+00:00","duration_ms":11.387,"dispatched":0,"skipped":0} 
[2026-05-18 09:15:01] production.INFO: ScheduledJobManager started {"execution_time":"2026-05-18T09:15:01+00:00"} 
[2026-05-18 09:15:01] production.INFO: ScheduledJobManager completed {"execution_time":"2026-05-18T09:15:01+00:00","duration_ms":10.957,"dispatched":0,"skipped":0} 
[2026-05-18 09:16:01] production.INFO: ScheduledJobManager started {"execution_time":"2026-05-18T09:16:01+00:00"} 
[2026-05-18 09:16:01] production.INFO: ScheduledJobManager completed {"execution_time":"2026-05-18T09:16:01+00:00","duration_ms":18.534,"dispatched":0,"skipped":0} 
[2026-05-18 09:17:01] production.INFO: ScheduledJobManager started {"execution_time":"2026-05-18T09:17:01+00:00"} 
[2026-05-18 09:17:01] production.INFO: ScheduledJobManager completed {"execution_time":"2026-05-18T09:17:01+00:00","duration_ms":10.932,"dispatched":0,"skipped":0} 
[2026-05-18 09:18:01] production.INFO: ScheduledJobManager started {"execution_time":"2026-05-18T09:18:01+00:00"} 
[2026-05-18 09:18:01] production.INFO: ScheduledJobManager completed {"execution_time":"2026-05-18T09:18:01+00:00","duration_ms":11.31,"dispatched":0,"skipped":0} 
[2026-05-18 09:19:01] production.INFO: ScheduledJobManager started {"execution_time":"2026-05-18T09:19:01+00:00"} 
[2026-05-18 09:19:01] production.INFO: ScheduledJobManager completed {"execution_time":"2026-05-18T09:19:01+00:00","duration_ms":13.591,"dispatched":0,"skipped":0} 
[2026-05-18 09:20:01] production.INFO: ScheduledJobManager started {"execution_time":"2026-05-18T09:20:01+00:00"} 
[2026-05-18 09:20:01] production.INFO: ScheduledJobManager completed {"execution_time":"2026-05-18T09:20:01+00:00","duration_ms":11.124,"dispatched":0,"skipped":0} 
[2026-05-18 09:21:01] production.INFO: ScheduledJobManager started {"execution_time":"2026-05-18T09:21:01+00:00"} 
[2026-05-18 09:21:01] production.INFO: ScheduledJobManager completed {"execution_time":"2026-05-18T09:21:01+00:00","duration_ms":10.908,"dispatched":0,"skipped":0} 
[2026-05-18 09:22:01] production.INFO: ScheduledJobManager started {"execution_time":"2026-05-18T09:22:01+00:00"} 
[2026-05-18 09:22:01] production.INFO: ScheduledJobManager completed {"execution_time":"2026-05-18T09:22:01+00:00","duration_ms":15.163,"dispatched":0,"skipped":0} 
[2026-05-18 09:23:00] production.INFO: ScheduledJobManager started {"execution_time":"2026-05-18T09:23:00+00:00"} 
[2026-05-18 09:23:00] production.INFO: ScheduledJobManager completed {"execution_time":"2026-05-18T09:23:00+00:00","duration_ms":10.974,"dispatched":0,"skipped":0} 
[2026-05-18 09:24:01] production.INFO: ScheduledJobManager started {"execution_time":"2026-05-18T09:24:01+00:00"} 
[2026-05-18 09:24:01] production.INFO: ScheduledJobManager completed {"execution_time":"2026-05-18T09:24:01+00:00","duration_ms":6.997,"dispatched":0,"skipped":0} 
[2026-05-18 09:25:01] production.INFO: ScheduledJobManager started {"execution_time":"2026-05-18T09:25:01+00:00"} 
[2026-05-18 09:25:01] production.INFO: ScheduledJobManager completed {"execution_time":"2026-05-18T09:25:01+00:00","duration_ms":12.626,"dispatched":0,"skipped":0} 
[2026-05-18 09:26:01] production.INFO: ScheduledJobManager started {"execution_time":"2026-05-18T09:26:01+00:00"} 
[2026-05-18 09:26:01] production.INFO: ScheduledJobManager completed {"execution_time":"2026-05-18T09:26:01+00:00","duration_ms":11.251,"dispatched":0,"skipped":0} 
[2026-05-18 09:27:01] production.INFO: ScheduledJobManager started {"execution_time":"2026-05-18T09:27:01+00:00"} 
[2026-05-18 09:27:01] production.INFO: ScheduledJobManager completed {"execution_time":"2026-05-18T09:27:01+00:00","duration_ms":11.126,"dispatched":0,"skipped":0} 
[2026-05-18 09:28:01] production.INFO: ScheduledJobManager started {"execution_time":"2026-05-18T09:28:01+00:00"} 
[2026-05-18 09:28:01] production.INFO: ScheduledJobManager completed {"execution_time":"2026-05-18T09:28:01+00:00","duration_ms":12.368,"dispatched":0,"skipped":0} 
[2026-05-18 09:29:01] production.INFO: ScheduledJobManager started {"execution_time":"2026-05-18T09:29:01+00:00"} 
[2026-05-18 09:29:01] production.INFO: ScheduledJobManager completed {"execution_time":"2026-05-18T09:29:01+00:00","duration_ms":10.916,"dispatched":0,"skipped":0} 
[2026-05-18 09:30:01] production.INFO: ScheduledJobManager started {"execution_time":"2026-05-18T09:30:01+00:00"} 
[2026-05-18 09:30:01] production.INFO: ScheduledJobManager completed {"execution_time":"2026-05-18T09:30:01+00:00","duration_ms":4.966,"dispatched":0,"skipped":0} 
[2026-05-18 09:31:01] production.INFO: ScheduledJobManager started {"execution_time":"2026-05-18T09:31:01+00:00"} 
[2026-05-18 09:31:01] production.INFO: ScheduledJobManager completed {"execution_time":"2026-05-18T09:31:01+00:00","duration_ms":11.038,"dispatched":0,"skipped":0} 
[2026-05-18 09:32:01] production.INFO: ScheduledJobManager started {"execution_time":"2026-05-18T09:32:01+00:00"} 
[2026-05-18 09:32:01] production.INFO: ScheduledJobManager completed {"execution_time":"2026-05-18T09:32:01+00:00","duration_ms":11.665,"dispatched":0,"skipped":0} 
[2026-05-18 09:33:01] production.INFO: ScheduledJobManager started {"execution_time":"2026-05-18T09:33:01+00:00"} 
[2026-05-18 09:33:01] production.INFO: ScheduledJobManager completed {"execution_time":"2026-05-18T09:33:01+00:00","duration_ms":10.882,"dispatched":0,"skipped":0} 
[2026-05-18 09:34:01] production.INFO: ScheduledJobManager started {"execution_time":"2026-05-18T09:34:01+00:00"} 
[2026-05-18 09:34:01] production.INFO: ScheduledJobManager completed {"execution_time":"2026-05-18T09:34:01+00:00","duration_ms":12.626,"dispatched":0,"skipped":0} 
[2026-05-18 09:35:01] production.INFO: ScheduledJobManager started {"execution_time":"2026-05-18T09:35:01+00:00"} 
[2026-05-18 09:35:01] production.INFO: ScheduledJobManager completed {"execution_time":"2026-05-18T09:35:01+00:00","duration_ms":14.67,"dispatched":0,"skipped":0} 
[2026-05-18 09:36:01] production.INFO: ScheduledJobManager started {"execution_time":"2026-05-18T09:36:01+00:00"} 
[2026-05-18 09:36:01] production.INFO: ScheduledJobManager completed {"execution_time":"2026-05-18T09:36:01+00:00","duration_ms":13.343,"dispatched":0,"skipped":0} 
[2026-05-18 09:37:01] production.INFO: ScheduledJobManager started {"execution_time":"2026-05-18T09:37:01+00:00"} 
[2026-05-18 09:37:01] production.INFO: ScheduledJobManager completed {"execution_time":"2026-05-18T09:37:01+00:00","duration_ms":11.319,"dispatched":0,"skipped":0} 
[2026-05-18 09:38:01] production.INFO: ScheduledJobManager started {"execution_time":"2026-05-18T09:38:01+00:00"} 
[2026-05-18 09:38:01] production.INFO: ScheduledJobManager completed {"execution_time":"2026-05-18T09:38:01+00:00","duration_ms":10.943,"dispatched":0,"skipped":0} 
[2026-05-18 09:39:01] production.INFO: ScheduledJobManager started {"execution_time":"2026-05-18T09:39:01+00:00"} 
[2026-05-18 09:39:01] production.INFO: ScheduledJobManager completed {"execution_time":"2026-05-18T09:39:01+00:00","duration_ms":14.011,"dispatched":0,"skipped":0} 
[2026-05-18 09:40:01] production.INFO: ScheduledJobManager started {"execution_time":"2026-05-18T09:40:01+00:00"} 
[2026-05-18 09:40:01] production.INFO: ScheduledJobManager completed {"execution_time":"2026-05-18T09:40:01+00:00","duration_ms":11.596,"dispatched":0,"skipped":0} 
[2026-05-18 09:41:01] production.INFO: ScheduledJobManager started {"execution_time":"2026-05-18T09:41:01+00:00"} 
[2026-05-18 09:41:01] production.INFO: ScheduledJobManager completed {"execution_time":"2026-05-18T09:41:01+00:00","duration_ms":11.18,"dispatched":0,"skipped":0} 
[2026-05-18 09:42:01] production.INFO: ScheduledJobManager started {"execution_time":"2026-05-18T09:42:01+00:00"} 
[2026-05-18 09:42:01] production.INFO: ScheduledJobManager completed {"execution_time":"2026-05-18T09:42:01+00:00","duration_ms":6.848,"dispatched":0,"skipped":0} 
[2026-05-18 09:43:01] production.INFO: ScheduledJobManager started {"execution_time":"2026-05-18T09:43:01+00:00"} 
[2026-05-18 09:43:01] production.INFO: ScheduledJobManager completed {"execution_time":"2026-05-18T09:43:01+00:00","duration_ms":11.409,"dispatched":0,"skipped":0} 
[2026-05-18 09:44:01] production.INFO: ScheduledJobManager started {"execution_time":"2026-05-18T09:44:01+00:00"} 
[2026-05-18 09:44:01] production.INFO: ScheduledJobManager completed {"execution_time":"2026-05-18T09:44:01+00:00","duration_ms":5.343,"dispatched":0,"skipped":0} 
[2026-05-18 09:45:01] production.INFO: ScheduledJobManager started {"execution_time":"2026-05-18T09:45:01+00:00"} 
[2026-05-18 09:45:01] production.INFO: ScheduledJobManager completed {"execution_time":"2026-05-18T09:45:01+00:00","duration_ms":12.098,"dispatched":0,"skipped":0} 
[2026-05-18 09:46:01] production.INFO: ScheduledJobManager started {"execution_time":"2026-05-18T09:46:01+00:00"} 
[2026-05-18 09:46:01] production.INFO: ScheduledJobManager completed {"execution_time":"2026-05-18T09:46:01+00:00","duration_ms":11.234,"dispatched":0,"skipped":0} 
[2026-05-18 09:47:01] production.INFO: ScheduledJobManager started {"execution_time":"2026-05-18T09:47:01+00:00"} 
[2026-05-18 09:47:01] production.INFO: ScheduledJobManager completed {"execution_time":"2026-05-18T09:47:01+00:00","duration_ms":11.426,"dispatched":0,"skipped":0} 
[2026-05-18 09:48:01] production.INFO: ScheduledJobManager started {"execution_time":"2026-05-18T09:48:01+00:00"} 
[2026-05-18 09:48:01] production.INFO: ScheduledJobManager completed {"execution_time":"2026-05-18T09:48:01+00:00","duration_ms":11.626,"dispatched":0,"skipped":0} 
[2026-05-18 09:49:01] production.INFO: ScheduledJobManager started {"execution_time":"2026-05-18T09:49:01+00:00"} 
[2026-05-18 09:49:01] production.INFO: ScheduledJobManager completed {"execution_time":"2026-05-18T09:49:01+00:00","duration_ms":11.476,"dispatched":0,"skipped":0} 
[2026-05-18 09:50:01] production.INFO: ScheduledJobManager started {"execution_time":"2026-05-18T09:50:01+00:00"} 
[2026-05-18 09:50:01] production.INFO: ScheduledJobManager completed {"execution_time":"2026-05-18T09:50:01+00:00","duration_ms":13.427,"dispatched":0,"skipped":0} 
[2026-05-18 09:51:01] production.INFO: ScheduledJobManager started {"execution_time":"2026-05-18T09:51:01+00:00"} 
[2026-05-18 09:51:01] production.INFO: ScheduledJobManager completed {"execution_time":"2026-05-18T09:51:01+00:00","duration_ms":10.902,"dispatched":0,"skipped":0} 
[2026-05-18 09:52:01] production.INFO: ScheduledJobManager started {"execution_time":"2026-05-18T09:52:01+00:00"} 
[2026-05-18 09:52:01] production.INFO: ScheduledJobManager completed {"execution_time":"2026-05-18T09:52:01+00:00","duration_ms":10.939,"dispatched":0,"skipped":0} 
[2026-05-18 09:53:01] production.INFO: ScheduledJobManager started {"execution_time":"2026-05-18T09:53:01+00:00"} 
[2026-05-18 09:53:01] production.INFO: ScheduledJobManager completed {"execution_time":"2026-05-18T09:53:01+00:00","duration_ms":13.195,"dispatched":0,"skipped":0} 
[2026-05-18 09:54:01] production.INFO: ScheduledJobManager started {"execution_time":"2026-05-18T09:54:01+00:00"} 
[2026-05-18 09:54:01] production.INFO: ScheduledJobManager completed {"execution_time":"2026-05-18T09:54:01+00:00","duration_ms":11.131,"dispatched":0,"skipped":0} 
[2026-05-18 09:55:01] production.INFO: ScheduledJobManager started {"execution_time":"2026-05-18T09:55:01+00:00"} 
[2026-05-18 09:55:01] production.INFO: ScheduledJobManager completed {"execution_time":"2026-05-18T09:55:01+00:00","duration_ms":3.747,"dispatched":0,"skipped":0} 
[2026-05-18 09:56:01] production.INFO: ScheduledJobManager started {"execution_time":"2026-05-18T09:56:01+00:00"} 
[2026-05-18 09:56:01] production.INFO: ScheduledJobManager completed {"execution_time":"2026-05-18T09:56:01+00:00","duration_ms":13.071,"dispatched":0,"skipped":0} 
[2026-05-18 09:57:01] production.INFO: ScheduledJobManager started {"execution_time":"2026-05-18T09:57:01+00:00"} 
[2026-05-18 09:57:01] production.INFO: ScheduledJobManager completed {"execution_time":"2026-05-18T09:57:01+00:00","duration_ms":11.028,"dispatched":0,"skipped":0} 
[2026-05-18 09:58:01] production.INFO: ScheduledJobManager started {"execution_time":"2026-05-18T09:58:01+00:00"} 
[2026-05-18 09:58:01] production.INFO: ScheduledJobManager completed {"execution_time":"2026-05-18T09:58:01+00:00","duration_ms":11.207,"dispatched":0,"skipped":0} 
[2026-05-18 09:59:01] production.INFO: ScheduledJobManager started {"execution_time":"2026-05-18T09:59:01+00:00"} 
[2026-05-18 09:59:01] production.INFO: ScheduledJobManager completed {"execution_time":"2026-05-18T09:59:01+00:00","duration_ms":13.437,"dispatched":0,"skipped":0} 
[2026-05-18 10:00:02] production.INFO: ScheduledJobManager started {"execution_time":"2026-05-18T10:00:02+00:00"} 
[2026-05-18 10:00:02] production.INFO: ScheduledJobManager completed {"execution_time":"2026-05-18T10:00:02+00:00","duration_ms":5.089,"dispatched":0,"skipped":0} 
[2026-05-18 10:01:01] production.INFO: ScheduledJobManager started {"execution_time":"2026-05-18T10:01:01+00:00"} 
[2026-05-18 10:01:01] production.INFO: ScheduledJobManager completed {"execution_time":"2026-05-18T10:01:01+00:00","duration_ms":11.358,"dispatched":0,"skipped":0} 
[2026-05-18 10:02:01] production.INFO: ScheduledJobManager started {"execution_time":"2026-05-18T10:02:01+00:00"} 
[2026-05-18 10:02:01] production.INFO: ScheduledJobManager completed {"execution_time":"2026-05-18T10:02:01+00:00","duration_ms":10.934,"dispatched":0,"skipped":0} 
[2026-05-18 10:03:01] production.INFO: ScheduledJobManager started {"execution_time":"2026-05-18T10:03:01+00:00"} 
[2026-05-18 10:03:01] production.INFO: ScheduledJobManager completed {"execution_time":"2026-05-18T10:03:01+00:00","duration_ms":11.142,"dispatched":0,"skipped":0} 
[2026-05-18 10:04:01] production.INFO: ScheduledJobManager started {"execution_time":"2026-05-18T10:04:01+00:00"} 
[2026-05-18 10:04:01] production.INFO: ScheduledJobManager completed {"execution_time":"2026-05-18T10:04:01+00:00","duration_ms":10.844,"dispatched":0,"skipped":0} 
[2026-05-18 10:05:01] production.INFO: ScheduledJobManager started {"execution_time":"2026-05-18T10:05:01+00:00"} 
[2026-05-18 10:05:01] production.INFO: ScheduledJobManager completed {"execution_time":"2026-05-18T10:05:01+00:00","duration_ms":11.527,"dispatched":0,"skipped":0} 
[2026-05-18 10:06:01] production.INFO: ScheduledJobManager started {"execution_time":"2026-05-18T10:06:01+00:00"} 
[2026-05-18 10:06:01] production.INFO: ScheduledJobManager completed {"execution_time":"2026-05-18T10:06:01+00:00","duration_ms":11.108,"dispatched":0,"skipped":0} 
[2026-05-18 10:07:01] production.INFO: ScheduledJobManager started {"execution_time":"2026-05-18T10:07:01+00:00"} 
[2026-05-18 10:07:01] production.INFO: ScheduledJobManager completed {"execution_time":"2026-05-18T10:07:01+00:00","duration_ms":11.091,"dispatched":0,"skipped":0} 
[2026-05-18 10:08:01] production.INFO: ScheduledJobManager started {"execution_time":"2026-05-18T10:08:01+00:00"} 
[2026-05-18 10:08:01] production.INFO: ScheduledJobManager completed {"execution_time":"2026-05-18T10:08:01+00:00","duration_ms":11.424,"dispatched":0,"skipped":0} 
[2026-05-18 10:09:01] production.INFO: ScheduledJobManager started {"execution_time":"2026-05-18T10:09:01+00:00"} 
[2026-05-18 10:09:01] production.INFO: ScheduledJobManager completed {"execution_time":"2026-05-18T10:09:01+00:00","duration_ms":11.004,"dispatched":0,"skipped":0} 
[2026-05-18 10:10:01] production.INFO: ScheduledJobManager started {"execution_time":"2026-05-18T10:10:01+00:00"} 
[2026-05-18 10:10:01] production.INFO: ScheduledJobManager completed {"execution_time":"2026-05-18T10:10:01+00:00","duration_ms":11.237,"dispatched":0,"skipped":0} 
[2026-05-18 10:11:00] production.INFO: ScheduledJobManager started {"execution_time":"2026-05-18T10:11:00+00:00"} 
[2026-05-18 10:11:00] production.INFO: ScheduledJobManager completed {"execution_time":"2026-05-18T10:11:00+00:00","duration_ms":11.124,"dispatched":0,"skipped":0} 
[2026-05-18 10:12:01] production.INFO: ScheduledJobManager started {"execution_time":"2026-05-18T10:12:01+00:00"} 
[2026-05-18 10:12:01] production.INFO: ScheduledJobManager completed {"execution_time":"2026-05-18T10:12:01+00:00","duration_ms":11.04,"dispatched":0,"skipped":0} 
[2026-05-18 10:13:01] production.INFO: ScheduledJobManager started {"execution_time":"2026-05-18T10:13:01+00:00"} 
[2026-05-18 10:13:01] production.INFO: ScheduledJobManager completed {"execution_time":"2026-05-18T10:13:01+00:00","duration_ms":10.909,"dispatched":0,"skipped":0} 
[2026-05-18 10:14:01] production.INFO: ScheduledJobManager started {"execution_time":"2026-05-18T10:14:01+00:00"} 
[2026-05-18 10:14:01] production.INFO: ScheduledJobManager completed {"execution_time":"2026-05-18T10:14:01+00:00","duration_ms":5.667,"dispatched":0,"skipped":0} 
[2026-05-18 10:15:01] production.INFO: ScheduledJobManager started {"execution_time":"2026-05-18T10:15:01+00:00"} 
[2026-05-18 10:15:01] production.INFO: ScheduledJobManager completed {"execution_time":"2026-05-18T10:15:01+00:00","duration_ms":11.213,"dispatched":0,"skipped":0} 
[2026-05-18 10:16:01] production.INFO: ScheduledJobManager started {"execution_time":"2026-05-18T10:16:01+00:00"} 
[2026-05-18 10:16:01] production.INFO: ScheduledJobManager completed {"execution_time":"2026-05-18T10:16:01+00:00","duration_ms":11.733,"dispatched":0,"skipped":0} 
[2026-05-18 10:17:01] production.INFO: ScheduledJobManager started {"execution_time":"2026-05-18T10:17:01+00:00"} 
[2026-05-18 10:17:01] production.INFO: ScheduledJobManager completed {"execution_time":"2026-05-18T10:17:01+00:00","duration_ms":10.947,"dispatched":0,"skipped":0} 
[2026-05-18 10:18:01] production.INFO: ScheduledJobManager started {"execution_time":"2026-05-18T10:18:01+00:00"} 
[2026-05-18 10:18:01] production.INFO: ScheduledJobManager completed {"execution_time":"2026-05-18T10:18:01+00:00","duration_ms":11.078,"dispatched":0,"skipped":0} 
[2026-05-18 10:19:01] production.INFO: ScheduledJobManager started {"execution_time":"2026-05-18T10:19:01+00:00"} 
[2026-05-18 10:19:01] production.INFO: ScheduledJobManager completed {"execution_time":"2026-05-18T10:19:01+00:00","duration_ms":10.967,"dispatched":0,"skipped":0} 
[2026-05-18 10:20:01] production.INFO: ScheduledJobManager started {"execution_time":"2026-05-18T10:20:01+00:00"} 
[2026-05-18 10:20:01] production.INFO: ScheduledJobManager completed {"execution_time":"2026-05-18T10:20:01+00:00","duration_ms":7.288,"dispatched":0,"skipped":0} 
[2026-05-18 10:21:01] production.INFO: ScheduledJobManager started {"execution_time":"2026-05-18T10:21:01+00:00"} 
[2026-05-18 10:21:01] production.INFO: ScheduledJobManager completed {"execution_time":"2026-05-18T10:21:01+00:00","duration_ms":11.177,"dispatched":0,"skipped":0} 
[2026-05-18 10:22:01] production.INFO: ScheduledJobManager started {"execution_time":"2026-05-18T10:22:01+00:00"} 
[2026-05-18 10:22:01] production.INFO: ScheduledJobManager completed {"execution_time":"2026-05-18T10:22:01+00:00","duration_ms":11.139,"dispatched":0,"skipped":0} 
[2026-05-18 10:23:01] production.INFO: ScheduledJobManager started {"execution_time":"2026-05-18T10:23:01+00:00"} 
[2026-05-18 10:23:01] production.INFO: ScheduledJobManager completed {"execution_time":"2026-05-18T10:23:01+00:00","duration_ms":11.43,"dispatched":0,"skipped":0} 
[2026-05-18 10:24:01] production.INFO: ScheduledJobManager started {"execution_time":"2026-05-18T10:24:01+00:00"} 
[2026-05-18 10:24:01] production.INFO: ScheduledJobManager completed {"execution_time":"2026-05-18T10:24:01+00:00","duration_ms":10.994,"dispatched":0,"skipped":0} 
[2026-05-18 10:25:01] production.INFO: ScheduledJobManager started {"execution_time":"2026-05-18T10:25:01+00:00"} 
[2026-05-18 10:25:01] production.INFO: ScheduledJobManager completed {"execution_time":"2026-05-18T10:25:01+00:00","duration_ms":11.084,"dispatched":0,"skipped":0} 
[2026-05-18 10:26:01] production.INFO: ScheduledJobManager started {"execution_time":"2026-05-18T10:26:01+00:00"} 
[2026-05-18 10:26:01] production.INFO: ScheduledJobManager completed {"execution_time":"2026-05-18T10:26:01+00:00","duration_ms":10.973,"dispatched":0,"skipped":0} 
[2026-05-18 10:27:00] production.INFO: ScheduledJobManager started {"execution_time":"2026-05-18T10:27:00+00:00"} 
[2026-05-18 10:27:00] production.INFO: ScheduledJobManager completed {"execution_time":"2026-05-18T10:27:00+00:00","duration_ms":11.613,"dispatched":0,"skipped":0} 
[2026-05-18 10:28:01] production.INFO: ScheduledJobManager started {"execution_time":"2026-05-18T10:28:01+00:00"} 
[2026-05-18 10:28:01] production.INFO: ScheduledJobManager completed {"execution_time":"2026-05-18T10:28:01+00:00","duration_ms":5.441,"dispatched":0,"skipped":0} 
[2026-05-18 10:29:01] production.INFO: ScheduledJobManager started {"execution_time":"2026-05-18T10:29:01+00:00"} 
[2026-05-18 10:29:01] production.INFO: ScheduledJobManager completed {"execution_time":"2026-05-18T10:29:01+00:00","duration_ms":11.187,"dispatched":0,"skipped":0} 
[2026-05-18 10:30:01] production.INFO: ScheduledJobManager started {"execution_time":"2026-05-18T10:30:01+00:00"} 
[2026-05-18 10:30:01] production.INFO: ScheduledJobManager completed {"execution_time":"2026-05-18T10:30:01+00:00","duration_ms":10.12,"dispatched":0,"skipped":0} 
[2026-05-18 10:31:01] production.INFO: ScheduledJobManager started {"execution_time":"2026-05-18T10:31:01+00:00"} 
[2026-05-18 10:31:01] production.INFO: ScheduledJobManager completed {"execution_time":"2026-05-18T10:31:01+00:00","duration_ms":10.952,"dispatched":0,"skipped":0} 
[2026-05-18 10:32:01] production.INFO: ScheduledJobManager started {"execution_time":"2026-05-18T10:32:01+00:00"} 
[2026-05-18 10:32:01] production.INFO: ScheduledJobManager completed {"execution_time":"2026-05-18T10:32:01+00:00","duration_ms":11.087,"dispatched":0,"skipped":0} 
[2026-05-18 10:33:01] production.INFO: ScheduledJobManager started {"execution_time":"2026-05-18T10:33:01+00:00"} 
[2026-05-18 10:33:01] production.INFO: ScheduledJobManager completed {"execution_time":"2026-05-18T10:33:01+00:00","duration_ms":10.946,"dispatched":0,"skipped":0} 
[2026-05-18 10:34:01] production.INFO: ScheduledJobManager started {"execution_time":"2026-05-18T10:34:01+00:00"} 
[2026-05-18 10:34:01] production.INFO: ScheduledJobManager completed {"execution_time":"2026-05-18T10:34:01+00:00","duration_ms":10.933,"dispatched":0,"skipped":0} 
[2026-05-18 10:35:01] production.INFO: ScheduledJobManager started {"execution_time":"2026-05-18T10:35:01+00:00"} 
[2026-05-18 10:35:01] production.INFO: ScheduledJobManager completed {"execution_time":"2026-05-18T10:35:01+00:00","duration_ms":11.12,"dispatched":0,"skipped":0} 
[2026-05-18 10:36:01] production.INFO: ScheduledJobManager started {"execution_time":"2026-05-18T10:36:01+00:00"} 
[2026-05-18 10:36:01] production.INFO: ScheduledJobManager completed {"execution_time":"2026-05-18T10:36:01+00:00","duration_ms":11.068,"dispatched":0,"skipped":0} 
[2026-05-18 10:37:01] production.INFO: ScheduledJobManager started {"execution_time":"2026-05-18T10:37:01+00:00"} 
[2026-05-18 10:37:01] production.INFO: ScheduledJobManager completed {"execution_time":"2026-05-18T10:37:01+00:00","duration_ms":11.143,"dispatched":0,"skipped":0} 
[2026-05-18 10:38:01] production.INFO: ScheduledJobManager started {"execution_time":"2026-05-18T10:38:01+00:00"} 
[2026-05-18 10:38:01] production.INFO: ScheduledJobManager completed {"execution_time":"2026-05-18T10:38:01+00:00","duration_ms":10.784,"dispatched":0,"skipped":0} 
[2026-05-18 10:39:01] production.INFO: ScheduledJobManager started {"execution_time":"2026-05-18T10:39:01+00:00"} 
[2026-05-18 10:39:01] production.INFO: ScheduledJobManager completed {"execution_time":"2026-05-18T10:39:01+00:00","duration_ms":10.911,"dispatched":0,"skipped":0} 
[2026-05-18 10:40:01] production.INFO: ScheduledJobManager started {"execution_time":"2026-05-18T10:40:01+00:00"} 
[2026-05-18 10:40:01] production.INFO: ScheduledJobManager completed {"execution_time":"2026-05-18T10:40:01+00:00","duration_ms":11.111,"dispatched":0,"skipped":0} 
[2026-05-18 10:41:01] production.INFO: ScheduledJobManager started {"execution_time":"2026-05-18T10:41:01+00:00"} 
[2026-05-18 10:41:01] production.INFO: ScheduledJobManager completed {"execution_time":"2026-05-18T10:41:01+00:00","duration_ms":11.21,"dispatched":0,"skipped":0} 
[2026-05-18 10:42:01] production.INFO: ScheduledJobManager started {"execution_time":"2026-05-18T10:42:01+00:00"} 
[2026-05-18 10:42:01] production.INFO: ScheduledJobManager completed {"execution_time":"2026-05-18T10:42:01+00:00","duration_ms":10.866,"dispatched":0,"skipped":0} 
[2026-05-18 10:43:00] production.INFO: ScheduledJobManager started {"execution_time":"2026-05-18T10:43:00+00:00"} 
[2026-05-18 10:43:00] production.INFO: ScheduledJobManager completed {"execution_time":"2026-05-18T10:43:00+00:00","duration_ms":11.035,"dispatched":0,"skipped":0} 
[2026-05-18 10:44:01] production.INFO: ScheduledJobManager started {"execution_time":"2026-05-18T10:44:01+00:00"} 
[2026-05-18 10:44:01] production.INFO: ScheduledJobManager completed {"execution_time":"2026-05-18T10:44:01+00:00","duration_ms":11.197,"dispatched":0,"skipped":0} 
[2026-05-18 10:45:01] production.INFO: ScheduledJobManager started {"execution_time":"2026-05-18T10:45:01+00:00"} 
[2026-05-18 10:45:01] production.INFO: ScheduledJobManager completed {"execution_time":"2026-05-18T10:45:01+00:00","duration_ms":3.71,"dispatched":0,"skipped":0} 
[2026-05-18 10:46:01] production.INFO: ScheduledJobManager started {"execution_time":"2026-05-18T10:46:01+00:00"} 
[2026-05-18 10:46:01] production.INFO: ScheduledJobManager completed {"execution_time":"2026-05-18T10:46:01+00:00","duration_ms":11.144,"dispatched":0,"skipped":0} 
[2026-05-18 10:47:01] production.INFO: ScheduledJobManager started {"execution_time":"2026-05-18T10:47:01+00:00"} 
[2026-05-18 10:47:01] production.INFO: ScheduledJobManager completed {"execution_time":"2026-05-18T10:47:01+00:00","duration_ms":11.001,"dispatched":0,"skipped":0} 
[2026-05-18 10:48:01] production.INFO: ScheduledJobManager started {"execution_time":"2026-05-18T10:48:01+00:00"} 
[2026-05-18 10:48:01] production.INFO: ScheduledJobManager completed {"execution_time":"2026-05-18T10:48:01+00:00","duration_ms":11.087,"dispatched":0,"skipped":0} 
[2026-05-18 10:49:01] production.INFO: ScheduledJobManager started {"execution_time":"2026-05-18T10:49:01+00:00"} 
[2026-05-18 10:49:01] production.INFO: ScheduledJobManager completed {"execution_time":"2026-05-18T10:49:01+00:00","duration_ms":11.057,"dispatched":0,"skipped":0} 
[2026-05-18 10:50:01] production.INFO: ScheduledJobManager started {"execution_time":"2026-05-18T10:50:01+00:00"} 
[2026-05-18 10:50:01] production.INFO: ScheduledJobManager completed {"execution_time":"2026-05-18T10:50:01+00:00","duration_ms":53.03,"dispatched":0,"skipped":0} 
[2026-05-18 10:51:01] production.INFO: ScheduledJobManager started {"execution_time":"2026-05-18T10:51:01+00:00"} 
[2026-05-18 10:51:01] production.INFO: ScheduledJobManager completed {"execution_time":"2026-05-18T10:51:01+00:00","duration_ms":10.837,"dispatched":0,"skipped":0} 
[2026-05-18 10:52:01] production.INFO: ScheduledJobManager started {"execution_time":"2026-05-18T10:52:01+00:00"} 
[2026-05-18 10:52:01] production.INFO: ScheduledJobManager completed {"execution_time":"2026-05-18T10:52:01+00:00","duration_ms":11.001,"dispatched":0,"skipped":0} 
[2026-05-18 10:53:01] production.INFO: ScheduledJobManager started {"execution_time":"2026-05-18T10:53:01+00:00"} 
[2026-05-18 10:53:01] production.INFO: ScheduledJobManager completed {"execution_time":"2026-05-18T10:53:01+00:00","duration_ms":11.207,"dispatched":0,"skipped":0} 
[2026-05-18 10:54:01] production.INFO: ScheduledJobManager started {"execution_time":"2026-05-18T10:54:01+00:00"} 
[2026-05-18 10:54:01] production.INFO: ScheduledJobManager completed {"execution_time":"2026-05-18T10:54:01+00:00","duration_ms":11.059,"dispatched":0,"skipped":0} 
[2026-05-18 10:55:01] production.INFO: ScheduledJobManager started {"execution_time":"2026-05-18T10:55:01+00:00"} 
[2026-05-18 10:55:01] production.INFO: ScheduledJobManager completed {"execution_time":"2026-05-18T10:55:01+00:00","duration_ms":11.032,"dispatched":0,"skipped":0} 
[2026-05-18 10:56:01] production.INFO: ScheduledJobManager started {"execution_time":"2026-05-18T10:56:01+00:00"} 
[2026-05-18 10:56:01] production.INFO: ScheduledJobManager completed {"execution_time":"2026-05-18T10:56:01+00:00","duration_ms":10.962,"dispatched":0,"skipped":0} 
[2026-05-18 10:57:01] production.INFO: ScheduledJobManager started {"execution_time":"2026-05-18T10:57:01+00:00"} 
[2026-05-18 10:57:01] production.INFO: ScheduledJobManager completed {"execution_time":"2026-05-18T10:57:01+00:00","duration_ms":11.258,"dispatched":0,"skipped":0} 
[2026-05-18 10:58:01] production.INFO: ScheduledJobManager started {"execution_time":"2026-05-18T10:58:01+00:00"} 
[2026-05-18 10:58:01] production.INFO: ScheduledJobManager completed {"execution_time":"2026-05-18T10:58:01+00:00","duration_ms":14.933,"dispatched":0,"skipped":0} 
[2026-05-18 10:59:01] production.INFO: ScheduledJobManager started {"execution_time":"2026-05-18T10:59:01+00:00"} 
[2026-05-18 10:59:01] production.INFO: ScheduledJobManager completed {"execution_time":"2026-05-18T10:59:01+00:00","duration_ms":11.599,"dispatched":0,"skipped":0} 
[2026-05-18 11:00:02] production.INFO: ScheduledJobManager started {"execution_time":"2026-05-18T11:00:02+00:00"} 
[2026-05-18 11:00:02] production.INFO: ScheduledJobManager completed {"execution_time":"2026-05-18T11:00:02+00:00","duration_ms":15.877,"dispatched":0,"skipped":0} 
[2026-05-18 11:01:01] production.INFO: ScheduledJobManager started {"execution_time":"2026-05-18T11:01:01+00:00"} 
[2026-05-18 11:01:01] production.INFO: ScheduledJobManager completed {"execution_time":"2026-05-18T11:01:01+00:00","duration_ms":11.37,"dispatched":0,"skipped":0} 
[2026-05-18 11:02:01] production.INFO: ScheduledJobManager started {"execution_time":"2026-05-18T11:02:01+00:00"} 
[2026-05-18 11:02:01] production.INFO: ScheduledJobManager completed {"execution_time":"2026-05-18T11:02:01+00:00","duration_ms":5.345,"dispatched":0,"skipped":0} 
[2026-05-18 11:03:01] production.INFO: ScheduledJobManager started {"execution_time":"2026-05-18T11:03:01+00:00"} 
[2026-05-18 11:03:01] production.INFO: ScheduledJobManager completed {"execution_time":"2026-05-18T11:03:01+00:00","duration_ms":11.15,"dispatched":0,"skipped":0} 
[2026-05-18 11:04:01] production.INFO: ScheduledJobManager started {"execution_time":"2026-05-18T11:04:01+00:00"} 
[2026-05-18 11:04:01] production.INFO: ScheduledJobManager completed {"execution_time":"2026-05-18T11:04:01+00:00","duration_ms":10.911,"dispatched":0,"skipped":0} 
[2026-05-18 11:05:01] production.INFO: ScheduledJobManager started {"execution_time":"2026-05-18T11:05:01+00:00"} 
[2026-05-18 11:05:01] production.INFO: ScheduledJobManager completed {"execution_time":"2026-05-18T11:05:01+00:00","duration_ms":3.755,"dispatched":0,"skipped":0} 
[2026-05-18 11:06:01] production.INFO: ScheduledJobManager started {"execution_time":"2026-05-18T11:06:01+00:00"} 
[2026-05-18 11:06:01] production.INFO: ScheduledJobManager completed {"execution_time":"2026-05-18T11:06:01+00:00","duration_ms":11.118,"dispatched":0,"skipped":0} 
[2026-05-18 11:07:01] production.INFO: ScheduledJobManager started {"execution_time":"2026-05-18T11:07:01+00:00"} 
[2026-05-18 11:07:01] production.INFO: ScheduledJobManager completed {"execution_time":"2026-05-18T11:07:01+00:00","duration_ms":11.292,"dispatched":0,"skipped":0} 
[2026-05-18 11:08:01] production.INFO: ScheduledJobManager started {"execution_time":"2026-05-18T11:08:01+00:00"} 
[2026-05-18 11:08:01] production.INFO: ScheduledJobManager completed {"execution_time":"2026-05-18T11:08:01+00:00","duration_ms":11.149,"dispatched":0,"skipped":0} 
[2026-05-18 11:09:01] production.INFO: ScheduledJobManager started {"execution_time":"2026-05-18T11:09:01+00:00"} 
[2026-05-18 11:09:01] production.INFO: ScheduledJobManager completed {"execution_time":"2026-05-18T11:09:01+00:00","duration_ms":11.282,"dispatched":0,"skipped":0} 
[2026-05-18 11:10:01] production.INFO: ScheduledJobManager started {"execution_time":"2026-05-18T11:10:01+00:00"} 
[2026-05-18 11:10:01] production.INFO: ScheduledJobManager completed {"execution_time":"2026-05-18T11:10:01+00:00","duration_ms":10.942,"dispatched":0,"skipped":0} 
[2026-05-18 11:11:01] production.INFO: ScheduledJobManager started {"execution_time":"2026-05-18T11:11:01+00:00"} 
[2026-05-18 11:11:01] production.INFO: ScheduledJobManager completed {"execution_time":"2026-05-18T11:11:01+00:00","duration_ms":11.415,"dispatched":0,"skipped":0} 
[2026-05-18 11:12:01] production.INFO: ScheduledJobManager started {"execution_time":"2026-05-18T11:12:01+00:00"} 
[2026-05-18 11:12:01] production.INFO: ScheduledJobManager completed {"execution_time":"2026-05-18T11:12:01+00:00","duration_ms":11.162,"dispatched":0,"skipped":0} 
[2026-05-18 11:13:01] production.INFO: ScheduledJobManager started {"execution_time":"2026-05-18T11:13:01+00:00"} 
[2026-05-18 11:13:01] production.INFO: ScheduledJobManager completed {"execution_time":"2026-05-18T11:13:01+00:00","duration_ms":11.309,"dispatched":0,"skipped":0} 
[2026-05-18 11:14:01] production.INFO: ScheduledJobManager started {"execution_time":"2026-05-18T11:14:01+00:00"} 
[2026-05-18 11:14:01] production.INFO: ScheduledJobManager completed {"execution_time":"2026-05-18T11:14:01+00:00","duration_ms":11.883,"dispatched":0,"skipped":0} 
[2026-05-18 11:15:01] production.INFO: ScheduledJobManager started {"execution_time":"2026-05-18T11:15:01+00:00"} 
[2026-05-18 11:15:01] production.INFO: ScheduledJobManager completed {"execution_time":"2026-05-18T11:15:01+00:00","duration_ms":3.717,"dispatched":0,"skipped":0} 
[2026-05-18 11:16:01] production.INFO: ScheduledJobManager started {"execution_time":"2026-05-18T11:16:01+00:00"} 
[2026-05-18 11:16:01] production.INFO: ScheduledJobManager completed {"execution_time":"2026-05-18T11:16:01+00:00","duration_ms":12.262,"dispatched":0,"skipped":0} 
[2026-05-18 11:17:01] production.INFO: ScheduledJobManager started {"execution_time":"2026-05-18T11:17:01+00:00"} 
[2026-05-18 11:17:01] production.INFO: ScheduledJobManager completed {"execution_time":"2026-05-18T11:17:01+00:00","duration_ms":11.277,"dispatched":0,"skipped":0} 
[2026-05-18 11:18:01] production.INFO: ScheduledJobManager started {"execution_time":"2026-05-18T11:18:01+00:00"} 
[2026-05-18 11:18:01] production.INFO: ScheduledJobManager completed {"execution_time":"2026-05-18T11:18:01+00:00","duration_ms":5.524,"dispatched":0,"skipped":0} 
[2026-05-18 11:19:01] production.INFO: ScheduledJobManager started {"execution_time":"2026-05-18T11:19:01+00:00"} 
[2026-05-18 11:19:01] production.INFO: ScheduledJobManager completed {"execution_time":"2026-05-18T11:19:01+00:00","duration_ms":15.198,"dispatched":0,"skipped":0} 
[2026-05-18 11:20:01] production.INFO: ScheduledJobManager started {"execution_time":"2026-05-18T11:20:01+00:00"} 
[2026-05-18 11:20:01] production.INFO: ScheduledJobManager completed {"execution_time":"2026-05-18T11:20:01+00:00","duration_ms":9.423,"dispatched":0,"skipped":0} 
[2026-05-18 11:21:01] production.INFO: ScheduledJobManager started {"execution_time":"2026-05-18T11:21:01+00:00"} 
[2026-05-18 11:21:01] production.INFO: ScheduledJobManager completed {"execution_time":"2026-05-18T11:21:01+00:00","duration_ms":11.131,"dispatched":0,"skipped":0} 
[2026-05-18 11:22:01] production.INFO: ScheduledJobManager started {"execution_time":"2026-05-18T11:22:01+00:00"} 
[2026-05-18 11:22:01] production.INFO: ScheduledJobManager completed {"execution_time":"2026-05-18T11:22:01+00:00","duration_ms":11.158,"dispatched":0,"skipped":0} 
[2026-05-18 11:23:01] production.INFO: ScheduledJobManager started {"execution_time":"2026-05-18T11:23:01+00:00"} 
[2026-05-18 11:23:01] production.INFO: ScheduledJobManager completed {"execution_time":"2026-05-18T11:23:01+00:00","duration_ms":11.106,"dispatched":0,"skipped":0} 
[2026-05-18 11:24:01] production.INFO: ScheduledJobManager started {"execution_time":"2026-05-18T11:24:01+00:00"} 
[2026-05-18 11:24:01] production.INFO: ScheduledJobManager completed {"execution_time":"2026-05-18T11:24:01+00:00","duration_ms":11.305,"dispatched":0,"skipped":0} 
[2026-05-18 11:25:01] production.INFO: ScheduledJobManager started {"execution_time":"2026-05-18T11:25:01+00:00"} 
[2026-05-18 11:25:01] production.INFO: ScheduledJobManager completed {"execution_time":"2026-05-18T11:25:01+00:00","duration_ms":11.052,"dispatched":0,"skipped":0} 
[2026-05-18 11:26:01] production.INFO: ScheduledJobManager started {"execution_time":"2026-05-18T11:26:01+00:00"} 
[2026-05-18 11:26:01] production.INFO: ScheduledJobManager completed {"execution_time":"2026-05-18T11:26:01+00:00","duration_ms":11.559,"dispatched":0,"skipped":0} 
[2026-05-18 11:27:01] production.INFO: ScheduledJobManager started {"execution_time":"2026-05-18T11:27:01+00:00"} 
[2026-05-18 11:27:01] production.INFO: ScheduledJobManager completed {"execution_time":"2026-05-18T11:27:01+00:00","duration_ms":15.783,"dispatched":0,"skipped":0} 
[2026-05-18 11:28:01] production.INFO: ScheduledJobManager started {"execution_time":"2026-05-18T11:28:01+00:00"} 
[2026-05-18 11:28:01] production.INFO: ScheduledJobManager completed {"execution_time":"2026-05-18T11:28:01+00:00","duration_ms":11.331,"dispatched":0,"skipped":0} 
[2026-05-18 11:29:01] production.INFO: ScheduledJobManager started {"execution_time":"2026-05-18T11:29:01+00:00"} 
[2026-05-18 11:29:01] production.INFO: ScheduledJobManager completed {"execution_time":"2026-05-18T11:29:01+00:00","duration_ms":13.845,"dispatched":0,"skipped":0} 
[2026-05-18 11:30:01] production.INFO: ScheduledJobManager started {"execution_time":"2026-05-18T11:30:01+00:00"} 
[2026-05-18 11:30:01] production.INFO: ScheduledJobManager completed {"execution_time":"2026-05-18T11:30:01+00:00","duration_ms":10.944,"dispatched":0,"skipped":0} 
[2026-05-18 11:31:01] production.INFO: ScheduledJobManager started {"execution_time":"2026-05-18T11:31:01+00:00"} 
[2026-05-18 11:31:01] production.INFO: ScheduledJobManager completed {"execution_time":"2026-05-18T11:31:01+00:00","duration_ms":11.552,"dispatched":0,"skipped":0} 
[2026-05-18 11:32:01] production.INFO: ScheduledJobManager started {"execution_time":"2026-05-18T11:32:01+00:00"} 
[2026-05-18 11:32:01] production.INFO: ScheduledJobManager completed {"execution_time":"2026-05-18T11:32:01+00:00","duration_ms":5.282,"dispatched":0,"skipped":0} 
[2026-05-18 11:33:01] production.INFO: ScheduledJobManager started {"execution_time":"2026-05-18T11:33:01+00:00"} 
[2026-05-18 11:33:01] production.INFO: ScheduledJobManager completed {"execution_time":"2026-05-18T11:33:01+00:00","duration_ms":11.208,"dispatched":0,"skipped":0} 
[2026-05-18 11:34:01] production.INFO: ScheduledJobManager started {"execution_time":"2026-05-18T11:34:01+00:00"} 
[2026-05-18 11:34:01] production.INFO: ScheduledJobManager completed {"execution_time":"2026-05-18T11:34:01+00:00","duration_ms":6.216,"dispatched":0,"skipped":0} 
[2026-05-18 11:35:01] production.INFO: ScheduledJobManager started {"execution_time":"2026-05-18T11:35:01+00:00"} 
[2026-05-18 11:35:01] production.INFO: ScheduledJobManager completed {"execution_time":"2026-05-18T11:35:01+00:00","duration_ms":11.413,"dispatched":0,"skipped":0} 
[2026-05-18 11:36:01] production.INFO: ScheduledJobManager started {"execution_time":"2026-05-18T11:36:01+00:00"} 
[2026-05-18 11:36:01] production.INFO: ScheduledJobManager completed {"execution_time":"2026-05-18T11:36:01+00:00","duration_ms":11.081,"dispatched":0,"skipped":0} 
[2026-05-18 11:37:01] production.INFO: ScheduledJobManager started {"execution_time":"2026-05-18T11:37:01+00:00"} 
[2026-05-18 11:37:01] production.INFO: ScheduledJobManager completed {"execution_time":"2026-05-18T11:37:01+00:00","duration_ms":11.071,"dispatched":0,"skipped":0} 
[2026-05-18 11:38:01] production.INFO: ScheduledJobManager started {"execution_time":"2026-05-18T11:38:01+00:00"} 
[2026-05-18 11:38:01] production.INFO: ScheduledJobManager completed {"execution_time":"2026-05-18T11:38:01+00:00","duration_ms":11.456,"dispatched":0,"skipped":0} 
[2026-05-18 11:39:01] production.INFO: ScheduledJobManager started {"execution_time":"2026-05-18T11:39:01+00:00"} 
[2026-05-18 11:39:01] production.INFO: ScheduledJobManager completed {"execution_time":"2026-05-18T11:39:01+00:00","duration_ms":11.133,"dispatched":0,"skipped":0} 
[2026-05-18 11:40:01] production.INFO: ScheduledJobManager started {"execution_time":"2026-05-18T11:40:01+00:00"} 
[2026-05-18 11:40:01] production.INFO: ScheduledJobManager completed {"execution_time":"2026-05-18T11:40:01+00:00","duration_ms":11.169,"dispatched":0,"skipped":0} 
[2026-05-18 11:41:01] production.INFO: ScheduledJobManager started {"execution_time":"2026-05-18T11:41:01+00:00"} 
[2026-05-18 11:41:01] production.INFO: ScheduledJobManager completed {"execution_time":"2026-05-18T11:41:01+00:00","duration_ms":11.11,"dispatched":0,"skipped":0} 
[2026-05-18 11:42:01] production.INFO: ScheduledJobManager started {"execution_time":"2026-05-18T11:42:01+00:00"} 
[2026-05-18 11:42:01] production.INFO: ScheduledJobManager completed {"execution_time":"2026-05-18T11:42:01+00:00","duration_ms":10.921,"dispatched":0,"skipped":0} 
[2026-05-18 11:43:01] production.INFO: ScheduledJobManager started {"execution_time":"2026-05-18T11:43:01+00:00"} 
[2026-05-18 11:43:01] production.INFO: ScheduledJobManager completed {"execution_time":"2026-05-18T11:43:01+00:00","duration_ms":11.076,"dispatched":0,"skipped":0} 
[2026-05-18 11:44:01] production.INFO: ScheduledJobManager started {"execution_time":"2026-05-18T11:44:01+00:00"} 
[2026-05-18 11:44:01] production.INFO: ScheduledJobManager completed {"execution_time":"2026-05-18T11:44:01+00:00","duration_ms":11.185,"dispatched":0,"skipped":0} 
[2026-05-18 11:45:01] production.INFO: ScheduledJobManager started {"execution_time":"2026-05-18T11:45:01+00:00"} 
[2026-05-18 11:45:01] production.INFO: ScheduledJobManager completed {"execution_time":"2026-05-18T11:45:01+00:00","duration_ms":11.474,"dispatched":0,"skipped":0} 
[2026-05-18 11:46:01] production.INFO: ScheduledJobManager started {"execution_time":"2026-05-18T11:46:01+00:00"} 
[2026-05-18 11:46:01] production.INFO: ScheduledJobManager completed {"execution_time":"2026-05-18T11:46:01+00:00","duration_ms":11.397,"dispatched":0,"skipped":0} 
[2026-05-18 11:47:01] production.INFO: ScheduledJobManager started {"execution_time":"2026-05-18T11:47:01+00:00"} 
[2026-05-18 11:47:01] production.INFO: ScheduledJobManager completed {"execution_time":"2026-05-18T11:47:01+00:00","duration_ms":11.293,"dispatched":0,"skipped":0} 
[2026-05-18 11:48:01] production.INFO: ScheduledJobManager started {"execution_time":"2026-05-18T11:48:01+00:00"} 
[2026-05-18 11:48:01] production.INFO: ScheduledJobManager completed {"execution_time":"2026-05-18T11:48:01+00:00","duration_ms":5.971,"dispatched":0,"skipped":0} 
[2026-05-18 11:49:01] production.INFO: ScheduledJobManager started {"execution_time":"2026-05-18T11:49:01+00:00"} 
[2026-05-18 11:49:01] production.INFO: ScheduledJobManager completed {"execution_time":"2026-05-18T11:49:01+00:00","duration_ms":11.695,"dispatched":0,"skipped":0} 
[2026-05-18 11:50:01] production.INFO: ScheduledJobManager started {"execution_time":"2026-05-18T11:50:01+00:00"} 
[2026-05-18 11:50:01] production.INFO: ScheduledJobManager completed {"execution_time":"2026-05-18T11:50:01+00:00","duration_ms":3.913,"dispatched":0,"skipped":0} 
[2026-05-18 11:51:01] production.INFO: ScheduledJobManager started {"execution_time":"2026-05-18T11:51:01+00:00"} 
[2026-05-18 11:51:01] production.INFO: ScheduledJobManager completed {"execution_time":"2026-05-18T11:51:01+00:00","duration_ms":11.22,"dispatched":0,"skipped":0} 
[2026-05-18 11:52:01] production.INFO: ScheduledJobManager started {"execution_time":"2026-05-18T11:52:01+00:00"} 
[2026-05-18 11:52:01] production.INFO: ScheduledJobManager completed {"execution_time":"2026-05-18T11:52:01+00:00","duration_ms":11.453,"dispatched":0,"skipped":0} 
[2026-05-18 11:53:01] production.INFO: ScheduledJobManager started {"execution_time":"2026-05-18T11:53:01+00:00"} 
[2026-05-18 11:53:01] production.INFO: ScheduledJobManager completed {"execution_time":"2026-05-18T11:53:01+00:00","duration_ms":11.204,"dispatched":0,"skipped":0} 
[2026-05-18 11:54:01] production.INFO: ScheduledJobManager started {"execution_time":"2026-05-18T11:54:01+00:00"} 
[2026-05-18 11:54:01] production.INFO: ScheduledJobManager completed {"execution_time":"2026-05-18T11:54:01+00:00","duration_ms":10.992,"dispatched":0,"skipped":0} 
[2026-05-18 11:55:01] production.INFO: ScheduledJobManager started {"execution_time":"2026-05-18T11:55:01+00:00"} 
[2026-05-18 11:55:01] production.INFO: ScheduledJobManager completed {"execution_time":"2026-05-18T11:55:01+00:00","duration_ms":11.224,"dispatched":0,"skipped":0} 
[2026-05-18 11:56:01] production.INFO: ScheduledJobManager started {"execution_time":"2026-05-18T11:56:01+00:00"} 
[2026-05-18 11:56:01] production.INFO: ScheduledJobManager completed {"execution_time":"2026-05-18T11:56:01+00:00","duration_ms":11.149,"dispatched":0,"skipped":0} 
[2026-05-18 11:57:01] production.INFO: ScheduledJobManager started {"execution_time":"2026-05-18T11:57:01+00:00"} 
[2026-05-18 11:57:01] production.INFO: ScheduledJobManager completed {"execution_time":"2026-05-18T11:57:01+00:00","duration_ms":11.318,"dispatched":0,"skipped":0} 
[2026-05-18 11:58:01] production.INFO: ScheduledJobManager started {"execution_time":"2026-05-18T11:58:01+00:00"} 
[2026-05-18 11:58:01] production.INFO: ScheduledJobManager completed {"execution_time":"2026-05-18T11:58:01+00:00","duration_ms":11.431,"dispatched":0,"skipped":0} 
[2026-05-18 11:59:01] production.INFO: ScheduledJobManager started {"execution_time":"2026-05-18T11:59:01+00:00"} 
[2026-05-18 11:59:01] production.INFO: ScheduledJobManager completed {"execution_time":"2026-05-18T11:59:01+00:00","duration_ms":11.271,"dispatched":0,"skipped":0} 
[2026-05-18 12:00:02] production.INFO: ScheduledJobManager started {"execution_time":"2026-05-18T12:00:02+00:00"} 
[2026-05-18 12:00:02] production.INFO: ScheduledJobManager completed {"execution_time":"2026-05-18T12:00:02+00:00","duration_ms":3.721,"dispatched":0,"skipped":0} 
[2026-05-18 12:01:00] production.INFO: ScheduledJobManager started {"execution_time":"2026-05-18T12:01:00+00:00"} 
[2026-05-18 12:01:00] production.INFO: ScheduledJobManager completed {"execution_time":"2026-05-18T12:01:00+00:00","duration_ms":11.156,"dispatched":0,"skipped":0} 
[2026-05-18 12:02:01] production.INFO: ScheduledJobManager started {"execution_time":"2026-05-18T12:02:01+00:00"} 
[2026-05-18 12:02:01] production.INFO: ScheduledJobManager completed {"execution_time":"2026-05-18T12:02:01+00:00","duration_ms":5.554,"dispatched":0,"skipped":0} 
[2026-05-18 12:03:01] production.INFO: ScheduledJobManager started {"execution_time":"2026-05-18T12:03:01+00:00"} 
[2026-05-18 12:03:01] production.INFO: ScheduledJobManager completed {"execution_time":"2026-05-18T12:03:01+00:00","duration_ms":11.024,"dispatched":0,"skipped":0} 
[2026-05-18 12:04:01] production.INFO: ScheduledJobManager started {"execution_time":"2026-05-18T12:04:01+00:00"} 
[2026-05-18 12:04:01] production.INFO: ScheduledJobManager completed {"execution_time":"2026-05-18T12:04:01+00:00","duration_ms":5.502,"dispatched":0,"skipped":0} 
[2026-05-18 12:05:01] production.INFO: ScheduledJobManager started {"execution_time":"2026-05-18T12:05:01+00:00"} 
[2026-05-18 12:05:01] production.INFO: ScheduledJobManager completed {"execution_time":"2026-05-18T12:05:01+00:00","duration_ms":11.236,"dispatched":0,"skipped":0} 
[2026-05-18 12:06:01] production.INFO: ScheduledJobManager started {"execution_time":"2026-05-18T12:06:01+00:00"} 
[2026-05-18 12:06:01] production.INFO: ScheduledJobManager completed {"execution_time":"2026-05-18T12:06:01+00:00","duration_ms":11.233,"dispatched":0,"skipped":0} 
[2026-05-18 12:07:01] production.INFO: ScheduledJobManager started {"execution_time":"2026-05-18T12:07:01+00:00"} 
[2026-05-18 12:07:01] production.INFO: ScheduledJobManager completed {"execution_time":"2026-05-18T12:07:01+00:00","duration_ms":11.274,"dispatched":0,"skipped":0} 
[2026-05-18 12:08:01] production.INFO: ScheduledJobManager started {"execution_time":"2026-05-18T12:08:01+00:00"} 
[2026-05-18 12:08:01] production.INFO: ScheduledJobManager completed {"execution_time":"2026-05-18T12:08:01+00:00","duration_ms":11.023,"dispatched":0,"skipped":0} 
[2026-05-18 12:09:01] production.INFO: ScheduledJobManager started {"execution_time":"2026-05-18T12:09:01+00:00"} 
[2026-05-18 12:09:01] production.INFO: ScheduledJobManager completed {"execution_time":"2026-05-18T12:09:01+00:00","duration_ms":11.142,"dispatched":0,"skipped":0} 
[2026-05-18 12:10:01] production.INFO: ScheduledJobManager started {"execution_time":"2026-05-18T12:10:01+00:00"} 
[2026-05-18 12:10:01] production.INFO: ScheduledJobManager completed {"execution_time":"2026-05-18T12:10:01+00:00","duration_ms":8.206,"dispatched":0,"skipped":0} 
[2026-05-18 12:11:01] production.INFO: ScheduledJobManager started {"execution_time":"2026-05-18T12:11:01+00:00"} 
[2026-05-18 12:11:01] production.INFO: ScheduledJobManager completed {"execution_time":"2026-05-18T12:11:01+00:00","duration_ms":11.32,"dispatched":0,"skipped":0} 
[2026-05-18 12:12:01] production.INFO: ScheduledJobManager started {"execution_time":"2026-05-18T12:12:01+00:00"} 
[2026-05-18 12:12:01] production.INFO: ScheduledJobManager completed {"execution_time":"2026-05-18T12:12:01+00:00","duration_ms":11.018,"dispatched":0,"skipped":0} 
[2026-05-18 12:13:01] production.INFO: ScheduledJobManager started {"execution_time":"2026-05-18T12:13:01+00:00"} 
[2026-05-18 12:13:01] production.INFO: ScheduledJobManager completed {"execution_time":"2026-05-18T12:13:01+00:00","duration_ms":10.926,"dispatched":0,"skipped":0} 
[2026-05-18 12:14:01] production.INFO: ScheduledJobManager started {"execution_time":"2026-05-18T12:14:01+00:00"} 
[2026-05-18 12:14:01] production.INFO: ScheduledJobManager completed {"execution_time":"2026-05-18T12:14:01+00:00","duration_ms":11.07,"dispatched":0,"skipped":0} 
[2026-05-18 12:15:01] production.INFO: ScheduledJobManager started {"execution_time":"2026-05-18T12:15:01+00:00"} 
[2026-05-18 12:15:01] production.INFO: ScheduledJobManager completed {"execution_time":"2026-05-18T12:15:01+00:00","duration_ms":11.487,"dispatched":0,"skipped":0} 
[2026-05-18 12:16:01] production.INFO: ScheduledJobManager started {"execution_time":"2026-05-18T12:16:01+00:00"} 
[2026-05-18 12:16:01] production.INFO: ScheduledJobManager completed {"execution_time":"2026-05-18T12:16:01+00:00","duration_ms":10.943,"dispatched":0,"skipped":0} 
[2026-05-18 12:17:01] production.INFO: ScheduledJobManager started {"execution_time":"2026-05-18T12:17:01+00:00"} 
[2026-05-18 12:17:01] production.INFO: ScheduledJobManager completed {"execution_time":"2026-05-18T12:17:01+00:00","duration_ms":11.714,"dispatched":0,"skipped":0} 
[2026-05-18 12:18:01] production.INFO: ScheduledJobManager started {"execution_time":"2026-05-18T12:18:01+00:00"} 
[2026-05-18 12:18:02] production.INFO: ScheduledJobManager completed {"execution_time":"2026-05-18T12:18:01+00:00","duration_ms":11.079,"dispatched":0,"skipped":0} 
[2026-05-18 12:19:01] production.INFO: ScheduledJobManager started {"execution_time":"2026-05-18T12:19:01+00:00"} 
[2026-05-18 12:19:01] production.INFO: ScheduledJobManager completed {"execution_time":"2026-05-18T12:19:01+00:00","duration_ms":11.288,"dispatched":0,"skipped":0} 
[2026-05-18 12:20:01] production.INFO: ScheduledJobManager started {"execution_time":"2026-05-18T12:20:01+00:00"} 
[2026-05-18 12:20:01] production.INFO: ScheduledJobManager completed {"execution_time":"2026-05-18T12:20:01+00:00","duration_ms":5.26,"dispatched":0,"skipped":0} 
[2026-05-18 12:21:01] production.INFO: ScheduledJobManager started {"execution_time":"2026-05-18T12:21:01+00:00"} 
[2026-05-18 12:21:01] production.INFO: ScheduledJobManager completed {"execution_time":"2026-05-18T12:21:01+00:00","duration_ms":11.25,"dispatched":0,"skipped":0} 
[2026-05-18 12:22:01] production.INFO: ScheduledJobManager started {"execution_time":"2026-05-18T12:22:01+00:00"} 
[2026-05-18 12:22:01] production.INFO: ScheduledJobManager completed {"execution_time":"2026-05-18T12:22:01+00:00","duration_ms":11.461,"dispatched":0,"skipped":0} 
[2026-05-18 12:23:01] production.INFO: ScheduledJobManager started {"execution_time":"2026-05-18T12:23:01+00:00"} 
[2026-05-18 12:23:01] production.INFO: ScheduledJobManager completed {"execution_time":"2026-05-18T12:23:01+00:00","duration_ms":11.302,"dispatched":0,"skipped":0} 
[2026-05-18 12:24:01] production.INFO: ScheduledJobManager started {"execution_time":"2026-05-18T12:24:01+00:00"} 
[2026-05-18 12:24:01] production.INFO: ScheduledJobManager completed {"execution_time":"2026-05-18T12:24:01+00:00","duration_ms":11.516,"dispatched":0,"skipped":0} 
[2026-05-18 12:25:01] production.INFO: ScheduledJobManager started {"execution_time":"2026-05-18T12:25:01+00:00"} 
[2026-05-18 12:25:01] production.INFO: ScheduledJobManager completed {"execution_time":"2026-05-18T12:25:01+00:00","duration_ms":11.184,"dispatched":0,"skipped":0} 
[2026-05-18 12:26:01] production.INFO: ScheduledJobManager started {"execution_time":"2026-05-18T12:26:01+00:00"} 
[2026-05-18 12:26:01] production.INFO: ScheduledJobManager completed {"execution_time":"2026-05-18T12:26:01+00:00","duration_ms":11.055,"dispatched":0,"skipped":0} 
[2026-05-18 12:27:01] production.INFO: ScheduledJobManager started {"execution_time":"2026-05-18T12:27:01+00:00"} 
[2026-05-18 12:27:01] production.INFO: ScheduledJobManager completed {"execution_time":"2026-05-18T12:27:01+00:00","duration_ms":10.912,"dispatched":0,"skipped":0} 
[2026-05-18 12:28:01] production.INFO: ScheduledJobManager started {"execution_time":"2026-05-18T12:28:01+00:00"} 
[2026-05-18 12:28:01] production.INFO: ScheduledJobManager completed {"execution_time":"2026-05-18T12:28:01+00:00","duration_ms":10.926,"dispatched":0,"skipped":0} 
[2026-05-18 12:29:01] production.INFO: ScheduledJobManager started {"execution_time":"2026-05-18T12:29:01+00:00"} 
[2026-05-18 12:29:01] production.INFO: ScheduledJobManager completed {"execution_time":"2026-05-18T12:29:01+00:00","duration_ms":11.694,"dispatched":0,"skipped":0} 
[2026-05-18 12:30:01] production.INFO: ScheduledJobManager started {"execution_time":"2026-05-18T12:30:01+00:00"} 
[2026-05-18 12:30:01] production.INFO: ScheduledJobManager completed {"execution_time":"2026-05-18T12:30:01+00:00","duration_ms":5.931,"dispatched":0,"skipped":0} 
[2026-05-18 12:31:01] production.INFO: ScheduledJobManager started {"execution_time":"2026-05-18T12:31:01+00:00"} 
[2026-05-18 12:31:01] production.INFO: ScheduledJobManager completed {"execution_time":"2026-05-18T12:31:01+00:00","duration_ms":11.004,"dispatched":0,"skipped":0} 
[2026-05-18 12:32:01] production.INFO: ScheduledJobManager started {"execution_time":"2026-05-18T12:32:01+00:00"} 
[2026-05-18 12:32:01] production.INFO: ScheduledJobManager completed {"execution_time":"2026-05-18T12:32:01+00:00","duration_ms":11.072,"dispatched":0,"skipped":0} 
[2026-05-18 12:33:01] production.INFO: ScheduledJobManager started {"execution_time":"2026-05-18T12:33:01+00:00"} 
[2026-05-18 12:33:01] production.INFO: ScheduledJobManager completed {"execution_time":"2026-05-18T12:33:01+00:00","duration_ms":11.325,"dispatched":0,"skipped":0} 
[2026-05-18 12:34:01] production.INFO: ScheduledJobManager started {"execution_time":"2026-05-18T12:34:01+00:00"} 
[2026-05-18 12:34:01] production.INFO: ScheduledJobManager completed {"execution_time":"2026-05-18T12:34:01+00:00","duration_ms":10.996,"dispatched":0,"skipped":0} 
[2026-05-18 12:35:02] production.INFO: ScheduledJobManager started {"execution_time":"2026-05-18T12:35:02+00:00"} 
[2026-05-18 12:35:02] production.INFO: ScheduledJobManager completed {"execution_time":"2026-05-18T12:35:02+00:00","duration_ms":14.822,"dispatched":0,"skipped":0} 
[2026-05-18 12:36:01] production.INFO: ScheduledJobManager started {"execution_time":"2026-05-18T12:36:01+00:00"} 
[2026-05-18 12:36:01] production.INFO: ScheduledJobManager completed {"execution_time":"2026-05-18T12:36:01+00:00","duration_ms":11.187,"dispatched":0,"skipped":0} 
[2026-05-18 12:37:01] production.INFO: ScheduledJobManager started {"execution_time":"2026-05-18T12:37:01+00:00"} 
[2026-05-18 12:37:01] production.INFO: ScheduledJobManager completed {"execution_time":"2026-05-18T12:37:01+00:00","duration_ms":10.901,"dispatched":0,"skipped":0} 
[2026-05-18 12:38:01] production.INFO: ScheduledJobManager started {"execution_time":"2026-05-18T12:38:01+00:00"} 
[2026-05-18 12:38:01] production.INFO: ScheduledJobManager completed {"execution_time":"2026-05-18T12:38:01+00:00","duration_ms":11.113,"dispatched":0,"skipped":0} 
[2026-05-18 12:39:01] production.INFO: ScheduledJobManager started {"execution_time":"2026-05-18T12:39:01+00:00"} 
[2026-05-18 12:39:01] production.INFO: ScheduledJobManager completed {"execution_time":"2026-05-18T12:39:01+00:00","duration_ms":11.301,"dispatched":0,"skipped":0} 
[2026-05-18 12:40:01] production.INFO: ScheduledJobManager started {"execution_time":"2026-05-18T12:40:01+00:00"} 
[2026-05-18 12:40:01] production.INFO: ScheduledJobManager completed {"execution_time":"2026-05-18T12:40:01+00:00","duration_ms":3.869,"dispatched":0,"skipped":0} 
[2026-05-18 12:41:01] production.INFO: ScheduledJobManager started {"execution_time":"2026-05-18T12:41:01+00:00"} 
[2026-05-18 12:41:01] production.INFO: ScheduledJobManager completed {"execution_time":"2026-05-18T12:41:01+00:00","duration_ms":11.0,"dispatched":0,"skipped":0} 
[2026-05-18 12:42:01] production.INFO: ScheduledJobManager started {"execution_time":"2026-05-18T12:42:01+00:00"} 
[2026-05-18 12:42:01] production.INFO: ScheduledJobManager completed {"execution_time":"2026-05-18T12:42:01+00:00","duration_ms":10.952,"dispatched":0,"skipped":0} 
[2026-05-18 12:43:01] production.INFO: ScheduledJobManager started {"execution_time":"2026-05-18T12:43:01+00:00"} 
[2026-05-18 12:43:01] production.INFO: ScheduledJobManager completed {"execution_time":"2026-05-18T12:43:01+00:00","duration_ms":11.138,"dispatched":0,"skipped":0} 
[2026-05-18 12:44:01] production.INFO: ScheduledJobManager started {"execution_time":"2026-05-18T12:44:01+00:00"} 
[2026-05-18 12:44:01] production.INFO: ScheduledJobManager completed {"execution_time":"2026-05-18T12:44:01+00:00","duration_ms":11.234,"dispatched":0,"skipped":0} 
[2026-05-18 12:45:01] production.INFO: ScheduledJobManager started {"execution_time":"2026-05-18T12:45:01+00:00"} 
[2026-05-18 12:45:01] production.INFO: ScheduledJobManager completed {"execution_time":"2026-05-18T12:45:01+00:00","duration_ms":11.124,"dispatched":0,"skipped":0} 
[2026-05-18 12:46:01] production.INFO: ScheduledJobManager started {"execution_time":"2026-05-18T12:46:01+00:00"} 
[2026-05-18 12:46:01] production.INFO: ScheduledJobManager completed {"execution_time":"2026-05-18T12:46:01+00:00","duration_ms":10.994,"dispatched":0,"skipped":0} 
[2026-05-18 12:47:01] production.INFO: ScheduledJobManager started {"execution_time":"2026-05-18T12:47:01+00:00"} 
[2026-05-18 12:47:01] production.INFO: ScheduledJobManager completed {"execution_time":"2026-05-18T12:47:01+00:00","duration_ms":11.073,"dispatched":0,"skipped":0} 
[2026-05-18 12:48:01] production.INFO: ScheduledJobManager started {"execution_time":"2026-05-18T12:48:01+00:00"} 
[2026-05-18 12:48:01] production.INFO: ScheduledJobManager completed {"execution_time":"2026-05-18T12:48:01+00:00","duration_ms":11.02,"dispatched":0,"skipped":0} 
[2026-05-18 12:49:01] production.INFO: ScheduledJobManager started {"execution_time":"2026-05-18T12:49:01+00:00"} 
[2026-05-18 12:49:01] production.INFO: ScheduledJobManager completed {"execution_time":"2026-05-18T12:49:01+00:00","duration_ms":10.955,"dispatched":0,"skipped":0} 
[2026-05-18 12:50:01] production.INFO: ScheduledJobManager started {"execution_time":"2026-05-18T12:50:01+00:00"} 
[2026-05-18 12:50:01] production.INFO: ScheduledJobManager completed {"execution_time":"2026-05-18T12:50:01+00:00","duration_ms":11.013,"dispatched":0,"skipped":0} 
[2026-05-18 12:51:01] production.INFO: ScheduledJobManager started {"execution_time":"2026-05-18T12:51:01+00:00"} 
[2026-05-18 12:51:01] production.INFO: ScheduledJobManager completed {"execution_time":"2026-05-18T12:51:01+00:00","duration_ms":11.157,"dispatched":0,"skipped":0} 
[2026-05-18 12:52:01] production.INFO: ScheduledJobManager started {"execution_time":"2026-05-18T12:52:01+00:00"} 
[2026-05-18 12:52:01] production.INFO: ScheduledJobManager completed {"execution_time":"2026-05-18T12:52:01+00:00","duration_ms":5.409,"dispatched":0,"skipped":0} 
[2026-05-18 12:53:01] production.INFO: ScheduledJobManager started {"execution_time":"2026-05-18T12:53:01+00:00"} 
[2026-05-18 12:53:01] production.INFO: ScheduledJobManager completed {"execution_time":"2026-05-18T12:53:01+00:00","duration_ms":11.106,"dispatched":0,"skipped":0} 
[2026-05-18 12:54:01] production.INFO: ScheduledJobManager started {"execution_time":"2026-05-18T12:54:01+00:00"} 
[2026-05-18 12:54:01] production.INFO: ScheduledJobManager completed {"execution_time":"2026-05-18T12:54:01+00:00","duration_ms":5.185,"dispatched":0,"skipped":0} 
[2026-05-18 12:55:01] production.INFO: ScheduledJobManager started {"execution_time":"2026-05-18T12:55:01+00:00"} 
[2026-05-18 12:55:01] production.INFO: ScheduledJobManager completed {"execution_time":"2026-05-18T12:55:01+00:00","duration_ms":11.272,"dispatched":0,"skipped":0} 
[2026-05-18 12:56:01] production.INFO: ScheduledJobManager started {"execution_time":"2026-05-18T12:56:01+00:00"} 
[2026-05-18 12:56:01] production.INFO: ScheduledJobManager completed {"execution_time":"2026-05-18T12:56:01+00:00","duration_ms":11.156,"dispatched":0,"skipped":0} 
[2026-05-18 12:57:01] production.INFO: ScheduledJobManager started {"execution_time":"2026-05-18T12:57:01+00:00"} 
[2026-05-18 12:57:01] production.INFO: ScheduledJobManager completed {"execution_time":"2026-05-18T12:57:01+00:00","duration_ms":11.192,"dispatched":0,"skipped":0} 
[2026-05-18 12:58:01] production.INFO: ScheduledJobManager started {"execution_time":"2026-05-18T12:58:01+00:00"} 
[2026-05-18 12:58:01] production.INFO: ScheduledJobManager completed {"execution_time":"2026-05-18T12:58:01+00:00","duration_ms":10.974,"dispatched":0,"skipped":0} 
[2026-05-18 12:59:01] production.INFO: ScheduledJobManager started {"execution_time":"2026-05-18T12:59:01+00:00"} 
[2026-05-18 12:59:01] production.INFO: ScheduledJobManager completed {"execution_time":"2026-05-18T12:59:01+00:00","duration_ms":11.136,"dispatched":0,"skipped":0} 
[2026-05-18 13:00:02] production.INFO: ScheduledJobManager started {"execution_time":"2026-05-18T13:00:02+00:00"} 
[2026-05-18 13:00:02] production.INFO: ScheduledJobManager completed {"execution_time":"2026-05-18T13:00:02+00:00","duration_ms":7.815,"dispatched":0,"skipped":0} 
[2026-05-18 13:01:01] production.INFO: ScheduledJobManager started {"execution_time":"2026-05-18T13:01:01+00:00"} 
[2026-05-18 13:01:01] production.INFO: ScheduledJobManager completed {"execution_time":"2026-05-18T13:01:01+00:00","duration_ms":11.53,"dispatched":0,"skipped":0} 
[2026-05-18 13:02:01] production.INFO: ScheduledJobManager started {"execution_time":"2026-05-18T13:02:01+00:00"} 
[2026-05-18 13:02:01] production.INFO: ScheduledJobManager completed {"execution_time":"2026-05-18T13:02:01+00:00","duration_ms":11.248,"dispatched":0,"skipped":0} 
[2026-05-18 13:03:01] production.INFO: ScheduledJobManager started {"execution_time":"2026-05-18T13:03:01+00:00"} 
[2026-05-18 13:03:01] production.INFO: ScheduledJobManager completed {"execution_time":"2026-05-18T13:03:01+00:00","duration_ms":11.143,"dispatched":0,"skipped":0} 
[2026-05-18 13:04:01] production.INFO: ScheduledJobManager started {"execution_time":"2026-05-18T13:04:01+00:00"} 
[2026-05-18 13:04:01] production.INFO: ScheduledJobManager completed {"execution_time":"2026-05-18T13:04:01+00:00","duration_ms":14.333,"dispatched":0,"skipped":0} 
[2026-05-18 13:05:01] production.INFO: ScheduledJobManager started {"execution_time":"2026-05-18T13:05:01+00:00"} 
[2026-05-18 13:05:01] production.INFO: ScheduledJobManager completed {"execution_time":"2026-05-18T13:05:01+00:00","duration_ms":11.409,"dispatched":0,"skipped":0} 
[2026-05-18 13:06:01] production.INFO: ScheduledJobManager started {"execution_time":"2026-05-18T13:06:01+00:00"} 
[2026-05-18 13:06:01] production.INFO: ScheduledJobManager completed {"execution_time":"2026-05-18T13:06:01+00:00","duration_ms":19.248,"dispatched":0,"skipped":0} 
[2026-05-18 13:07:00] production.INFO: ScheduledJobManager started {"execution_time":"2026-05-18T13:07:00+00:00"} 
[2026-05-18 13:07:00] production.INFO: ScheduledJobManager completed {"execution_time":"2026-05-18T13:07:00+00:00","duration_ms":11.284,"dispatched":0,"skipped":0} 
[2026-05-18 13:08:01] production.INFO: ScheduledJobManager started {"execution_time":"2026-05-18T13:08:01+00:00"} 
[2026-05-18 13:08:01] production.INFO: ScheduledJobManager completed {"execution_time":"2026-05-18T13:08:01+00:00","duration_ms":5.631,"dispatched":0,"skipped":0} 
[2026-05-18 13:09:01] production.INFO: ScheduledJobManager started {"execution_time":"2026-05-18T13:09:01+00:00"} 
[2026-05-18 13:09:01] production.INFO: ScheduledJobManager completed {"execution_time":"2026-05-18T13:09:01+00:00","duration_ms":11.193,"dispatched":0,"skipped":0} 
[2026-05-18 13:10:01] production.INFO: ScheduledJobManager started {"execution_time":"2026-05-18T13:10:01+00:00"} 
[2026-05-18 13:10:01] production.INFO: ScheduledJobManager completed {"execution_time":"2026-05-18T13:10:01+00:00","duration_ms":5.554,"dispatched":0,"skipped":0} 
[2026-05-18 13:11:01] production.INFO: ScheduledJobManager started {"execution_time":"2026-05-18T13:11:01+00:00"} 
[2026-05-18 13:11:01] production.INFO: ScheduledJobManager completed {"execution_time":"2026-05-18T13:11:01+00:00","duration_ms":11.404,"dispatched":0,"skipped":0} 
[2026-05-18 13:12:01] production.INFO: ScheduledJobManager started {"execution_time":"2026-05-18T13:12:01+00:00"} 
[2026-05-18 13:12:01] production.INFO: ScheduledJobManager completed {"execution_time":"2026-05-18T13:12:01+00:00","duration_ms":11.264,"dispatched":0,"skipped":0} 
[2026-05-18 13:13:01] production.INFO: ScheduledJobManager started {"execution_time":"2026-05-18T13:13:01+00:00"} 
[2026-05-18 13:13:01] production.INFO: ScheduledJobManager completed {"execution_time":"2026-05-18T13:13:01+00:00","duration_ms":10.948,"dispatched":0,"skipped":0} 
[2026-05-18 13:14:01] production.INFO: ScheduledJobManager started {"execution_time":"2026-05-18T13:14:01+00:00"} 
[2026-05-18 13:14:01] production.INFO: ScheduledJobManager completed {"execution_time":"2026-05-18T13:14:01+00:00","duration_ms":11.042,"dispatched":0,"skipped":0} 
[2026-05-18 13:15:01] production.INFO: ScheduledJobManager started {"execution_time":"2026-05-18T13:15:01+00:00"} 
[2026-05-18 13:15:01] production.INFO: ScheduledJobManager completed {"execution_time":"2026-05-18T13:15:01+00:00","duration_ms":14.847,"dispatched":0,"skipped":0} 
[2026-05-18 13:16:01] production.INFO: ScheduledJobManager started {"execution_time":"2026-05-18T13:16:01+00:00"} 
[2026-05-18 13:16:01] production.INFO: ScheduledJobManager completed {"execution_time":"2026-05-18T13:16:01+00:00","duration_ms":10.994,"dispatched":0,"skipped":0} 
[2026-05-18 13:17:01] production.INFO: ScheduledJobManager started {"execution_time":"2026-05-18T13:17:01+00:00"} 
[2026-05-18 13:17:01] production.INFO: ScheduledJobManager completed {"execution_time":"2026-05-18T13:17:01+00:00","duration_ms":10.964,"dispatched":0,"skipped":0} 
[2026-05-18 13:18:01] production.INFO: ScheduledJobManager started {"execution_time":"2026-05-18T13:18:01+00:00"} 
[2026-05-18 13:18:01] production.INFO: ScheduledJobManager completed {"execution_time":"2026-05-18T13:18:01+00:00","duration_ms":11.052,"dispatched":0,"skipped":0} 
[2026-05-18 13:19:01] production.INFO: ScheduledJobManager started {"execution_time":"2026-05-18T13:19:01+00:00"} 
[2026-05-18 13:19:01] production.INFO: ScheduledJobManager completed {"execution_time":"2026-05-18T13:19:01+00:00","duration_ms":11.028,"dispatched":0,"skipped":0} 
[2026-05-18 13:20:01] production.INFO: ScheduledJobManager started {"execution_time":"2026-05-18T13:20:01+00:00"} 
[2026-05-18 13:20:01] production.INFO: ScheduledJobManager completed {"execution_time":"2026-05-18T13:20:01+00:00","duration_ms":10.944,"dispatched":0,"skipped":0} 
[2026-05-18 13:21:01] production.INFO: ScheduledJobManager started {"execution_time":"2026-05-18T13:21:01+00:00"} 
[2026-05-18 13:21:01] production.INFO: ScheduledJobManager completed {"execution_time":"2026-05-18T13:21:01+00:00","duration_ms":11.137,"dispatched":0,"skipped":0} 
[2026-05-18 13:22:01] production.INFO: ScheduledJobManager started {"execution_time":"2026-05-18T13:22:01+00:00"} 
[2026-05-18 13:22:01] production.INFO: ScheduledJobManager completed {"execution_time":"2026-05-18T13:22:01+00:00","duration_ms":14.742,"dispatched":0,"skipped":0} 
[2026-05-18 13:23:01] production.INFO: ScheduledJobManager started {"execution_time":"2026-05-18T13:23:01+00:00"} 
[2026-05-18 13:23:01] production.INFO: ScheduledJobManager completed {"execution_time":"2026-05-18T13:23:01+00:00","duration_ms":11.259,"dispatched":0,"skipped":0} 
[2026-05-18 13:24:01] production.INFO: ScheduledJobManager started {"execution_time":"2026-05-18T13:24:01+00:00"} 
[2026-05-18 13:24:01] production.INFO: ScheduledJobManager completed {"execution_time":"2026-05-18T13:24:01+00:00","duration_ms":11.417,"dispatched":0,"skipped":0} 
[2026-05-18 13:25:01] production.INFO: ScheduledJobManager started {"execution_time":"2026-05-18T13:25:01+00:00"} 
[2026-05-18 13:25:01] production.INFO: ScheduledJobManager completed {"execution_time":"2026-05-18T13:25:01+00:00","duration_ms":3.661,"dispatched":0,"skipped":0} 
[2026-05-18 13:26:01] production.INFO: ScheduledJobManager started {"execution_time":"2026-05-18T13:26:01+00:00"} 
[2026-05-18 13:26:01] production.INFO: ScheduledJobManager completed {"execution_time":"2026-05-18T13:26:01+00:00","duration_ms":11.042,"dispatched":0,"skipped":0} 
[2026-05-18 13:27:01] production.INFO: ScheduledJobManager started {"execution_time":"2026-05-18T13:27:01+00:00"} 
[2026-05-18 13:27:01] production.INFO: ScheduledJobManager completed {"execution_time":"2026-05-18T13:27:01+00:00","duration_ms":11.07,"dispatched":0,"skipped":0} 
[2026-05-18 13:28:01] production.INFO: ScheduledJobManager started {"execution_time":"2026-05-18T13:28:01+00:00"} 
[2026-05-18 13:28:01] production.INFO: ScheduledJobManager completed {"execution_time":"2026-05-18T13:28:01+00:00","duration_ms":11.177,"dispatched":0,"skipped":0} 
[2026-05-18 13:29:01] production.INFO: ScheduledJobManager started {"execution_time":"2026-05-18T13:29:01+00:00"} 
[2026-05-18 13:29:01] production.INFO: ScheduledJobManager completed {"execution_time":"2026-05-18T13:29:01+00:00","duration_ms":11.265,"dispatched":0,"skipped":0} 
[2026-05-18 13:30:01] production.INFO: ScheduledJobManager started {"execution_time":"2026-05-18T13:30:01+00:00"} 
[2026-05-18 13:30:01] production.INFO: ScheduledJobManager completed {"execution_time":"2026-05-18T13:30:01+00:00","duration_ms":5.507,"dispatched":0,"skipped":0} 
[2026-05-18 13:31:01] production.INFO: ScheduledJobManager started {"execution_time":"2026-05-18T13:31:01+00:00"} 
[2026-05-18 13:31:01] production.INFO: ScheduledJobManager completed {"execution_time":"2026-05-18T13:31:01+00:00","duration_ms":11.906,"dispatched":0,"skipped":0} 
[2026-05-18 13:32:01] production.INFO: ScheduledJobManager started {"execution_time":"2026-05-18T13:32:01+00:00"} 
[2026-05-18 13:32:01] production.INFO: ScheduledJobManager completed {"execution_time":"2026-05-18T13:32:01+00:00","duration_ms":11.147,"dispatched":0,"skipped":0} 
[2026-05-18 13:33:01] production.INFO: ScheduledJobManager started {"execution_time":"2026-05-18T13:33:01+00:00"} 
[2026-05-18 13:33:01] production.INFO: ScheduledJobManager completed {"execution_time":"2026-05-18T13:33:01+00:00","duration_ms":11.31,"dispatched":0,"skipped":0} 
[2026-05-18 13:34:01] production.INFO: ScheduledJobManager started {"execution_time":"2026-05-18T13:34:01+00:00"} 
[2026-05-18 13:34:01] production.INFO: ScheduledJobManager completed {"execution_time":"2026-05-18T13:34:01+00:00","duration_ms":10.96,"dispatched":0,"skipped":0} 
[2026-05-18 13:35:01] production.INFO: ScheduledJobManager started {"execution_time":"2026-05-18T13:35:01+00:00"} 
[2026-05-18 13:35:01] production.INFO: ScheduledJobManager completed {"execution_time":"2026-05-18T13:35:01+00:00","duration_ms":11.13,"dispatched":0,"skipped":0} 
[2026-05-18 13:36:01] production.INFO: ScheduledJobManager started {"execution_time":"2026-05-18T13:36:01+00:00"} 
[2026-05-18 13:36:01] production.INFO: ScheduledJobManager completed {"execution_time":"2026-05-18T13:36:01+00:00","duration_ms":10.839,"dispatched":0,"skipped":0} 
[2026-05-18 13:37:01] production.INFO: ScheduledJobManager started {"execution_time":"2026-05-18T13:37:01+00:00"} 
[2026-05-18 13:37:01] production.INFO: ScheduledJobManager completed {"execution_time":"2026-05-18T13:37:01+00:00","duration_ms":11.198,"dispatched":0,"skipped":0} 
[2026-05-18 13:38:01] production.INFO: ScheduledJobManager started {"execution_time":"2026-05-18T13:38:01+00:00"} 
[2026-05-18 13:38:01] production.INFO: ScheduledJobManager completed {"execution_time":"2026-05-18T13:38:01+00:00","duration_ms":14.25,"dispatched":0,"skipped":0} 
[2026-05-18 13:39:00] production.INFO: ScheduledJobManager started {"execution_time":"2026-05-18T13:39:00+00:00"} 
[2026-05-18 13:39:00] production.INFO: ScheduledJobManager completed {"execution_time":"2026-05-18T13:39:00+00:00","duration_ms":11.332,"dispatched":0,"skipped":0} 
[2026-05-18 13:40:01] production.INFO: ScheduledJobManager started {"execution_time":"2026-05-18T13:40:01+00:00"} 
[2026-05-18 13:40:01] production.INFO: ScheduledJobManager completed {"execution_time":"2026-05-18T13:40:01+00:00","duration_ms":5.613,"dispatched":0,"skipped":0} 
[2026-05-18 13:41:01] production.INFO: ScheduledJobManager started {"execution_time":"2026-05-18T13:41:01+00:00"} 
[2026-05-18 13:41:01] production.INFO: ScheduledJobManager completed {"execution_time":"2026-05-18T13:41:01+00:00","duration_ms":11.167,"dispatched":0,"skipped":0} 
[2026-05-18 13:42:01] production.INFO: ScheduledJobManager started {"execution_time":"2026-05-18T13:42:01+00:00"} 
[2026-05-18 13:42:01] production.INFO: ScheduledJobManager completed {"execution_time":"2026-05-18T13:42:01+00:00","duration_ms":5.882,"dispatched":0,"skipped":0} 
[2026-05-18 13:43:01] production.INFO: ScheduledJobManager started {"execution_time":"2026-05-18T13:43:01+00:00"} 
[2026-05-18 13:43:01] production.INFO: ScheduledJobManager completed {"execution_time":"2026-05-18T13:43:01+00:00","duration_ms":11.049,"dispatched":0,"skipped":0} 
[2026-05-18 13:44:01] production.INFO: ScheduledJobManager started {"execution_time":"2026-05-18T13:44:01+00:00"} 
[2026-05-18 13:44:01] production.INFO: ScheduledJobManager completed {"execution_time":"2026-05-18T13:44:01+00:00","duration_ms":11.078,"dispatched":0,"skipped":0} 
[2026-05-18 13:45:01] production.INFO: ScheduledJobManager started {"execution_time":"2026-05-18T13:45:01+00:00"} 
[2026-05-18 13:45:01] production.INFO: ScheduledJobManager completed {"execution_time":"2026-05-18T13:45:01+00:00","duration_ms":10.977,"dispatched":0,"skipped":0} 
[2026-05-18 13:46:01] production.INFO: ScheduledJobManager started {"execution_time":"2026-05-18T13:46:01+00:00"} 
[2026-05-18 13:46:01] production.INFO: ScheduledJobManager completed {"execution_time":"2026-05-18T13:46:01+00:00","duration_ms":11.306,"dispatched":0,"skipped":0} 
[2026-05-18 13:47:01] production.INFO: ScheduledJobManager started {"execution_time":"2026-05-18T13:47:01+00:00"} 
[2026-05-18 13:47:01] production.INFO: ScheduledJobManager completed {"execution_time":"2026-05-18T13:47:01+00:00","duration_ms":10.967,"dispatched":0,"skipped":0} 
[2026-05-18 13:48:01] production.INFO: ScheduledJobManager started {"execution_time":"2026-05-18T13:48:01+00:00"} 
[2026-05-18 13:48:01] production.INFO: ScheduledJobManager completed {"execution_time":"2026-05-18T13:48:01+00:00","duration_ms":11.104,"dispatched":0,"skipped":0} 
[2026-05-18 13:49:01] production.INFO: ScheduledJobManager started {"execution_time":"2026-05-18T13:49:01+00:00"} 
[2026-05-18 13:49:01] production.INFO: ScheduledJobManager completed {"execution_time":"2026-05-18T13:49:01+00:00","duration_ms":11.117,"dispatched":0,"skipped":0} 
[2026-05-18 13:50:01] production.INFO: ScheduledJobManager started {"execution_time":"2026-05-18T13:50:01+00:00"} 
[2026-05-18 13:50:01] production.INFO: ScheduledJobManager completed {"execution_time":"2026-05-18T13:50:01+00:00","duration_ms":5.454,"dispatched":0,"skipped":0} 
[2026-05-18 13:51:01] production.INFO: ScheduledJobManager started {"execution_time":"2026-05-18T13:51:01+00:00"} 
[2026-05-18 13:51:01] production.INFO: ScheduledJobManager completed {"execution_time":"2026-05-18T13:51:01+00:00","duration_ms":10.789,"dispatched":0,"skipped":0} 
[2026-05-18 13:52:01] production.INFO: ScheduledJobManager started {"execution_time":"2026-05-18T13:52:01+00:00"} 
[2026-05-18 13:52:01] production.INFO: ScheduledJobManager completed {"execution_time":"2026-05-18T13:52:01+00:00","duration_ms":10.989,"dispatched":0,"skipped":0} 
[2026-05-18 13:53:01] production.INFO: ScheduledJobManager started {"execution_time":"2026-05-18T13:53:01+00:00"} 
[2026-05-18 13:53:01] production.INFO: ScheduledJobManager completed {"execution_time":"2026-05-18T13:53:01+00:00","duration_ms":11.125,"dispatched":0,"skipped":0} 
[2026-05-18 13:54:01] production.INFO: ScheduledJobManager started {"execution_time":"2026-05-18T13:54:01+00:00"} 
[2026-05-18 13:54:01] production.INFO: ScheduledJobManager completed {"execution_time":"2026-05-18T13:54:01+00:00","duration_ms":11.349,"dispatched":0,"skipped":0} 
[2026-05-18 13:55:01] production.INFO: ScheduledJobManager started {"execution_time":"2026-05-18T13:55:01+00:00"} 
[2026-05-18 13:55:01] production.INFO: ScheduledJobManager completed {"execution_time":"2026-05-18T13:55:01+00:00","duration_ms":11.787,"dispatched":0,"skipped":0} 
[2026-05-18 13:56:01] production.INFO: ScheduledJobManager started {"execution_time":"2026-05-18T13:56:01+00:00"} 
[2026-05-18 13:56:01] production.INFO: ScheduledJobManager completed {"execution_time":"2026-05-18T13:56:01+00:00","duration_ms":11.098,"dispatched":0,"skipped":0} 
[2026-05-18 13:57:01] production.INFO: ScheduledJobManager started {"execution_time":"2026-05-18T13:57:01+00:00"} 
[2026-05-18 13:57:01] production.INFO: ScheduledJobManager completed {"execution_time":"2026-05-18T13:57:01+00:00","duration_ms":11.433,"dispatched":0,"skipped":0} 
[2026-05-18 13:58:01] production.INFO: ScheduledJobManager started {"execution_time":"2026-05-18T13:58:01+00:00"} 
[2026-05-18 13:58:01] production.INFO: ScheduledJobManager completed {"execution_time":"2026-05-18T13:58:01+00:00","duration_ms":6.686,"dispatched":0,"skipped":0} 
[2026-05-18 13:59:01] production.INFO: ScheduledJobManager started {"execution_time":"2026-05-18T13:59:01+00:00"} 
[2026-05-18 13:59:01] production.INFO: ScheduledJobManager completed {"execution_time":"2026-05-18T13:59:01+00:00","duration_ms":10.952,"dispatched":0,"skipped":0} 
[2026-05-18 14:00:02] production.INFO: ScheduledJobManager started {"execution_time":"2026-05-18T14:00:02+00:00"} 
[2026-05-18 14:00:02] production.INFO: ScheduledJobManager completed {"execution_time":"2026-05-18T14:00:02+00:00","duration_ms":4.917,"dispatched":0,"skipped":0} 
[2026-05-18 14:01:01] production.INFO: ScheduledJobManager started {"execution_time":"2026-05-18T14:01:01+00:00"} 
[2026-05-18 14:01:01] production.INFO: ScheduledJobManager completed {"execution_time":"2026-05-18T14:01:01+00:00","duration_ms":11.026,"dispatched":0,"skipped":0} 
[2026-05-18 14:02:01] production.INFO: ScheduledJobManager started {"execution_time":"2026-05-18T14:02:01+00:00"} 
[2026-05-18 14:02:01] production.INFO: ScheduledJobManager completed {"execution_time":"2026-05-18T14:02:01+00:00","duration_ms":11.278,"dispatched":0,"skipped":0} 
[2026-05-18 14:03:01] production.INFO: ScheduledJobManager started {"execution_time":"2026-05-18T14:03:01+00:00"} 
[2026-05-18 14:03:01] production.INFO: ScheduledJobManager completed {"execution_time":"2026-05-18T14:03:01+00:00","duration_ms":10.937,"dispatched":0,"skipped":0} 
[2026-05-18 14:04:01] production.INFO: ScheduledJobManager started {"execution_time":"2026-05-18T14:04:01+00:00"} 
[2026-05-18 14:04:01] production.INFO: ScheduledJobManager completed {"execution_time":"2026-05-18T14:04:01+00:00","duration_ms":11.058,"dispatched":0,"skipped":0} 
[2026-05-18 14:05:01] production.INFO: ScheduledJobManager started {"execution_time":"2026-05-18T14:05:01+00:00"} 
[2026-05-18 14:05:01] production.INFO: ScheduledJobManager completed {"execution_time":"2026-05-18T14:05:01+00:00","duration_ms":11.063,"dispatched":0,"skipped":0} 
[2026-05-18 14:06:01] production.INFO: ScheduledJobManager started {"execution_time":"2026-05-18T14:06:01+00:00"} 
[2026-05-18 14:06:01] production.INFO: ScheduledJobManager completed {"execution_time":"2026-05-18T14:06:01+00:00","duration_ms":11.044,"dispatched":0,"skipped":0} 
[2026-05-18 14:07:01] production.INFO: ScheduledJobManager started {"execution_time":"2026-05-18T14:07:01+00:00"} 
[2026-05-18 14:07:01] production.INFO: ScheduledJobManager completed {"execution_time":"2026-05-18T14:07:01+00:00","duration_ms":11.406,"dispatched":0,"skipped":0} 
[2026-05-18 14:08:01] production.INFO: ScheduledJobManager started {"execution_time":"2026-05-18T14:08:01+00:00"} 
[2026-05-18 14:08:01] production.INFO: ScheduledJobManager completed {"execution_time":"2026-05-18T14:08:01+00:00","duration_ms":10.876,"dispatched":0,"skipped":0} 
[2026-05-18 14:09:01] production.INFO: ScheduledJobManager started {"execution_time":"2026-05-18T14:09:01+00:00"} 
[2026-05-18 14:09:01] production.INFO: ScheduledJobManager completed {"execution_time":"2026-05-18T14:09:01+00:00","duration_ms":11.286,"dispatched":0,"skipped":0} 
[2026-05-18 14:10:01] production.INFO: ScheduledJobManager started {"execution_time":"2026-05-18T14:10:01+00:00"} 
[2026-05-18 14:10:01] production.INFO: ScheduledJobManager completed {"execution_time":"2026-05-18T14:10:01+00:00","duration_ms":11.012,"dispatched":0,"skipped":0} 
[2026-05-18 14:11:01] production.INFO: ScheduledJobManager started {"execution_time":"2026-05-18T14:11:01+00:00"} 
[2026-05-18 14:11:01] production.INFO: ScheduledJobManager completed {"execution_time":"2026-05-18T14:11:01+00:00","duration_ms":11.238,"dispatched":0,"skipped":0} 
[2026-05-18 14:12:01] production.INFO: ScheduledJobManager started {"execution_time":"2026-05-18T14:12:01+00:00"} 
[2026-05-18 14:12:01] production.INFO: ScheduledJobManager completed {"execution_time":"2026-05-18T14:12:01+00:00","duration_ms":5.726,"dispatched":0,"skipped":0} 
[2026-05-18 14:13:01] production.INFO: ScheduledJobManager started {"execution_time":"2026-05-18T14:13:01+00:00"} 
[2026-05-18 14:13:01] production.INFO: ScheduledJobManager completed {"execution_time":"2026-05-18T14:13:01+00:00","duration_ms":11.093,"dispatched":0,"skipped":0} 
[2026-05-18 14:14:01] production.INFO: ScheduledJobManager started {"execution_time":"2026-05-18T14:14:01+00:00"} 
[2026-05-18 14:14:01] production.INFO: ScheduledJobManager completed {"execution_time":"2026-05-18T14:14:01+00:00","duration_ms":9.807,"dispatched":0,"skipped":0} 
[2026-05-18 14:15:02] production.INFO: ScheduledJobManager started {"execution_time":"2026-05-18T14:15:02+00:00"} 
[2026-05-18 14:15:02] production.INFO: ScheduledJobManager completed {"execution_time":"2026-05-18T14:15:02+00:00","duration_ms":11.271,"dispatched":0,"skipped":0} 
[2026-05-18 14:16:01] production.INFO: ScheduledJobManager started {"execution_time":"2026-05-18T14:16:01+00:00"} 
[2026-05-18 14:16:01] production.INFO: ScheduledJobManager completed {"execution_time":"2026-05-18T14:16:01+00:00","duration_ms":11.302,"dispatched":0,"skipped":0} 
[2026-05-18 14:17:01] production.INFO: ScheduledJobManager started {"execution_time":"2026-05-18T14:17:01+00:00"} 
[2026-05-18 14:17:01] production.INFO: ScheduledJobManager completed {"execution_time":"2026-05-18T14:17:01+00:00","duration_ms":10.947,"dispatched":0,"skipped":0} 
[2026-05-18 14:18:01] production.INFO: ScheduledJobManager started {"execution_time":"2026-05-18T14:18:01+00:00"} 
[2026-05-18 14:18:01] production.INFO: ScheduledJobManager completed {"execution_time":"2026-05-18T14:18:01+00:00","duration_ms":11.098,"dispatched":0,"skipped":0} 
[2026-05-18 14:19:01] production.INFO: ScheduledJobManager started {"execution_time":"2026-05-18T14:19:01+00:00"} 
[2026-05-18 14:19:01] production.INFO: ScheduledJobManager completed {"execution_time":"2026-05-18T14:19:01+00:00","duration_ms":16.749,"dispatched":0,"skipped":0} 
[2026-05-18 14:20:01] production.INFO: ScheduledJobManager started {"execution_time":"2026-05-18T14:20:01+00:00"} 
[2026-05-18 14:20:01] production.INFO: ScheduledJobManager completed {"execution_time":"2026-05-18T14:20:01+00:00","duration_ms":13.671,"dispatched":0,"skipped":0} 
[2026-05-18 14:21:01] production.INFO: ScheduledJobManager started {"execution_time":"2026-05-18T14:21:01+00:00"} 
[2026-05-18 14:21:01] production.INFO: ScheduledJobManager completed {"execution_time":"2026-05-18T14:21:01+00:00","duration_ms":11.054,"dispatched":0,"skipped":0} 
[2026-05-18 14:22:01] production.INFO: ScheduledJobManager started {"execution_time":"2026-05-18T14:22:01+00:00"} 
[2026-05-18 14:22:01] production.INFO: ScheduledJobManager completed {"execution_time":"2026-05-18T14:22:01+00:00","duration_ms":11.243,"dispatched":0,"skipped":0} 
[2026-05-18 14:23:01] production.INFO: ScheduledJobManager started {"execution_time":"2026-05-18T14:23:01+00:00"} 
[2026-05-18 14:23:01] production.INFO: ScheduledJobManager completed {"execution_time":"2026-05-18T14:23:01+00:00","duration_ms":11.258,"dispatched":0,"skipped":0} 
[2026-05-18 14:24:01] production.INFO: ScheduledJobManager started {"execution_time":"2026-05-18T14:24:01+00:00"} 
[2026-05-18 14:24:01] production.INFO: ScheduledJobManager completed {"execution_time":"2026-05-18T14:24:01+00:00","duration_ms":11.132,"dispatched":0,"skipped":0} 
[2026-05-18 14:25:01] production.INFO: ScheduledJobManager started {"execution_time":"2026-05-18T14:25:01+00:00"} 
[2026-05-18 14:25:01] production.INFO: ScheduledJobManager completed {"execution_time":"2026-05-18T14:25:01+00:00","duration_ms":11.251,"dispatched":0,"skipped":0} 
[2026-05-18 14:26:01] production.INFO: ScheduledJobManager started {"execution_time":"2026-05-18T14:26:01+00:00"} 
[2026-05-18 14:26:01] production.INFO: ScheduledJobManager completed {"execution_time":"2026-05-18T14:26:01+00:00","duration_ms":11.082,"dispatched":0,"skipped":0} 
[2026-05-18 14:27:01] production.INFO: ScheduledJobManager started {"execution_time":"2026-05-18T14:27:01+00:00"} 
[2026-05-18 14:27:01] production.INFO: ScheduledJobManager completed {"execution_time":"2026-05-18T14:27:01+00:00","duration_ms":11.288,"dispatched":0,"skipped":0} 
[2026-05-18 14:28:01] production.INFO: ScheduledJobManager started {"execution_time":"2026-05-18T14:28:01+00:00"} 
[2026-05-18 14:28:01] production.INFO: ScheduledJobManager completed {"execution_time":"2026-05-18T14:28:01+00:00","duration_ms":52.633,"dispatched":0,"skipped":0} 
[2026-05-18 14:29:01] production.INFO: ScheduledJobManager started {"execution_time":"2026-05-18T14:29:01+00:00"} 
[2026-05-18 14:29:01] production.INFO: ScheduledJobManager completed {"execution_time":"2026-05-18T14:29:01+00:00","duration_ms":11.182,"dispatched":0,"skipped":0} 
[2026-05-18 14:30:01] production.INFO: ScheduledJobManager started {"execution_time":"2026-05-18T14:30:01+00:00"} 
[2026-05-18 14:30:01] production.INFO: ScheduledJobManager completed {"execution_time":"2026-05-18T14:30:01+00:00","duration_ms":3.934,"dispatched":0,"skipped":0} 
[2026-05-18 14:31:01] production.INFO: ScheduledJobManager started {"execution_time":"2026-05-18T14:31:01+00:00"} 
[2026-05-18 14:31:01] production.INFO: ScheduledJobManager completed {"execution_time":"2026-05-18T14:31:01+00:00","duration_ms":11.127,"dispatched":0,"skipped":0} 
[2026-05-18 14:32:01] production.INFO: ScheduledJobManager started {"execution_time":"2026-05-18T14:32:01+00:00"} 
[2026-05-18 14:32:01] production.INFO: ScheduledJobManager completed {"execution_time":"2026-05-18T14:32:01+00:00","duration_ms":11.713,"dispatched":0,"skipped":0} 
[2026-05-18 14:33:01] production.INFO: ScheduledJobManager started {"execution_time":"2026-05-18T14:33:01+00:00"} 
[2026-05-18 14:33:01] production.INFO: ScheduledJobManager completed {"execution_time":"2026-05-18T14:33:01+00:00","duration_ms":11.642,"dispatched":0,"skipped":0} 
[2026-05-18 14:34:01] production.INFO: ScheduledJobManager started {"execution_time":"2026-05-18T14:34:01+00:00"} 
[2026-05-18 14:34:01] production.INFO: ScheduledJobManager completed {"execution_time":"2026-05-18T14:34:01+00:00","duration_ms":10.929,"dispatched":0,"skipped":0} 
[2026-05-18 14:35:01] production.INFO: ScheduledJobManager started {"execution_time":"2026-05-18T14:35:01+00:00"} 
[2026-05-18 14:35:01] production.INFO: ScheduledJobManager completed {"execution_time":"2026-05-18T14:35:01+00:00","duration_ms":11.041,"dispatched":0,"skipped":0} 
[2026-05-18 14:36:01] production.INFO: ScheduledJobManager started {"execution_time":"2026-05-18T14:36:01+00:00"} 
[2026-05-18 14:36:01] production.INFO: ScheduledJobManager completed {"execution_time":"2026-05-18T14:36:01+00:00","duration_ms":11.172,"dispatched":0,"skipped":0} 
[2026-05-18 14:37:01] production.INFO: ScheduledJobManager started {"execution_time":"2026-05-18T14:37:01+00:00"} 
[2026-05-18 14:37:01] production.INFO: ScheduledJobManager completed {"execution_time":"2026-05-18T14:37:01+00:00","duration_ms":10.983,"dispatched":0,"skipped":0} 
[2026-05-18 14:38:01] production.INFO: ScheduledJobManager started {"execution_time":"2026-05-18T14:38:01+00:00"} 
[2026-05-18 14:38:01] production.INFO: ScheduledJobManager completed {"execution_time":"2026-05-18T14:38:01+00:00","duration_ms":11.164,"dispatched":0,"skipped":0} 
[2026-05-18 14:39:01] production.INFO: ScheduledJobManager started {"execution_time":"2026-05-18T14:39:01+00:00"} 
[2026-05-18 14:39:01] production.INFO: ScheduledJobManager completed {"execution_time":"2026-05-18T14:39:01+00:00","duration_ms":11.171,"dispatched":0,"skipped":0} 
[2026-05-18 14:40:01] production.INFO: ScheduledJobManager started {"execution_time":"2026-05-18T14:40:01+00:00"} 
[2026-05-18 14:40:01] production.INFO: ScheduledJobManager completed {"execution_time":"2026-05-18T14:40:01+00:00","duration_ms":11.371,"dispatched":0,"skipped":0} 
[2026-05-18 14:41:00] production.INFO: ScheduledJobManager started {"execution_time":"2026-05-18T14:41:00+00:00"} 
[2026-05-18 14:41:00] production.INFO: ScheduledJobManager completed {"execution_time":"2026-05-18T14:41:00+00:00","duration_ms":11.772,"dispatched":0,"skipped":0} 
[2026-05-18 14:42:01] production.INFO: ScheduledJobManager started {"execution_time":"2026-05-18T14:42:01+00:00"} 
[2026-05-18 14:42:01] production.INFO: ScheduledJobManager completed {"execution_time":"2026-05-18T14:42:01+00:00","duration_ms":5.355,"dispatched":0,"skipped":0} 
[2026-05-18 14:43:01] production.INFO: ScheduledJobManager started {"execution_time":"2026-05-18T14:43:01+00:00"} 
[2026-05-18 14:43:01] production.INFO: ScheduledJobManager completed {"execution_time":"2026-05-18T14:43:01+00:00","duration_ms":11.071,"dispatched":0,"skipped":0} 
[2026-05-18 14:44:01] production.INFO: ScheduledJobManager started {"execution_time":"2026-05-18T14:44:01+00:00"} 
[2026-05-18 14:44:01] production.INFO: ScheduledJobManager completed {"execution_time":"2026-05-18T14:44:01+00:00","duration_ms":5.893,"dispatched":0,"skipped":0} 
[2026-05-18 14:45:01] production.INFO: ScheduledJobManager started {"execution_time":"2026-05-18T14:45:01+00:00"} 
[2026-05-18 14:45:01] production.INFO: ScheduledJobManager completed {"execution_time":"2026-05-18T14:45:01+00:00","duration_ms":12.061,"dispatched":0,"skipped":0} 
[2026-05-18 14:46:01] production.INFO: ScheduledJobManager started {"execution_time":"2026-05-18T14:46:01+00:00"} 
[2026-05-18 14:46:01] production.INFO: ScheduledJobManager completed {"execution_time":"2026-05-18T14:46:01+00:00","duration_ms":11.308,"dispatched":0,"skipped":0} 
[2026-05-18 14:47:01] production.INFO: ScheduledJobManager started {"execution_time":"2026-05-18T14:47:01+00:00"} 
[2026-05-18 14:47:01] production.INFO: ScheduledJobManager completed {"execution_time":"2026-05-18T14:47:01+00:00","duration_ms":10.987,"dispatched":0,"skipped":0} 
[2026-05-18 14:48:01] production.INFO: ScheduledJobManager started {"execution_time":"2026-05-18T14:48:01+00:00"} 
[2026-05-18 14:48:01] production.INFO: ScheduledJobManager completed {"execution_time":"2026-05-18T14:48:01+00:00","duration_ms":11.146,"dispatched":0,"skipped":0} 
[2026-05-18 14:49:01] production.INFO: ScheduledJobManager started {"execution_time":"2026-05-18T14:49:01+00:00"} 
[2026-05-18 14:49:01] production.INFO: ScheduledJobManager completed {"execution_time":"2026-05-18T14:49:01+00:00","duration_ms":11.163,"dispatched":0,"skipped":0} 
[2026-05-18 14:50:01] production.INFO: ScheduledJobManager started {"execution_time":"2026-05-18T14:50:01+00:00"} 
[2026-05-18 14:50:01] production.INFO: ScheduledJobManager completed {"execution_time":"2026-05-18T14:50:01+00:00","duration_ms":57.052,"dispatched":0,"skipped":0} 
[2026-05-18 14:51:01] production.INFO: ScheduledJobManager started {"execution_time":"2026-05-18T14:51:01+00:00"} 
[2026-05-18 14:51:01] production.INFO: ScheduledJobManager completed {"execution_time":"2026-05-18T14:51:01+00:00","duration_ms":11.209,"dispatched":0,"skipped":0} 
[2026-05-18 14:52:01] production.INFO: ScheduledJobManager started {"execution_time":"2026-05-18T14:52:01+00:00"} 
[2026-05-18 14:52:01] production.INFO: ScheduledJobManager completed {"execution_time":"2026-05-18T14:52:01+00:00","duration_ms":11.484,"dispatched":0,"skipped":0} 
[2026-05-18 14:53:01] production.INFO: ScheduledJobManager started {"execution_time":"2026-05-18T14:53:01+00:00"} 
[2026-05-18 14:53:01] production.INFO: ScheduledJobManager completed {"execution_time":"2026-05-18T14:53:01+00:00","duration_ms":15.173,"dispatched":0,"skipped":0} 
[2026-05-18 14:54:01] production.INFO: ScheduledJobManager started {"execution_time":"2026-05-18T14:54:01+00:00"} 
[2026-05-18 14:54:01] production.INFO: ScheduledJobManager completed {"execution_time":"2026-05-18T14:54:01+00:00","duration_ms":11.18,"dispatched":0,"skipped":0} 
[2026-05-18 14:55:01] production.INFO: ScheduledJobManager started {"execution_time":"2026-05-18T14:55:01+00:00"} 
[2026-05-18 14:55:01] production.INFO: ScheduledJobManager completed {"execution_time":"2026-05-18T14:55:01+00:00","duration_ms":11.146,"dispatched":0,"skipped":0} 
[2026-05-18 14:56:01] production.INFO: ScheduledJobManager started {"execution_time":"2026-05-18T14:56:01+00:00"} 
[2026-05-18 14:56:01] production.INFO: ScheduledJobManager completed {"execution_time":"2026-05-18T14:56:01+00:00","duration_ms":11.125,"dispatched":0,"skipped":0} 
[2026-05-18 14:57:00] production.INFO: ScheduledJobManager started {"execution_time":"2026-05-18T14:57:00+00:00"} 
[2026-05-18 14:57:00] production.INFO: ScheduledJobManager completed {"execution_time":"2026-05-18T14:57:00+00:00","duration_ms":11.477,"dispatched":0,"skipped":0} 
[2026-05-18 14:58:01] production.INFO: ScheduledJobManager started {"execution_time":"2026-05-18T14:58:01+00:00"} 
[2026-05-18 14:58:01] production.INFO: ScheduledJobManager completed {"execution_time":"2026-05-18T14:58:01+00:00","duration_ms":4.872,"dispatched":0,"skipped":0} 
[2026-05-18 14:59:01] production.INFO: ScheduledJobManager started {"execution_time":"2026-05-18T14:59:01+00:00"} 
[2026-05-18 14:59:01] production.INFO: ScheduledJobManager completed {"execution_time":"2026-05-18T14:59:01+00:00","duration_ms":10.975,"dispatched":0,"skipped":0} 
[2026-05-18 15:00:02] production.INFO: ScheduledJobManager started {"execution_time":"2026-05-18T15:00:02+00:00"} 
[2026-05-18 15:00:02] production.INFO: ScheduledJobManager completed {"execution_time":"2026-05-18T15:00:02+00:00","duration_ms":11.328,"dispatched":0,"skipped":0} 
[2026-05-18 15:01:01] production.INFO: ScheduledJobManager started {"execution_time":"2026-05-18T15:01:01+00:00"} 
[2026-05-18 15:01:01] production.INFO: ScheduledJobManager completed {"execution_time":"2026-05-18T15:01:01+00:00","duration_ms":10.959,"dispatched":0,"skipped":0} 
[2026-05-18 15:02:01] production.INFO: ScheduledJobManager started {"execution_time":"2026-05-18T15:02:01+00:00"} 
[2026-05-18 15:02:01] production.INFO: ScheduledJobManager completed {"execution_time":"2026-05-18T15:02:01+00:00","duration_ms":11.467,"dispatched":0,"skipped":0} 
[2026-05-18 15:03:01] production.INFO: ScheduledJobManager started {"execution_time":"2026-05-18T15:03:01+00:00"} 
[2026-05-18 15:03:01] production.INFO: ScheduledJobManager completed {"execution_time":"2026-05-18T15:03:01+00:00","duration_ms":10.934,"dispatched":0,"skipped":0} 
[2026-05-18 15:04:01] production.INFO: ScheduledJobManager started {"execution_time":"2026-05-18T15:04:01+00:00"} 
[2026-05-18 15:04:01] production.INFO: ScheduledJobManager completed {"execution_time":"2026-05-18T15:04:01+00:00","duration_ms":10.92,"dispatched":0,"skipped":0} 
[2026-05-18 15:05:01] production.INFO: ScheduledJobManager started {"execution_time":"2026-05-18T15:05:01+00:00"} 
[2026-05-18 15:05:01] production.INFO: ScheduledJobManager completed {"execution_time":"2026-05-18T15:05:01+00:00","duration_ms":11.143,"dispatched":0,"skipped":0} 
[2026-05-18 15:06:01] production.INFO: ScheduledJobManager started {"execution_time":"2026-05-18T15:06:01+00:00"} 
[2026-05-18 15:06:01] production.INFO: ScheduledJobManager completed {"execution_time":"2026-05-18T15:06:01+00:00","duration_ms":11.22,"dispatched":0,"skipped":0} 
[2026-05-18 15:07:01] production.INFO: ScheduledJobManager started {"execution_time":"2026-05-18T15:07:01+00:00"} 
[2026-05-18 15:07:01] production.INFO: ScheduledJobManager completed {"execution_time":"2026-05-18T15:07:01+00:00","duration_ms":11.066,"dispatched":0,"skipped":0} 
[2026-05-18 15:08:01] production.INFO: ScheduledJobManager started {"execution_time":"2026-05-18T15:08:01+00:00"} 
[2026-05-18 15:08:01] production.INFO: ScheduledJobManager completed {"execution_time":"2026-05-18T15:08:01+00:00","duration_ms":11.435,"dispatched":0,"skipped":0} 
[2026-05-18 15:09:01] production.INFO: ScheduledJobManager started {"execution_time":"2026-05-18T15:09:01+00:00"} 
[2026-05-18 15:09:01] production.INFO: ScheduledJobManager completed {"execution_time":"2026-05-18T15:09:01+00:00","duration_ms":11.046,"dispatched":0,"skipped":0} 
[2026-05-18 15:10:01] production.INFO: ScheduledJobManager started {"execution_time":"2026-05-18T15:10:01+00:00"} 
[2026-05-18 15:10:01] production.INFO: ScheduledJobManager completed {"execution_time":"2026-05-18T15:10:01+00:00","duration_ms":11.206,"dispatched":0,"skipped":0} 
[2026-05-18 15:11:01] production.INFO: ScheduledJobManager started {"execution_time":"2026-05-18T15:11:01+00:00"} 
[2026-05-18 15:11:01] production.INFO: ScheduledJobManager completed {"execution_time":"2026-05-18T15:11:01+00:00","duration_ms":11.121,"dispatched":0,"skipped":0} 
[2026-05-18 15:12:01] production.INFO: ScheduledJobManager started {"execution_time":"2026-05-18T15:12:01+00:00"} 
[2026-05-18 15:12:01] production.INFO: ScheduledJobManager completed {"execution_time":"2026-05-18T15:12:01+00:00","duration_ms":11.273,"dispatched":0,"skipped":0} 
[2026-05-18 15:13:00] production.INFO: ScheduledJobManager started {"execution_time":"2026-05-18T15:13:00+00:00"} 
[2026-05-18 15:13:00] production.INFO: ScheduledJobManager completed {"execution_time":"2026-05-18T15:13:00+00:00","duration_ms":10.88,"dispatched":0,"skipped":0} 
[2026-05-18 15:14:01] production.INFO: ScheduledJobManager started {"execution_time":"2026-05-18T15:14:01+00:00"} 
[2026-05-18 15:14:01] production.INFO: ScheduledJobManager completed {"execution_time":"2026-05-18T15:14:01+00:00","duration_ms":5.639,"dispatched":0,"skipped":0} 
[2026-05-18 15:15:01] production.INFO: ScheduledJobManager started {"execution_time":"2026-05-18T15:15:01+00:00"} 
[2026-05-18 15:15:01] production.INFO: ScheduledJobManager completed {"execution_time":"2026-05-18T15:15:01+00:00","duration_ms":11.477,"dispatched":0,"skipped":0} 
[2026-05-18 15:16:01] production.INFO: ScheduledJobManager started {"execution_time":"2026-05-18T15:16:01+00:00"} 
[2026-05-18 15:16:01] production.INFO: ScheduledJobManager completed {"execution_time":"2026-05-18T15:16:01+00:00","duration_ms":11.334,"dispatched":0,"skipped":0} 
[2026-05-18 15:17:01] production.INFO: ScheduledJobManager started {"execution_time":"2026-05-18T15:17:01+00:00"} 
[2026-05-18 15:17:01] production.INFO: ScheduledJobManager completed {"execution_time":"2026-05-18T15:17:01+00:00","duration_ms":11.227,"dispatched":0,"skipped":0} 
[2026-05-18 15:18:01] production.INFO: ScheduledJobManager started {"execution_time":"2026-05-18T15:18:01+00:00"} 
[2026-05-18 15:18:01] production.INFO: ScheduledJobManager completed {"execution_time":"2026-05-18T15:18:01+00:00","duration_ms":11.375,"dispatched":0,"skipped":0} 
[2026-05-18 15:19:01] production.INFO: ScheduledJobManager started {"execution_time":"2026-05-18T15:19:01+00:00"} 
[2026-05-18 15:19:01] production.INFO: ScheduledJobManager completed {"execution_time":"2026-05-18T15:19:01+00:00","duration_ms":11.183,"dispatched":0,"skipped":0} 
[2026-05-18 15:20:01] production.INFO: ScheduledJobManager started {"execution_time":"2026-05-18T15:20:01+00:00"} 
[2026-05-18 15:20:01] production.INFO: ScheduledJobManager completed {"execution_time":"2026-05-18T15:20:01+00:00","duration_ms":5.161,"dispatched":0,"skipped":0} 
[2026-05-18 15:21:01] production.INFO: ScheduledJobManager started {"execution_time":"2026-05-18T15:21:01+00:00"} 
[2026-05-18 15:21:01] production.INFO: ScheduledJobManager completed {"execution_time":"2026-05-18T15:21:01+00:00","duration_ms":20.214,"dispatched":0,"skipped":0} 
[2026-05-18 15:22:01] production.INFO: ScheduledJobManager started {"execution_time":"2026-05-18T15:22:01+00:00"} 
[2026-05-18 15:22:01] production.INFO: ScheduledJobManager completed {"execution_time":"2026-05-18T15:22:01+00:00","duration_ms":11.362,"dispatched":0,"skipped":0} 
[2026-05-18 15:23:01] production.INFO: ScheduledJobManager started {"execution_time":"2026-05-18T15:23:01+00:00"} 
[2026-05-18 15:23:01] production.INFO: ScheduledJobManager completed {"execution_time":"2026-05-18T15:23:01+00:00","duration_ms":11.247,"dispatched":0,"skipped":0} 
[2026-05-18 15:24:01] production.INFO: ScheduledJobManager started {"execution_time":"2026-05-18T15:24:01+00:00"} 
[2026-05-18 15:24:01] production.INFO: ScheduledJobManager completed {"execution_time":"2026-05-18T15:24:01+00:00","duration_ms":11.388,"dispatched":0,"skipped":0} 
[2026-05-18 15:25:01] production.INFO: ScheduledJobManager started {"execution_time":"2026-05-18T15:25:01+00:00"} 
[2026-05-18 15:25:01] production.INFO: ScheduledJobManager completed {"execution_time":"2026-05-18T15:25:01+00:00","duration_ms":17.501,"dispatched":0,"skipped":0} 
[2026-05-18 15:26:01] production.INFO: ScheduledJobManager started {"execution_time":"2026-05-18T15:26:01+00:00"} 
[2026-05-18 15:26:01] production.INFO: ScheduledJobManager completed {"execution_time":"2026-05-18T15:26:01+00:00","duration_ms":13.261,"dispatched":0,"skipped":0} 
[2026-05-18 15:27:01] production.INFO: ScheduledJobManager started {"execution_time":"2026-05-18T15:27:01+00:00"} 
[2026-05-18 15:27:01] production.INFO: ScheduledJobManager completed {"execution_time":"2026-05-18T15:27:01+00:00","duration_ms":11.293,"dispatched":0,"skipped":0} 
[2026-05-18 15:28:01] production.INFO: ScheduledJobManager started {"execution_time":"2026-05-18T15:28:01+00:00"} 
[2026-05-18 15:28:01] production.INFO: ScheduledJobManager completed {"execution_time":"2026-05-18T15:28:01+00:00","duration_ms":11.215,"dispatched":0,"skipped":0} 
[2026-05-18 15:29:01] production.INFO: ScheduledJobManager started {"execution_time":"2026-05-18T15:29:01+00:00"} 
[2026-05-18 15:29:01] production.INFO: ScheduledJobManager completed {"execution_time":"2026-05-18T15:29:01+00:00","duration_ms":11.522,"dispatched":0,"skipped":0} 
[2026-05-18 15:30:01] production.INFO: ScheduledJobManager started {"execution_time":"2026-05-18T15:30:01+00:00"} 
[2026-05-18 15:30:01] production.INFO: ScheduledJobManager completed {"execution_time":"2026-05-18T15:30:01+00:00","duration_ms":5.073,"dispatched":0,"skipped":0} 
[2026-05-18 15:31:01] production.INFO: ScheduledJobManager started {"execution_time":"2026-05-18T15:31:01+00:00"} 
[2026-05-18 15:31:01] production.INFO: ScheduledJobManager completed {"execution_time":"2026-05-18T15:31:01+00:00","duration_ms":22.111,"dispatched":0,"skipped":0} 
[2026-05-18 15:32:01] production.INFO: ScheduledJobManager started {"execution_time":"2026-05-18T15:32:01+00:00"} 
[2026-05-18 15:32:01] production.INFO: ScheduledJobManager completed {"execution_time":"2026-05-18T15:32:01+00:00","duration_ms":11.168,"dispatched":0,"skipped":0} 
[2026-05-18 15:33:01] production.INFO: ScheduledJobManager started {"execution_time":"2026-05-18T15:33:01+00:00"} 
[2026-05-18 15:33:01] production.INFO: ScheduledJobManager completed {"execution_time":"2026-05-18T15:33:01+00:00","duration_ms":11.318,"dispatched":0,"skipped":0} 
[2026-05-18 15:34:01] production.INFO: ScheduledJobManager started {"execution_time":"2026-05-18T15:34:01+00:00"} 
[2026-05-18 15:34:01] production.INFO: ScheduledJobManager completed {"execution_time":"2026-05-18T15:34:01+00:00","duration_ms":11.255,"dispatched":0,"skipped":0} 
[2026-05-18 15:35:01] production.INFO: ScheduledJobManager started {"execution_time":"2026-05-18T15:35:01+00:00"} 
[2026-05-18 15:35:01] production.INFO: ScheduledJobManager completed {"execution_time":"2026-05-18T15:35:01+00:00","duration_ms":11.138,"dispatched":0,"skipped":0} 
[2026-05-18 15:36:01] production.INFO: ScheduledJobManager started {"execution_time":"2026-05-18T15:36:01+00:00"} 
[2026-05-18 15:36:01] production.INFO: ScheduledJobManager completed {"execution_time":"2026-05-18T15:36:01+00:00","duration_ms":11.374,"dispatched":0,"skipped":0} 
[2026-05-18 15:37:01] production.INFO: ScheduledJobManager started {"execution_time":"2026-05-18T15:37:01+00:00"} 
[2026-05-18 15:37:01] production.INFO: ScheduledJobManager completed {"execution_time":"2026-05-18T15:37:01+00:00","duration_ms":11.089,"dispatched":0,"skipped":0} 
[2026-05-18 15:38:01] production.INFO: ScheduledJobManager started {"execution_time":"2026-05-18T15:38:01+00:00"} 
[2026-05-18 15:38:01] production.INFO: ScheduledJobManager completed {"execution_time":"2026-05-18T15:38:01+00:00","duration_ms":11.588,"dispatched":0,"skipped":0} 
[2026-05-18 15:39:01] production.INFO: ScheduledJobManager started {"execution_time":"2026-05-18T15:39:01+00:00"} 
[2026-05-18 15:39:01] production.INFO: ScheduledJobManager completed {"execution_time":"2026-05-18T15:39:01+00:00","duration_ms":11.093,"dispatched":0,"skipped":0} 
[2026-05-18 15:40:01] production.INFO: ScheduledJobManager started {"execution_time":"2026-05-18T15:40:01+00:00"} 
[2026-05-18 15:40:01] production.INFO: ScheduledJobManager completed {"execution_time":"2026-05-18T15:40:01+00:00","duration_ms":11.501,"dispatched":0,"skipped":0} 
[2026-05-18 15:41:01] production.INFO: ScheduledJobManager started {"execution_time":"2026-05-18T15:41:01+00:00"} 
[2026-05-18 15:41:01] production.INFO: ScheduledJobManager completed {"execution_time":"2026-05-18T15:41:01+00:00","duration_ms":11.175,"dispatched":0,"skipped":0} 
[2026-05-18 15:42:01] production.INFO: ScheduledJobManager started {"execution_time":"2026-05-18T15:42:01+00:00"} 
[2026-05-18 15:42:01] production.INFO: ScheduledJobManager completed {"execution_time":"2026-05-18T15:42:01+00:00","duration_ms":10.931,"dispatched":0,"skipped":0} 
[2026-05-18 15:43:00] production.INFO: ScheduledJobManager started {"execution_time":"2026-05-18T15:43:00+00:00"} 
[2026-05-18 15:43:00] production.INFO: ScheduledJobManager completed {"execution_time":"2026-05-18T15:43:00+00:00","duration_ms":11.042,"dispatched":0,"skipped":0} 
[2026-05-18 15:44:01] production.INFO: ScheduledJobManager started {"execution_time":"2026-05-18T15:44:01+00:00"} 
[2026-05-18 15:44:01] production.INFO: ScheduledJobManager completed {"execution_time":"2026-05-18T15:44:01+00:00","duration_ms":5.037,"dispatched":0,"skipped":0} 
[2026-05-18 15:45:01] production.INFO: ScheduledJobManager started {"execution_time":"2026-05-18T15:45:01+00:00"} 
[2026-05-18 15:45:01] production.INFO: ScheduledJobManager completed {"execution_time":"2026-05-18T15:45:01+00:00","duration_ms":11.45,"dispatched":0,"skipped":0} 
[2026-05-18 15:46:01] production.INFO: ScheduledJobManager started {"execution_time":"2026-05-18T15:46:01+00:00"} 
[2026-05-18 15:46:01] production.INFO: ScheduledJobManager completed {"execution_time":"2026-05-18T15:46:01+00:00","duration_ms":11.186,"dispatched":0,"skipped":0} 
[2026-05-18 15:47:01] production.INFO: ScheduledJobManager started {"execution_time":"2026-05-18T15:47:01+00:00"} 
[2026-05-18 15:47:01] production.INFO: ScheduledJobManager completed {"execution_time":"2026-05-18T15:47:01+00:00","duration_ms":11.142,"dispatched":0,"skipped":0} 
[2026-05-18 15:48:01] production.INFO: ScheduledJobManager started {"execution_time":"2026-05-18T15:48:01+00:00"} 
[2026-05-18 15:48:01] production.INFO: ScheduledJobManager completed {"execution_time":"2026-05-18T15:48:01+00:00","duration_ms":17.054,"dispatched":0,"skipped":0} 
[2026-05-18 15:49:01] production.INFO: ScheduledJobManager started {"execution_time":"2026-05-18T15:49:01+00:00"} 
[2026-05-18 15:49:01] production.INFO: ScheduledJobManager completed {"execution_time":"2026-05-18T15:49:01+00:00","duration_ms":10.956,"dispatched":0,"skipped":0} 
[2026-05-18 15:50:01] production.INFO: ScheduledJobManager started {"execution_time":"2026-05-18T15:50:01+00:00"} 
[2026-05-18 15:50:01] production.INFO: ScheduledJobManager completed {"execution_time":"2026-05-18T15:50:01+00:00","duration_ms":4.832,"dispatched":0,"skipped":0} 
[2026-05-18 15:51:01] production.INFO: ScheduledJobManager started {"execution_time":"2026-05-18T15:51:01+00:00"} 
[2026-05-18 15:51:01] production.INFO: ScheduledJobManager completed {"execution_time":"2026-05-18T15:51:01+00:00","duration_ms":10.969,"dispatched":0,"skipped":0} 
[2026-05-18 15:52:01] production.INFO: ScheduledJobManager started {"execution_time":"2026-05-18T15:52:01+00:00"} 
[2026-05-18 15:52:01] production.INFO: ScheduledJobManager completed {"execution_time":"2026-05-18T15:52:01+00:00","duration_ms":11.082,"dispatched":0,"skipped":0} 
[2026-05-18 15:53:01] production.INFO: ScheduledJobManager started {"execution_time":"2026-05-18T15:53:01+00:00"} 
[2026-05-18 15:53:01] production.INFO: ScheduledJobManager completed {"execution_time":"2026-05-18T15:53:01+00:00","duration_ms":10.912,"dispatched":0,"skipped":0} 
[2026-05-18 15:54:01] production.INFO: ScheduledJobManager started {"execution_time":"2026-05-18T15:54:01+00:00"} 
[2026-05-18 15:54:01] production.INFO: ScheduledJobManager completed {"execution_time":"2026-05-18T15:54:01+00:00","duration_ms":11.317,"dispatched":0,"skipped":0} 
[2026-05-18 15:55:01] production.INFO: ScheduledJobManager started {"execution_time":"2026-05-18T15:55:01+00:00"} 
[2026-05-18 15:55:01] production.INFO: ScheduledJobManager completed {"execution_time":"2026-05-18T15:55:01+00:00","duration_ms":11.08,"dispatched":0,"skipped":0} 
[2026-05-18 15:56:01] production.INFO: ScheduledJobManager started {"execution_time":"2026-05-18T15:56:01+00:00"} 
[2026-05-18 15:56:01] production.INFO: ScheduledJobManager completed {"execution_time":"2026-05-18T15:56:01+00:00","duration_ms":11.041,"dispatched":0,"skipped":0} 
[2026-05-18 15:57:01] production.INFO: ScheduledJobManager started {"execution_time":"2026-05-18T15:57:01+00:00"} 
[2026-05-18 15:57:01] production.INFO: ScheduledJobManager completed {"execution_time":"2026-05-18T15:57:01+00:00","duration_ms":11.117,"dispatched":0,"skipped":0} 
[2026-05-18 15:58:01] production.INFO: ScheduledJobManager started {"execution_time":"2026-05-18T15:58:01+00:00"} 
[2026-05-18 15:58:01] production.INFO: ScheduledJobManager completed {"execution_time":"2026-05-18T15:58:01+00:00","duration_ms":11.197,"dispatched":0,"skipped":0} 
[2026-05-18 15:59:00] production.INFO: ScheduledJobManager started {"execution_time":"2026-05-18T15:59:00+00:00"} 
[2026-05-18 15:59:00] production.INFO: ScheduledJobManager completed {"execution_time":"2026-05-18T15:59:00+00:00","duration_ms":10.95,"dispatched":0,"skipped":0} 
[2026-05-18 16:00:02] production.INFO: ScheduledJobManager started {"execution_time":"2026-05-18T16:00:02+00:00"} 
[2026-05-18 16:00:02] production.INFO: ScheduledJobManager completed {"execution_time":"2026-05-18T16:00:02+00:00","duration_ms":14.206,"dispatched":0,"skipped":0} 
[2026-05-18 16:01:00] production.INFO: ScheduledJobManager started {"execution_time":"2026-05-18T16:01:00+00:00"} 
[2026-05-18 16:01:00] production.INFO: ScheduledJobManager completed {"execution_time":"2026-05-18T16:01:00+00:00","duration_ms":11.178,"dispatched":0,"skipped":0} 
[2026-05-18 16:02:01] production.INFO: ScheduledJobManager started {"execution_time":"2026-05-18T16:02:01+00:00"} 
[2026-05-18 16:02:01] production.INFO: ScheduledJobManager completed {"execution_time":"2026-05-18T16:02:01+00:00","duration_ms":4.814,"dispatched":0,"skipped":0} 
[2026-05-18 16:03:01] production.INFO: ScheduledJobManager started {"execution_time":"2026-05-18T16:03:01+00:00"} 
[2026-05-18 16:03:01] production.INFO: ScheduledJobManager completed {"execution_time":"2026-05-18T16:03:01+00:00","duration_ms":11.432,"dispatched":0,"skipped":0} 
[2026-05-18 16:04:01] production.INFO: ScheduledJobManager started {"execution_time":"2026-05-18T16:04:01+00:00"} 
[2026-05-18 16:04:01] production.INFO: ScheduledJobManager completed {"execution_time":"2026-05-18T16:04:01+00:00","duration_ms":11.23,"dispatched":0,"skipped":0} 
[2026-05-18 16:05:01] production.INFO: ScheduledJobManager started {"execution_time":"2026-05-18T16:05:01+00:00"} 
[2026-05-18 16:05:01] production.INFO: ScheduledJobManager completed {"execution_time":"2026-05-18T16:05:01+00:00","duration_ms":11.272,"dispatched":0,"skipped":0} 
[2026-05-18 16:06:01] production.INFO: ScheduledJobManager started {"execution_time":"2026-05-18T16:06:01+00:00"} 
[2026-05-18 16:06:01] production.INFO: ScheduledJobManager completed {"execution_time":"2026-05-18T16:06:01+00:00","duration_ms":11.167,"dispatched":0,"skipped":0} 
[2026-05-18 16:07:01] production.INFO: ScheduledJobManager started {"execution_time":"2026-05-18T16:07:01+00:00"} 
[2026-05-18 16:07:01] production.INFO: ScheduledJobManager completed {"execution_time":"2026-05-18T16:07:01+00:00","duration_ms":15.297,"dispatched":0,"skipped":0} 
[2026-05-18 16:08:01] production.INFO: ScheduledJobManager started {"execution_time":"2026-05-18T16:08:01+00:00"} 
[2026-05-18 16:08:01] production.INFO: ScheduledJobManager completed {"execution_time":"2026-05-18T16:08:01+00:00","duration_ms":11.181,"dispatched":0,"skipped":0} 
[2026-05-18 16:09:01] production.INFO: ScheduledJobManager started {"execution_time":"2026-05-18T16:09:01+00:00"} 
[2026-05-18 16:09:01] production.INFO: ScheduledJobManager completed {"execution_time":"2026-05-18T16:09:01+00:00","duration_ms":11.1,"dispatched":0,"skipped":0} 
[2026-05-18 16:10:01] production.INFO: ScheduledJobManager started {"execution_time":"2026-05-18T16:10:01+00:00"} 
[2026-05-18 16:10:01] production.INFO: ScheduledJobManager completed {"execution_time":"2026-05-18T16:10:01+00:00","duration_ms":12.627,"dispatched":0,"skipped":0} 
[2026-05-18 16:11:01] production.INFO: ScheduledJobManager started {"execution_time":"2026-05-18T16:11:01+00:00"} 
[2026-05-18 16:11:01] production.INFO: ScheduledJobManager completed {"execution_time":"2026-05-18T16:11:01+00:00","duration_ms":10.903,"dispatched":0,"skipped":0} 
[2026-05-18 16:12:01] production.INFO: ScheduledJobManager started {"execution_time":"2026-05-18T16:12:01+00:00"} 
[2026-05-18 16:12:01] production.INFO: ScheduledJobManager completed {"execution_time":"2026-05-18T16:12:01+00:00","duration_ms":11.209,"dispatched":0,"skipped":0} 
[2026-05-18 16:13:01] production.INFO: ScheduledJobManager started {"execution_time":"2026-05-18T16:13:01+00:00"} 
[2026-05-18 16:13:01] production.INFO: ScheduledJobManager completed {"execution_time":"2026-05-18T16:13:01+00:00","duration_ms":10.941,"dispatched":0,"skipped":0} 
[2026-05-18 16:14:01] production.INFO: ScheduledJobManager started {"execution_time":"2026-05-18T16:14:01+00:00"} 
[2026-05-18 16:14:01] production.INFO: ScheduledJobManager completed {"execution_time":"2026-05-18T16:14:01+00:00","duration_ms":11.803,"dispatched":0,"skipped":0} 
[2026-05-18 16:15:01] production.INFO: ScheduledJobManager started {"execution_time":"2026-05-18T16:15:01+00:00"} 
[2026-05-18 16:15:01] production.INFO: ScheduledJobManager completed {"execution_time":"2026-05-18T16:15:01+00:00","duration_ms":5.568,"dispatched":0,"skipped":0} 
[2026-05-18 16:16:01] production.INFO: ScheduledJobManager started {"execution_time":"2026-05-18T16:16:01+00:00"} 
[2026-05-18 16:16:01] production.INFO: ScheduledJobManager completed {"execution_time":"2026-05-18T16:16:01+00:00","duration_ms":11.526,"dispatched":0,"skipped":0} 
[2026-05-18 16:17:01] production.INFO: ScheduledJobManager started {"execution_time":"2026-05-18T16:17:01+00:00"} 
[2026-05-18 16:17:01] production.INFO: ScheduledJobManager completed {"execution_time":"2026-05-18T16:17:01+00:00","duration_ms":11.115,"dispatched":0,"skipped":0} 
[2026-05-18 16:18:01] production.INFO: ScheduledJobManager started {"execution_time":"2026-05-18T16:18:01+00:00"} 
[2026-05-18 16:18:01] production.INFO: ScheduledJobManager completed {"execution_time":"2026-05-18T16:18:01+00:00","duration_ms":5.801,"dispatched":0,"skipped":0} 
[2026-05-18 16:19:01] production.INFO: ScheduledJobManager started {"execution_time":"2026-05-18T16:19:01+00:00"} 
[2026-05-18 16:19:01] production.INFO: ScheduledJobManager completed {"execution_time":"2026-05-18T16:19:01+00:00","duration_ms":11.05,"dispatched":0,"skipped":0} 
[2026-05-18 16:20:01] production.INFO: ScheduledJobManager started {"execution_time":"2026-05-18T16:20:01+00:00"} 
[2026-05-18 16:20:01] production.INFO: ScheduledJobManager completed {"execution_time":"2026-05-18T16:20:01+00:00","duration_ms":3.847,"dispatched":0,"skipped":0} 
[2026-05-18 16:21:01] production.INFO: ScheduledJobManager started {"execution_time":"2026-05-18T16:21:01+00:00"} 
[2026-05-18 16:21:01] production.INFO: ScheduledJobManager completed {"execution_time":"2026-05-18T16:21:01+00:00","duration_ms":11.679,"dispatched":0,"skipped":0} 
[2026-05-18 16:22:01] production.INFO: ScheduledJobManager started {"execution_time":"2026-05-18T16:22:01+00:00"} 
[2026-05-18 16:22:01] production.INFO: ScheduledJobManager completed {"execution_time":"2026-05-18T16:22:01+00:00","duration_ms":11.145,"dispatched":0,"skipped":0} 
[2026-05-18 16:23:01] production.INFO: ScheduledJobManager started {"execution_time":"2026-05-18T16:23:01+00:00"} 
[2026-05-18 16:23:01] production.INFO: ScheduledJobManager completed {"execution_time":"2026-05-18T16:23:01+00:00","duration_ms":11.066,"dispatched":0,"skipped":0} 
[2026-05-18 16:24:01] production.INFO: ScheduledJobManager started {"execution_time":"2026-05-18T16:24:01+00:00"} 
[2026-05-18 16:24:01] production.INFO: ScheduledJobManager completed {"execution_time":"2026-05-18T16:24:01+00:00","duration_ms":11.54,"dispatched":0,"skipped":0} 
[2026-05-18 16:25:01] production.INFO: ScheduledJobManager started {"execution_time":"2026-05-18T16:25:01+00:00"} 
[2026-05-18 16:25:01] production.INFO: ScheduledJobManager completed {"execution_time":"2026-05-18T16:25:01+00:00","duration_ms":11.311,"dispatched":0,"skipped":0} 
[2026-05-18 16:26:01] production.INFO: ScheduledJobManager started {"execution_time":"2026-05-18T16:26:01+00:00"} 
[2026-05-18 16:26:01] production.INFO: ScheduledJobManager completed {"execution_time":"2026-05-18T16:26:01+00:00","duration_ms":11.337,"dispatched":0,"skipped":0} 
[2026-05-18 16:27:01] production.INFO: ScheduledJobManager started {"execution_time":"2026-05-18T16:27:01+00:00"} 
[2026-05-18 16:27:01] production.INFO: ScheduledJobManager completed {"execution_time":"2026-05-18T16:27:01+00:00","duration_ms":11.025,"dispatched":0,"skipped":0} 
[2026-05-18 16:28:01] production.INFO: ScheduledJobManager started {"execution_time":"2026-05-18T16:28:01+00:00"} 
[2026-05-18 16:28:01] production.INFO: ScheduledJobManager completed {"execution_time":"2026-05-18T16:28:01+00:00","duration_ms":10.937,"dispatched":0,"skipped":0} 
[2026-05-18 16:29:01] production.INFO: ScheduledJobManager started {"execution_time":"2026-05-18T16:29:01+00:00"} 
[2026-05-18 16:29:01] production.INFO: ScheduledJobManager completed {"execution_time":"2026-05-18T16:29:01+00:00","duration_ms":10.949,"dispatched":0,"skipped":0} 
[2026-05-18 16:30:01] production.INFO: ScheduledJobManager started {"execution_time":"2026-05-18T16:30:01+00:00"} 
[2026-05-18 16:30:01] production.INFO: ScheduledJobManager completed {"execution_time":"2026-05-18T16:30:01+00:00","duration_ms":11.476,"dispatched":0,"skipped":0} 
[2026-05-18 16:31:00] production.INFO: ScheduledJobManager started {"execution_time":"2026-05-18T16:31:00+00:00"} 
[2026-05-18 16:31:00] production.INFO: ScheduledJobManager completed {"execution_time":"2026-05-18T16:31:00+00:00","duration_ms":11.17,"dispatched":0,"skipped":0} 
[2026-05-18 16:32:01] production.INFO: ScheduledJobManager started {"execution_time":"2026-05-18T16:32:01+00:00"} 
[2026-05-18 16:32:01] production.INFO: ScheduledJobManager completed {"execution_time":"2026-05-18T16:32:01+00:00","duration_ms":5.598,"dispatched":0,"skipped":0} 
[2026-05-18 16:33:01] production.INFO: ScheduledJobManager started {"execution_time":"2026-05-18T16:33:01+00:00"} 
[2026-05-18 16:33:01] production.INFO: ScheduledJobManager completed {"execution_time":"2026-05-18T16:33:01+00:00","duration_ms":11.468,"dispatched":0,"skipped":0} 
[2026-05-18 16:34:01] production.INFO: ScheduledJobManager started {"execution_time":"2026-05-18T16:34:01+00:00"} 
[2026-05-18 16:34:01] production.INFO: ScheduledJobManager completed {"execution_time":"2026-05-18T16:34:01+00:00","duration_ms":11.112,"dispatched":0,"skipped":0} 
[2026-05-18 16:35:01] production.INFO: ScheduledJobManager started {"execution_time":"2026-05-18T16:35:01+00:00"} 
[2026-05-18 16:35:01] production.INFO: ScheduledJobManager completed {"execution_time":"2026-05-18T16:35:01+00:00","duration_ms":3.708,"dispatched":0,"skipped":0} 
