[2026-05-15 00:00:04] production.INFO: ScheduledJobManager started {"execution_time":"2026-05-15T00:00:04+00:00"} 
[2026-05-15 00:00:04] production.INFO: Docker cleanup dispatched {"server_id":1,"server_name":"SARVER ","team_id":4} 
[2026-05-15 00:00:04] production.INFO: Docker cleanup dispatched {"server_id":0,"server_name":"localhost","team_id":0} 
[2026-05-15 00:00:04] production.INFO: ScheduledJobManager completed {"execution_time":"2026-05-15T00:00:04+00:00","duration_ms":14.504,"dispatched":2,"skipped":0} 
[2026-05-15 00:01:01] production.INFO: ScheduledJobManager started {"execution_time":"2026-05-15T00:01:01+00:00"} 
[2026-05-15 00:01:01] production.INFO: ScheduledJobManager completed {"execution_time":"2026-05-15T00:01:01+00:00","duration_ms":12.195,"dispatched":0,"skipped":0} 
[2026-05-15 00:02:01] production.INFO: ScheduledJobManager started {"execution_time":"2026-05-15T00:02:01+00:00"} 
[2026-05-15 00:02:01] production.INFO: ScheduledJobManager completed {"execution_time":"2026-05-15T00:02:01+00:00","duration_ms":11.638,"dispatched":0,"skipped":0} 
[2026-05-15 00:03:01] production.INFO: ScheduledJobManager started {"execution_time":"2026-05-15T00:03:01+00:00"} 
[2026-05-15 00:03:01] production.INFO: ScheduledJobManager completed {"execution_time":"2026-05-15T00:03:01+00:00","duration_ms":11.777,"dispatched":0,"skipped":0} 
[2026-05-15 00:04:01] production.INFO: ScheduledJobManager started {"execution_time":"2026-05-15T00:04:01+00:00"} 
[2026-05-15 00:04:01] production.INFO: ScheduledJobManager completed {"execution_time":"2026-05-15T00:04:01+00:00","duration_ms":12.306,"dispatched":0,"skipped":0} 
[2026-05-15 00:05:01] production.INFO: ScheduledJobManager started {"execution_time":"2026-05-15T00:05:01+00:00"} 
[2026-05-15 00:05:01] production.INFO: ScheduledJobManager completed {"execution_time":"2026-05-15T00:05:01+00:00","duration_ms":11.696,"dispatched":0,"skipped":0} 
[2026-05-15 00:06:01] production.INFO: ScheduledJobManager started {"execution_time":"2026-05-15T00:06:01+00:00"} 
[2026-05-15 00:06:01] production.INFO: ScheduledJobManager completed {"execution_time":"2026-05-15T00:06:01+00:00","duration_ms":11.535,"dispatched":0,"skipped":0} 
[2026-05-15 00:07:01] production.INFO: ScheduledJobManager started {"execution_time":"2026-05-15T00:07:01+00:00"} 
[2026-05-15 00:07:01] production.INFO: ScheduledJobManager completed {"execution_time":"2026-05-15T00:07:01+00:00","duration_ms":12.052,"dispatched":0,"skipped":0} 
[2026-05-15 00:08:01] production.INFO: ScheduledJobManager started {"execution_time":"2026-05-15T00:08:01+00:00"} 
[2026-05-15 00:08:01] production.INFO: ScheduledJobManager completed {"execution_time":"2026-05-15T00:08:01+00:00","duration_ms":11.716,"dispatched":0,"skipped":0} 
[2026-05-15 00:09:01] production.INFO: ScheduledJobManager started {"execution_time":"2026-05-15T00:09:01+00:00"} 
[2026-05-15 00:09:01] production.INFO: ScheduledJobManager completed {"execution_time":"2026-05-15T00:09:01+00:00","duration_ms":11.633,"dispatched":0,"skipped":0} 
[2026-05-15 00:10:01] production.INFO: ScheduledJobManager started {"execution_time":"2026-05-15T00:10:01+00:00"} 
[2026-05-15 00:10:01] production.INFO: ScheduledJobManager completed {"execution_time":"2026-05-15T00:10:01+00:00","duration_ms":12.049,"dispatched":0,"skipped":0} 
[2026-05-15 00:11:00] production.INFO: ScheduledJobManager started {"execution_time":"2026-05-15T00:11:00+00:00"} 
[2026-05-15 00:11:00] production.INFO: ScheduledJobManager completed {"execution_time":"2026-05-15T00:11:00+00:00","duration_ms":11.808,"dispatched":0,"skipped":0} 
[2026-05-15 00:12:01] production.INFO: ScheduledJobManager started {"execution_time":"2026-05-15T00:12:01+00:00"} 
[2026-05-15 00:12:01] production.INFO: ScheduledJobManager completed {"execution_time":"2026-05-15T00:12:01+00:00","duration_ms":5.13,"dispatched":0,"skipped":0} 
[2026-05-15 00:13:01] production.INFO: ScheduledJobManager started {"execution_time":"2026-05-15T00:13:01+00:00"} 
[2026-05-15 00:13:01] production.INFO: ScheduledJobManager completed {"execution_time":"2026-05-15T00:13:01+00:00","duration_ms":19.945,"dispatched":0,"skipped":0} 
[2026-05-15 00:14:01] production.INFO: ScheduledJobManager started {"execution_time":"2026-05-15T00:14:01+00:00"} 
[2026-05-15 00:14:01] production.INFO: ScheduledJobManager completed {"execution_time":"2026-05-15T00:14:01+00:00","duration_ms":5.833,"dispatched":0,"skipped":0} 
[2026-05-15 00:15:01] production.INFO: ScheduledJobManager started {"execution_time":"2026-05-15T00:15:01+00:00"} 
[2026-05-15 00:15:01] production.INFO: ScheduledJobManager completed {"execution_time":"2026-05-15T00:15:01+00:00","duration_ms":11.143,"dispatched":0,"skipped":0} 
[2026-05-15 00:16:01] production.INFO: ScheduledJobManager started {"execution_time":"2026-05-15T00:16:01+00:00"} 
[2026-05-15 00:16:01] production.INFO: ScheduledJobManager completed {"execution_time":"2026-05-15T00:16:01+00:00","duration_ms":10.932,"dispatched":0,"skipped":0} 
[2026-05-15 00:17:01] production.INFO: ScheduledJobManager started {"execution_time":"2026-05-15T00:17:01+00:00"} 
[2026-05-15 00:17:01] production.INFO: ScheduledJobManager completed {"execution_time":"2026-05-15T00:17:01+00:00","duration_ms":11.769,"dispatched":0,"skipped":0} 
[2026-05-15 00:18:01] production.INFO: ScheduledJobManager started {"execution_time":"2026-05-15T00:18:01+00:00"} 
[2026-05-15 00:18:01] production.INFO: ScheduledJobManager completed {"execution_time":"2026-05-15T00:18:01+00:00","duration_ms":12.112,"dispatched":0,"skipped":0} 
[2026-05-15 00:19:01] production.INFO: ScheduledJobManager started {"execution_time":"2026-05-15T00:19:01+00:00"} 
[2026-05-15 00:19:01] production.INFO: ScheduledJobManager completed {"execution_time":"2026-05-15T00:19:01+00:00","duration_ms":10.977,"dispatched":0,"skipped":0} 
[2026-05-15 00:20:01] production.INFO: ScheduledJobManager started {"execution_time":"2026-05-15T00:20:01+00:00"} 
[2026-05-15 00:20:01] production.INFO: ScheduledJobManager completed {"execution_time":"2026-05-15T00:20:01+00:00","duration_ms":5.418,"dispatched":0,"skipped":0} 
[2026-05-15 00:21:01] production.INFO: ScheduledJobManager started {"execution_time":"2026-05-15T00:21:01+00:00"} 
[2026-05-15 00:21:01] production.INFO: ScheduledJobManager completed {"execution_time":"2026-05-15T00:21:01+00:00","duration_ms":10.961,"dispatched":0,"skipped":0} 
[2026-05-15 00:22:01] production.INFO: ScheduledJobManager started {"execution_time":"2026-05-15T00:22:01+00:00"} 
[2026-05-15 00:22:01] production.INFO: ScheduledJobManager completed {"execution_time":"2026-05-15T00:22:01+00:00","duration_ms":11.102,"dispatched":0,"skipped":0} 
[2026-05-15 00:23:01] production.INFO: ScheduledJobManager started {"execution_time":"2026-05-15T00:23:01+00:00"} 
[2026-05-15 00:23:01] production.INFO: ScheduledJobManager completed {"execution_time":"2026-05-15T00:23:01+00:00","duration_ms":11.437,"dispatched":0,"skipped":0} 
[2026-05-15 00:24:01] production.INFO: ScheduledJobManager started {"execution_time":"2026-05-15T00:24:01+00:00"} 
[2026-05-15 00:24:01] production.INFO: ScheduledJobManager completed {"execution_time":"2026-05-15T00:24:01+00:00","duration_ms":12.277,"dispatched":0,"skipped":0} 
[2026-05-15 00:25:01] production.INFO: ScheduledJobManager started {"execution_time":"2026-05-15T00:25:01+00:00"} 
[2026-05-15 00:25:01] production.INFO: ScheduledJobManager completed {"execution_time":"2026-05-15T00:25:01+00:00","duration_ms":12.064,"dispatched":0,"skipped":0} 
[2026-05-15 00:26:01] production.INFO: ScheduledJobManager started {"execution_time":"2026-05-15T00:26:01+00:00"} 
[2026-05-15 00:26:01] production.INFO: ScheduledJobManager completed {"execution_time":"2026-05-15T00:26:01+00:00","duration_ms":11.974,"dispatched":0,"skipped":0} 
[2026-05-15 00:27:01] production.INFO: ScheduledJobManager started {"execution_time":"2026-05-15T00:27:01+00:00"} 
[2026-05-15 00:27:01] production.INFO: ScheduledJobManager completed {"execution_time":"2026-05-15T00:27:01+00:00","duration_ms":11.809,"dispatched":0,"skipped":0} 
[2026-05-15 00:28:01] production.INFO: ScheduledJobManager started {"execution_time":"2026-05-15T00:28:01+00:00"} 
[2026-05-15 00:28:01] production.INFO: ScheduledJobManager completed {"execution_time":"2026-05-15T00:28:01+00:00","duration_ms":5.646,"dispatched":0,"skipped":0} 
[2026-05-15 00:29:01] production.INFO: ScheduledJobManager started {"execution_time":"2026-05-15T00:29:01+00:00"} 
[2026-05-15 00:29:01] production.INFO: ScheduledJobManager completed {"execution_time":"2026-05-15T00:29:01+00:00","duration_ms":11.68,"dispatched":0,"skipped":0} 
[2026-05-15 00:30:01] production.INFO: ScheduledJobManager started {"execution_time":"2026-05-15T00:30:01+00:00"} 
[2026-05-15 00:30:01] production.INFO: ScheduledJobManager completed {"execution_time":"2026-05-15T00:30:01+00:00","duration_ms":4.921,"dispatched":0,"skipped":0} 
[2026-05-15 00:31:01] production.INFO: ScheduledJobManager started {"execution_time":"2026-05-15T00:31:01+00:00"} 
[2026-05-15 00:31:01] production.INFO: ScheduledJobManager completed {"execution_time":"2026-05-15T00:31:01+00:00","duration_ms":12.032,"dispatched":0,"skipped":0} 
[2026-05-15 00:32:01] production.INFO: ScheduledJobManager started {"execution_time":"2026-05-15T00:32:01+00:00"} 
[2026-05-15 00:32:01] production.INFO: ScheduledJobManager completed {"execution_time":"2026-05-15T00:32:01+00:00","duration_ms":12.186,"dispatched":0,"skipped":0} 
[2026-05-15 00:33:01] production.INFO: ScheduledJobManager started {"execution_time":"2026-05-15T00:33:01+00:00"} 
[2026-05-15 00:33:01] production.INFO: ScheduledJobManager completed {"execution_time":"2026-05-15T00:33:01+00:00","duration_ms":11.94,"dispatched":0,"skipped":0} 
[2026-05-15 00:34:01] production.INFO: ScheduledJobManager started {"execution_time":"2026-05-15T00:34:01+00:00"} 
[2026-05-15 00:34:01] production.INFO: ScheduledJobManager completed {"execution_time":"2026-05-15T00:34:01+00:00","duration_ms":11.976,"dispatched":0,"skipped":0} 
[2026-05-15 00:35:01] production.INFO: ScheduledJobManager started {"execution_time":"2026-05-15T00:35:01+00:00"} 
[2026-05-15 00:35:01] production.INFO: ScheduledJobManager completed {"execution_time":"2026-05-15T00:35:01+00:00","duration_ms":11.977,"dispatched":0,"skipped":0} 
[2026-05-15 00:36:01] production.INFO: ScheduledJobManager started {"execution_time":"2026-05-15T00:36:01+00:00"} 
[2026-05-15 00:36:01] production.INFO: ScheduledJobManager completed {"execution_time":"2026-05-15T00:36:01+00:00","duration_ms":11.851,"dispatched":0,"skipped":0} 
[2026-05-15 00:37:01] production.INFO: ScheduledJobManager started {"execution_time":"2026-05-15T00:37:01+00:00"} 
[2026-05-15 00:37:01] production.INFO: ScheduledJobManager completed {"execution_time":"2026-05-15T00:37:01+00:00","duration_ms":19.189,"dispatched":0,"skipped":0} 
[2026-05-15 00:38:01] production.INFO: ScheduledJobManager started {"execution_time":"2026-05-15T00:38:01+00:00"} 
[2026-05-15 00:38:01] production.INFO: ScheduledJobManager completed {"execution_time":"2026-05-15T00:38:01+00:00","duration_ms":12.003,"dispatched":0,"skipped":0} 
[2026-05-15 00:39:01] production.INFO: ScheduledJobManager started {"execution_time":"2026-05-15T00:39:01+00:00"} 
[2026-05-15 00:39:01] production.INFO: ScheduledJobManager completed {"execution_time":"2026-05-15T00:39:01+00:00","duration_ms":12.013,"dispatched":0,"skipped":0} 
[2026-05-15 00:40:01] production.INFO: ScheduledJobManager started {"execution_time":"2026-05-15T00:40:01+00:00"} 
[2026-05-15 00:40:01] production.INFO: ScheduledJobManager completed {"execution_time":"2026-05-15T00:40:01+00:00","duration_ms":11.081,"dispatched":0,"skipped":0} 
[2026-05-15 00:41:01] production.INFO: ScheduledJobManager started {"execution_time":"2026-05-15T00:41:01+00:00"} 
[2026-05-15 00:41:01] production.INFO: ScheduledJobManager completed {"execution_time":"2026-05-15T00:41:01+00:00","duration_ms":10.846,"dispatched":0,"skipped":0} 
[2026-05-15 00:42:01] production.INFO: ScheduledJobManager started {"execution_time":"2026-05-15T00:42:01+00:00"} 
[2026-05-15 00:42:01] production.INFO: ScheduledJobManager completed {"execution_time":"2026-05-15T00:42:01+00:00","duration_ms":10.773,"dispatched":0,"skipped":0} 
[2026-05-15 00:43:01] production.INFO: ScheduledJobManager started {"execution_time":"2026-05-15T00:43:01+00:00"} 
[2026-05-15 00:43:01] production.INFO: ScheduledJobManager completed {"execution_time":"2026-05-15T00:43:01+00:00","duration_ms":11.042,"dispatched":0,"skipped":0} 
[2026-05-15 00:44:01] production.INFO: ScheduledJobManager started {"execution_time":"2026-05-15T00:44:01+00:00"} 
[2026-05-15 00:44:01] production.INFO: ScheduledJobManager completed {"execution_time":"2026-05-15T00:44:01+00:00","duration_ms":5.719,"dispatched":0,"skipped":0} 
[2026-05-15 00:45:01] production.INFO: ScheduledJobManager started {"execution_time":"2026-05-15T00:45:01+00:00"} 
[2026-05-15 00:45:01] production.INFO: ScheduledJobManager completed {"execution_time":"2026-05-15T00:45:01+00:00","duration_ms":11.918,"dispatched":0,"skipped":0} 
[2026-05-15 00:46:01] production.INFO: ScheduledJobManager started {"execution_time":"2026-05-15T00:46:01+00:00"} 
[2026-05-15 00:46:01] production.INFO: ScheduledJobManager completed {"execution_time":"2026-05-15T00:46:01+00:00","duration_ms":11.732,"dispatched":0,"skipped":0} 
[2026-05-15 00:47:01] production.INFO: ScheduledJobManager started {"execution_time":"2026-05-15T00:47:01+00:00"} 
[2026-05-15 00:47:01] production.INFO: ScheduledJobManager completed {"execution_time":"2026-05-15T00:47:01+00:00","duration_ms":12.163,"dispatched":0,"skipped":0} 
[2026-05-15 00:48:01] production.INFO: ScheduledJobManager started {"execution_time":"2026-05-15T00:48:01+00:00"} 
[2026-05-15 00:48:01] production.INFO: ScheduledJobManager completed {"execution_time":"2026-05-15T00:48:01+00:00","duration_ms":11.689,"dispatched":0,"skipped":0} 
[2026-05-15 00:49:01] production.INFO: ScheduledJobManager started {"execution_time":"2026-05-15T00:49:01+00:00"} 
[2026-05-15 00:49:01] production.INFO: ScheduledJobManager completed {"execution_time":"2026-05-15T00:49:01+00:00","duration_ms":12.036,"dispatched":0,"skipped":0} 
[2026-05-15 00:50:01] production.INFO: ScheduledJobManager started {"execution_time":"2026-05-15T00:50:01+00:00"} 
[2026-05-15 00:50:01] production.INFO: ScheduledJobManager completed {"execution_time":"2026-05-15T00:50:01+00:00","duration_ms":58.63,"dispatched":0,"skipped":0} 
[2026-05-15 00:51:01] production.INFO: ScheduledJobManager started {"execution_time":"2026-05-15T00:51:01+00:00"} 
[2026-05-15 00:51:01] production.INFO: ScheduledJobManager completed {"execution_time":"2026-05-15T00:51:01+00:00","duration_ms":11.618,"dispatched":0,"skipped":0} 
[2026-05-15 00:52:01] production.INFO: ScheduledJobManager started {"execution_time":"2026-05-15T00:52:01+00:00"} 
[2026-05-15 00:52:01] production.INFO: ScheduledJobManager completed {"execution_time":"2026-05-15T00:52:01+00:00","duration_ms":11.777,"dispatched":0,"skipped":0} 
[2026-05-15 00:53:01] production.INFO: ScheduledJobManager started {"execution_time":"2026-05-15T00:53:01+00:00"} 
[2026-05-15 00:53:01] production.INFO: ScheduledJobManager completed {"execution_time":"2026-05-15T00:53:01+00:00","duration_ms":12.127,"dispatched":0,"skipped":0} 
[2026-05-15 00:54:01] production.INFO: ScheduledJobManager started {"execution_time":"2026-05-15T00:54:01+00:00"} 
[2026-05-15 00:54:01] production.INFO: ScheduledJobManager completed {"execution_time":"2026-05-15T00:54:01+00:00","duration_ms":11.905,"dispatched":0,"skipped":0} 
[2026-05-15 00:55:01] production.INFO: ScheduledJobManager started {"execution_time":"2026-05-15T00:55:01+00:00"} 
[2026-05-15 00:55:01] production.INFO: ScheduledJobManager completed {"execution_time":"2026-05-15T00:55:01+00:00","duration_ms":12.19,"dispatched":0,"skipped":0} 
[2026-05-15 00:56:01] production.INFO: ScheduledJobManager started {"execution_time":"2026-05-15T00:56:01+00:00"} 
[2026-05-15 00:56:01] production.INFO: ScheduledJobManager completed {"execution_time":"2026-05-15T00:56:01+00:00","duration_ms":11.993,"dispatched":0,"skipped":0} 
[2026-05-15 00:57:01] production.INFO: ScheduledJobManager started {"execution_time":"2026-05-15T00:57:01+00:00"} 
[2026-05-15 00:57:01] production.INFO: ScheduledJobManager completed {"execution_time":"2026-05-15T00:57:01+00:00","duration_ms":12.271,"dispatched":0,"skipped":0} 
[2026-05-15 00:58:02] production.INFO: ScheduledJobManager started {"execution_time":"2026-05-15T00:58:02+00:00"} 
[2026-05-15 00:58:02] production.INFO: ScheduledJobManager completed {"execution_time":"2026-05-15T00:58:02+00:00","duration_ms":11.987,"dispatched":0,"skipped":0} 
[2026-05-15 00:59:01] production.INFO: ScheduledJobManager started {"execution_time":"2026-05-15T00:59:01+00:00"} 
[2026-05-15 00:59:01] production.INFO: ScheduledJobManager completed {"execution_time":"2026-05-15T00:59:01+00:00","duration_ms":11.31,"dispatched":0,"skipped":0} 
[2026-05-15 01:00:02] production.INFO: ScheduledJobManager started {"execution_time":"2026-05-15T01:00:02+00:00"} 
[2026-05-15 01:00:02] production.INFO: ScheduledJobManager completed {"execution_time":"2026-05-15T01:00:02+00:00","duration_ms":16.127,"dispatched":0,"skipped":0} 
[2026-05-15 01:01:01] production.INFO: ScheduledJobManager started {"execution_time":"2026-05-15T01:01:01+00:00"} 
[2026-05-15 01:01:01] production.INFO: ScheduledJobManager completed {"execution_time":"2026-05-15T01:01:01+00:00","duration_ms":12.194,"dispatched":0,"skipped":0} 
[2026-05-15 01:02:01] production.INFO: ScheduledJobManager started {"execution_time":"2026-05-15T01:02:01+00:00"} 
[2026-05-15 01:02:01] production.INFO: ScheduledJobManager completed {"execution_time":"2026-05-15T01:02:01+00:00","duration_ms":10.905,"dispatched":0,"skipped":0} 
[2026-05-15 01:03:01] production.INFO: ScheduledJobManager started {"execution_time":"2026-05-15T01:03:01+00:00"} 
[2026-05-15 01:03:01] production.INFO: ScheduledJobManager completed {"execution_time":"2026-05-15T01:03:01+00:00","duration_ms":11.003,"dispatched":0,"skipped":0} 
[2026-05-15 01:04:01] production.INFO: ScheduledJobManager started {"execution_time":"2026-05-15T01:04:01+00:00"} 
[2026-05-15 01:04:01] production.INFO: ScheduledJobManager completed {"execution_time":"2026-05-15T01:04:01+00:00","duration_ms":10.829,"dispatched":0,"skipped":0} 
[2026-05-15 01:05:01] production.INFO: ScheduledJobManager started {"execution_time":"2026-05-15T01:05:01+00:00"} 
[2026-05-15 01:05:01] production.INFO: ScheduledJobManager completed {"execution_time":"2026-05-15T01:05:01+00:00","duration_ms":10.835,"dispatched":0,"skipped":0} 
[2026-05-15 01:06:01] production.INFO: ScheduledJobManager started {"execution_time":"2026-05-15T01:06:01+00:00"} 
[2026-05-15 01:06:01] production.INFO: ScheduledJobManager completed {"execution_time":"2026-05-15T01:06:01+00:00","duration_ms":10.987,"dispatched":0,"skipped":0} 
[2026-05-15 01:07:01] production.INFO: ScheduledJobManager started {"execution_time":"2026-05-15T01:07:01+00:00"} 
[2026-05-15 01:07:01] production.INFO: ScheduledJobManager completed {"execution_time":"2026-05-15T01:07:01+00:00","duration_ms":11.169,"dispatched":0,"skipped":0} 
[2026-05-15 01:08:01] production.INFO: ScheduledJobManager started {"execution_time":"2026-05-15T01:08:01+00:00"} 
[2026-05-15 01:08:01] production.INFO: ScheduledJobManager completed {"execution_time":"2026-05-15T01:08:01+00:00","duration_ms":11.974,"dispatched":0,"skipped":0} 
[2026-05-15 01:09:01] production.INFO: ScheduledJobManager started {"execution_time":"2026-05-15T01:09:01+00:00"} 
[2026-05-15 01:09:01] production.INFO: ScheduledJobManager completed {"execution_time":"2026-05-15T01:09:01+00:00","duration_ms":11.724,"dispatched":0,"skipped":0} 
[2026-05-15 01:10:01] production.INFO: ScheduledJobManager started {"execution_time":"2026-05-15T01:10:01+00:00"} 
[2026-05-15 01:10:01] production.INFO: ScheduledJobManager completed {"execution_time":"2026-05-15T01:10:01+00:00","duration_ms":12.141,"dispatched":0,"skipped":0} 
[2026-05-15 01:11:01] production.INFO: ScheduledJobManager started {"execution_time":"2026-05-15T01:11:01+00:00"} 
[2026-05-15 01:11:01] production.INFO: ScheduledJobManager completed {"execution_time":"2026-05-15T01:11:01+00:00","duration_ms":11.911,"dispatched":0,"skipped":0} 
[2026-05-15 01:12:01] production.INFO: ScheduledJobManager started {"execution_time":"2026-05-15T01:12:01+00:00"} 
[2026-05-15 01:12:01] production.INFO: ScheduledJobManager completed {"execution_time":"2026-05-15T01:12:01+00:00","duration_ms":11.477,"dispatched":0,"skipped":0} 
[2026-05-15 01:13:00] production.INFO: ScheduledJobManager started {"execution_time":"2026-05-15T01:13:00+00:00"} 
[2026-05-15 01:13:00] production.INFO: ScheduledJobManager completed {"execution_time":"2026-05-15T01:13:00+00:00","duration_ms":21.194,"dispatched":0,"skipped":0} 
[2026-05-15 01:14:01] production.INFO: ScheduledJobManager started {"execution_time":"2026-05-15T01:14:01+00:00"} 
[2026-05-15 01:14:01] production.INFO: ScheduledJobManager completed {"execution_time":"2026-05-15T01:14:01+00:00","duration_ms":5.534,"dispatched":0,"skipped":0} 
[2026-05-15 01:15:01] production.INFO: ScheduledJobManager started {"execution_time":"2026-05-15T01:15:01+00:00"} 
[2026-05-15 01:15:01] production.INFO: ScheduledJobManager completed {"execution_time":"2026-05-15T01:15:01+00:00","duration_ms":12.001,"dispatched":0,"skipped":0} 
[2026-05-15 01:16:01] production.INFO: ScheduledJobManager started {"execution_time":"2026-05-15T01:16:01+00:00"} 
[2026-05-15 01:16:01] production.INFO: ScheduledJobManager completed {"execution_time":"2026-05-15T01:16:01+00:00","duration_ms":11.992,"dispatched":0,"skipped":0} 
[2026-05-15 01:17:01] production.INFO: ScheduledJobManager started {"execution_time":"2026-05-15T01:17:01+00:00"} 
[2026-05-15 01:17:01] production.INFO: ScheduledJobManager completed {"execution_time":"2026-05-15T01:17:01+00:00","duration_ms":12.284,"dispatched":0,"skipped":0} 
[2026-05-15 01:18:01] production.INFO: ScheduledJobManager started {"execution_time":"2026-05-15T01:18:01+00:00"} 
[2026-05-15 01:18:01] production.INFO: ScheduledJobManager completed {"execution_time":"2026-05-15T01:18:01+00:00","duration_ms":15.209,"dispatched":0,"skipped":0} 
[2026-05-15 01:19:01] production.INFO: ScheduledJobManager started {"execution_time":"2026-05-15T01:19:01+00:00"} 
[2026-05-15 01:19:01] production.INFO: ScheduledJobManager completed {"execution_time":"2026-05-15T01:19:01+00:00","duration_ms":11.921,"dispatched":0,"skipped":0} 
[2026-05-15 01:20:01] production.INFO: ScheduledJobManager started {"execution_time":"2026-05-15T01:20:01+00:00"} 
[2026-05-15 01:20:01] production.INFO: ScheduledJobManager completed {"execution_time":"2026-05-15T01:20:01+00:00","duration_ms":3.82,"dispatched":0,"skipped":0} 
[2026-05-15 01:21:01] production.INFO: ScheduledJobManager started {"execution_time":"2026-05-15T01:21:01+00:00"} 
[2026-05-15 01:21:01] production.INFO: ScheduledJobManager completed {"execution_time":"2026-05-15T01:21:01+00:00","duration_ms":12.131,"dispatched":0,"skipped":0} 
[2026-05-15 01:22:01] production.INFO: ScheduledJobManager started {"execution_time":"2026-05-15T01:22:01+00:00"} 
[2026-05-15 01:22:01] production.INFO: ScheduledJobManager completed {"execution_time":"2026-05-15T01:22:01+00:00","duration_ms":11.857,"dispatched":0,"skipped":0} 
[2026-05-15 01:23:01] production.INFO: ScheduledJobManager started {"execution_time":"2026-05-15T01:23:01+00:00"} 
[2026-05-15 01:23:01] production.INFO: ScheduledJobManager completed {"execution_time":"2026-05-15T01:23:01+00:00","duration_ms":11.532,"dispatched":0,"skipped":0} 
[2026-05-15 01:24:01] production.INFO: ScheduledJobManager started {"execution_time":"2026-05-15T01:24:01+00:00"} 
[2026-05-15 01:24:01] production.INFO: ScheduledJobManager completed {"execution_time":"2026-05-15T01:24:01+00:00","duration_ms":10.946,"dispatched":0,"skipped":0} 
[2026-05-15 01:25:01] production.INFO: ScheduledJobManager started {"execution_time":"2026-05-15T01:25:01+00:00"} 
[2026-05-15 01:25:01] production.INFO: ScheduledJobManager completed {"execution_time":"2026-05-15T01:25:01+00:00","duration_ms":11.167,"dispatched":0,"skipped":0} 
[2026-05-15 01:26:01] production.INFO: ScheduledJobManager started {"execution_time":"2026-05-15T01:26:01+00:00"} 
[2026-05-15 01:26:01] production.INFO: ScheduledJobManager completed {"execution_time":"2026-05-15T01:26:01+00:00","duration_ms":11.311,"dispatched":0,"skipped":0} 
[2026-05-15 01:27:01] production.INFO: ScheduledJobManager started {"execution_time":"2026-05-15T01:27:01+00:00"} 
[2026-05-15 01:27:01] production.INFO: ScheduledJobManager completed {"execution_time":"2026-05-15T01:27:01+00:00","duration_ms":10.898,"dispatched":0,"skipped":0} 
[2026-05-15 01:28:01] production.INFO: ScheduledJobManager started {"execution_time":"2026-05-15T01:28:01+00:00"} 
[2026-05-15 01:28:01] production.INFO: ScheduledJobManager completed {"execution_time":"2026-05-15T01:28:01+00:00","duration_ms":11.011,"dispatched":0,"skipped":0} 
[2026-05-15 01:29:02] production.INFO: ScheduledJobManager started {"execution_time":"2026-05-15T01:29:02+00:00"} 
[2026-05-15 01:29:02] production.INFO: ScheduledJobManager completed {"execution_time":"2026-05-15T01:29:02+00:00","duration_ms":11.982,"dispatched":0,"skipped":0} 
[2026-05-15 01:30:02] production.INFO: ScheduledJobManager started {"execution_time":"2026-05-15T01:30:02+00:00"} 
[2026-05-15 01:30:02] production.INFO: ScheduledJobManager completed {"execution_time":"2026-05-15T01:30:02+00:00","duration_ms":12.217,"dispatched":0,"skipped":0} 
[2026-05-15 01:31:01] production.INFO: ScheduledJobManager started {"execution_time":"2026-05-15T01:31:01+00:00"} 
[2026-05-15 01:31:01] production.INFO: ScheduledJobManager completed {"execution_time":"2026-05-15T01:31:01+00:00","duration_ms":11.988,"dispatched":0,"skipped":0} 
[2026-05-15 01:32:01] production.INFO: ScheduledJobManager started {"execution_time":"2026-05-15T01:32:01+00:00"} 
[2026-05-15 01:32:01] production.INFO: ScheduledJobManager completed {"execution_time":"2026-05-15T01:32:01+00:00","duration_ms":5.785,"dispatched":0,"skipped":0} 
[2026-05-15 01:33:01] production.INFO: ScheduledJobManager started {"execution_time":"2026-05-15T01:33:01+00:00"} 
[2026-05-15 01:33:01] production.INFO: ScheduledJobManager completed {"execution_time":"2026-05-15T01:33:01+00:00","duration_ms":11.971,"dispatched":0,"skipped":0} 
[2026-05-15 01:34:01] production.INFO: ScheduledJobManager started {"execution_time":"2026-05-15T01:34:01+00:00"} 
[2026-05-15 01:34:01] production.INFO: ScheduledJobManager completed {"execution_time":"2026-05-15T01:34:01+00:00","duration_ms":11.887,"dispatched":0,"skipped":0} 
[2026-05-15 01:35:01] production.INFO: ScheduledJobManager started {"execution_time":"2026-05-15T01:35:01+00:00"} 
[2026-05-15 01:35:01] production.INFO: ScheduledJobManager completed {"execution_time":"2026-05-15T01:35:01+00:00","duration_ms":4.119,"dispatched":0,"skipped":0} 
[2026-05-15 01:36:01] production.INFO: ScheduledJobManager started {"execution_time":"2026-05-15T01:36:01+00:00"} 
[2026-05-15 01:36:01] production.INFO: ScheduledJobManager completed {"execution_time":"2026-05-15T01:36:01+00:00","duration_ms":11.752,"dispatched":0,"skipped":0} 
[2026-05-15 01:37:01] production.INFO: ScheduledJobManager started {"execution_time":"2026-05-15T01:37:01+00:00"} 
[2026-05-15 01:37:01] production.INFO: ScheduledJobManager completed {"execution_time":"2026-05-15T01:37:01+00:00","duration_ms":11.91,"dispatched":0,"skipped":0} 
[2026-05-15 01:38:01] production.INFO: ScheduledJobManager started {"execution_time":"2026-05-15T01:38:01+00:00"} 
[2026-05-15 01:38:01] production.INFO: ScheduledJobManager completed {"execution_time":"2026-05-15T01:38:01+00:00","duration_ms":12.008,"dispatched":0,"skipped":0} 
[2026-05-15 01:39:01] production.INFO: ScheduledJobManager started {"execution_time":"2026-05-15T01:39:01+00:00"} 
[2026-05-15 01:39:01] production.INFO: ScheduledJobManager completed {"execution_time":"2026-05-15T01:39:01+00:00","duration_ms":12.331,"dispatched":0,"skipped":0} 
[2026-05-15 01:40:01] production.INFO: ScheduledJobManager started {"execution_time":"2026-05-15T01:40:01+00:00"} 
[2026-05-15 01:40:01] production.INFO: ScheduledJobManager completed {"execution_time":"2026-05-15T01:40:01+00:00","duration_ms":6.177,"dispatched":0,"skipped":0} 
[2026-05-15 01:41:01] production.INFO: ScheduledJobManager started {"execution_time":"2026-05-15T01:41:01+00:00"} 
[2026-05-15 01:41:01] production.INFO: ScheduledJobManager completed {"execution_time":"2026-05-15T01:41:01+00:00","duration_ms":11.707,"dispatched":0,"skipped":0} 
[2026-05-15 01:42:01] production.INFO: ScheduledJobManager started {"execution_time":"2026-05-15T01:42:01+00:00"} 
[2026-05-15 01:42:01] production.INFO: ScheduledJobManager completed {"execution_time":"2026-05-15T01:42:01+00:00","duration_ms":12.15,"dispatched":0,"skipped":0} 
[2026-05-15 01:43:01] production.INFO: ScheduledJobManager started {"execution_time":"2026-05-15T01:43:01+00:00"} 
[2026-05-15 01:43:01] production.INFO: ScheduledJobManager completed {"execution_time":"2026-05-15T01:43:01+00:00","duration_ms":12.177,"dispatched":0,"skipped":0} 
[2026-05-15 01:44:01] production.INFO: ScheduledJobManager started {"execution_time":"2026-05-15T01:44:01+00:00"} 
[2026-05-15 01:44:01] production.INFO: ScheduledJobManager completed {"execution_time":"2026-05-15T01:44:01+00:00","duration_ms":10.779,"dispatched":0,"skipped":0} 
[2026-05-15 01:45:01] production.INFO: ScheduledJobManager started {"execution_time":"2026-05-15T01:45:01+00:00"} 
[2026-05-15 01:45:01] production.INFO: ScheduledJobManager completed {"execution_time":"2026-05-15T01:45:01+00:00","duration_ms":3.855,"dispatched":0,"skipped":0} 
[2026-05-15 01:46:01] production.INFO: ScheduledJobManager started {"execution_time":"2026-05-15T01:46:01+00:00"} 
[2026-05-15 01:46:01] production.INFO: ScheduledJobManager completed {"execution_time":"2026-05-15T01:46:01+00:00","duration_ms":10.966,"dispatched":0,"skipped":0} 
[2026-05-15 01:47:01] production.INFO: ScheduledJobManager started {"execution_time":"2026-05-15T01:47:01+00:00"} 
[2026-05-15 01:47:01] production.INFO: ScheduledJobManager completed {"execution_time":"2026-05-15T01:47:01+00:00","duration_ms":11.583,"dispatched":0,"skipped":0} 
[2026-05-15 01:48:01] production.INFO: ScheduledJobManager started {"execution_time":"2026-05-15T01:48:01+00:00"} 
[2026-05-15 01:48:01] production.INFO: ScheduledJobManager completed {"execution_time":"2026-05-15T01:48:01+00:00","duration_ms":11.075,"dispatched":0,"skipped":0} 
[2026-05-15 01:49:01] production.INFO: ScheduledJobManager started {"execution_time":"2026-05-15T01:49:01+00:00"} 
[2026-05-15 01:49:01] production.INFO: ScheduledJobManager completed {"execution_time":"2026-05-15T01:49:01+00:00","duration_ms":11.132,"dispatched":0,"skipped":0} 
[2026-05-15 01:50:01] production.INFO: ScheduledJobManager started {"execution_time":"2026-05-15T01:50:01+00:00"} 
[2026-05-15 01:50:01] production.INFO: ScheduledJobManager completed {"execution_time":"2026-05-15T01:50:01+00:00","duration_ms":4.121,"dispatched":0,"skipped":0} 
[2026-05-15 01:51:01] production.INFO: ScheduledJobManager started {"execution_time":"2026-05-15T01:51:01+00:00"} 
[2026-05-15 01:51:01] production.INFO: ScheduledJobManager completed {"execution_time":"2026-05-15T01:51:01+00:00","duration_ms":11.426,"dispatched":0,"skipped":0} 
[2026-05-15 01:52:01] production.INFO: ScheduledJobManager started {"execution_time":"2026-05-15T01:52:01+00:00"} 
[2026-05-15 01:52:01] production.INFO: ScheduledJobManager completed {"execution_time":"2026-05-15T01:52:01+00:00","duration_ms":11.899,"dispatched":0,"skipped":0} 
[2026-05-15 01:53:01] production.INFO: ScheduledJobManager started {"execution_time":"2026-05-15T01:53:01+00:00"} 
[2026-05-15 01:53:01] production.INFO: ScheduledJobManager completed {"execution_time":"2026-05-15T01:53:01+00:00","duration_ms":12.082,"dispatched":0,"skipped":0} 
[2026-05-15 01:54:01] production.INFO: ScheduledJobManager started {"execution_time":"2026-05-15T01:54:01+00:00"} 
[2026-05-15 01:54:01] production.INFO: ScheduledJobManager completed {"execution_time":"2026-05-15T01:54:01+00:00","duration_ms":12.021,"dispatched":0,"skipped":0} 
[2026-05-15 01:55:01] production.INFO: ScheduledJobManager started {"execution_time":"2026-05-15T01:55:01+00:00"} 
[2026-05-15 01:55:01] production.INFO: ScheduledJobManager completed {"execution_time":"2026-05-15T01:55:01+00:00","duration_ms":12.019,"dispatched":0,"skipped":0} 
[2026-05-15 01:56:01] production.INFO: ScheduledJobManager started {"execution_time":"2026-05-15T01:56:01+00:00"} 
[2026-05-15 01:56:01] production.INFO: ScheduledJobManager completed {"execution_time":"2026-05-15T01:56:01+00:00","duration_ms":12.01,"dispatched":0,"skipped":0} 
[2026-05-15 01:57:01] production.INFO: ScheduledJobManager started {"execution_time":"2026-05-15T01:57:01+00:00"} 
[2026-05-15 01:57:01] production.INFO: ScheduledJobManager completed {"execution_time":"2026-05-15T01:57:01+00:00","duration_ms":12.288,"dispatched":0,"skipped":0} 
[2026-05-15 01:58:01] production.INFO: ScheduledJobManager started {"execution_time":"2026-05-15T01:58:01+00:00"} 
[2026-05-15 01:58:01] production.INFO: ScheduledJobManager completed {"execution_time":"2026-05-15T01:58:01+00:00","duration_ms":11.696,"dispatched":0,"skipped":0} 
[2026-05-15 01:59:00] production.INFO: ScheduledJobManager started {"execution_time":"2026-05-15T01:59:00+00:00"} 
[2026-05-15 01:59:00] production.INFO: ScheduledJobManager completed {"execution_time":"2026-05-15T01:59:00+00:00","duration_ms":11.724,"dispatched":0,"skipped":0} 
[2026-05-15 02:00:02] production.INFO: ScheduledJobManager started {"execution_time":"2026-05-15T02:00:02+00:00"} 
[2026-05-15 02:00:02] production.INFO: ScheduledJobManager completed {"execution_time":"2026-05-15T02:00:02+00:00","duration_ms":15.959,"dispatched":0,"skipped":0} 
[2026-05-15 02:01:01] production.INFO: ScheduledJobManager started {"execution_time":"2026-05-15T02:01:01+00:00"} 
[2026-05-15 02:01:01] production.INFO: ScheduledJobManager completed {"execution_time":"2026-05-15T02:01:01+00:00","duration_ms":11.902,"dispatched":0,"skipped":0} 
[2026-05-15 02:02:01] production.INFO: ScheduledJobManager started {"execution_time":"2026-05-15T02:02:01+00:00"} 
[2026-05-15 02:02:01] production.INFO: ScheduledJobManager completed {"execution_time":"2026-05-15T02:02:01+00:00","duration_ms":5.464,"dispatched":0,"skipped":0} 
[2026-05-15 02:03:01] production.INFO: ScheduledJobManager started {"execution_time":"2026-05-15T02:03:01+00:00"} 
[2026-05-15 02:03:01] production.INFO: ScheduledJobManager completed {"execution_time":"2026-05-15T02:03:01+00:00","duration_ms":12.289,"dispatched":0,"skipped":0} 
[2026-05-15 02:04:01] production.INFO: ScheduledJobManager started {"execution_time":"2026-05-15T02:04:01+00:00"} 
[2026-05-15 02:04:01] production.INFO: ScheduledJobManager completed {"execution_time":"2026-05-15T02:04:01+00:00","duration_ms":11.996,"dispatched":0,"skipped":0} 
[2026-05-15 02:05:01] production.INFO: ScheduledJobManager started {"execution_time":"2026-05-15T02:05:01+00:00"} 
[2026-05-15 02:05:01] production.INFO: ScheduledJobManager completed {"execution_time":"2026-05-15T02:05:01+00:00","duration_ms":3.655,"dispatched":0,"skipped":0} 
[2026-05-15 02:06:01] production.INFO: ScheduledJobManager started {"execution_time":"2026-05-15T02:06:01+00:00"} 
[2026-05-15 02:06:01] production.INFO: ScheduledJobManager completed {"execution_time":"2026-05-15T02:06:01+00:00","duration_ms":11.873,"dispatched":0,"skipped":0} 
[2026-05-15 02:07:01] production.INFO: ScheduledJobManager started {"execution_time":"2026-05-15T02:07:01+00:00"} 
[2026-05-15 02:07:01] production.INFO: ScheduledJobManager completed {"execution_time":"2026-05-15T02:07:01+00:00","duration_ms":11.96,"dispatched":0,"skipped":0} 
[2026-05-15 02:08:01] production.INFO: ScheduledJobManager started {"execution_time":"2026-05-15T02:08:01+00:00"} 
[2026-05-15 02:08:01] production.INFO: ScheduledJobManager completed {"execution_time":"2026-05-15T02:08:01+00:00","duration_ms":11.884,"dispatched":0,"skipped":0} 
[2026-05-15 02:09:01] production.INFO: ScheduledJobManager started {"execution_time":"2026-05-15T02:09:01+00:00"} 
[2026-05-15 02:09:01] production.INFO: ScheduledJobManager completed {"execution_time":"2026-05-15T02:09:01+00:00","duration_ms":11.02,"dispatched":0,"skipped":0} 
[2026-05-15 02:10:01] production.INFO: ScheduledJobManager started {"execution_time":"2026-05-15T02:10:01+00:00"} 
[2026-05-15 02:10:01] production.INFO: ScheduledJobManager completed {"execution_time":"2026-05-15T02:10:01+00:00","duration_ms":6.181,"dispatched":0,"skipped":0} 
[2026-05-15 02:11:01] production.INFO: ScheduledJobManager started {"execution_time":"2026-05-15T02:11:01+00:00"} 
[2026-05-15 02:11:01] production.INFO: ScheduledJobManager completed {"execution_time":"2026-05-15T02:11:01+00:00","duration_ms":11.043,"dispatched":0,"skipped":0} 
[2026-05-15 02:12:01] production.INFO: ScheduledJobManager started {"execution_time":"2026-05-15T02:12:01+00:00"} 
[2026-05-15 02:12:01] production.INFO: ScheduledJobManager completed {"execution_time":"2026-05-15T02:12:01+00:00","duration_ms":11.243,"dispatched":0,"skipped":0} 
[2026-05-15 02:13:01] production.INFO: ScheduledJobManager started {"execution_time":"2026-05-15T02:13:01+00:00"} 
[2026-05-15 02:13:01] production.INFO: ScheduledJobManager completed {"execution_time":"2026-05-15T02:13:01+00:00","duration_ms":11.774,"dispatched":0,"skipped":0} 
[2026-05-15 02:14:01] production.INFO: ScheduledJobManager started {"execution_time":"2026-05-15T02:14:01+00:00"} 
[2026-05-15 02:14:01] production.INFO: ScheduledJobManager completed {"execution_time":"2026-05-15T02:14:01+00:00","duration_ms":33.273,"dispatched":0,"skipped":0} 
[2026-05-15 02:15:01] production.INFO: ScheduledJobManager started {"execution_time":"2026-05-15T02:15:01+00:00"} 
[2026-05-15 02:15:01] production.INFO: ScheduledJobManager completed {"execution_time":"2026-05-15T02:15:01+00:00","duration_ms":11.981,"dispatched":0,"skipped":0} 
[2026-05-15 02:16:01] production.INFO: ScheduledJobManager started {"execution_time":"2026-05-15T02:16:01+00:00"} 
[2026-05-15 02:16:01] production.INFO: ScheduledJobManager completed {"execution_time":"2026-05-15T02:16:01+00:00","duration_ms":12.041,"dispatched":0,"skipped":0} 
[2026-05-15 02:17:01] production.INFO: ScheduledJobManager started {"execution_time":"2026-05-15T02:17:01+00:00"} 
[2026-05-15 02:17:01] production.INFO: ScheduledJobManager completed {"execution_time":"2026-05-15T02:17:01+00:00","duration_ms":11.975,"dispatched":0,"skipped":0} 
[2026-05-15 02:18:01] production.INFO: ScheduledJobManager started {"execution_time":"2026-05-15T02:18:01+00:00"} 
[2026-05-15 02:18:01] production.INFO: ScheduledJobManager completed {"execution_time":"2026-05-15T02:18:01+00:00","duration_ms":5.786,"dispatched":0,"skipped":0} 
[2026-05-15 02:19:01] production.INFO: ScheduledJobManager started {"execution_time":"2026-05-15T02:19:01+00:00"} 
[2026-05-15 02:19:01] production.INFO: ScheduledJobManager completed {"execution_time":"2026-05-15T02:19:01+00:00","duration_ms":12.485,"dispatched":0,"skipped":0} 
[2026-05-15 02:20:01] production.INFO: ScheduledJobManager started {"execution_time":"2026-05-15T02:20:01+00:00"} 
[2026-05-15 02:20:01] production.INFO: ScheduledJobManager completed {"execution_time":"2026-05-15T02:20:01+00:00","duration_ms":5.823,"dispatched":0,"skipped":0} 
[2026-05-15 02:21:01] production.INFO: ScheduledJobManager started {"execution_time":"2026-05-15T02:21:01+00:00"} 
[2026-05-15 02:21:01] production.INFO: ScheduledJobManager completed {"execution_time":"2026-05-15T02:21:01+00:00","duration_ms":12.194,"dispatched":0,"skipped":0} 
[2026-05-15 02:22:01] production.INFO: ScheduledJobManager started {"execution_time":"2026-05-15T02:22:01+00:00"} 
[2026-05-15 02:22:01] production.INFO: ScheduledJobManager completed {"execution_time":"2026-05-15T02:22:01+00:00","duration_ms":12.261,"dispatched":0,"skipped":0} 
[2026-05-15 02:23:01] production.INFO: ScheduledJobManager started {"execution_time":"2026-05-15T02:23:01+00:00"} 
[2026-05-15 02:23:01] production.INFO: ScheduledJobManager completed {"execution_time":"2026-05-15T02:23:01+00:00","duration_ms":12.094,"dispatched":0,"skipped":0} 
[2026-05-15 02:24:01] production.INFO: ScheduledJobManager started {"execution_time":"2026-05-15T02:24:01+00:00"} 
[2026-05-15 02:24:01] production.INFO: ScheduledJobManager completed {"execution_time":"2026-05-15T02:24:01+00:00","duration_ms":12.165,"dispatched":0,"skipped":0} 
[2026-05-15 02:25:01] production.INFO: ScheduledJobManager started {"execution_time":"2026-05-15T02:25:01+00:00"} 
[2026-05-15 02:25:01] production.INFO: ScheduledJobManager completed {"execution_time":"2026-05-15T02:25:01+00:00","duration_ms":12.216,"dispatched":0,"skipped":0} 
[2026-05-15 02:26:01] production.INFO: ScheduledJobManager started {"execution_time":"2026-05-15T02:26:01+00:00"} 
[2026-05-15 02:26:01] production.INFO: ScheduledJobManager completed {"execution_time":"2026-05-15T02:26:01+00:00","duration_ms":12.39,"dispatched":0,"skipped":0} 
[2026-05-15 02:27:01] production.INFO: ScheduledJobManager started {"execution_time":"2026-05-15T02:27:01+00:00"} 
[2026-05-15 02:27:01] production.INFO: ScheduledJobManager completed {"execution_time":"2026-05-15T02:27:01+00:00","duration_ms":12.088,"dispatched":0,"skipped":0} 
[2026-05-15 02:28:01] production.INFO: ScheduledJobManager started {"execution_time":"2026-05-15T02:28:01+00:00"} 
[2026-05-15 02:28:01] production.INFO: ScheduledJobManager completed {"execution_time":"2026-05-15T02:28:01+00:00","duration_ms":11.941,"dispatched":0,"skipped":0} 
[2026-05-15 02:29:01] production.INFO: ScheduledJobManager started {"execution_time":"2026-05-15T02:29:01+00:00"} 
[2026-05-15 02:29:01] production.INFO: ScheduledJobManager completed {"execution_time":"2026-05-15T02:29:01+00:00","duration_ms":12.321,"dispatched":0,"skipped":0} 
[2026-05-15 02:30:01] production.INFO: ScheduledJobManager started {"execution_time":"2026-05-15T02:30:01+00:00"} 
[2026-05-15 02:30:02] production.INFO: ScheduledJobManager completed {"execution_time":"2026-05-15T02:30:01+00:00","duration_ms":11.126,"dispatched":0,"skipped":0} 
[2026-05-15 02:31:01] production.INFO: ScheduledJobManager started {"execution_time":"2026-05-15T02:31:01+00:00"} 
[2026-05-15 02:31:01] production.INFO: ScheduledJobManager completed {"execution_time":"2026-05-15T02:31:01+00:00","duration_ms":11.125,"dispatched":0,"skipped":0} 
[2026-05-15 02:32:01] production.INFO: ScheduledJobManager started {"execution_time":"2026-05-15T02:32:01+00:00"} 
[2026-05-15 02:32:01] production.INFO: ScheduledJobManager completed {"execution_time":"2026-05-15T02:32:01+00:00","duration_ms":5.032,"dispatched":0,"skipped":0} 
[2026-05-15 02:33:01] production.INFO: ScheduledJobManager started {"execution_time":"2026-05-15T02:33:01+00:00"} 
[2026-05-15 02:33:01] production.INFO: ScheduledJobManager completed {"execution_time":"2026-05-15T02:33:01+00:00","duration_ms":10.976,"dispatched":0,"skipped":0} 
[2026-05-15 02:34:01] production.INFO: ScheduledJobManager started {"execution_time":"2026-05-15T02:34:01+00:00"} 
[2026-05-15 02:34:01] production.INFO: ScheduledJobManager completed {"execution_time":"2026-05-15T02:34:01+00:00","duration_ms":5.576,"dispatched":0,"skipped":0} 
[2026-05-15 02:35:01] production.INFO: ScheduledJobManager started {"execution_time":"2026-05-15T02:35:01+00:00"} 
[2026-05-15 02:35:01] production.INFO: ScheduledJobManager completed {"execution_time":"2026-05-15T02:35:01+00:00","duration_ms":16.947,"dispatched":0,"skipped":0} 
[2026-05-15 02:36:01] production.INFO: ScheduledJobManager started {"execution_time":"2026-05-15T02:36:01+00:00"} 
[2026-05-15 02:36:01] production.INFO: ScheduledJobManager completed {"execution_time":"2026-05-15T02:36:01+00:00","duration_ms":11.762,"dispatched":0,"skipped":0} 
[2026-05-15 02:37:01] production.INFO: ScheduledJobManager started {"execution_time":"2026-05-15T02:37:01+00:00"} 
[2026-05-15 02:37:01] production.INFO: ScheduledJobManager completed {"execution_time":"2026-05-15T02:37:01+00:00","duration_ms":11.789,"dispatched":0,"skipped":0} 
[2026-05-15 02:38:01] production.INFO: ScheduledJobManager started {"execution_time":"2026-05-15T02:38:01+00:00"} 
[2026-05-15 02:38:01] production.INFO: ScheduledJobManager completed {"execution_time":"2026-05-15T02:38:01+00:00","duration_ms":12.352,"dispatched":0,"skipped":0} 
[2026-05-15 02:39:01] production.INFO: ScheduledJobManager started {"execution_time":"2026-05-15T02:39:01+00:00"} 
[2026-05-15 02:39:01] production.INFO: ScheduledJobManager completed {"execution_time":"2026-05-15T02:39:01+00:00","duration_ms":11.951,"dispatched":0,"skipped":0} 
[2026-05-15 02:40:01] production.INFO: ScheduledJobManager started {"execution_time":"2026-05-15T02:40:01+00:00"} 
[2026-05-15 02:40:01] production.INFO: ScheduledJobManager completed {"execution_time":"2026-05-15T02:40:01+00:00","duration_ms":12.193,"dispatched":0,"skipped":0} 
[2026-05-15 02:41:01] production.INFO: ScheduledJobManager started {"execution_time":"2026-05-15T02:41:01+00:00"} 
[2026-05-15 02:41:01] production.INFO: ScheduledJobManager completed {"execution_time":"2026-05-15T02:41:01+00:00","duration_ms":11.977,"dispatched":0,"skipped":0} 
[2026-05-15 02:42:01] production.INFO: ScheduledJobManager started {"execution_time":"2026-05-15T02:42:01+00:00"} 
[2026-05-15 02:42:01] production.INFO: ScheduledJobManager completed {"execution_time":"2026-05-15T02:42:01+00:00","duration_ms":12.06,"dispatched":0,"skipped":0} 
[2026-05-15 02:43:01] production.INFO: ScheduledJobManager started {"execution_time":"2026-05-15T02:43:01+00:00"} 
[2026-05-15 02:43:01] production.INFO: ScheduledJobManager completed {"execution_time":"2026-05-15T02:43:01+00:00","duration_ms":12.683,"dispatched":0,"skipped":0} 
[2026-05-15 02:44:01] production.INFO: ScheduledJobManager started {"execution_time":"2026-05-15T02:44:01+00:00"} 
[2026-05-15 02:44:02] production.INFO: ScheduledJobManager completed {"execution_time":"2026-05-15T02:44:01+00:00","duration_ms":24.491,"dispatched":0,"skipped":0} 
[2026-05-15 02:45:02] production.INFO: ScheduledJobManager started {"execution_time":"2026-05-15T02:45:02+00:00"} 
[2026-05-15 02:45:02] production.INFO: ScheduledJobManager completed {"execution_time":"2026-05-15T02:45:02+00:00","duration_ms":12.293,"dispatched":0,"skipped":0} 
[2026-05-15 02:46:01] production.INFO: ScheduledJobManager started {"execution_time":"2026-05-15T02:46:01+00:00"} 
[2026-05-15 02:46:01] production.INFO: ScheduledJobManager completed {"execution_time":"2026-05-15T02:46:01+00:00","duration_ms":11.776,"dispatched":0,"skipped":0} 
[2026-05-15 02:47:01] production.INFO: ScheduledJobManager started {"execution_time":"2026-05-15T02:47:01+00:00"} 
[2026-05-15 02:47:01] production.INFO: ScheduledJobManager completed {"execution_time":"2026-05-15T02:47:01+00:00","duration_ms":12.089,"dispatched":0,"skipped":0} 
[2026-05-15 02:48:01] production.INFO: ScheduledJobManager started {"execution_time":"2026-05-15T02:48:01+00:00"} 
[2026-05-15 02:48:01] production.INFO: ScheduledJobManager completed {"execution_time":"2026-05-15T02:48:01+00:00","duration_ms":6.015,"dispatched":0,"skipped":0} 
[2026-05-15 02:49:01] production.INFO: ScheduledJobManager started {"execution_time":"2026-05-15T02:49:01+00:00"} 
[2026-05-15 02:49:01] production.INFO: ScheduledJobManager completed {"execution_time":"2026-05-15T02:49:01+00:00","duration_ms":12.623,"dispatched":0,"skipped":0} 
[2026-05-15 02:50:01] production.INFO: ScheduledJobManager started {"execution_time":"2026-05-15T02:50:01+00:00"} 
[2026-05-15 02:50:01] production.INFO: ScheduledJobManager completed {"execution_time":"2026-05-15T02:50:01+00:00","duration_ms":5.106,"dispatched":0,"skipped":0} 
[2026-05-15 02:51:01] production.INFO: ScheduledJobManager started {"execution_time":"2026-05-15T02:51:01+00:00"} 
[2026-05-15 02:51:01] production.INFO: ScheduledJobManager completed {"execution_time":"2026-05-15T02:51:01+00:00","duration_ms":11.415,"dispatched":0,"skipped":0} 
[2026-05-15 02:52:01] production.INFO: ScheduledJobManager started {"execution_time":"2026-05-15T02:52:01+00:00"} 
[2026-05-15 02:52:01] production.INFO: ScheduledJobManager completed {"execution_time":"2026-05-15T02:52:01+00:00","duration_ms":11.252,"dispatched":0,"skipped":0} 
[2026-05-15 02:53:01] production.INFO: ScheduledJobManager started {"execution_time":"2026-05-15T02:53:01+00:00"} 
[2026-05-15 02:53:01] production.INFO: ScheduledJobManager completed {"execution_time":"2026-05-15T02:53:01+00:00","duration_ms":10.867,"dispatched":0,"skipped":0} 
[2026-05-15 02:54:01] production.INFO: ScheduledJobManager started {"execution_time":"2026-05-15T02:54:01+00:00"} 
[2026-05-15 02:54:01] production.INFO: ScheduledJobManager completed {"execution_time":"2026-05-15T02:54:01+00:00","duration_ms":10.912,"dispatched":0,"skipped":0} 
[2026-05-15 02:55:01] production.INFO: ScheduledJobManager started {"execution_time":"2026-05-15T02:55:01+00:00"} 
[2026-05-15 02:55:01] production.INFO: ScheduledJobManager completed {"execution_time":"2026-05-15T02:55:01+00:00","duration_ms":12.477,"dispatched":0,"skipped":0} 
[2026-05-15 02:56:01] production.INFO: ScheduledJobManager started {"execution_time":"2026-05-15T02:56:01+00:00"} 
[2026-05-15 02:56:01] production.INFO: ScheduledJobManager completed {"execution_time":"2026-05-15T02:56:01+00:00","duration_ms":11.715,"dispatched":0,"skipped":0} 
[2026-05-15 02:57:01] production.INFO: ScheduledJobManager started {"execution_time":"2026-05-15T02:57:01+00:00"} 
[2026-05-15 02:57:01] production.INFO: ScheduledJobManager completed {"execution_time":"2026-05-15T02:57:01+00:00","duration_ms":11.76,"dispatched":0,"skipped":0} 
[2026-05-15 02:58:01] production.INFO: ScheduledJobManager started {"execution_time":"2026-05-15T02:58:01+00:00"} 
[2026-05-15 02:58:01] production.INFO: ScheduledJobManager completed {"execution_time":"2026-05-15T02:58:01+00:00","duration_ms":11.811,"dispatched":0,"skipped":0} 
[2026-05-15 02:59:01] production.INFO: ScheduledJobManager started {"execution_time":"2026-05-15T02:59:01+00:00"} 
[2026-05-15 02:59:01] production.INFO: ScheduledJobManager completed {"execution_time":"2026-05-15T02:59:01+00:00","duration_ms":12.373,"dispatched":0,"skipped":0} 
[2026-05-15 03:00:02] production.INFO: ScheduledJobManager started {"execution_time":"2026-05-15T03:00:02+00:00"} 
[2026-05-15 03:00:02] production.INFO: ScheduledJobManager completed {"execution_time":"2026-05-15T03:00:02+00:00","duration_ms":3.963,"dispatched":0,"skipped":0} 
[2026-05-15 03:01:01] production.INFO: ScheduledJobManager started {"execution_time":"2026-05-15T03:01:01+00:00"} 
[2026-05-15 03:01:01] production.INFO: ScheduledJobManager completed {"execution_time":"2026-05-15T03:01:01+00:00","duration_ms":11.588,"dispatched":0,"skipped":0} 
[2026-05-15 03:02:01] production.INFO: ScheduledJobManager started {"execution_time":"2026-05-15T03:02:01+00:00"} 
[2026-05-15 03:02:01] production.INFO: ScheduledJobManager completed {"execution_time":"2026-05-15T03:02:01+00:00","duration_ms":11.908,"dispatched":0,"skipped":0} 
[2026-05-15 03:03:01] production.INFO: ScheduledJobManager started {"execution_time":"2026-05-15T03:03:01+00:00"} 
[2026-05-15 03:03:01] production.INFO: ScheduledJobManager completed {"execution_time":"2026-05-15T03:03:01+00:00","duration_ms":11.976,"dispatched":0,"skipped":0} 
[2026-05-15 03:04:01] production.INFO: ScheduledJobManager started {"execution_time":"2026-05-15T03:04:01+00:00"} 
[2026-05-15 03:04:01] production.INFO: ScheduledJobManager completed {"execution_time":"2026-05-15T03:04:01+00:00","duration_ms":5.757,"dispatched":0,"skipped":0} 
[2026-05-15 03:05:01] production.INFO: ScheduledJobManager started {"execution_time":"2026-05-15T03:05:01+00:00"} 
[2026-05-15 03:05:01] production.INFO: ScheduledJobManager completed {"execution_time":"2026-05-15T03:05:01+00:00","duration_ms":12.067,"dispatched":0,"skipped":0} 
[2026-05-15 03:06:01] production.INFO: ScheduledJobManager started {"execution_time":"2026-05-15T03:06:01+00:00"} 
[2026-05-15 03:06:01] production.INFO: ScheduledJobManager completed {"execution_time":"2026-05-15T03:06:01+00:00","duration_ms":12.222,"dispatched":0,"skipped":0} 
[2026-05-15 03:07:01] production.INFO: ScheduledJobManager started {"execution_time":"2026-05-15T03:07:01+00:00"} 
[2026-05-15 03:07:01] production.INFO: ScheduledJobManager completed {"execution_time":"2026-05-15T03:07:01+00:00","duration_ms":11.79,"dispatched":0,"skipped":0} 
[2026-05-15 03:08:01] production.INFO: ScheduledJobManager started {"execution_time":"2026-05-15T03:08:01+00:00"} 
[2026-05-15 03:08:01] production.INFO: ScheduledJobManager completed {"execution_time":"2026-05-15T03:08:01+00:00","duration_ms":11.821,"dispatched":0,"skipped":0} 
[2026-05-15 03:09:01] production.INFO: ScheduledJobManager started {"execution_time":"2026-05-15T03:09:01+00:00"} 
[2026-05-15 03:09:01] production.INFO: ScheduledJobManager completed {"execution_time":"2026-05-15T03:09:01+00:00","duration_ms":11.902,"dispatched":0,"skipped":0} 
[2026-05-15 03:10:01] production.INFO: ScheduledJobManager started {"execution_time":"2026-05-15T03:10:01+00:00"} 
[2026-05-15 03:10:01] production.INFO: ScheduledJobManager completed {"execution_time":"2026-05-15T03:10:01+00:00","duration_ms":6.667,"dispatched":0,"skipped":0} 
[2026-05-15 03:11:01] production.INFO: ScheduledJobManager started {"execution_time":"2026-05-15T03:11:01+00:00"} 
[2026-05-15 03:11:01] production.INFO: ScheduledJobManager completed {"execution_time":"2026-05-15T03:11:01+00:00","duration_ms":11.239,"dispatched":0,"skipped":0} 
[2026-05-15 03:12:01] production.INFO: ScheduledJobManager started {"execution_time":"2026-05-15T03:12:01+00:00"} 
[2026-05-15 03:12:01] production.INFO: ScheduledJobManager completed {"execution_time":"2026-05-15T03:12:01+00:00","duration_ms":10.979,"dispatched":0,"skipped":0} 
[2026-05-15 03:13:01] production.INFO: ScheduledJobManager started {"execution_time":"2026-05-15T03:13:01+00:00"} 
[2026-05-15 03:13:01] production.INFO: ScheduledJobManager completed {"execution_time":"2026-05-15T03:13:01+00:00","duration_ms":11.018,"dispatched":0,"skipped":0} 
[2026-05-15 03:14:01] production.INFO: ScheduledJobManager started {"execution_time":"2026-05-15T03:14:01+00:00"} 
[2026-05-15 03:14:01] production.INFO: ScheduledJobManager completed {"execution_time":"2026-05-15T03:14:01+00:00","duration_ms":11.358,"dispatched":0,"skipped":0} 
[2026-05-15 03:15:02] production.INFO: ScheduledJobManager started {"execution_time":"2026-05-15T03:15:02+00:00"} 
[2026-05-15 03:15:02] production.INFO: ScheduledJobManager completed {"execution_time":"2026-05-15T03:15:02+00:00","duration_ms":11.542,"dispatched":0,"skipped":0} 
[2026-05-15 03:16:01] production.INFO: ScheduledJobManager started {"execution_time":"2026-05-15T03:16:01+00:00"} 
[2026-05-15 03:16:01] production.INFO: ScheduledJobManager completed {"execution_time":"2026-05-15T03:16:01+00:00","duration_ms":12.208,"dispatched":0,"skipped":0} 
[2026-05-15 03:17:01] production.INFO: ScheduledJobManager started {"execution_time":"2026-05-15T03:17:01+00:00"} 
[2026-05-15 03:17:01] production.INFO: ScheduledJobManager completed {"execution_time":"2026-05-15T03:17:01+00:00","duration_ms":12.147,"dispatched":0,"skipped":0} 
[2026-05-15 03:18:01] production.INFO: ScheduledJobManager started {"execution_time":"2026-05-15T03:18:01+00:00"} 
[2026-05-15 03:18:01] production.INFO: ScheduledJobManager completed {"execution_time":"2026-05-15T03:18:01+00:00","duration_ms":11.877,"dispatched":0,"skipped":0} 
[2026-05-15 03:19:01] production.INFO: ScheduledJobManager started {"execution_time":"2026-05-15T03:19:01+00:00"} 
[2026-05-15 03:19:01] production.INFO: ScheduledJobManager completed {"execution_time":"2026-05-15T03:19:01+00:00","duration_ms":12.106,"dispatched":0,"skipped":0} 
[2026-05-15 03:20:01] production.INFO: ScheduledJobManager started {"execution_time":"2026-05-15T03:20:01+00:00"} 
[2026-05-15 03:20:01] production.INFO: ScheduledJobManager completed {"execution_time":"2026-05-15T03:20:01+00:00","duration_ms":4.184,"dispatched":0,"skipped":0} 
[2026-05-15 03:21:01] production.INFO: ScheduledJobManager started {"execution_time":"2026-05-15T03:21:01+00:00"} 
[2026-05-15 03:21:01] production.INFO: ScheduledJobManager completed {"execution_time":"2026-05-15T03:21:01+00:00","duration_ms":11.621,"dispatched":0,"skipped":0} 
[2026-05-15 03:22:01] production.INFO: ScheduledJobManager started {"execution_time":"2026-05-15T03:22:01+00:00"} 
[2026-05-15 03:22:01] production.INFO: ScheduledJobManager completed {"execution_time":"2026-05-15T03:22:01+00:00","duration_ms":12.061,"dispatched":0,"skipped":0} 
[2026-05-15 03:23:01] production.INFO: ScheduledJobManager started {"execution_time":"2026-05-15T03:23:01+00:00"} 
[2026-05-15 03:23:01] production.INFO: ScheduledJobManager completed {"execution_time":"2026-05-15T03:23:01+00:00","duration_ms":12.045,"dispatched":0,"skipped":0} 
[2026-05-15 03:24:01] production.INFO: ScheduledJobManager started {"execution_time":"2026-05-15T03:24:01+00:00"} 
[2026-05-15 03:24:01] production.INFO: ScheduledJobManager completed {"execution_time":"2026-05-15T03:24:01+00:00","duration_ms":12.301,"dispatched":0,"skipped":0} 
[2026-05-15 03:25:01] production.INFO: ScheduledJobManager started {"execution_time":"2026-05-15T03:25:01+00:00"} 
[2026-05-15 03:25:01] production.INFO: ScheduledJobManager completed {"execution_time":"2026-05-15T03:25:01+00:00","duration_ms":12.498,"dispatched":0,"skipped":0} 
[2026-05-15 03:26:01] production.INFO: ScheduledJobManager started {"execution_time":"2026-05-15T03:26:01+00:00"} 
[2026-05-15 03:26:01] production.INFO: ScheduledJobManager completed {"execution_time":"2026-05-15T03:26:01+00:00","duration_ms":11.845,"dispatched":0,"skipped":0} 
[2026-05-15 03:27:01] production.INFO: ScheduledJobManager started {"execution_time":"2026-05-15T03:27:01+00:00"} 
[2026-05-15 03:27:01] production.INFO: ScheduledJobManager completed {"execution_time":"2026-05-15T03:27:01+00:00","duration_ms":11.54,"dispatched":0,"skipped":0} 
[2026-05-15 03:28:01] production.INFO: ScheduledJobManager started {"execution_time":"2026-05-15T03:28:01+00:00"} 
[2026-05-15 03:28:01] production.INFO: ScheduledJobManager completed {"execution_time":"2026-05-15T03:28:01+00:00","duration_ms":11.747,"dispatched":0,"skipped":0} 
[2026-05-15 03:29:00] production.INFO: ScheduledJobManager started {"execution_time":"2026-05-15T03:29:00+00:00"} 
[2026-05-15 03:29:00] production.INFO: ScheduledJobManager completed {"execution_time":"2026-05-15T03:29:00+00:00","duration_ms":11.549,"dispatched":0,"skipped":0} 
[2026-05-15 03:30:01] production.INFO: ScheduledJobManager started {"execution_time":"2026-05-15T03:30:01+00:00"} 
[2026-05-15 03:30:01] production.INFO: ScheduledJobManager completed {"execution_time":"2026-05-15T03:30:01+00:00","duration_ms":6.041,"dispatched":0,"skipped":0} 
[2026-05-15 03:31:01] production.INFO: ScheduledJobManager started {"execution_time":"2026-05-15T03:31:01+00:00"} 
[2026-05-15 03:31:01] production.INFO: ScheduledJobManager completed {"execution_time":"2026-05-15T03:31:01+00:00","duration_ms":11.695,"dispatched":0,"skipped":0} 
[2026-05-15 03:32:01] production.INFO: ScheduledJobManager started {"execution_time":"2026-05-15T03:32:01+00:00"} 
[2026-05-15 03:32:01] production.INFO: ScheduledJobManager completed {"execution_time":"2026-05-15T03:32:01+00:00","duration_ms":5.557,"dispatched":0,"skipped":0} 
[2026-05-15 03:33:01] production.INFO: ScheduledJobManager started {"execution_time":"2026-05-15T03:33:01+00:00"} 
[2026-05-15 03:33:01] production.INFO: ScheduledJobManager completed {"execution_time":"2026-05-15T03:33:01+00:00","duration_ms":11.18,"dispatched":0,"skipped":0} 
[2026-05-15 03:34:01] production.INFO: ScheduledJobManager started {"execution_time":"2026-05-15T03:34:01+00:00"} 
[2026-05-15 03:34:01] production.INFO: ScheduledJobManager completed {"execution_time":"2026-05-15T03:34:01+00:00","duration_ms":10.93,"dispatched":0,"skipped":0} 
[2026-05-15 03:35:01] production.INFO: ScheduledJobManager started {"execution_time":"2026-05-15T03:35:01+00:00"} 
[2026-05-15 03:35:01] production.INFO: ScheduledJobManager completed {"execution_time":"2026-05-15T03:35:01+00:00","duration_ms":4.039,"dispatched":0,"skipped":0} 
[2026-05-15 03:36:01] production.INFO: ScheduledJobManager started {"execution_time":"2026-05-15T03:36:01+00:00"} 
[2026-05-15 03:36:01] production.INFO: ScheduledJobManager completed {"execution_time":"2026-05-15T03:36:01+00:00","duration_ms":10.98,"dispatched":0,"skipped":0} 
[2026-05-15 03:37:01] production.INFO: ScheduledJobManager started {"execution_time":"2026-05-15T03:37:01+00:00"} 
[2026-05-15 03:37:01] production.INFO: ScheduledJobManager completed {"execution_time":"2026-05-15T03:37:01+00:00","duration_ms":11.809,"dispatched":0,"skipped":0} 
[2026-05-15 03:38:01] production.INFO: ScheduledJobManager started {"execution_time":"2026-05-15T03:38:01+00:00"} 
[2026-05-15 03:38:01] production.INFO: ScheduledJobManager completed {"execution_time":"2026-05-15T03:38:01+00:00","duration_ms":11.728,"dispatched":0,"skipped":0} 
[2026-05-15 03:39:01] production.INFO: ScheduledJobManager started {"execution_time":"2026-05-15T03:39:01+00:00"} 
[2026-05-15 03:39:01] production.INFO: ScheduledJobManager completed {"execution_time":"2026-05-15T03:39:01+00:00","duration_ms":12.45,"dispatched":0,"skipped":0} 
[2026-05-15 03:40:01] production.INFO: ScheduledJobManager started {"execution_time":"2026-05-15T03:40:01+00:00"} 
[2026-05-15 03:40:01] production.INFO: ScheduledJobManager completed {"execution_time":"2026-05-15T03:40:01+00:00","duration_ms":13.788,"dispatched":0,"skipped":0} 
[2026-05-15 03:41:01] production.INFO: ScheduledJobManager started {"execution_time":"2026-05-15T03:41:01+00:00"} 
[2026-05-15 03:41:01] production.INFO: ScheduledJobManager completed {"execution_time":"2026-05-15T03:41:01+00:00","duration_ms":11.724,"dispatched":0,"skipped":0} 
[2026-05-15 03:42:01] production.INFO: ScheduledJobManager started {"execution_time":"2026-05-15T03:42:01+00:00"} 
[2026-05-15 03:42:01] production.INFO: ScheduledJobManager completed {"execution_time":"2026-05-15T03:42:01+00:00","duration_ms":12.073,"dispatched":0,"skipped":0} 
[2026-05-15 03:43:01] production.INFO: ScheduledJobManager started {"execution_time":"2026-05-15T03:43:01+00:00"} 
[2026-05-15 03:43:01] production.INFO: ScheduledJobManager completed {"execution_time":"2026-05-15T03:43:01+00:00","duration_ms":12.14,"dispatched":0,"skipped":0} 
[2026-05-15 03:44:01] production.INFO: ScheduledJobManager started {"execution_time":"2026-05-15T03:44:01+00:00"} 
[2026-05-15 03:44:01] production.INFO: ScheduledJobManager completed {"execution_time":"2026-05-15T03:44:01+00:00","duration_ms":12.126,"dispatched":0,"skipped":0} 
[2026-05-15 03:45:01] production.INFO: ScheduledJobManager started {"execution_time":"2026-05-15T03:45:01+00:00"} 
[2026-05-15 03:45:01] production.INFO: ScheduledJobManager completed {"execution_time":"2026-05-15T03:45:01+00:00","duration_ms":11.802,"dispatched":0,"skipped":0} 
[2026-05-15 03:46:01] production.INFO: ScheduledJobManager started {"execution_time":"2026-05-15T03:46:01+00:00"} 
[2026-05-15 03:46:01] production.INFO: ScheduledJobManager completed {"execution_time":"2026-05-15T03:46:01+00:00","duration_ms":12.353,"dispatched":0,"skipped":0} 
[2026-05-15 03:47:01] production.INFO: ScheduledJobManager started {"execution_time":"2026-05-15T03:47:01+00:00"} 
[2026-05-15 03:47:01] production.INFO: ScheduledJobManager completed {"execution_time":"2026-05-15T03:47:01+00:00","duration_ms":11.905,"dispatched":0,"skipped":0} 
[2026-05-15 03:48:01] production.INFO: ScheduledJobManager started {"execution_time":"2026-05-15T03:48:01+00:00"} 
[2026-05-15 03:48:01] production.INFO: ScheduledJobManager completed {"execution_time":"2026-05-15T03:48:01+00:00","duration_ms":5.322,"dispatched":0,"skipped":0} 
[2026-05-15 03:49:01] production.INFO: ScheduledJobManager started {"execution_time":"2026-05-15T03:49:01+00:00"} 
[2026-05-15 03:49:01] production.INFO: ScheduledJobManager completed {"execution_time":"2026-05-15T03:49:01+00:00","duration_ms":12.24,"dispatched":0,"skipped":0} 
[2026-05-15 03:50:01] production.INFO: ScheduledJobManager started {"execution_time":"2026-05-15T03:50:01+00:00"} 
[2026-05-15 03:50:01] production.INFO: ScheduledJobManager completed {"execution_time":"2026-05-15T03:50:01+00:00","duration_ms":4.531,"dispatched":0,"skipped":0} 
[2026-05-15 03:51:01] production.INFO: ScheduledJobManager started {"execution_time":"2026-05-15T03:51:01+00:00"} 
[2026-05-15 03:51:01] production.INFO: ScheduledJobManager completed {"execution_time":"2026-05-15T03:51:01+00:00","duration_ms":11.789,"dispatched":0,"skipped":0} 
[2026-05-15 03:52:01] production.INFO: ScheduledJobManager started {"execution_time":"2026-05-15T03:52:01+00:00"} 
[2026-05-15 03:52:01] production.INFO: ScheduledJobManager completed {"execution_time":"2026-05-15T03:52:01+00:00","duration_ms":11.676,"dispatched":0,"skipped":0} 
[2026-05-15 03:53:01] production.INFO: ScheduledJobManager started {"execution_time":"2026-05-15T03:53:01+00:00"} 
[2026-05-15 03:53:01] production.INFO: ScheduledJobManager completed {"execution_time":"2026-05-15T03:53:01+00:00","duration_ms":11.891,"dispatched":0,"skipped":0} 
[2026-05-15 03:54:01] production.INFO: ScheduledJobManager started {"execution_time":"2026-05-15T03:54:01+00:00"} 
[2026-05-15 03:54:01] production.INFO: ScheduledJobManager completed {"execution_time":"2026-05-15T03:54:01+00:00","duration_ms":11.48,"dispatched":0,"skipped":0} 
[2026-05-15 03:55:01] production.INFO: ScheduledJobManager started {"execution_time":"2026-05-15T03:55:01+00:00"} 
[2026-05-15 03:55:01] production.INFO: ScheduledJobManager completed {"execution_time":"2026-05-15T03:55:01+00:00","duration_ms":10.978,"dispatched":0,"skipped":0} 
[2026-05-15 03:56:01] production.INFO: ScheduledJobManager started {"execution_time":"2026-05-15T03:56:01+00:00"} 
[2026-05-15 03:56:01] production.INFO: ScheduledJobManager completed {"execution_time":"2026-05-15T03:56:01+00:00","duration_ms":11.153,"dispatched":0,"skipped":0} 
[2026-05-15 03:57:01] production.INFO: ScheduledJobManager started {"execution_time":"2026-05-15T03:57:01+00:00"} 
[2026-05-15 03:57:01] production.INFO: ScheduledJobManager completed {"execution_time":"2026-05-15T03:57:01+00:00","duration_ms":10.89,"dispatched":0,"skipped":0} 
[2026-05-15 03:58:01] production.INFO: ScheduledJobManager started {"execution_time":"2026-05-15T03:58:01+00:00"} 
[2026-05-15 03:58:01] production.INFO: ScheduledJobManager completed {"execution_time":"2026-05-15T03:58:01+00:00","duration_ms":11.568,"dispatched":0,"skipped":0} 
[2026-05-15 03:59:01] production.INFO: ScheduledJobManager started {"execution_time":"2026-05-15T03:59:01+00:00"} 
[2026-05-15 03:59:01] production.INFO: ScheduledJobManager completed {"execution_time":"2026-05-15T03:59:01+00:00","duration_ms":12.433,"dispatched":0,"skipped":0} 
[2026-05-15 04:00:02] production.INFO: ScheduledJobManager started {"execution_time":"2026-05-15T04:00:02+00:00"} 
[2026-05-15 04:00:02] production.INFO: ScheduledJobManager completed {"execution_time":"2026-05-15T04:00:02+00:00","duration_ms":12.458,"dispatched":0,"skipped":0} 
[2026-05-15 04:01:01] production.INFO: ScheduledJobManager started {"execution_time":"2026-05-15T04:01:01+00:00"} 
[2026-05-15 04:01:01] production.INFO: ScheduledJobManager completed {"execution_time":"2026-05-15T04:01:01+00:00","duration_ms":11.67,"dispatched":0,"skipped":0} 
[2026-05-15 04:02:01] production.INFO: ScheduledJobManager started {"execution_time":"2026-05-15T04:02:01+00:00"} 
[2026-05-15 04:02:01] production.INFO: ScheduledJobManager completed {"execution_time":"2026-05-15T04:02:01+00:00","duration_ms":7.538,"dispatched":0,"skipped":0} 
[2026-05-15 04:03:01] production.INFO: ScheduledJobManager started {"execution_time":"2026-05-15T04:03:01+00:00"} 
[2026-05-15 04:03:01] production.INFO: ScheduledJobManager completed {"execution_time":"2026-05-15T04:03:01+00:00","duration_ms":11.99,"dispatched":0,"skipped":0} 
[2026-05-15 04:04:01] production.INFO: ScheduledJobManager started {"execution_time":"2026-05-15T04:04:01+00:00"} 
[2026-05-15 04:04:01] production.INFO: ScheduledJobManager completed {"execution_time":"2026-05-15T04:04:01+00:00","duration_ms":5.864,"dispatched":0,"skipped":0} 
[2026-05-15 04:05:01] production.INFO: ScheduledJobManager started {"execution_time":"2026-05-15T04:05:01+00:00"} 
[2026-05-15 04:05:01] production.INFO: ScheduledJobManager completed {"execution_time":"2026-05-15T04:05:01+00:00","duration_ms":12.248,"dispatched":0,"skipped":0} 
[2026-05-15 04:06:01] production.INFO: ScheduledJobManager started {"execution_time":"2026-05-15T04:06:01+00:00"} 
[2026-05-15 04:06:01] production.INFO: ScheduledJobManager completed {"execution_time":"2026-05-15T04:06:01+00:00","duration_ms":15.611,"dispatched":0,"skipped":0} 
[2026-05-15 04:07:01] production.INFO: ScheduledJobManager started {"execution_time":"2026-05-15T04:07:01+00:00"} 
[2026-05-15 04:07:01] production.INFO: ScheduledJobManager completed {"execution_time":"2026-05-15T04:07:01+00:00","duration_ms":12.177,"dispatched":0,"skipped":0} 
[2026-05-15 04:08:01] production.INFO: ScheduledJobManager started {"execution_time":"2026-05-15T04:08:01+00:00"} 
[2026-05-15 04:08:01] production.INFO: ScheduledJobManager completed {"execution_time":"2026-05-15T04:08:01+00:00","duration_ms":12.146,"dispatched":0,"skipped":0} 
[2026-05-15 04:09:01] production.INFO: ScheduledJobManager started {"execution_time":"2026-05-15T04:09:01+00:00"} 
[2026-05-15 04:09:01] production.INFO: ScheduledJobManager completed {"execution_time":"2026-05-15T04:09:01+00:00","duration_ms":12.215,"dispatched":0,"skipped":0} 
[2026-05-15 04:10:01] production.INFO: ScheduledJobManager started {"execution_time":"2026-05-15T04:10:01+00:00"} 
[2026-05-15 04:10:01] production.INFO: ScheduledJobManager completed {"execution_time":"2026-05-15T04:10:01+00:00","duration_ms":7.874,"dispatched":0,"skipped":0} 
[2026-05-15 04:11:01] production.INFO: ScheduledJobManager started {"execution_time":"2026-05-15T04:11:01+00:00"} 
[2026-05-15 04:11:01] production.INFO: ScheduledJobManager completed {"execution_time":"2026-05-15T04:11:01+00:00","duration_ms":11.757,"dispatched":0,"skipped":0} 
[2026-05-15 04:12:01] production.INFO: ScheduledJobManager started {"execution_time":"2026-05-15T04:12:01+00:00"} 
[2026-05-15 04:12:01] production.INFO: ScheduledJobManager completed {"execution_time":"2026-05-15T04:12:01+00:00","duration_ms":12.128,"dispatched":0,"skipped":0} 
[2026-05-15 04:13:01] production.INFO: ScheduledJobManager started {"execution_time":"2026-05-15T04:13:01+00:00"} 
[2026-05-15 04:13:01] production.INFO: ScheduledJobManager completed {"execution_time":"2026-05-15T04:13:01+00:00","duration_ms":12.349,"dispatched":0,"skipped":0} 
[2026-05-15 04:14:01] production.INFO: ScheduledJobManager started {"execution_time":"2026-05-15T04:14:01+00:00"} 
[2026-05-15 04:14:01] production.INFO: ScheduledJobManager completed {"execution_time":"2026-05-15T04:14:01+00:00","duration_ms":17.115,"dispatched":0,"skipped":0} 
[2026-05-15 04:15:01] production.INFO: ScheduledJobManager started {"execution_time":"2026-05-15T04:15:01+00:00"} 
[2026-05-15 04:15:01] production.INFO: ScheduledJobManager completed {"execution_time":"2026-05-15T04:15:01+00:00","duration_ms":11.319,"dispatched":0,"skipped":0} 
[2026-05-15 04:16:01] production.INFO: ScheduledJobManager started {"execution_time":"2026-05-15T04:16:01+00:00"} 
[2026-05-15 04:16:01] production.INFO: ScheduledJobManager completed {"execution_time":"2026-05-15T04:16:01+00:00","duration_ms":11.672,"dispatched":0,"skipped":0} 
[2026-05-15 04:17:01] production.INFO: ScheduledJobManager started {"execution_time":"2026-05-15T04:17:01+00:00"} 
[2026-05-15 04:17:01] production.INFO: ScheduledJobManager completed {"execution_time":"2026-05-15T04:17:01+00:00","duration_ms":11.105,"dispatched":0,"skipped":0} 
[2026-05-15 04:18:01] production.INFO: ScheduledJobManager started {"execution_time":"2026-05-15T04:18:01+00:00"} 
[2026-05-15 04:18:01] production.INFO: ScheduledJobManager completed {"execution_time":"2026-05-15T04:18:01+00:00","duration_ms":5.59,"dispatched":0,"skipped":0} 
[2026-05-15 04:19:01] production.INFO: ScheduledJobManager started {"execution_time":"2026-05-15T04:19:01+00:00"} 
[2026-05-15 04:19:01] production.INFO: ScheduledJobManager completed {"execution_time":"2026-05-15T04:19:01+00:00","duration_ms":11.184,"dispatched":0,"skipped":0} 
[2026-05-15 04:20:01] production.INFO: ScheduledJobManager started {"execution_time":"2026-05-15T04:20:01+00:00"} 
[2026-05-15 04:20:01] production.INFO: ScheduledJobManager completed {"execution_time":"2026-05-15T04:20:01+00:00","duration_ms":3.944,"dispatched":0,"skipped":0} 
[2026-05-15 04:21:01] production.INFO: ScheduledJobManager started {"execution_time":"2026-05-15T04:21:01+00:00"} 
[2026-05-15 04:21:01] production.INFO: ScheduledJobManager completed {"execution_time":"2026-05-15T04:21:01+00:00","duration_ms":11.873,"dispatched":0,"skipped":0} 
[2026-05-15 04:22:01] production.INFO: ScheduledJobManager started {"execution_time":"2026-05-15T04:22:01+00:00"} 
[2026-05-15 04:22:01] production.INFO: ScheduledJobManager completed {"execution_time":"2026-05-15T04:22:01+00:00","duration_ms":12.177,"dispatched":0,"skipped":0} 
[2026-05-15 04:23:01] production.INFO: ScheduledJobManager started {"execution_time":"2026-05-15T04:23:01+00:00"} 
[2026-05-15 04:23:01] production.INFO: ScheduledJobManager completed {"execution_time":"2026-05-15T04:23:01+00:00","duration_ms":11.822,"dispatched":0,"skipped":0} 
[2026-05-15 04:24:01] production.INFO: ScheduledJobManager started {"execution_time":"2026-05-15T04:24:01+00:00"} 
[2026-05-15 04:24:01] production.INFO: ScheduledJobManager completed {"execution_time":"2026-05-15T04:24:01+00:00","duration_ms":12.004,"dispatched":0,"skipped":0} 
[2026-05-15 04:25:01] production.INFO: ScheduledJobManager started {"execution_time":"2026-05-15T04:25:01+00:00"} 
[2026-05-15 04:25:01] production.INFO: ScheduledJobManager completed {"execution_time":"2026-05-15T04:25:01+00:00","duration_ms":12.107,"dispatched":0,"skipped":0} 
[2026-05-15 04:26:01] production.INFO: ScheduledJobManager started {"execution_time":"2026-05-15T04:26:01+00:00"} 
[2026-05-15 04:26:01] production.INFO: ScheduledJobManager completed {"execution_time":"2026-05-15T04:26:01+00:00","duration_ms":12.339,"dispatched":0,"skipped":0} 
[2026-05-15 04:27:01] production.INFO: ScheduledJobManager started {"execution_time":"2026-05-15T04:27:01+00:00"} 
[2026-05-15 04:27:01] production.INFO: ScheduledJobManager completed {"execution_time":"2026-05-15T04:27:01+00:00","duration_ms":12.204,"dispatched":0,"skipped":0} 
[2026-05-15 04:28:01] production.INFO: ScheduledJobManager started {"execution_time":"2026-05-15T04:28:01+00:00"} 
[2026-05-15 04:28:01] production.INFO: ScheduledJobManager completed {"execution_time":"2026-05-15T04:28:01+00:00","duration_ms":11.75,"dispatched":0,"skipped":0} 
[2026-05-15 04:29:01] production.INFO: ScheduledJobManager started {"execution_time":"2026-05-15T04:29:01+00:00"} 
[2026-05-15 04:29:01] production.INFO: ScheduledJobManager completed {"execution_time":"2026-05-15T04:29:01+00:00","duration_ms":12.098,"dispatched":0,"skipped":0} 
[2026-05-15 04:30:01] production.INFO: ScheduledJobManager started {"execution_time":"2026-05-15T04:30:01+00:00"} 
[2026-05-15 04:30:01] production.INFO: ScheduledJobManager completed {"execution_time":"2026-05-15T04:30:01+00:00","duration_ms":12.399,"dispatched":0,"skipped":0} 
[2026-05-15 04:31:01] production.INFO: ScheduledJobManager started {"execution_time":"2026-05-15T04:31:01+00:00"} 
[2026-05-15 04:31:01] production.INFO: ScheduledJobManager completed {"execution_time":"2026-05-15T04:31:01+00:00","duration_ms":12.161,"dispatched":0,"skipped":0} 
[2026-05-15 04:32:01] production.INFO: ScheduledJobManager started {"execution_time":"2026-05-15T04:32:01+00:00"} 
[2026-05-15 04:32:01] production.INFO: ScheduledJobManager completed {"execution_time":"2026-05-15T04:32:01+00:00","duration_ms":70.185,"dispatched":0,"skipped":0} 
[2026-05-15 04:33:01] production.INFO: ScheduledJobManager started {"execution_time":"2026-05-15T04:33:01+00:00"} 
[2026-05-15 04:33:01] production.INFO: ScheduledJobManager completed {"execution_time":"2026-05-15T04:33:01+00:00","duration_ms":11.675,"dispatched":0,"skipped":0} 
[2026-05-15 04:34:01] production.INFO: ScheduledJobManager started {"execution_time":"2026-05-15T04:34:01+00:00"} 
[2026-05-15 04:34:01] production.INFO: ScheduledJobManager completed {"execution_time":"2026-05-15T04:34:01+00:00","duration_ms":5.611,"dispatched":0,"skipped":0} 
[2026-05-15 04:35:01] production.INFO: ScheduledJobManager started {"execution_time":"2026-05-15T04:35:01+00:00"} 
[2026-05-15 04:35:01] production.INFO: ScheduledJobManager completed {"execution_time":"2026-05-15T04:35:01+00:00","duration_ms":11.425,"dispatched":0,"skipped":0} 
[2026-05-15 04:36:01] production.INFO: ScheduledJobManager started {"execution_time":"2026-05-15T04:36:01+00:00"} 
[2026-05-15 04:36:01] production.INFO: ScheduledJobManager completed {"execution_time":"2026-05-15T04:36:01+00:00","duration_ms":11.005,"dispatched":0,"skipped":0} 
[2026-05-15 04:37:01] production.INFO: ScheduledJobManager started {"execution_time":"2026-05-15T04:37:01+00:00"} 
[2026-05-15 04:37:01] production.INFO: ScheduledJobManager completed {"execution_time":"2026-05-15T04:37:01+00:00","duration_ms":10.932,"dispatched":0,"skipped":0} 
[2026-05-15 04:38:01] production.INFO: ScheduledJobManager started {"execution_time":"2026-05-15T04:38:01+00:00"} 
[2026-05-15 04:38:01] production.INFO: ScheduledJobManager completed {"execution_time":"2026-05-15T04:38:01+00:00","duration_ms":10.96,"dispatched":0,"skipped":0} 
[2026-05-15 04:39:01] production.INFO: ScheduledJobManager started {"execution_time":"2026-05-15T04:39:01+00:00"} 
[2026-05-15 04:39:01] production.INFO: ScheduledJobManager completed {"execution_time":"2026-05-15T04:39:01+00:00","duration_ms":11.133,"dispatched":0,"skipped":0} 
[2026-05-15 04:40:01] production.INFO: ScheduledJobManager started {"execution_time":"2026-05-15T04:40:01+00:00"} 
[2026-05-15 04:40:01] production.INFO: ScheduledJobManager completed {"execution_time":"2026-05-15T04:40:01+00:00","duration_ms":5.324,"dispatched":0,"skipped":0} 
[2026-05-15 04:41:01] production.INFO: ScheduledJobManager started {"execution_time":"2026-05-15T04:41:01+00:00"} 
[2026-05-15 04:41:01] production.INFO: ScheduledJobManager completed {"execution_time":"2026-05-15T04:41:01+00:00","duration_ms":10.917,"dispatched":0,"skipped":0} 
[2026-05-15 04:42:01] production.INFO: ScheduledJobManager started {"execution_time":"2026-05-15T04:42:01+00:00"} 
[2026-05-15 04:42:01] production.INFO: ScheduledJobManager completed {"execution_time":"2026-05-15T04:42:01+00:00","duration_ms":11.98,"dispatched":0,"skipped":0} 
[2026-05-15 04:43:01] production.INFO: ScheduledJobManager started {"execution_time":"2026-05-15T04:43:01+00:00"} 
[2026-05-15 04:43:01] production.INFO: ScheduledJobManager completed {"execution_time":"2026-05-15T04:43:01+00:00","duration_ms":12.097,"dispatched":0,"skipped":0} 
[2026-05-15 04:44:01] production.INFO: ScheduledJobManager started {"execution_time":"2026-05-15T04:44:01+00:00"} 
[2026-05-15 04:44:01] production.INFO: ScheduledJobManager completed {"execution_time":"2026-05-15T04:44:01+00:00","duration_ms":12.132,"dispatched":0,"skipped":0} 
[2026-05-15 04:45:01] production.INFO: ScheduledJobManager started {"execution_time":"2026-05-15T04:45:01+00:00"} 
[2026-05-15 04:45:01] production.INFO: ScheduledJobManager completed {"execution_time":"2026-05-15T04:45:01+00:00","duration_ms":12.363,"dispatched":0,"skipped":0} 
[2026-05-15 04:46:01] production.INFO: ScheduledJobManager started {"execution_time":"2026-05-15T04:46:01+00:00"} 
[2026-05-15 04:46:01] production.INFO: ScheduledJobManager completed {"execution_time":"2026-05-15T04:46:01+00:00","duration_ms":11.792,"dispatched":0,"skipped":0} 
[2026-05-15 04:47:01] production.INFO: ScheduledJobManager started {"execution_time":"2026-05-15T04:47:01+00:00"} 
[2026-05-15 04:47:01] production.INFO: ScheduledJobManager completed {"execution_time":"2026-05-15T04:47:01+00:00","duration_ms":15.725,"dispatched":0,"skipped":0} 
[2026-05-15 04:48:01] production.INFO: ScheduledJobManager started {"execution_time":"2026-05-15T04:48:01+00:00"} 
[2026-05-15 04:48:01] production.INFO: ScheduledJobManager completed {"execution_time":"2026-05-15T04:48:01+00:00","duration_ms":5.632,"dispatched":0,"skipped":0} 
[2026-05-15 04:49:01] production.INFO: ScheduledJobManager started {"execution_time":"2026-05-15T04:49:01+00:00"} 
[2026-05-15 04:49:01] production.INFO: ScheduledJobManager completed {"execution_time":"2026-05-15T04:49:01+00:00","duration_ms":12.214,"dispatched":0,"skipped":0} 
[2026-05-15 04:50:01] production.INFO: ScheduledJobManager started {"execution_time":"2026-05-15T04:50:01+00:00"} 
[2026-05-15 04:50:01] production.INFO: ScheduledJobManager completed {"execution_time":"2026-05-15T04:50:01+00:00","duration_ms":5.999,"dispatched":0,"skipped":0} 
[2026-05-15 04:51:01] production.INFO: ScheduledJobManager started {"execution_time":"2026-05-15T04:51:01+00:00"} 
[2026-05-15 04:51:01] production.INFO: ScheduledJobManager completed {"execution_time":"2026-05-15T04:51:01+00:00","duration_ms":11.944,"dispatched":0,"skipped":0} 
[2026-05-15 04:52:01] production.INFO: ScheduledJobManager started {"execution_time":"2026-05-15T04:52:01+00:00"} 
[2026-05-15 04:52:01] production.INFO: ScheduledJobManager completed {"execution_time":"2026-05-15T04:52:01+00:00","duration_ms":11.654,"dispatched":0,"skipped":0} 
[2026-05-15 04:53:01] production.INFO: ScheduledJobManager started {"execution_time":"2026-05-15T04:53:01+00:00"} 
[2026-05-15 04:53:01] production.INFO: ScheduledJobManager completed {"execution_time":"2026-05-15T04:53:01+00:00","duration_ms":11.877,"dispatched":0,"skipped":0} 
[2026-05-15 04:54:01] production.INFO: ScheduledJobManager started {"execution_time":"2026-05-15T04:54:01+00:00"} 
[2026-05-15 04:54:01] production.INFO: ScheduledJobManager completed {"execution_time":"2026-05-15T04:54:01+00:00","duration_ms":12.024,"dispatched":0,"skipped":0} 
[2026-05-15 04:55:01] production.INFO: ScheduledJobManager started {"execution_time":"2026-05-15T04:55:01+00:00"} 
[2026-05-15 04:55:01] production.INFO: ScheduledJobManager completed {"execution_time":"2026-05-15T04:55:01+00:00","duration_ms":11.904,"dispatched":0,"skipped":0} 
[2026-05-15 04:56:01] production.INFO: ScheduledJobManager started {"execution_time":"2026-05-15T04:56:01+00:00"} 
[2026-05-15 04:56:01] production.INFO: ScheduledJobManager completed {"execution_time":"2026-05-15T04:56:01+00:00","duration_ms":12.141,"dispatched":0,"skipped":0} 
[2026-05-15 04:57:01] production.INFO: ScheduledJobManager started {"execution_time":"2026-05-15T04:57:01+00:00"} 
[2026-05-15 04:57:01] production.INFO: ScheduledJobManager completed {"execution_time":"2026-05-15T04:57:01+00:00","duration_ms":12.155,"dispatched":0,"skipped":0} 
[2026-05-15 04:58:01] production.INFO: ScheduledJobManager started {"execution_time":"2026-05-15T04:58:01+00:00"} 
[2026-05-15 04:58:01] production.INFO: ScheduledJobManager completed {"execution_time":"2026-05-15T04:58:01+00:00","duration_ms":11.369,"dispatched":0,"skipped":0} 
[2026-05-15 04:59:01] production.INFO: ScheduledJobManager started {"execution_time":"2026-05-15T04:59:01+00:00"} 
[2026-05-15 04:59:01] production.INFO: ScheduledJobManager completed {"execution_time":"2026-05-15T04:59:01+00:00","duration_ms":10.93,"dispatched":0,"skipped":0} 
[2026-05-15 05:00:02] production.INFO: ScheduledJobManager started {"execution_time":"2026-05-15T05:00:02+00:00"} 
[2026-05-15 05:00:02] production.INFO: ScheduledJobManager completed {"execution_time":"2026-05-15T05:00:02+00:00","duration_ms":5.205,"dispatched":0,"skipped":0} 
[2026-05-15 05:01:01] production.INFO: ScheduledJobManager started {"execution_time":"2026-05-15T05:01:01+00:00"} 
[2026-05-15 05:01:01] production.INFO: ScheduledJobManager completed {"execution_time":"2026-05-15T05:01:01+00:00","duration_ms":11.279,"dispatched":0,"skipped":0} 
[2026-05-15 05:02:01] production.INFO: ScheduledJobManager started {"execution_time":"2026-05-15T05:02:01+00:00"} 
[2026-05-15 05:02:01] production.INFO: ScheduledJobManager completed {"execution_time":"2026-05-15T05:02:01+00:00","duration_ms":12.525,"dispatched":0,"skipped":0} 
[2026-05-15 05:03:01] production.INFO: ScheduledJobManager started {"execution_time":"2026-05-15T05:03:01+00:00"} 
[2026-05-15 05:03:01] production.INFO: ScheduledJobManager completed {"execution_time":"2026-05-15T05:03:01+00:00","duration_ms":10.876,"dispatched":0,"skipped":0} 
[2026-05-15 05:04:01] production.INFO: ScheduledJobManager started {"execution_time":"2026-05-15T05:04:01+00:00"} 
[2026-05-15 05:04:01] production.INFO: ScheduledJobManager completed {"execution_time":"2026-05-15T05:04:01+00:00","duration_ms":5.867,"dispatched":0,"skipped":0} 
[2026-05-15 05:05:01] production.INFO: ScheduledJobManager started {"execution_time":"2026-05-15T05:05:01+00:00"} 
[2026-05-15 05:05:01] production.INFO: ScheduledJobManager completed {"execution_time":"2026-05-15T05:05:01+00:00","duration_ms":12.439,"dispatched":0,"skipped":0} 
[2026-05-15 05:06:01] production.INFO: ScheduledJobManager started {"execution_time":"2026-05-15T05:06:01+00:00"} 
[2026-05-15 05:06:01] production.INFO: ScheduledJobManager completed {"execution_time":"2026-05-15T05:06:01+00:00","duration_ms":11.781,"dispatched":0,"skipped":0} 
[2026-05-15 05:07:01] production.INFO: ScheduledJobManager started {"execution_time":"2026-05-15T05:07:01+00:00"} 
[2026-05-15 05:07:01] production.INFO: ScheduledJobManager completed {"execution_time":"2026-05-15T05:07:01+00:00","duration_ms":12.046,"dispatched":0,"skipped":0} 
[2026-05-15 05:08:01] production.INFO: ScheduledJobManager started {"execution_time":"2026-05-15T05:08:01+00:00"} 
[2026-05-15 05:08:01] production.INFO: ScheduledJobManager completed {"execution_time":"2026-05-15T05:08:01+00:00","duration_ms":11.911,"dispatched":0,"skipped":0} 
[2026-05-15 05:09:01] production.INFO: ScheduledJobManager started {"execution_time":"2026-05-15T05:09:01+00:00"} 
[2026-05-15 05:09:01] production.INFO: ScheduledJobManager completed {"execution_time":"2026-05-15T05:09:01+00:00","duration_ms":11.854,"dispatched":0,"skipped":0} 
[2026-05-15 05:10:01] production.INFO: ScheduledJobManager started {"execution_time":"2026-05-15T05:10:01+00:00"} 
[2026-05-15 05:10:01] production.INFO: ScheduledJobManager completed {"execution_time":"2026-05-15T05:10:01+00:00","duration_ms":15.944,"dispatched":0,"skipped":0} 
[2026-05-15 05:11:01] production.INFO: ScheduledJobManager started {"execution_time":"2026-05-15T05:11:01+00:00"} 
[2026-05-15 05:11:01] production.INFO: ScheduledJobManager completed {"execution_time":"2026-05-15T05:11:01+00:00","duration_ms":11.921,"dispatched":0,"skipped":0} 
[2026-05-15 05:12:01] production.INFO: ScheduledJobManager started {"execution_time":"2026-05-15T05:12:01+00:00"} 
[2026-05-15 05:12:01] production.INFO: ScheduledJobManager completed {"execution_time":"2026-05-15T05:12:01+00:00","duration_ms":12.403,"dispatched":0,"skipped":0} 
[2026-05-15 05:13:01] production.INFO: ScheduledJobManager started {"execution_time":"2026-05-15T05:13:01+00:00"} 
[2026-05-15 05:13:01] production.INFO: ScheduledJobManager completed {"execution_time":"2026-05-15T05:13:01+00:00","duration_ms":12.442,"dispatched":0,"skipped":0} 
[2026-05-15 05:14:01] production.INFO: ScheduledJobManager started {"execution_time":"2026-05-15T05:14:01+00:00"} 
[2026-05-15 05:14:01] production.INFO: ScheduledJobManager completed {"execution_time":"2026-05-15T05:14:01+00:00","duration_ms":12.55,"dispatched":0,"skipped":0} 
[2026-05-15 05:15:01] production.INFO: ScheduledJobManager started {"execution_time":"2026-05-15T05:15:01+00:00"} 
[2026-05-15 05:15:01] production.INFO: ScheduledJobManager completed {"execution_time":"2026-05-15T05:15:01+00:00","duration_ms":12.514,"dispatched":0,"skipped":0} 
[2026-05-15 05:16:01] production.INFO: ScheduledJobManager started {"execution_time":"2026-05-15T05:16:01+00:00"} 
[2026-05-15 05:16:01] production.INFO: ScheduledJobManager completed {"execution_time":"2026-05-15T05:16:01+00:00","duration_ms":12.191,"dispatched":0,"skipped":0} 
[2026-05-15 05:17:00] production.INFO: ScheduledJobManager started {"execution_time":"2026-05-15T05:17:00+00:00"} 
[2026-05-15 05:17:00] production.INFO: ScheduledJobManager completed {"execution_time":"2026-05-15T05:17:00+00:00","duration_ms":11.438,"dispatched":0,"skipped":0} 
[2026-05-15 05:18:01] production.INFO: ScheduledJobManager started {"execution_time":"2026-05-15T05:18:01+00:00"} 
[2026-05-15 05:18:01] production.INFO: ScheduledJobManager completed {"execution_time":"2026-05-15T05:18:01+00:00","duration_ms":5.217,"dispatched":0,"skipped":0} 
[2026-05-15 05:19:01] production.INFO: ScheduledJobManager started {"execution_time":"2026-05-15T05:19:01+00:00"} 
[2026-05-15 05:19:01] production.INFO: ScheduledJobManager completed {"execution_time":"2026-05-15T05:19:01+00:00","duration_ms":12.07,"dispatched":0,"skipped":0} 
[2026-05-15 05:20:01] production.INFO: ScheduledJobManager started {"execution_time":"2026-05-15T05:20:01+00:00"} 
[2026-05-15 05:20:01] production.INFO: ScheduledJobManager completed {"execution_time":"2026-05-15T05:20:01+00:00","duration_ms":4.868,"dispatched":0,"skipped":0} 
[2026-05-15 05:21:01] production.INFO: ScheduledJobManager started {"execution_time":"2026-05-15T05:21:01+00:00"} 
[2026-05-15 05:21:01] production.INFO: ScheduledJobManager completed {"execution_time":"2026-05-15T05:21:01+00:00","duration_ms":11.046,"dispatched":0,"skipped":0} 
[2026-05-15 05:22:01] production.INFO: ScheduledJobManager started {"execution_time":"2026-05-15T05:22:01+00:00"} 
[2026-05-15 05:22:01] production.INFO: ScheduledJobManager completed {"execution_time":"2026-05-15T05:22:01+00:00","duration_ms":11.814,"dispatched":0,"skipped":0} 
[2026-05-15 05:23:01] production.INFO: ScheduledJobManager started {"execution_time":"2026-05-15T05:23:01+00:00"} 
[2026-05-15 05:23:01] production.INFO: ScheduledJobManager completed {"execution_time":"2026-05-15T05:23:01+00:00","duration_ms":11.165,"dispatched":0,"skipped":0} 
[2026-05-15 05:24:01] production.INFO: ScheduledJobManager started {"execution_time":"2026-05-15T05:24:01+00:00"} 
[2026-05-15 05:24:01] production.INFO: ScheduledJobManager completed {"execution_time":"2026-05-15T05:24:01+00:00","duration_ms":11.061,"dispatched":0,"skipped":0} 
[2026-05-15 05:25:01] production.INFO: ScheduledJobManager started {"execution_time":"2026-05-15T05:25:01+00:00"} 
[2026-05-15 05:25:01] production.INFO: ScheduledJobManager completed {"execution_time":"2026-05-15T05:25:01+00:00","duration_ms":10.88,"dispatched":0,"skipped":0} 
[2026-05-15 05:26:01] production.INFO: ScheduledJobManager started {"execution_time":"2026-05-15T05:26:01+00:00"} 
[2026-05-15 05:26:01] production.INFO: ScheduledJobManager completed {"execution_time":"2026-05-15T05:26:01+00:00","duration_ms":11.708,"dispatched":0,"skipped":0} 
[2026-05-15 05:27:01] production.INFO: ScheduledJobManager started {"execution_time":"2026-05-15T05:27:01+00:00"} 
[2026-05-15 05:27:01] production.INFO: ScheduledJobManager completed {"execution_time":"2026-05-15T05:27:01+00:00","duration_ms":11.753,"dispatched":0,"skipped":0} 
[2026-05-15 05:28:01] production.INFO: ScheduledJobManager started {"execution_time":"2026-05-15T05:28:01+00:00"} 
[2026-05-15 05:28:01] production.INFO: ScheduledJobManager completed {"execution_time":"2026-05-15T05:28:01+00:00","duration_ms":12.105,"dispatched":0,"skipped":0} 
[2026-05-15 05:29:01] production.INFO: ScheduledJobManager started {"execution_time":"2026-05-15T05:29:01+00:00"} 
[2026-05-15 05:29:01] production.INFO: ScheduledJobManager completed {"execution_time":"2026-05-15T05:29:01+00:00","duration_ms":12.102,"dispatched":0,"skipped":0} 
[2026-05-15 05:30:01] production.INFO: ScheduledJobManager started {"execution_time":"2026-05-15T05:30:01+00:00"} 
[2026-05-15 05:30:01] production.INFO: ScheduledJobManager completed {"execution_time":"2026-05-15T05:30:01+00:00","duration_ms":12.072,"dispatched":0,"skipped":0} 
[2026-05-15 05:31:01] production.INFO: ScheduledJobManager started {"execution_time":"2026-05-15T05:31:01+00:00"} 
[2026-05-15 05:31:01] production.INFO: ScheduledJobManager completed {"execution_time":"2026-05-15T05:31:01+00:00","duration_ms":12.404,"dispatched":0,"skipped":0} 
[2026-05-15 05:32:01] production.INFO: ScheduledJobManager started {"execution_time":"2026-05-15T05:32:01+00:00"} 
[2026-05-15 05:32:01] production.INFO: ScheduledJobManager completed {"execution_time":"2026-05-15T05:32:01+00:00","duration_ms":12.161,"dispatched":0,"skipped":0} 
[2026-05-15 05:33:01] production.INFO: ScheduledJobManager started {"execution_time":"2026-05-15T05:33:01+00:00"} 
[2026-05-15 05:33:01] production.INFO: ScheduledJobManager completed {"execution_time":"2026-05-15T05:33:01+00:00","duration_ms":12.104,"dispatched":0,"skipped":0} 
[2026-05-15 05:34:01] production.INFO: ScheduledJobManager started {"execution_time":"2026-05-15T05:34:01+00:00"} 
[2026-05-15 05:34:01] production.INFO: ScheduledJobManager completed {"execution_time":"2026-05-15T05:34:01+00:00","duration_ms":5.23,"dispatched":0,"skipped":0} 
[2026-05-15 05:35:01] production.INFO: ScheduledJobManager started {"execution_time":"2026-05-15T05:35:01+00:00"} 
[2026-05-15 05:35:01] production.INFO: ScheduledJobManager completed {"execution_time":"2026-05-15T05:35:01+00:00","duration_ms":12.022,"dispatched":0,"skipped":0} 
[2026-05-15 05:36:01] production.INFO: ScheduledJobManager started {"execution_time":"2026-05-15T05:36:01+00:00"} 
[2026-05-15 05:36:01] production.INFO: ScheduledJobManager completed {"execution_time":"2026-05-15T05:36:01+00:00","duration_ms":11.786,"dispatched":0,"skipped":0} 
[2026-05-15 05:37:01] production.INFO: ScheduledJobManager started {"execution_time":"2026-05-15T05:37:01+00:00"} 
[2026-05-15 05:37:01] production.INFO: ScheduledJobManager completed {"execution_time":"2026-05-15T05:37:01+00:00","duration_ms":12.122,"dispatched":0,"skipped":0} 
[2026-05-15 05:38:01] production.INFO: ScheduledJobManager started {"execution_time":"2026-05-15T05:38:01+00:00"} 
[2026-05-15 05:38:01] production.INFO: ScheduledJobManager completed {"execution_time":"2026-05-15T05:38:01+00:00","duration_ms":12.166,"dispatched":0,"skipped":0} 
[2026-05-15 05:39:01] production.INFO: ScheduledJobManager started {"execution_time":"2026-05-15T05:39:01+00:00"} 
[2026-05-15 05:39:01] production.INFO: ScheduledJobManager completed {"execution_time":"2026-05-15T05:39:01+00:00","duration_ms":11.923,"dispatched":0,"skipped":0} 
[2026-05-15 05:40:01] production.INFO: ScheduledJobManager started {"execution_time":"2026-05-15T05:40:01+00:00"} 
[2026-05-15 05:40:01] production.INFO: ScheduledJobManager completed {"execution_time":"2026-05-15T05:40:01+00:00","duration_ms":5.031,"dispatched":0,"skipped":0} 
[2026-05-15 05:41:01] production.INFO: ScheduledJobManager started {"execution_time":"2026-05-15T05:41:01+00:00"} 
[2026-05-15 05:41:01] production.INFO: ScheduledJobManager completed {"execution_time":"2026-05-15T05:41:01+00:00","duration_ms":12.068,"dispatched":0,"skipped":0} 
[2026-05-15 05:42:01] production.INFO: ScheduledJobManager started {"execution_time":"2026-05-15T05:42:01+00:00"} 
[2026-05-15 05:42:01] production.INFO: ScheduledJobManager completed {"execution_time":"2026-05-15T05:42:01+00:00","duration_ms":11.205,"dispatched":0,"skipped":0} 
[2026-05-15 05:43:01] production.INFO: ScheduledJobManager started {"execution_time":"2026-05-15T05:43:01+00:00"} 
[2026-05-15 05:43:01] production.INFO: ScheduledJobManager completed {"execution_time":"2026-05-15T05:43:01+00:00","duration_ms":10.933,"dispatched":0,"skipped":0} 
[2026-05-15 05:44:01] production.INFO: ScheduledJobManager started {"execution_time":"2026-05-15T05:44:01+00:00"} 
[2026-05-15 05:44:01] production.INFO: ScheduledJobManager completed {"execution_time":"2026-05-15T05:44:01+00:00","duration_ms":14.006,"dispatched":0,"skipped":0} 
[2026-05-15 05:45:01] production.INFO: ScheduledJobManager started {"execution_time":"2026-05-15T05:45:01+00:00"} 
[2026-05-15 05:45:01] production.INFO: ScheduledJobManager completed {"execution_time":"2026-05-15T05:45:01+00:00","duration_ms":11.114,"dispatched":0,"skipped":0} 
[2026-05-15 05:46:01] production.INFO: ScheduledJobManager started {"execution_time":"2026-05-15T05:46:01+00:00"} 
[2026-05-15 05:46:01] production.INFO: ScheduledJobManager completed {"execution_time":"2026-05-15T05:46:01+00:00","duration_ms":11.272,"dispatched":0,"skipped":0} 
[2026-05-15 05:47:00] production.INFO: ScheduledJobManager started {"execution_time":"2026-05-15T05:47:00+00:00"} 
[2026-05-15 05:47:00] production.INFO: ScheduledJobManager completed {"execution_time":"2026-05-15T05:47:00+00:00","duration_ms":11.955,"dispatched":0,"skipped":0} 
[2026-05-15 05:48:01] production.INFO: ScheduledJobManager started {"execution_time":"2026-05-15T05:48:01+00:00"} 
[2026-05-15 05:48:01] production.INFO: ScheduledJobManager completed {"execution_time":"2026-05-15T05:48:01+00:00","duration_ms":5.309,"dispatched":0,"skipped":0} 
[2026-05-15 05:49:01] production.INFO: ScheduledJobManager started {"execution_time":"2026-05-15T05:49:01+00:00"} 
[2026-05-15 05:49:01] production.INFO: ScheduledJobManager completed {"execution_time":"2026-05-15T05:49:01+00:00","duration_ms":11.909,"dispatched":0,"skipped":0} 
[2026-05-15 05:50:01] production.INFO: ScheduledJobManager started {"execution_time":"2026-05-15T05:50:01+00:00"} 
[2026-05-15 05:50:01] production.INFO: ScheduledJobManager completed {"execution_time":"2026-05-15T05:50:01+00:00","duration_ms":5.501,"dispatched":0,"skipped":0} 
[2026-05-15 05:51:01] production.INFO: ScheduledJobManager started {"execution_time":"2026-05-15T05:51:01+00:00"} 
[2026-05-15 05:51:01] production.INFO: ScheduledJobManager completed {"execution_time":"2026-05-15T05:51:01+00:00","duration_ms":12.089,"dispatched":0,"skipped":0} 
[2026-05-15 05:52:01] production.INFO: ScheduledJobManager started {"execution_time":"2026-05-15T05:52:01+00:00"} 
[2026-05-15 05:52:01] production.INFO: ScheduledJobManager completed {"execution_time":"2026-05-15T05:52:01+00:00","duration_ms":11.722,"dispatched":0,"skipped":0} 
[2026-05-15 05:53:01] production.INFO: ScheduledJobManager started {"execution_time":"2026-05-15T05:53:01+00:00"} 
[2026-05-15 05:53:01] production.INFO: ScheduledJobManager completed {"execution_time":"2026-05-15T05:53:01+00:00","duration_ms":12.262,"dispatched":0,"skipped":0} 
[2026-05-15 05:54:01] production.INFO: ScheduledJobManager started {"execution_time":"2026-05-15T05:54:01+00:00"} 
[2026-05-15 05:54:01] production.INFO: ScheduledJobManager completed {"execution_time":"2026-05-15T05:54:01+00:00","duration_ms":12.133,"dispatched":0,"skipped":0} 
[2026-05-15 05:55:01] production.INFO: ScheduledJobManager started {"execution_time":"2026-05-15T05:55:01+00:00"} 
[2026-05-15 05:55:01] production.INFO: ScheduledJobManager completed {"execution_time":"2026-05-15T05:55:01+00:00","duration_ms":12.289,"dispatched":0,"skipped":0} 
[2026-05-15 05:56:01] production.INFO: ScheduledJobManager started {"execution_time":"2026-05-15T05:56:01+00:00"} 
[2026-05-15 05:56:01] production.INFO: ScheduledJobManager completed {"execution_time":"2026-05-15T05:56:01+00:00","duration_ms":12.237,"dispatched":0,"skipped":0} 
[2026-05-15 05:57:01] production.INFO: ScheduledJobManager started {"execution_time":"2026-05-15T05:57:01+00:00"} 
[2026-05-15 05:57:01] production.INFO: ScheduledJobManager completed {"execution_time":"2026-05-15T05:57:01+00:00","duration_ms":12.044,"dispatched":0,"skipped":0} 
[2026-05-15 05:58:01] production.INFO: ScheduledJobManager started {"execution_time":"2026-05-15T05:58:01+00:00"} 
[2026-05-15 05:58:01] production.INFO: ScheduledJobManager completed {"execution_time":"2026-05-15T05:58:01+00:00","duration_ms":12.217,"dispatched":0,"skipped":0} 
[2026-05-15 05:59:01] production.INFO: ScheduledJobManager started {"execution_time":"2026-05-15T05:59:01+00:00"} 
[2026-05-15 05:59:01] production.INFO: ScheduledJobManager completed {"execution_time":"2026-05-15T05:59:01+00:00","duration_ms":12.091,"dispatched":0,"skipped":0} 
[2026-05-15 06:00:02] production.INFO: ScheduledJobManager started {"execution_time":"2026-05-15T06:00:02+00:00"} 
[2026-05-15 06:00:02] production.INFO: ScheduledJobManager completed {"execution_time":"2026-05-15T06:00:02+00:00","duration_ms":5.079,"dispatched":0,"skipped":0} 
[2026-05-15 06:01:01] production.INFO: ScheduledJobManager started {"execution_time":"2026-05-15T06:01:01+00:00"} 
[2026-05-15 06:01:01] production.INFO: ScheduledJobManager completed {"execution_time":"2026-05-15T06:01:01+00:00","duration_ms":12.037,"dispatched":0,"skipped":0} 
[2026-05-15 06:02:02] production.INFO: ScheduledJobManager started {"execution_time":"2026-05-15T06:02:02+00:00"} 
[2026-05-15 06:02:02] production.INFO: ScheduledJobManager completed {"execution_time":"2026-05-15T06:02:02+00:00","duration_ms":13.707,"dispatched":0,"skipped":0} 
[2026-05-15 06:03:01] production.INFO: ScheduledJobManager started {"execution_time":"2026-05-15T06:03:01+00:00"} 
[2026-05-15 06:03:01] production.INFO: ScheduledJobManager completed {"execution_time":"2026-05-15T06:03:01+00:00","duration_ms":11.11,"dispatched":0,"skipped":0} 
[2026-05-15 06:04:01] production.INFO: ScheduledJobManager started {"execution_time":"2026-05-15T06:04:01+00:00"} 
[2026-05-15 06:04:01] production.INFO: ScheduledJobManager completed {"execution_time":"2026-05-15T06:04:01+00:00","duration_ms":12.256,"dispatched":0,"skipped":0} 
[2026-05-15 06:05:01] production.INFO: ScheduledJobManager started {"execution_time":"2026-05-15T06:05:01+00:00"} 
[2026-05-15 06:05:01] production.INFO: ScheduledJobManager completed {"execution_time":"2026-05-15T06:05:01+00:00","duration_ms":3.878,"dispatched":0,"skipped":0} 
[2026-05-15 06:06:01] production.INFO: ScheduledJobManager started {"execution_time":"2026-05-15T06:06:01+00:00"} 
[2026-05-15 06:06:01] production.INFO: ScheduledJobManager completed {"execution_time":"2026-05-15T06:06:01+00:00","duration_ms":12.279,"dispatched":0,"skipped":0} 
[2026-05-15 06:07:01] production.INFO: ScheduledJobManager started {"execution_time":"2026-05-15T06:07:01+00:00"} 
[2026-05-15 06:07:01] production.INFO: ScheduledJobManager completed {"execution_time":"2026-05-15T06:07:01+00:00","duration_ms":11.031,"dispatched":0,"skipped":0} 
[2026-05-15 06:08:01] production.INFO: ScheduledJobManager started {"execution_time":"2026-05-15T06:08:01+00:00"} 
[2026-05-15 06:08:01] production.INFO: ScheduledJobManager completed {"execution_time":"2026-05-15T06:08:01+00:00","duration_ms":14.251,"dispatched":0,"skipped":0} 
[2026-05-15 06:09:01] production.INFO: ScheduledJobManager started {"execution_time":"2026-05-15T06:09:01+00:00"} 
[2026-05-15 06:09:01] production.INFO: ScheduledJobManager completed {"execution_time":"2026-05-15T06:09:01+00:00","duration_ms":11.889,"dispatched":0,"skipped":0} 
[2026-05-15 06:10:01] production.INFO: ScheduledJobManager started {"execution_time":"2026-05-15T06:10:01+00:00"} 
[2026-05-15 06:10:01] production.INFO: ScheduledJobManager completed {"execution_time":"2026-05-15T06:10:01+00:00","duration_ms":5.609,"dispatched":0,"skipped":0} 
[2026-05-15 06:11:01] production.INFO: ScheduledJobManager started {"execution_time":"2026-05-15T06:11:01+00:00"} 
[2026-05-15 06:11:01] production.INFO: ScheduledJobManager completed {"execution_time":"2026-05-15T06:11:01+00:00","duration_ms":12.533,"dispatched":0,"skipped":0} 
[2026-05-15 06:12:01] production.INFO: ScheduledJobManager started {"execution_time":"2026-05-15T06:12:01+00:00"} 
[2026-05-15 06:12:01] production.INFO: ScheduledJobManager completed {"execution_time":"2026-05-15T06:12:01+00:00","duration_ms":11.795,"dispatched":0,"skipped":0} 
[2026-05-15 06:13:01] production.INFO: ScheduledJobManager started {"execution_time":"2026-05-15T06:13:01+00:00"} 
[2026-05-15 06:13:01] production.INFO: ScheduledJobManager completed {"execution_time":"2026-05-15T06:13:01+00:00","duration_ms":12.3,"dispatched":0,"skipped":0} 
[2026-05-15 06:14:01] production.INFO: ScheduledJobManager started {"execution_time":"2026-05-15T06:14:01+00:00"} 
[2026-05-15 06:14:01] production.INFO: ScheduledJobManager completed {"execution_time":"2026-05-15T06:14:01+00:00","duration_ms":12.228,"dispatched":0,"skipped":0} 
[2026-05-15 06:15:01] production.INFO: ScheduledJobManager started {"execution_time":"2026-05-15T06:15:01+00:00"} 
[2026-05-15 06:15:01] production.INFO: ScheduledJobManager completed {"execution_time":"2026-05-15T06:15:01+00:00","duration_ms":12.291,"dispatched":0,"skipped":0} 
[2026-05-15 06:16:01] production.INFO: ScheduledJobManager started {"execution_time":"2026-05-15T06:16:01+00:00"} 
[2026-05-15 06:16:01] production.INFO: ScheduledJobManager completed {"execution_time":"2026-05-15T06:16:01+00:00","duration_ms":11.879,"dispatched":0,"skipped":0} 
[2026-05-15 06:17:01] production.INFO: ScheduledJobManager started {"execution_time":"2026-05-15T06:17:01+00:00"} 
[2026-05-15 06:17:01] production.INFO: ScheduledJobManager completed {"execution_time":"2026-05-15T06:17:01+00:00","duration_ms":12.262,"dispatched":0,"skipped":0} 
[2026-05-15 06:18:01] production.INFO: ScheduledJobManager started {"execution_time":"2026-05-15T06:18:01+00:00"} 
[2026-05-15 06:18:01] production.INFO: ScheduledJobManager completed {"execution_time":"2026-05-15T06:18:01+00:00","duration_ms":12.011,"dispatched":0,"skipped":0} 
[2026-05-15 06:19:01] production.INFO: ScheduledJobManager started {"execution_time":"2026-05-15T06:19:01+00:00"} 
[2026-05-15 06:19:01] production.INFO: ScheduledJobManager completed {"execution_time":"2026-05-15T06:19:01+00:00","duration_ms":11.723,"dispatched":0,"skipped":0} 
[2026-05-15 06:20:01] production.INFO: ScheduledJobManager started {"execution_time":"2026-05-15T06:20:01+00:00"} 
[2026-05-15 06:20:01] production.INFO: ScheduledJobManager completed {"execution_time":"2026-05-15T06:20:01+00:00","duration_ms":5.844,"dispatched":0,"skipped":0} 
[2026-05-15 06:21:01] production.INFO: ScheduledJobManager started {"execution_time":"2026-05-15T06:21:01+00:00"} 
[2026-05-15 06:21:01] production.INFO: ScheduledJobManager completed {"execution_time":"2026-05-15T06:21:01+00:00","duration_ms":14.901,"dispatched":0,"skipped":0} 
[2026-05-15 06:22:01] production.INFO: ScheduledJobManager started {"execution_time":"2026-05-15T06:22:01+00:00"} 
[2026-05-15 06:22:01] production.INFO: ScheduledJobManager completed {"execution_time":"2026-05-15T06:22:01+00:00","duration_ms":5.898,"dispatched":0,"skipped":0} 
[2026-05-15 06:23:01] production.INFO: ScheduledJobManager started {"execution_time":"2026-05-15T06:23:01+00:00"} 
[2026-05-15 06:23:01] production.INFO: ScheduledJobManager completed {"execution_time":"2026-05-15T06:23:01+00:00","duration_ms":14.151,"dispatched":0,"skipped":0} 
[2026-05-15 06:24:01] production.INFO: ScheduledJobManager started {"execution_time":"2026-05-15T06:24:01+00:00"} 
[2026-05-15 06:24:01] production.INFO: ScheduledJobManager completed {"execution_time":"2026-05-15T06:24:01+00:00","duration_ms":11.763,"dispatched":0,"skipped":0} 
[2026-05-15 06:25:01] production.INFO: ScheduledJobManager started {"execution_time":"2026-05-15T06:25:01+00:00"} 
[2026-05-15 06:25:01] production.INFO: ScheduledJobManager completed {"execution_time":"2026-05-15T06:25:01+00:00","duration_ms":4.069,"dispatched":0,"skipped":0} 
[2026-05-15 06:26:01] production.INFO: ScheduledJobManager started {"execution_time":"2026-05-15T06:26:01+00:00"} 
[2026-05-15 06:26:01] production.INFO: ScheduledJobManager completed {"execution_time":"2026-05-15T06:26:01+00:00","duration_ms":11.425,"dispatched":0,"skipped":0} 
[2026-05-15 06:27:01] production.INFO: ScheduledJobManager started {"execution_time":"2026-05-15T06:27:01+00:00"} 
[2026-05-15 06:27:01] production.INFO: ScheduledJobManager completed {"execution_time":"2026-05-15T06:27:01+00:00","duration_ms":11.231,"dispatched":0,"skipped":0} 
[2026-05-15 06:28:01] production.INFO: ScheduledJobManager started {"execution_time":"2026-05-15T06:28:01+00:00"} 
[2026-05-15 06:28:01] production.INFO: ScheduledJobManager completed {"execution_time":"2026-05-15T06:28:01+00:00","duration_ms":10.901,"dispatched":0,"skipped":0} 
[2026-05-15 06:29:01] production.INFO: ScheduledJobManager started {"execution_time":"2026-05-15T06:29:01+00:00"} 
[2026-05-15 06:29:01] production.INFO: ScheduledJobManager completed {"execution_time":"2026-05-15T06:29:01+00:00","duration_ms":10.867,"dispatched":0,"skipped":0} 
[2026-05-15 06:30:01] production.INFO: ScheduledJobManager started {"execution_time":"2026-05-15T06:30:01+00:00"} 
[2026-05-15 06:30:01] production.INFO: ScheduledJobManager completed {"execution_time":"2026-05-15T06:30:01+00:00","duration_ms":13.03,"dispatched":0,"skipped":0} 
[2026-05-15 06:31:01] production.INFO: ScheduledJobManager started {"execution_time":"2026-05-15T06:31:01+00:00"} 
[2026-05-15 06:31:01] production.INFO: ScheduledJobManager completed {"execution_time":"2026-05-15T06:31:01+00:00","duration_ms":12.022,"dispatched":0,"skipped":0} 
[2026-05-15 06:32:01] production.INFO: ScheduledJobManager started {"execution_time":"2026-05-15T06:32:01+00:00"} 
[2026-05-15 06:32:01] production.INFO: ScheduledJobManager completed {"execution_time":"2026-05-15T06:32:01+00:00","duration_ms":11.983,"dispatched":0,"skipped":0} 
[2026-05-15 06:33:01] production.INFO: ScheduledJobManager started {"execution_time":"2026-05-15T06:33:01+00:00"} 
[2026-05-15 06:33:01] production.INFO: ScheduledJobManager completed {"execution_time":"2026-05-15T06:33:01+00:00","duration_ms":12.065,"dispatched":0,"skipped":0} 
[2026-05-15 06:34:01] production.INFO: ScheduledJobManager started {"execution_time":"2026-05-15T06:34:01+00:00"} 
[2026-05-15 06:34:01] production.INFO: ScheduledJobManager completed {"execution_time":"2026-05-15T06:34:01+00:00","duration_ms":11.953,"dispatched":0,"skipped":0} 
[2026-05-15 06:35:01] production.INFO: ScheduledJobManager started {"execution_time":"2026-05-15T06:35:01+00:00"} 
[2026-05-15 06:35:01] production.INFO: ScheduledJobManager completed {"execution_time":"2026-05-15T06:35:01+00:00","duration_ms":3.972,"dispatched":0,"skipped":0} 
[2026-05-15 06:36:01] production.INFO: ScheduledJobManager started {"execution_time":"2026-05-15T06:36:01+00:00"} 
[2026-05-15 06:36:01] production.INFO: ScheduledJobManager completed {"execution_time":"2026-05-15T06:36:01+00:00","duration_ms":12.074,"dispatched":0,"skipped":0} 
[2026-05-15 06:37:01] production.INFO: ScheduledJobManager started {"execution_time":"2026-05-15T06:37:01+00:00"} 
[2026-05-15 06:37:01] production.INFO: ScheduledJobManager completed {"execution_time":"2026-05-15T06:37:01+00:00","duration_ms":12.391,"dispatched":0,"skipped":0} 
[2026-05-15 06:38:01] production.INFO: ScheduledJobManager started {"execution_time":"2026-05-15T06:38:01+00:00"} 
[2026-05-15 06:38:01] production.INFO: ScheduledJobManager completed {"execution_time":"2026-05-15T06:38:01+00:00","duration_ms":12.349,"dispatched":0,"skipped":0} 
[2026-05-15 06:39:01] production.INFO: ScheduledJobManager started {"execution_time":"2026-05-15T06:39:01+00:00"} 
[2026-05-15 06:39:01] production.INFO: ScheduledJobManager completed {"execution_time":"2026-05-15T06:39:01+00:00","duration_ms":12.72,"dispatched":0,"skipped":0} 
[2026-05-15 06:40:01] production.INFO: ScheduledJobManager started {"execution_time":"2026-05-15T06:40:01+00:00"} 
[2026-05-15 06:40:01] production.INFO: ScheduledJobManager completed {"execution_time":"2026-05-15T06:40:01+00:00","duration_ms":10.621,"dispatched":0,"skipped":0} 
[2026-05-15 06:41:01] production.INFO: ScheduledJobManager started {"execution_time":"2026-05-15T06:41:01+00:00"} 
[2026-05-15 06:41:01] production.INFO: ScheduledJobManager completed {"execution_time":"2026-05-15T06:41:01+00:00","duration_ms":12.035,"dispatched":0,"skipped":0} 
[2026-05-15 06:42:01] production.INFO: ScheduledJobManager started {"execution_time":"2026-05-15T06:42:01+00:00"} 
[2026-05-15 06:42:01] production.INFO: ScheduledJobManager completed {"execution_time":"2026-05-15T06:42:01+00:00","duration_ms":11.9,"dispatched":0,"skipped":0} 
[2026-05-15 06:43:01] production.INFO: ScheduledJobManager started {"execution_time":"2026-05-15T06:43:01+00:00"} 
[2026-05-15 06:43:01] production.INFO: ScheduledJobManager completed {"execution_time":"2026-05-15T06:43:01+00:00","duration_ms":12.09,"dispatched":0,"skipped":0} 
[2026-05-15 06:44:01] production.INFO: ScheduledJobManager started {"execution_time":"2026-05-15T06:44:01+00:00"} 
[2026-05-15 06:44:01] production.INFO: ScheduledJobManager completed {"execution_time":"2026-05-15T06:44:01+00:00","duration_ms":12.261,"dispatched":0,"skipped":0} 
[2026-05-15 06:45:01] production.INFO: ScheduledJobManager started {"execution_time":"2026-05-15T06:45:01+00:00"} 
[2026-05-15 06:45:01] production.INFO: ScheduledJobManager completed {"execution_time":"2026-05-15T06:45:01+00:00","duration_ms":11.644,"dispatched":0,"skipped":0} 
[2026-05-15 06:46:01] production.INFO: ScheduledJobManager started {"execution_time":"2026-05-15T06:46:01+00:00"} 
[2026-05-15 06:46:01] production.INFO: ScheduledJobManager completed {"execution_time":"2026-05-15T06:46:01+00:00","duration_ms":13.427,"dispatched":0,"skipped":0} 
[2026-05-15 06:47:01] production.INFO: ScheduledJobManager started {"execution_time":"2026-05-15T06:47:01+00:00"} 
[2026-05-15 06:47:01] production.INFO: ScheduledJobManager completed {"execution_time":"2026-05-15T06:47:01+00:00","duration_ms":11.356,"dispatched":0,"skipped":0} 
[2026-05-15 06:48:01] production.INFO: ScheduledJobManager started {"execution_time":"2026-05-15T06:48:01+00:00"} 
[2026-05-15 06:48:01] production.INFO: ScheduledJobManager completed {"execution_time":"2026-05-15T06:48:01+00:00","duration_ms":12.046,"dispatched":0,"skipped":0} 
[2026-05-15 06:49:00] production.INFO: ScheduledJobManager started {"execution_time":"2026-05-15T06:49:00+00:00"} 
[2026-05-15 06:49:00] production.INFO: ScheduledJobManager completed {"execution_time":"2026-05-15T06:49:00+00:00","duration_ms":10.776,"dispatched":0,"skipped":0} 
[2026-05-15 06:50:01] production.INFO: ScheduledJobManager started {"execution_time":"2026-05-15T06:50:01+00:00"} 
[2026-05-15 06:50:01] production.INFO: ScheduledJobManager completed {"execution_time":"2026-05-15T06:50:01+00:00","duration_ms":5.315,"dispatched":0,"skipped":0} 
[2026-05-15 06:51:01] production.INFO: ScheduledJobManager started {"execution_time":"2026-05-15T06:51:01+00:00"} 
[2026-05-15 06:51:01] production.INFO: ScheduledJobManager completed {"execution_time":"2026-05-15T06:51:01+00:00","duration_ms":11.16,"dispatched":0,"skipped":0} 
[2026-05-15 06:52:01] production.INFO: ScheduledJobManager started {"execution_time":"2026-05-15T06:52:01+00:00"} 
[2026-05-15 06:52:01] production.INFO: ScheduledJobManager completed {"execution_time":"2026-05-15T06:52:01+00:00","duration_ms":5.865,"dispatched":0,"skipped":0} 
[2026-05-15 06:53:01] production.INFO: ScheduledJobManager started {"execution_time":"2026-05-15T06:53:01+00:00"} 
[2026-05-15 06:53:01] production.INFO: ScheduledJobManager completed {"execution_time":"2026-05-15T06:53:01+00:00","duration_ms":11.931,"dispatched":0,"skipped":0} 
[2026-05-15 06:54:01] production.INFO: ScheduledJobManager started {"execution_time":"2026-05-15T06:54:01+00:00"} 
[2026-05-15 06:54:01] production.INFO: ScheduledJobManager completed {"execution_time":"2026-05-15T06:54:01+00:00","duration_ms":11.719,"dispatched":0,"skipped":0} 
[2026-05-15 06:55:01] production.INFO: ScheduledJobManager started {"execution_time":"2026-05-15T06:55:01+00:00"} 
[2026-05-15 06:55:01] production.INFO: ScheduledJobManager completed {"execution_time":"2026-05-15T06:55:01+00:00","duration_ms":4.218,"dispatched":0,"skipped":0} 
[2026-05-15 06:56:01] production.INFO: ScheduledJobManager started {"execution_time":"2026-05-15T06:56:01+00:00"} 
[2026-05-15 06:56:01] production.INFO: ScheduledJobManager completed {"execution_time":"2026-05-15T06:56:01+00:00","duration_ms":11.849,"dispatched":0,"skipped":0} 
[2026-05-15 06:57:01] production.INFO: ScheduledJobManager started {"execution_time":"2026-05-15T06:57:01+00:00"} 
[2026-05-15 06:57:01] production.INFO: ScheduledJobManager completed {"execution_time":"2026-05-15T06:57:01+00:00","duration_ms":11.985,"dispatched":0,"skipped":0} 
[2026-05-15 06:58:01] production.INFO: ScheduledJobManager started {"execution_time":"2026-05-15T06:58:01+00:00"} 
[2026-05-15 06:58:01] production.INFO: ScheduledJobManager completed {"execution_time":"2026-05-15T06:58:01+00:00","duration_ms":11.896,"dispatched":0,"skipped":0} 
[2026-05-15 06:59:01] production.INFO: ScheduledJobManager started {"execution_time":"2026-05-15T06:59:01+00:00"} 
[2026-05-15 06:59:01] production.INFO: ScheduledJobManager completed {"execution_time":"2026-05-15T06:59:01+00:00","duration_ms":12.183,"dispatched":0,"skipped":0} 
[2026-05-15 07:00:02] production.INFO: ScheduledJobManager started {"execution_time":"2026-05-15T07:00:02+00:00"} 
[2026-05-15 07:00:02] production.INFO: ScheduledJobManager completed {"execution_time":"2026-05-15T07:00:02+00:00","duration_ms":4.94,"dispatched":0,"skipped":0} 
[2026-05-15 07:01:01] production.INFO: ScheduledJobManager started {"execution_time":"2026-05-15T07:01:01+00:00"} 
[2026-05-15 07:01:01] production.INFO: ScheduledJobManager completed {"execution_time":"2026-05-15T07:01:01+00:00","duration_ms":11.683,"dispatched":0,"skipped":0} 
[2026-05-15 07:02:01] production.INFO: ScheduledJobManager started {"execution_time":"2026-05-15T07:02:01+00:00"} 
[2026-05-15 07:02:01] production.INFO: ScheduledJobManager completed {"execution_time":"2026-05-15T07:02:01+00:00","duration_ms":11.926,"dispatched":0,"skipped":0} 
[2026-05-15 07:03:01] production.INFO: ScheduledJobManager started {"execution_time":"2026-05-15T07:03:01+00:00"} 
[2026-05-15 07:03:01] production.INFO: ScheduledJobManager completed {"execution_time":"2026-05-15T07:03:01+00:00","duration_ms":12.246,"dispatched":0,"skipped":0} 
[2026-05-15 07:04:02] production.INFO: ScheduledJobManager started {"execution_time":"2026-05-15T07:04:02+00:00"} 
[2026-05-15 07:04:02] production.INFO: ScheduledJobManager completed {"execution_time":"2026-05-15T07:04:02+00:00","duration_ms":11.756,"dispatched":0,"skipped":0} 
[2026-05-15 07:05:02] production.INFO: ScheduledJobManager started {"execution_time":"2026-05-15T07:05:02+00:00"} 
[2026-05-15 07:05:02] production.INFO: ScheduledJobManager completed {"execution_time":"2026-05-15T07:05:02+00:00","duration_ms":11.882,"dispatched":0,"skipped":0} 
[2026-05-15 07:06:01] production.INFO: ScheduledJobManager started {"execution_time":"2026-05-15T07:06:01+00:00"} 
[2026-05-15 07:06:01] production.INFO: ScheduledJobManager completed {"execution_time":"2026-05-15T07:06:01+00:00","duration_ms":14.801,"dispatched":0,"skipped":0} 
[2026-05-15 07:07:01] production.INFO: ScheduledJobManager started {"execution_time":"2026-05-15T07:07:01+00:00"} 
[2026-05-15 07:07:01] production.INFO: ScheduledJobManager completed {"execution_time":"2026-05-15T07:07:01+00:00","duration_ms":12.394,"dispatched":0,"skipped":0} 
[2026-05-15 07:08:01] production.INFO: ScheduledJobManager started {"execution_time":"2026-05-15T07:08:01+00:00"} 
[2026-05-15 07:08:01] production.INFO: ScheduledJobManager completed {"execution_time":"2026-05-15T07:08:01+00:00","duration_ms":11.226,"dispatched":0,"skipped":0} 
[2026-05-15 07:09:01] production.INFO: ScheduledJobManager started {"execution_time":"2026-05-15T07:09:01+00:00"} 
[2026-05-15 07:09:01] production.INFO: ScheduledJobManager completed {"execution_time":"2026-05-15T07:09:01+00:00","duration_ms":11.285,"dispatched":0,"skipped":0} 
[2026-05-15 07:10:01] production.INFO: ScheduledJobManager started {"execution_time":"2026-05-15T07:10:01+00:00"} 
[2026-05-15 07:10:01] production.INFO: ScheduledJobManager completed {"execution_time":"2026-05-15T07:10:01+00:00","duration_ms":3.707,"dispatched":0,"skipped":0} 
[2026-05-15 07:11:01] production.INFO: ScheduledJobManager started {"execution_time":"2026-05-15T07:11:01+00:00"} 
[2026-05-15 07:11:01] production.INFO: ScheduledJobManager completed {"execution_time":"2026-05-15T07:11:01+00:00","duration_ms":11.096,"dispatched":0,"skipped":0} 
[2026-05-15 07:12:01] production.INFO: ScheduledJobManager started {"execution_time":"2026-05-15T07:12:01+00:00"} 
[2026-05-15 07:12:01] production.INFO: ScheduledJobManager completed {"execution_time":"2026-05-15T07:12:01+00:00","duration_ms":10.857,"dispatched":0,"skipped":0} 
[2026-05-15 07:13:01] production.INFO: ScheduledJobManager started {"execution_time":"2026-05-15T07:13:01+00:00"} 
[2026-05-15 07:13:01] production.INFO: ScheduledJobManager completed {"execution_time":"2026-05-15T07:13:01+00:00","duration_ms":10.77,"dispatched":0,"skipped":0} 
[2026-05-15 07:14:01] production.INFO: ScheduledJobManager started {"execution_time":"2026-05-15T07:14:01+00:00"} 
[2026-05-15 07:14:01] production.INFO: ScheduledJobManager completed {"execution_time":"2026-05-15T07:14:01+00:00","duration_ms":11.8,"dispatched":0,"skipped":0} 
[2026-05-15 07:15:01] production.INFO: ScheduledJobManager started {"execution_time":"2026-05-15T07:15:01+00:00"} 
[2026-05-15 07:15:01] production.INFO: ScheduledJobManager completed {"execution_time":"2026-05-15T07:15:01+00:00","duration_ms":12.022,"dispatched":0,"skipped":0} 
[2026-05-15 07:16:01] production.INFO: ScheduledJobManager started {"execution_time":"2026-05-15T07:16:01+00:00"} 
[2026-05-15 07:16:01] production.INFO: ScheduledJobManager completed {"execution_time":"2026-05-15T07:16:01+00:00","duration_ms":12.009,"dispatched":0,"skipped":0} 
[2026-05-15 07:17:01] production.INFO: ScheduledJobManager started {"execution_time":"2026-05-15T07:17:01+00:00"} 
[2026-05-15 07:17:01] production.INFO: ScheduledJobManager completed {"execution_time":"2026-05-15T07:17:01+00:00","duration_ms":11.875,"dispatched":0,"skipped":0} 
[2026-05-15 07:18:01] production.INFO: ScheduledJobManager started {"execution_time":"2026-05-15T07:18:01+00:00"} 
[2026-05-15 07:18:01] production.INFO: ScheduledJobManager completed {"execution_time":"2026-05-15T07:18:01+00:00","duration_ms":11.524,"dispatched":0,"skipped":0} 
[2026-05-15 07:19:01] production.INFO: ScheduledJobManager started {"execution_time":"2026-05-15T07:19:01+00:00"} 
[2026-05-15 07:19:01] production.INFO: ScheduledJobManager completed {"execution_time":"2026-05-15T07:19:01+00:00","duration_ms":12.223,"dispatched":0,"skipped":0} 
[2026-05-15 07:20:02] production.INFO: ScheduledJobManager started {"execution_time":"2026-05-15T07:20:02+00:00"} 
[2026-05-15 07:20:02] production.INFO: ScheduledJobManager completed {"execution_time":"2026-05-15T07:20:02+00:00","duration_ms":16.91,"dispatched":0,"skipped":0} 
[2026-05-15 07:21:01] production.INFO: ScheduledJobManager started {"execution_time":"2026-05-15T07:21:01+00:00"} 
[2026-05-15 07:21:01] production.INFO: ScheduledJobManager completed {"execution_time":"2026-05-15T07:21:01+00:00","duration_ms":12.364,"dispatched":0,"skipped":0} 
[2026-05-15 07:22:01] production.INFO: ScheduledJobManager started {"execution_time":"2026-05-15T07:22:01+00:00"} 
[2026-05-15 07:22:01] production.INFO: ScheduledJobManager completed {"execution_time":"2026-05-15T07:22:01+00:00","duration_ms":5.2,"dispatched":0,"skipped":0} 
[2026-05-15 07:23:01] production.INFO: ScheduledJobManager started {"execution_time":"2026-05-15T07:23:01+00:00"} 
[2026-05-15 07:23:01] production.INFO: ScheduledJobManager completed {"execution_time":"2026-05-15T07:23:01+00:00","duration_ms":11.622,"dispatched":0,"skipped":0} 
[2026-05-15 07:24:01] production.INFO: ScheduledJobManager started {"execution_time":"2026-05-15T07:24:01+00:00"} 
[2026-05-15 07:24:01] production.INFO: ScheduledJobManager completed {"execution_time":"2026-05-15T07:24:01+00:00","duration_ms":11.667,"dispatched":0,"skipped":0} 
[2026-05-15 07:25:01] production.INFO: ScheduledJobManager started {"execution_time":"2026-05-15T07:25:01+00:00"} 
[2026-05-15 07:25:01] production.INFO: ScheduledJobManager completed {"execution_time":"2026-05-15T07:25:01+00:00","duration_ms":4.09,"dispatched":0,"skipped":0} 
[2026-05-15 07:26:01] production.INFO: ScheduledJobManager started {"execution_time":"2026-05-15T07:26:01+00:00"} 
[2026-05-15 07:26:01] production.INFO: ScheduledJobManager completed {"execution_time":"2026-05-15T07:26:01+00:00","duration_ms":11.619,"dispatched":0,"skipped":0} 
[2026-05-15 07:27:01] production.INFO: ScheduledJobManager started {"execution_time":"2026-05-15T07:27:01+00:00"} 
[2026-05-15 07:27:01] production.INFO: ScheduledJobManager completed {"execution_time":"2026-05-15T07:27:01+00:00","duration_ms":11.862,"dispatched":0,"skipped":0} 
[2026-05-15 07:28:01] production.INFO: ScheduledJobManager started {"execution_time":"2026-05-15T07:28:01+00:00"} 
[2026-05-15 07:28:01] production.INFO: ScheduledJobManager completed {"execution_time":"2026-05-15T07:28:01+00:00","duration_ms":11.997,"dispatched":0,"skipped":0} 
[2026-05-15 07:29:01] production.INFO: ScheduledJobManager started {"execution_time":"2026-05-15T07:29:01+00:00"} 
[2026-05-15 07:29:01] production.INFO: ScheduledJobManager completed {"execution_time":"2026-05-15T07:29:01+00:00","duration_ms":12.1,"dispatched":0,"skipped":0} 
[2026-05-15 07:30:01] production.INFO: ScheduledJobManager started {"execution_time":"2026-05-15T07:30:01+00:00"} 
[2026-05-15 07:30:01] production.INFO: ScheduledJobManager completed {"execution_time":"2026-05-15T07:30:01+00:00","duration_ms":6.462,"dispatched":0,"skipped":0} 
[2026-05-15 07:31:01] production.INFO: ScheduledJobManager started {"execution_time":"2026-05-15T07:31:01+00:00"} 
[2026-05-15 07:31:01] production.INFO: ScheduledJobManager completed {"execution_time":"2026-05-15T07:31:01+00:00","duration_ms":11.027,"dispatched":0,"skipped":0} 
[2026-05-15 07:32:01] production.INFO: ScheduledJobManager started {"execution_time":"2026-05-15T07:32:01+00:00"} 
[2026-05-15 07:32:01] production.INFO: ScheduledJobManager completed {"execution_time":"2026-05-15T07:32:01+00:00","duration_ms":11.087,"dispatched":0,"skipped":0} 
[2026-05-15 07:33:01] production.INFO: ScheduledJobManager started {"execution_time":"2026-05-15T07:33:01+00:00"} 
[2026-05-15 07:33:01] production.INFO: ScheduledJobManager completed {"execution_time":"2026-05-15T07:33:01+00:00","duration_ms":11.205,"dispatched":0,"skipped":0} 
[2026-05-15 07:34:01] production.INFO: ScheduledJobManager started {"execution_time":"2026-05-15T07:34:01+00:00"} 
[2026-05-15 07:34:01] production.INFO: ScheduledJobManager completed {"execution_time":"2026-05-15T07:34:01+00:00","duration_ms":11.266,"dispatched":0,"skipped":0} 
[2026-05-15 07:35:01] production.INFO: ScheduledJobManager started {"execution_time":"2026-05-15T07:35:01+00:00"} 
[2026-05-15 07:35:01] production.INFO: ScheduledJobManager completed {"execution_time":"2026-05-15T07:35:01+00:00","duration_ms":11.426,"dispatched":0,"skipped":0} 
[2026-05-15 07:36:01] production.INFO: ScheduledJobManager started {"execution_time":"2026-05-15T07:36:01+00:00"} 
[2026-05-15 07:36:01] production.INFO: ScheduledJobManager completed {"execution_time":"2026-05-15T07:36:01+00:00","duration_ms":11.7,"dispatched":0,"skipped":0} 
[2026-05-15 07:37:01] production.INFO: ScheduledJobManager started {"execution_time":"2026-05-15T07:37:01+00:00"} 
[2026-05-15 07:37:01] production.INFO: ScheduledJobManager completed {"execution_time":"2026-05-15T07:37:01+00:00","duration_ms":11.837,"dispatched":0,"skipped":0} 
[2026-05-15 07:38:01] production.INFO: ScheduledJobManager started {"execution_time":"2026-05-15T07:38:01+00:00"} 
[2026-05-15 07:38:01] production.INFO: ScheduledJobManager completed {"execution_time":"2026-05-15T07:38:01+00:00","duration_ms":12.698,"dispatched":0,"skipped":0} 
[2026-05-15 07:39:01] production.INFO: ScheduledJobManager started {"execution_time":"2026-05-15T07:39:01+00:00"} 
[2026-05-15 07:39:01] production.INFO: ScheduledJobManager completed {"execution_time":"2026-05-15T07:39:01+00:00","duration_ms":12.162,"dispatched":0,"skipped":0} 
[2026-05-15 07:40:01] production.INFO: ScheduledJobManager started {"execution_time":"2026-05-15T07:40:01+00:00"} 
[2026-05-15 07:40:01] production.INFO: ScheduledJobManager completed {"execution_time":"2026-05-15T07:40:01+00:00","duration_ms":3.985,"dispatched":0,"skipped":0} 
[2026-05-15 07:41:01] production.INFO: ScheduledJobManager started {"execution_time":"2026-05-15T07:41:01+00:00"} 
[2026-05-15 07:41:01] production.INFO: ScheduledJobManager completed {"execution_time":"2026-05-15T07:41:01+00:00","duration_ms":12.03,"dispatched":0,"skipped":0} 
[2026-05-15 07:42:01] production.INFO: ScheduledJobManager started {"execution_time":"2026-05-15T07:42:01+00:00"} 
[2026-05-15 07:42:01] production.INFO: ScheduledJobManager completed {"execution_time":"2026-05-15T07:42:01+00:00","duration_ms":11.831,"dispatched":0,"skipped":0} 
[2026-05-15 07:43:01] production.INFO: ScheduledJobManager started {"execution_time":"2026-05-15T07:43:01+00:00"} 
[2026-05-15 07:43:01] production.INFO: ScheduledJobManager completed {"execution_time":"2026-05-15T07:43:01+00:00","duration_ms":11.684,"dispatched":0,"skipped":0} 
[2026-05-15 07:44:01] production.INFO: ScheduledJobManager started {"execution_time":"2026-05-15T07:44:01+00:00"} 
[2026-05-15 07:44:01] production.INFO: ScheduledJobManager completed {"execution_time":"2026-05-15T07:44:01+00:00","duration_ms":11.846,"dispatched":0,"skipped":0} 
[2026-05-15 07:45:01] production.INFO: ScheduledJobManager started {"execution_time":"2026-05-15T07:45:01+00:00"} 
[2026-05-15 07:45:01] production.INFO: ScheduledJobManager completed {"execution_time":"2026-05-15T07:45:01+00:00","duration_ms":11.832,"dispatched":0,"skipped":0} 
[2026-05-15 07:46:01] production.INFO: ScheduledJobManager started {"execution_time":"2026-05-15T07:46:01+00:00"} 
[2026-05-15 07:46:01] production.INFO: ScheduledJobManager completed {"execution_time":"2026-05-15T07:46:01+00:00","duration_ms":12.126,"dispatched":0,"skipped":0} 
[2026-05-15 07:47:01] production.INFO: ScheduledJobManager started {"execution_time":"2026-05-15T07:47:01+00:00"} 
[2026-05-15 07:47:01] production.INFO: ScheduledJobManager completed {"execution_time":"2026-05-15T07:47:01+00:00","duration_ms":11.812,"dispatched":0,"skipped":0} 
[2026-05-15 07:48:01] production.INFO: ScheduledJobManager started {"execution_time":"2026-05-15T07:48:01+00:00"} 
[2026-05-15 07:48:01] production.INFO: ScheduledJobManager completed {"execution_time":"2026-05-15T07:48:01+00:00","duration_ms":11.758,"dispatched":0,"skipped":0} 
[2026-05-15 07:49:01] production.INFO: ScheduledJobManager started {"execution_time":"2026-05-15T07:49:01+00:00"} 
[2026-05-15 07:49:01] production.INFO: ScheduledJobManager completed {"execution_time":"2026-05-15T07:49:01+00:00","duration_ms":14.61,"dispatched":0,"skipped":0} 
[2026-05-15 07:50:01] production.INFO: ScheduledJobManager started {"execution_time":"2026-05-15T07:50:01+00:00"} 
[2026-05-15 07:50:01] production.INFO: ScheduledJobManager completed {"execution_time":"2026-05-15T07:50:01+00:00","duration_ms":11.984,"dispatched":0,"skipped":0} 
[2026-05-15 07:51:01] production.INFO: ScheduledJobManager started {"execution_time":"2026-05-15T07:51:01+00:00"} 
[2026-05-15 07:51:01] production.INFO: ScheduledJobManager completed {"execution_time":"2026-05-15T07:51:01+00:00","duration_ms":12.592,"dispatched":0,"skipped":0} 
[2026-05-15 07:52:01] production.INFO: ScheduledJobManager started {"execution_time":"2026-05-15T07:52:01+00:00"} 
[2026-05-15 07:52:01] production.INFO: ScheduledJobManager completed {"execution_time":"2026-05-15T07:52:01+00:00","duration_ms":52.572,"dispatched":0,"skipped":0} 
[2026-05-15 07:53:01] production.INFO: ScheduledJobManager started {"execution_time":"2026-05-15T07:53:01+00:00"} 
[2026-05-15 07:53:01] production.INFO: ScheduledJobManager completed {"execution_time":"2026-05-15T07:53:01+00:00","duration_ms":11.275,"dispatched":0,"skipped":0} 
[2026-05-15 07:54:01] production.INFO: ScheduledJobManager started {"execution_time":"2026-05-15T07:54:01+00:00"} 
[2026-05-15 07:54:01] production.INFO: ScheduledJobManager completed {"execution_time":"2026-05-15T07:54:01+00:00","duration_ms":5.415,"dispatched":0,"skipped":0} 
[2026-05-15 07:55:01] production.INFO: ScheduledJobManager started {"execution_time":"2026-05-15T07:55:01+00:00"} 
[2026-05-15 07:55:01] production.INFO: ScheduledJobManager completed {"execution_time":"2026-05-15T07:55:01+00:00","duration_ms":12.098,"dispatched":0,"skipped":0} 
[2026-05-15 07:56:01] production.INFO: ScheduledJobManager started {"execution_time":"2026-05-15T07:56:01+00:00"} 
[2026-05-15 07:56:01] production.INFO: ScheduledJobManager completed {"execution_time":"2026-05-15T07:56:01+00:00","duration_ms":11.154,"dispatched":0,"skipped":0} 
[2026-05-15 07:57:01] production.INFO: ScheduledJobManager started {"execution_time":"2026-05-15T07:57:01+00:00"} 
[2026-05-15 07:57:01] production.INFO: ScheduledJobManager completed {"execution_time":"2026-05-15T07:57:01+00:00","duration_ms":11.22,"dispatched":0,"skipped":0} 
[2026-05-15 07:58:01] production.INFO: ScheduledJobManager started {"execution_time":"2026-05-15T07:58:01+00:00"} 
[2026-05-15 07:58:01] production.INFO: ScheduledJobManager completed {"execution_time":"2026-05-15T07:58:01+00:00","duration_ms":12.111,"dispatched":0,"skipped":0} 
[2026-05-15 07:59:01] production.INFO: ScheduledJobManager started {"execution_time":"2026-05-15T07:59:01+00:00"} 
[2026-05-15 07:59:01] production.INFO: ScheduledJobManager completed {"execution_time":"2026-05-15T07:59:01+00:00","duration_ms":11.643,"dispatched":0,"skipped":0} 
[2026-05-15 08:00:02] production.INFO: ScheduledJobManager started {"execution_time":"2026-05-15T08:00:02+00:00"} 
[2026-05-15 08:00:02] production.INFO: ScheduledJobManager completed {"execution_time":"2026-05-15T08:00:02+00:00","duration_ms":5.136,"dispatched":0,"skipped":0} 
[2026-05-15 08:01:01] production.INFO: ScheduledJobManager started {"execution_time":"2026-05-15T08:01:01+00:00"} 
[2026-05-15 08:01:01] production.INFO: ScheduledJobManager completed {"execution_time":"2026-05-15T08:01:01+00:00","duration_ms":11.985,"dispatched":0,"skipped":0} 
[2026-05-15 08:02:01] production.INFO: ScheduledJobManager started {"execution_time":"2026-05-15T08:02:01+00:00"} 
[2026-05-15 08:02:01] production.INFO: ScheduledJobManager completed {"execution_time":"2026-05-15T08:02:01+00:00","duration_ms":12.075,"dispatched":0,"skipped":0} 
[2026-05-15 08:03:01] production.INFO: ScheduledJobManager started {"execution_time":"2026-05-15T08:03:01+00:00"} 
[2026-05-15 08:03:01] production.INFO: ScheduledJobManager completed {"execution_time":"2026-05-15T08:03:01+00:00","duration_ms":11.967,"dispatched":0,"skipped":0} 
[2026-05-15 08:04:01] production.INFO: ScheduledJobManager started {"execution_time":"2026-05-15T08:04:01+00:00"} 
[2026-05-15 08:04:01] production.INFO: ScheduledJobManager completed {"execution_time":"2026-05-15T08:04:01+00:00","duration_ms":12.599,"dispatched":0,"skipped":0} 
[2026-05-15 08:05:01] production.INFO: ScheduledJobManager started {"execution_time":"2026-05-15T08:05:01+00:00"} 
[2026-05-15 08:05:01] production.INFO: ScheduledJobManager completed {"execution_time":"2026-05-15T08:05:01+00:00","duration_ms":12.146,"dispatched":0,"skipped":0} 
[2026-05-15 08:06:01] production.INFO: ScheduledJobManager started {"execution_time":"2026-05-15T08:06:01+00:00"} 
[2026-05-15 08:06:01] production.INFO: ScheduledJobManager completed {"execution_time":"2026-05-15T08:06:01+00:00","duration_ms":12.005,"dispatched":0,"skipped":0} 
[2026-05-15 08:07:01] production.INFO: ScheduledJobManager started {"execution_time":"2026-05-15T08:07:01+00:00"} 
[2026-05-15 08:07:01] production.INFO: ScheduledJobManager completed {"execution_time":"2026-05-15T08:07:01+00:00","duration_ms":11.482,"dispatched":0,"skipped":0} 
[2026-05-15 08:08:01] production.INFO: ScheduledJobManager started {"execution_time":"2026-05-15T08:08:01+00:00"} 
[2026-05-15 08:08:01] production.INFO: ScheduledJobManager completed {"execution_time":"2026-05-15T08:08:01+00:00","duration_ms":5.079,"dispatched":0,"skipped":0} 
[2026-05-15 08:09:01] production.INFO: ScheduledJobManager started {"execution_time":"2026-05-15T08:09:01+00:00"} 
[2026-05-15 08:09:01] production.INFO: ScheduledJobManager completed {"execution_time":"2026-05-15T08:09:01+00:00","duration_ms":12.308,"dispatched":0,"skipped":0} 
[2026-05-15 08:10:01] production.INFO: ScheduledJobManager started {"execution_time":"2026-05-15T08:10:01+00:00"} 
[2026-05-15 08:10:01] production.INFO: ScheduledJobManager completed {"execution_time":"2026-05-15T08:10:01+00:00","duration_ms":5.307,"dispatched":0,"skipped":0} 
[2026-05-15 08:11:01] production.INFO: ScheduledJobManager started {"execution_time":"2026-05-15T08:11:01+00:00"} 
[2026-05-15 08:11:01] production.INFO: ScheduledJobManager completed {"execution_time":"2026-05-15T08:11:01+00:00","duration_ms":11.759,"dispatched":0,"skipped":0} 
[2026-05-15 08:12:01] production.INFO: ScheduledJobManager started {"execution_time":"2026-05-15T08:12:01+00:00"} 
[2026-05-15 08:12:01] production.INFO: ScheduledJobManager completed {"execution_time":"2026-05-15T08:12:01+00:00","duration_ms":12.392,"dispatched":0,"skipped":0} 
[2026-05-15 08:13:01] production.INFO: ScheduledJobManager started {"execution_time":"2026-05-15T08:13:01+00:00"} 
[2026-05-15 08:13:01] production.INFO: ScheduledJobManager completed {"execution_time":"2026-05-15T08:13:01+00:00","duration_ms":11.74,"dispatched":0,"skipped":0} 
[2026-05-15 08:14:01] production.INFO: ScheduledJobManager started {"execution_time":"2026-05-15T08:14:01+00:00"} 
[2026-05-15 08:14:01] production.INFO: ScheduledJobManager completed {"execution_time":"2026-05-15T08:14:01+00:00","duration_ms":11.057,"dispatched":0,"skipped":0} 
[2026-05-15 08:15:01] production.INFO: ScheduledJobManager started {"execution_time":"2026-05-15T08:15:01+00:00"} 
[2026-05-15 08:15:01] production.INFO: ScheduledJobManager completed {"execution_time":"2026-05-15T08:15:01+00:00","duration_ms":11.283,"dispatched":0,"skipped":0} 
[2026-05-15 08:16:01] production.INFO: ScheduledJobManager started {"execution_time":"2026-05-15T08:16:01+00:00"} 
[2026-05-15 08:16:01] production.INFO: ScheduledJobManager completed {"execution_time":"2026-05-15T08:16:01+00:00","duration_ms":11.417,"dispatched":0,"skipped":0} 
[2026-05-15 08:17:01] production.INFO: ScheduledJobManager started {"execution_time":"2026-05-15T08:17:01+00:00"} 
[2026-05-15 08:17:01] production.INFO: ScheduledJobManager completed {"execution_time":"2026-05-15T08:17:01+00:00","duration_ms":11.312,"dispatched":0,"skipped":0} 
[2026-05-15 08:18:01] production.INFO: ScheduledJobManager started {"execution_time":"2026-05-15T08:18:01+00:00"} 
[2026-05-15 08:18:01] production.INFO: ScheduledJobManager completed {"execution_time":"2026-05-15T08:18:01+00:00","duration_ms":11.226,"dispatched":0,"skipped":0} 
[2026-05-15 08:19:01] production.INFO: ScheduledJobManager started {"execution_time":"2026-05-15T08:19:01+00:00"} 
[2026-05-15 08:19:01] production.INFO: ScheduledJobManager completed {"execution_time":"2026-05-15T08:19:01+00:00","duration_ms":11.755,"dispatched":0,"skipped":0} 
[2026-05-15 08:20:01] production.INFO: ScheduledJobManager started {"execution_time":"2026-05-15T08:20:01+00:00"} 
[2026-05-15 08:20:01] production.INFO: ScheduledJobManager completed {"execution_time":"2026-05-15T08:20:01+00:00","duration_ms":12.271,"dispatched":0,"skipped":0} 
[2026-05-15 08:21:01] production.INFO: ScheduledJobManager started {"execution_time":"2026-05-15T08:21:00+00:00"} 
[2026-05-15 08:21:01] production.INFO: ScheduledJobManager completed {"execution_time":"2026-05-15T08:21:00+00:00","duration_ms":12.475,"dispatched":0,"skipped":0} 
[2026-05-15 08:22:01] production.INFO: ScheduledJobManager started {"execution_time":"2026-05-15T08:22:01+00:00"} 
[2026-05-15 08:22:01] production.INFO: ScheduledJobManager completed {"execution_time":"2026-05-15T08:22:01+00:00","duration_ms":12.446,"dispatched":0,"skipped":0} 
[2026-05-15 08:23:01] production.INFO: ScheduledJobManager started {"execution_time":"2026-05-15T08:23:01+00:00"} 
[2026-05-15 08:23:01] production.INFO: ScheduledJobManager completed {"execution_time":"2026-05-15T08:23:01+00:00","duration_ms":12.289,"dispatched":0,"skipped":0} 
[2026-05-15 08:24:01] production.INFO: ScheduledJobManager started {"execution_time":"2026-05-15T08:24:01+00:00"} 
[2026-05-15 08:24:01] production.INFO: ScheduledJobManager completed {"execution_time":"2026-05-15T08:24:01+00:00","duration_ms":5.112,"dispatched":0,"skipped":0} 
[2026-05-15 08:25:01] production.INFO: ScheduledJobManager started {"execution_time":"2026-05-15T08:25:01+00:00"} 
[2026-05-15 08:25:01] production.INFO: ScheduledJobManager completed {"execution_time":"2026-05-15T08:25:01+00:00","duration_ms":12.762,"dispatched":0,"skipped":0} 
[2026-05-15 08:26:01] production.INFO: ScheduledJobManager started {"execution_time":"2026-05-15T08:26:01+00:00"} 
[2026-05-15 08:26:01] production.INFO: ScheduledJobManager completed {"execution_time":"2026-05-15T08:26:01+00:00","duration_ms":11.882,"dispatched":0,"skipped":0} 
[2026-05-15 08:27:01] production.INFO: ScheduledJobManager started {"execution_time":"2026-05-15T08:27:01+00:00"} 
[2026-05-15 08:27:01] production.INFO: ScheduledJobManager completed {"execution_time":"2026-05-15T08:27:01+00:00","duration_ms":12.204,"dispatched":0,"skipped":0} 
[2026-05-15 08:28:01] production.INFO: ScheduledJobManager started {"execution_time":"2026-05-15T08:28:01+00:00"} 
[2026-05-15 08:28:01] production.INFO: ScheduledJobManager completed {"execution_time":"2026-05-15T08:28:01+00:00","duration_ms":12.231,"dispatched":0,"skipped":0} 
[2026-05-15 08:29:01] production.INFO: ScheduledJobManager started {"execution_time":"2026-05-15T08:29:01+00:00"} 
[2026-05-15 08:29:01] production.INFO: ScheduledJobManager completed {"execution_time":"2026-05-15T08:29:01+00:00","duration_ms":12.171,"dispatched":0,"skipped":0} 
[2026-05-15 08:30:01] production.INFO: ScheduledJobManager started {"execution_time":"2026-05-15T08:30:01+00:00"} 
[2026-05-15 08:30:01] production.INFO: ScheduledJobManager completed {"execution_time":"2026-05-15T08:30:01+00:00","duration_ms":73.499,"dispatched":0,"skipped":0} 
[2026-05-15 08:31:01] production.INFO: ScheduledJobManager started {"execution_time":"2026-05-15T08:31:01+00:00"} 
[2026-05-15 08:31:01] production.INFO: ScheduledJobManager completed {"execution_time":"2026-05-15T08:31:01+00:00","duration_ms":12.21,"dispatched":0,"skipped":0} 
[2026-05-15 08:32:01] production.INFO: ScheduledJobManager started {"execution_time":"2026-05-15T08:32:01+00:00"} 
[2026-05-15 08:32:01] production.INFO: ScheduledJobManager completed {"execution_time":"2026-05-15T08:32:01+00:00","duration_ms":12.344,"dispatched":0,"skipped":0} 
[2026-05-15 08:33:01] production.INFO: ScheduledJobManager started {"execution_time":"2026-05-15T08:33:01+00:00"} 
[2026-05-15 08:33:01] production.INFO: ScheduledJobManager completed {"execution_time":"2026-05-15T08:33:01+00:00","duration_ms":12.469,"dispatched":0,"skipped":0} 
[2026-05-15 08:34:01] production.INFO: ScheduledJobManager started {"execution_time":"2026-05-15T08:34:01+00:00"} 
[2026-05-15 08:34:01] production.INFO: ScheduledJobManager completed {"execution_time":"2026-05-15T08:34:01+00:00","duration_ms":13.126,"dispatched":0,"skipped":0} 
[2026-05-15 08:35:01] production.INFO: ScheduledJobManager started {"execution_time":"2026-05-15T08:35:01+00:00"} 
[2026-05-15 08:35:01] production.INFO: ScheduledJobManager completed {"execution_time":"2026-05-15T08:35:01+00:00","duration_ms":12.717,"dispatched":0,"skipped":0} 
[2026-05-15 08:36:01] production.INFO: ScheduledJobManager started {"execution_time":"2026-05-15T08:36:01+00:00"} 
[2026-05-15 08:36:01] production.INFO: ScheduledJobManager completed {"execution_time":"2026-05-15T08:36:01+00:00","duration_ms":11.929,"dispatched":0,"skipped":0} 
[2026-05-15 08:37:02] production.INFO: ScheduledJobManager started {"execution_time":"2026-05-15T08:37:02+00:00"} 
[2026-05-15 08:37:02] production.INFO: ScheduledJobManager completed {"execution_time":"2026-05-15T08:37:02+00:00","duration_ms":11.123,"dispatched":0,"skipped":0} 
[2026-05-15 08:38:01] production.INFO: ScheduledJobManager started {"execution_time":"2026-05-15T08:38:01+00:00"} 
[2026-05-15 08:38:01] production.INFO: ScheduledJobManager completed {"execution_time":"2026-05-15T08:38:01+00:00","duration_ms":12.178,"dispatched":0,"skipped":0} 
[2026-05-15 08:39:01] production.INFO: ScheduledJobManager started {"execution_time":"2026-05-15T08:39:01+00:00"} 
[2026-05-15 08:39:01] production.INFO: ScheduledJobManager completed {"execution_time":"2026-05-15T08:39:01+00:00","duration_ms":11.035,"dispatched":0,"skipped":0} 
[2026-05-15 08:40:01] production.INFO: ScheduledJobManager started {"execution_time":"2026-05-15T08:40:01+00:00"} 
[2026-05-15 08:40:01] production.INFO: ScheduledJobManager completed {"execution_time":"2026-05-15T08:40:01+00:00","duration_ms":10.729,"dispatched":0,"skipped":0} 
[2026-05-15 08:41:01] production.INFO: ScheduledJobManager started {"execution_time":"2026-05-15T08:41:01+00:00"} 
[2026-05-15 08:41:01] production.INFO: ScheduledJobManager completed {"execution_time":"2026-05-15T08:41:01+00:00","duration_ms":11.975,"dispatched":0,"skipped":0} 
[2026-05-15 08:42:01] production.INFO: ScheduledJobManager started {"execution_time":"2026-05-15T08:42:01+00:00"} 
[2026-05-15 08:42:01] production.INFO: ScheduledJobManager completed {"execution_time":"2026-05-15T08:42:01+00:00","duration_ms":12.181,"dispatched":0,"skipped":0} 
[2026-05-15 08:43:01] production.INFO: ScheduledJobManager started {"execution_time":"2026-05-15T08:43:01+00:00"} 
[2026-05-15 08:43:01] production.INFO: ScheduledJobManager completed {"execution_time":"2026-05-15T08:43:01+00:00","duration_ms":12.587,"dispatched":0,"skipped":0} 
[2026-05-15 08:44:01] production.INFO: ScheduledJobManager started {"execution_time":"2026-05-15T08:44:01+00:00"} 
[2026-05-15 08:44:01] production.INFO: ScheduledJobManager completed {"execution_time":"2026-05-15T08:44:01+00:00","duration_ms":12.175,"dispatched":0,"skipped":0} 
[2026-05-15 08:45:01] production.INFO: ScheduledJobManager started {"execution_time":"2026-05-15T08:45:01+00:00"} 
[2026-05-15 08:45:01] production.INFO: ScheduledJobManager completed {"execution_time":"2026-05-15T08:45:01+00:00","duration_ms":12.938,"dispatched":0,"skipped":0} 
[2026-05-15 08:46:01] production.INFO: ScheduledJobManager started {"execution_time":"2026-05-15T08:46:01+00:00"} 
[2026-05-15 08:46:01] production.INFO: ScheduledJobManager completed {"execution_time":"2026-05-15T08:46:01+00:00","duration_ms":12.294,"dispatched":0,"skipped":0} 
[2026-05-15 08:47:01] production.INFO: ScheduledJobManager started {"execution_time":"2026-05-15T08:47:01+00:00"} 
[2026-05-15 08:47:01] production.INFO: ScheduledJobManager completed {"execution_time":"2026-05-15T08:47:01+00:00","duration_ms":12.111,"dispatched":0,"skipped":0} 
[2026-05-15 08:48:01] production.INFO: ScheduledJobManager started {"execution_time":"2026-05-15T08:48:01+00:00"} 
[2026-05-15 08:48:01] production.INFO: ScheduledJobManager completed {"execution_time":"2026-05-15T08:48:01+00:00","duration_ms":12.027,"dispatched":0,"skipped":0} 
[2026-05-15 08:49:01] production.INFO: ScheduledJobManager started {"execution_time":"2026-05-15T08:49:01+00:00"} 
[2026-05-15 08:49:01] production.INFO: ScheduledJobManager completed {"execution_time":"2026-05-15T08:49:01+00:00","duration_ms":12.306,"dispatched":0,"skipped":0} 
[2026-05-15 08:50:01] production.INFO: ScheduledJobManager started {"execution_time":"2026-05-15T08:50:01+00:00"} 
[2026-05-15 08:50:01] production.INFO: ScheduledJobManager completed {"execution_time":"2026-05-15T08:50:01+00:00","duration_ms":12.478,"dispatched":0,"skipped":0} 
[2026-05-15 08:51:01] production.INFO: ScheduledJobManager started {"execution_time":"2026-05-15T08:51:01+00:00"} 
[2026-05-15 08:51:01] production.INFO: ScheduledJobManager completed {"execution_time":"2026-05-15T08:51:01+00:00","duration_ms":11.87,"dispatched":0,"skipped":0} 
[2026-05-15 08:52:01] production.INFO: ScheduledJobManager started {"execution_time":"2026-05-15T08:52:01+00:00"} 
[2026-05-15 08:52:01] production.INFO: ScheduledJobManager completed {"execution_time":"2026-05-15T08:52:01+00:00","duration_ms":11.024,"dispatched":0,"skipped":0} 
[2026-05-15 08:53:01] production.INFO: ScheduledJobManager started {"execution_time":"2026-05-15T08:53:01+00:00"} 
[2026-05-15 08:53:01] production.INFO: ScheduledJobManager completed {"execution_time":"2026-05-15T08:53:01+00:00","duration_ms":12.426,"dispatched":0,"skipped":0} 
[2026-05-15 08:54:01] production.INFO: ScheduledJobManager started {"execution_time":"2026-05-15T08:54:01+00:00"} 
[2026-05-15 08:54:01] production.INFO: ScheduledJobManager completed {"execution_time":"2026-05-15T08:54:01+00:00","duration_ms":12.503,"dispatched":0,"skipped":0} 
[2026-05-15 08:55:01] production.INFO: ScheduledJobManager started {"execution_time":"2026-05-15T08:55:01+00:00"} 
[2026-05-15 08:55:01] production.INFO: ScheduledJobManager completed {"execution_time":"2026-05-15T08:55:01+00:00","duration_ms":4.107,"dispatched":0,"skipped":0} 
[2026-05-15 08:56:01] production.INFO: ScheduledJobManager started {"execution_time":"2026-05-15T08:56:01+00:00"} 
[2026-05-15 08:56:01] production.INFO: ScheduledJobManager completed {"execution_time":"2026-05-15T08:56:01+00:00","duration_ms":11.321,"dispatched":0,"skipped":0} 
[2026-05-15 08:57:01] production.INFO: ScheduledJobManager started {"execution_time":"2026-05-15T08:57:01+00:00"} 
[2026-05-15 08:57:01] production.INFO: ScheduledJobManager completed {"execution_time":"2026-05-15T08:57:01+00:00","duration_ms":11.766,"dispatched":0,"skipped":0} 
[2026-05-15 08:58:01] production.INFO: ScheduledJobManager started {"execution_time":"2026-05-15T08:58:01+00:00"} 
[2026-05-15 08:58:01] production.INFO: ScheduledJobManager completed {"execution_time":"2026-05-15T08:58:01+00:00","duration_ms":10.995,"dispatched":0,"skipped":0} 
[2026-05-15 08:59:01] production.INFO: ScheduledJobManager started {"execution_time":"2026-05-15T08:59:01+00:00"} 
[2026-05-15 08:59:01] production.INFO: ScheduledJobManager completed {"execution_time":"2026-05-15T08:59:01+00:00","duration_ms":10.937,"dispatched":0,"skipped":0} 
[2026-05-15 09:00:02] production.INFO: ScheduledJobManager started {"execution_time":"2026-05-15T09:00:02+00:00"} 
[2026-05-15 09:00:02] production.INFO: ScheduledJobManager completed {"execution_time":"2026-05-15T09:00:02+00:00","duration_ms":5.453,"dispatched":0,"skipped":0} 
[2026-05-15 09:01:01] production.INFO: ScheduledJobManager started {"execution_time":"2026-05-15T09:01:01+00:00"} 
[2026-05-15 09:01:01] production.INFO: ScheduledJobManager completed {"execution_time":"2026-05-15T09:01:01+00:00","duration_ms":11.274,"dispatched":0,"skipped":0} 
[2026-05-15 09:02:01] production.INFO: ScheduledJobManager started {"execution_time":"2026-05-15T09:02:01+00:00"} 
[2026-05-15 09:02:01] production.INFO: ScheduledJobManager completed {"execution_time":"2026-05-15T09:02:01+00:00","duration_ms":12.242,"dispatched":0,"skipped":0} 
[2026-05-15 09:03:01] production.INFO: ScheduledJobManager started {"execution_time":"2026-05-15T09:03:01+00:00"} 
[2026-05-15 09:03:01] production.INFO: ScheduledJobManager completed {"execution_time":"2026-05-15T09:03:01+00:00","duration_ms":11.897,"dispatched":0,"skipped":0} 
[2026-05-15 09:04:01] production.INFO: ScheduledJobManager started {"execution_time":"2026-05-15T09:04:01+00:00"} 
[2026-05-15 09:04:01] production.INFO: ScheduledJobManager completed {"execution_time":"2026-05-15T09:04:01+00:00","duration_ms":12.299,"dispatched":0,"skipped":0} 
[2026-05-15 09:05:01] production.INFO: ScheduledJobManager started {"execution_time":"2026-05-15T09:05:01+00:00"} 
[2026-05-15 09:05:01] production.INFO: ScheduledJobManager completed {"execution_time":"2026-05-15T09:05:01+00:00","duration_ms":12.299,"dispatched":0,"skipped":0} 
[2026-05-15 09:06:01] production.INFO: ScheduledJobManager started {"execution_time":"2026-05-15T09:06:01+00:00"} 
[2026-05-15 09:06:01] production.INFO: ScheduledJobManager completed {"execution_time":"2026-05-15T09:06:01+00:00","duration_ms":12.049,"dispatched":0,"skipped":0} 
[2026-05-15 09:07:01] production.INFO: ScheduledJobManager started {"execution_time":"2026-05-15T09:07:01+00:00"} 
[2026-05-15 09:07:01] production.INFO: ScheduledJobManager completed {"execution_time":"2026-05-15T09:07:01+00:00","duration_ms":12.264,"dispatched":0,"skipped":0} 
[2026-05-15 09:08:01] production.INFO: ScheduledJobManager started {"execution_time":"2026-05-15T09:08:01+00:00"} 
[2026-05-15 09:08:01] production.INFO: ScheduledJobManager completed {"execution_time":"2026-05-15T09:08:01+00:00","duration_ms":5.144,"dispatched":0,"skipped":0} 
[2026-05-15 09:09:01] production.INFO: ScheduledJobManager started {"execution_time":"2026-05-15T09:09:01+00:00"} 
[2026-05-15 09:09:01] production.INFO: ScheduledJobManager completed {"execution_time":"2026-05-15T09:09:01+00:00","duration_ms":12.345,"dispatched":0,"skipped":0} 
[2026-05-15 09:10:01] production.INFO: ScheduledJobManager started {"execution_time":"2026-05-15T09:10:01+00:00"} 
[2026-05-15 09:10:01] production.INFO: ScheduledJobManager completed {"execution_time":"2026-05-15T09:10:01+00:00","duration_ms":6.056,"dispatched":0,"skipped":0} 
[2026-05-15 09:11:01] production.INFO: ScheduledJobManager started {"execution_time":"2026-05-15T09:11:01+00:00"} 
[2026-05-15 09:11:01] production.INFO: ScheduledJobManager completed {"execution_time":"2026-05-15T09:11:01+00:00","duration_ms":12.254,"dispatched":0,"skipped":0} 
[2026-05-15 09:12:01] production.INFO: ScheduledJobManager started {"execution_time":"2026-05-15T09:12:01+00:00"} 
[2026-05-15 09:12:01] production.INFO: ScheduledJobManager completed {"execution_time":"2026-05-15T09:12:01+00:00","duration_ms":11.69,"dispatched":0,"skipped":0} 
[2026-05-15 09:13:01] production.INFO: ScheduledJobManager started {"execution_time":"2026-05-15T09:13:01+00:00"} 
[2026-05-15 09:13:01] production.INFO: ScheduledJobManager completed {"execution_time":"2026-05-15T09:13:01+00:00","duration_ms":12.494,"dispatched":0,"skipped":0} 
[2026-05-15 09:14:01] production.INFO: ScheduledJobManager started {"execution_time":"2026-05-15T09:14:01+00:00"} 
[2026-05-15 09:14:01] production.INFO: ScheduledJobManager completed {"execution_time":"2026-05-15T09:14:01+00:00","duration_ms":12.368,"dispatched":0,"skipped":0} 
[2026-05-15 09:15:01] production.INFO: ScheduledJobManager started {"execution_time":"2026-05-15T09:15:01+00:00"} 
[2026-05-15 09:15:01] production.INFO: ScheduledJobManager completed {"execution_time":"2026-05-15T09:15:01+00:00","duration_ms":12.467,"dispatched":0,"skipped":0} 
[2026-05-15 09:16:01] production.INFO: ScheduledJobManager started {"execution_time":"2026-05-15T09:16:01+00:00"} 
[2026-05-15 09:16:01] production.INFO: ScheduledJobManager completed {"execution_time":"2026-05-15T09:16:01+00:00","duration_ms":11.871,"dispatched":0,"skipped":0} 
[2026-05-15 09:17:01] production.INFO: ScheduledJobManager started {"execution_time":"2026-05-15T09:17:01+00:00"} 
[2026-05-15 09:17:01] production.INFO: ScheduledJobManager completed {"execution_time":"2026-05-15T09:17:01+00:00","duration_ms":12.574,"dispatched":0,"skipped":0} 
[2026-05-15 09:18:01] production.INFO: ScheduledJobManager started {"execution_time":"2026-05-15T09:18:01+00:00"} 
[2026-05-15 09:18:01] production.INFO: ScheduledJobManager completed {"execution_time":"2026-05-15T09:18:01+00:00","duration_ms":12.145,"dispatched":0,"skipped":0} 
[2026-05-15 09:19:01] production.INFO: ScheduledJobManager started {"execution_time":"2026-05-15T09:19:01+00:00"} 
[2026-05-15 09:19:01] production.INFO: ScheduledJobManager completed {"execution_time":"2026-05-15T09:19:01+00:00","duration_ms":10.923,"dispatched":0,"skipped":0} 
[2026-05-15 09:20:01] production.INFO: ScheduledJobManager started {"execution_time":"2026-05-15T09:20:01+00:00"} 
[2026-05-15 09:20:01] production.INFO: ScheduledJobManager completed {"execution_time":"2026-05-15T09:20:01+00:00","duration_ms":11.352,"dispatched":0,"skipped":0} 
[2026-05-15 09:21:01] production.INFO: ScheduledJobManager started {"execution_time":"2026-05-15T09:21:01+00:00"} 
[2026-05-15 09:21:01] production.INFO: ScheduledJobManager completed {"execution_time":"2026-05-15T09:21:01+00:00","duration_ms":14.146,"dispatched":0,"skipped":0} 
[2026-05-15 09:22:02] production.INFO: ScheduledJobManager started {"execution_time":"2026-05-15T09:22:01+00:00"} 
[2026-05-15 09:22:02] production.INFO: ScheduledJobManager completed {"execution_time":"2026-05-15T09:22:01+00:00","duration_ms":10.985,"dispatched":0,"skipped":0} 
[2026-05-15 09:23:01] production.INFO: ScheduledJobManager started {"execution_time":"2026-05-15T09:23:01+00:00"} 
[2026-05-15 09:23:01] production.INFO: ScheduledJobManager completed {"execution_time":"2026-05-15T09:23:01+00:00","duration_ms":11.695,"dispatched":0,"skipped":0} 
[2026-05-15 09:24:01] production.INFO: ScheduledJobManager started {"execution_time":"2026-05-15T09:24:01+00:00"} 
[2026-05-15 09:24:01] production.INFO: ScheduledJobManager completed {"execution_time":"2026-05-15T09:24:01+00:00","duration_ms":5.787,"dispatched":0,"skipped":0} 
[2026-05-15 09:25:01] production.INFO: ScheduledJobManager started {"execution_time":"2026-05-15T09:25:01+00:00"} 
[2026-05-15 09:25:01] production.INFO: ScheduledJobManager completed {"execution_time":"2026-05-15T09:25:01+00:00","duration_ms":12.529,"dispatched":0,"skipped":0} 
[2026-05-15 09:26:01] production.INFO: ScheduledJobManager started {"execution_time":"2026-05-15T09:26:01+00:00"} 
[2026-05-15 09:26:01] production.INFO: ScheduledJobManager completed {"execution_time":"2026-05-15T09:26:01+00:00","duration_ms":12.566,"dispatched":0,"skipped":0} 
[2026-05-15 09:27:01] production.INFO: ScheduledJobManager started {"execution_time":"2026-05-15T09:27:01+00:00"} 
[2026-05-15 09:27:01] production.INFO: ScheduledJobManager completed {"execution_time":"2026-05-15T09:27:01+00:00","duration_ms":12.112,"dispatched":0,"skipped":0} 
[2026-05-15 09:28:01] production.INFO: ScheduledJobManager started {"execution_time":"2026-05-15T09:28:01+00:00"} 
[2026-05-15 09:28:01] production.INFO: ScheduledJobManager completed {"execution_time":"2026-05-15T09:28:01+00:00","duration_ms":12.281,"dispatched":0,"skipped":0} 
[2026-05-15 09:29:01] production.INFO: ScheduledJobManager started {"execution_time":"2026-05-15T09:29:01+00:00"} 
[2026-05-15 09:29:01] production.INFO: ScheduledJobManager completed {"execution_time":"2026-05-15T09:29:01+00:00","duration_ms":12.278,"dispatched":0,"skipped":0} 
[2026-05-15 09:30:01] production.INFO: ScheduledJobManager started {"execution_time":"2026-05-15T09:30:01+00:00"} 
[2026-05-15 09:30:01] production.INFO: ScheduledJobManager completed {"execution_time":"2026-05-15T09:30:01+00:00","duration_ms":5.315,"dispatched":0,"skipped":0} 
[2026-05-15 09:31:01] production.INFO: ScheduledJobManager started {"execution_time":"2026-05-15T09:31:01+00:00"} 
[2026-05-15 09:31:01] production.INFO: ScheduledJobManager completed {"execution_time":"2026-05-15T09:31:01+00:00","duration_ms":11.91,"dispatched":0,"skipped":0} 
[2026-05-15 09:32:01] production.INFO: ScheduledJobManager started {"execution_time":"2026-05-15T09:32:01+00:00"} 
[2026-05-15 09:32:01] production.INFO: ScheduledJobManager completed {"execution_time":"2026-05-15T09:32:01+00:00","duration_ms":12.006,"dispatched":0,"skipped":0} 
[2026-05-15 09:33:01] production.INFO: ScheduledJobManager started {"execution_time":"2026-05-15T09:33:01+00:00"} 
[2026-05-15 09:33:01] production.INFO: ScheduledJobManager completed {"execution_time":"2026-05-15T09:33:01+00:00","duration_ms":12.219,"dispatched":0,"skipped":0} 
[2026-05-15 09:34:01] production.INFO: ScheduledJobManager started {"execution_time":"2026-05-15T09:34:01+00:00"} 
[2026-05-15 09:34:01] production.INFO: ScheduledJobManager completed {"execution_time":"2026-05-15T09:34:01+00:00","duration_ms":12.008,"dispatched":0,"skipped":0} 
[2026-05-15 09:35:01] production.INFO: ScheduledJobManager started {"execution_time":"2026-05-15T09:35:01+00:00"} 
[2026-05-15 09:35:01] production.INFO: ScheduledJobManager completed {"execution_time":"2026-05-15T09:35:01+00:00","duration_ms":12.312,"dispatched":0,"skipped":0} 
[2026-05-15 09:36:01] production.INFO: ScheduledJobManager started {"execution_time":"2026-05-15T09:36:01+00:00"} 
[2026-05-15 09:36:01] production.INFO: ScheduledJobManager completed {"execution_time":"2026-05-15T09:36:01+00:00","duration_ms":12.251,"dispatched":0,"skipped":0} 
[2026-05-15 09:37:00] production.INFO: ScheduledJobManager started {"execution_time":"2026-05-15T09:37:00+00:00"} 
[2026-05-15 09:37:00] production.INFO: ScheduledJobManager completed {"execution_time":"2026-05-15T09:37:00+00:00","duration_ms":12.034,"dispatched":0,"skipped":0} 
[2026-05-15 09:38:01] production.INFO: ScheduledJobManager started {"execution_time":"2026-05-15T09:38:01+00:00"} 
[2026-05-15 09:38:01] production.INFO: ScheduledJobManager completed {"execution_time":"2026-05-15T09:38:01+00:00","duration_ms":4.965,"dispatched":0,"skipped":0} 
[2026-05-15 09:39:01] production.INFO: ScheduledJobManager started {"execution_time":"2026-05-15T09:39:01+00:00"} 
[2026-05-15 09:39:01] production.INFO: ScheduledJobManager completed {"execution_time":"2026-05-15T09:39:01+00:00","duration_ms":11.951,"dispatched":0,"skipped":0} 
[2026-05-15 09:40:01] production.INFO: ScheduledJobManager started {"execution_time":"2026-05-15T09:40:01+00:00"} 
[2026-05-15 09:40:01] production.INFO: ScheduledJobManager completed {"execution_time":"2026-05-15T09:40:01+00:00","duration_ms":5.712,"dispatched":0,"skipped":0} 
[2026-05-15 09:41:01] production.INFO: ScheduledJobManager started {"execution_time":"2026-05-15T09:41:01+00:00"} 
[2026-05-15 09:41:01] production.INFO: ScheduledJobManager completed {"execution_time":"2026-05-15T09:41:01+00:00","duration_ms":11.001,"dispatched":0,"skipped":0} 
[2026-05-15 09:42:01] production.INFO: ScheduledJobManager started {"execution_time":"2026-05-15T09:42:01+00:00"} 
[2026-05-15 09:42:01] production.INFO: ScheduledJobManager completed {"execution_time":"2026-05-15T09:42:01+00:00","duration_ms":10.959,"dispatched":0,"skipped":0} 
[2026-05-15 09:43:01] production.INFO: ScheduledJobManager started {"execution_time":"2026-05-15T09:43:01+00:00"} 
[2026-05-15 09:43:01] production.INFO: ScheduledJobManager completed {"execution_time":"2026-05-15T09:43:01+00:00","duration_ms":10.991,"dispatched":0,"skipped":0} 
[2026-05-15 09:44:01] production.INFO: ScheduledJobManager started {"execution_time":"2026-05-15T09:44:01+00:00"} 
[2026-05-15 09:44:01] production.INFO: ScheduledJobManager completed {"execution_time":"2026-05-15T09:44:01+00:00","duration_ms":11.226,"dispatched":0,"skipped":0} 
[2026-05-15 09:45:01] production.INFO: ScheduledJobManager started {"execution_time":"2026-05-15T09:45:01+00:00"} 
[2026-05-15 09:45:01] production.INFO: ScheduledJobManager completed {"execution_time":"2026-05-15T09:45:01+00:00","duration_ms":11.187,"dispatched":0,"skipped":0} 
[2026-05-15 09:46:01] production.INFO: ScheduledJobManager started {"execution_time":"2026-05-15T09:46:01+00:00"} 
[2026-05-15 09:46:01] production.INFO: ScheduledJobManager completed {"execution_time":"2026-05-15T09:46:01+00:00","duration_ms":12.145,"dispatched":0,"skipped":0} 
[2026-05-15 09:47:01] production.INFO: ScheduledJobManager started {"execution_time":"2026-05-15T09:47:01+00:00"} 
[2026-05-15 09:47:01] production.INFO: ScheduledJobManager completed {"execution_time":"2026-05-15T09:47:01+00:00","duration_ms":11.809,"dispatched":0,"skipped":0} 
[2026-05-15 09:48:01] production.INFO: ScheduledJobManager started {"execution_time":"2026-05-15T09:48:01+00:00"} 
[2026-05-15 09:48:01] production.INFO: ScheduledJobManager completed {"execution_time":"2026-05-15T09:48:01+00:00","duration_ms":12.476,"dispatched":0,"skipped":0} 
[2026-05-15 09:49:01] production.INFO: ScheduledJobManager started {"execution_time":"2026-05-15T09:49:01+00:00"} 
[2026-05-15 09:49:01] production.INFO: ScheduledJobManager completed {"execution_time":"2026-05-15T09:49:01+00:00","duration_ms":12.558,"dispatched":0,"skipped":0} 
[2026-05-15 09:50:01] production.INFO: ScheduledJobManager started {"execution_time":"2026-05-15T09:50:01+00:00"} 
[2026-05-15 09:50:01] production.INFO: ScheduledJobManager completed {"execution_time":"2026-05-15T09:50:01+00:00","duration_ms":12.069,"dispatched":0,"skipped":0} 
[2026-05-15 09:51:01] production.INFO: ScheduledJobManager started {"execution_time":"2026-05-15T09:51:01+00:00"} 
[2026-05-15 09:51:01] production.INFO: ScheduledJobManager completed {"execution_time":"2026-05-15T09:51:01+00:00","duration_ms":12.228,"dispatched":0,"skipped":0} 
[2026-05-15 09:52:01] production.INFO: ScheduledJobManager started {"execution_time":"2026-05-15T09:52:01+00:00"} 
[2026-05-15 09:52:01] production.INFO: ScheduledJobManager completed {"execution_time":"2026-05-15T09:52:01+00:00","duration_ms":12.056,"dispatched":0,"skipped":0} 
[2026-05-15 09:53:00] production.INFO: ScheduledJobManager started {"execution_time":"2026-05-15T09:53:00+00:00"} 
[2026-05-15 09:53:01] production.INFO: ScheduledJobManager completed {"execution_time":"2026-05-15T09:53:00+00:00","duration_ms":11.921,"dispatched":0,"skipped":0} 
[2026-05-15 09:54:01] production.INFO: ScheduledJobManager started {"execution_time":"2026-05-15T09:54:01+00:00"} 
[2026-05-15 09:54:01] production.INFO: ScheduledJobManager completed {"execution_time":"2026-05-15T09:54:01+00:00","duration_ms":5.297,"dispatched":0,"skipped":0} 
[2026-05-15 09:55:01] production.INFO: ScheduledJobManager started {"execution_time":"2026-05-15T09:55:01+00:00"} 
[2026-05-15 09:55:01] production.INFO: ScheduledJobManager completed {"execution_time":"2026-05-15T09:55:01+00:00","duration_ms":11.833,"dispatched":0,"skipped":0} 
[2026-05-15 09:56:01] production.INFO: ScheduledJobManager started {"execution_time":"2026-05-15T09:56:01+00:00"} 
[2026-05-15 09:56:01] production.INFO: ScheduledJobManager completed {"execution_time":"2026-05-15T09:56:01+00:00","duration_ms":11.942,"dispatched":0,"skipped":0} 
[2026-05-15 09:57:01] production.INFO: ScheduledJobManager started {"execution_time":"2026-05-15T09:57:01+00:00"} 
[2026-05-15 09:57:01] production.INFO: ScheduledJobManager completed {"execution_time":"2026-05-15T09:57:01+00:00","duration_ms":12.582,"dispatched":0,"skipped":0} 
[2026-05-15 09:58:01] production.INFO: ScheduledJobManager started {"execution_time":"2026-05-15T09:58:01+00:00"} 
[2026-05-15 09:58:01] production.INFO: ScheduledJobManager completed {"execution_time":"2026-05-15T09:58:01+00:00","duration_ms":12.158,"dispatched":0,"skipped":0} 
[2026-05-15 09:59:01] production.INFO: ScheduledJobManager started {"execution_time":"2026-05-15T09:59:01+00:00"} 
[2026-05-15 09:59:01] production.INFO: ScheduledJobManager completed {"execution_time":"2026-05-15T09:59:01+00:00","duration_ms":12.186,"dispatched":0,"skipped":0} 
[2026-05-15 10:00:02] production.INFO: ScheduledJobManager started {"execution_time":"2026-05-15T10:00:02+00:00"} 
[2026-05-15 10:00:02] production.INFO: ScheduledJobManager completed {"execution_time":"2026-05-15T10:00:02+00:00","duration_ms":5.499,"dispatched":0,"skipped":0} 
[2026-05-15 10:01:01] production.INFO: ScheduledJobManager started {"execution_time":"2026-05-15T10:01:01+00:00"} 
[2026-05-15 10:01:01] production.INFO: ScheduledJobManager completed {"execution_time":"2026-05-15T10:01:01+00:00","duration_ms":12.526,"dispatched":0,"skipped":0} 
[2026-05-15 10:02:01] production.INFO: ScheduledJobManager started {"execution_time":"2026-05-15T10:02:01+00:00"} 
[2026-05-15 10:02:01] production.INFO: ScheduledJobManager completed {"execution_time":"2026-05-15T10:02:01+00:00","duration_ms":11.837,"dispatched":0,"skipped":0} 
[2026-05-15 10:03:01] production.INFO: ScheduledJobManager started {"execution_time":"2026-05-15T10:03:01+00:00"} 
[2026-05-15 10:03:01] production.INFO: ScheduledJobManager completed {"execution_time":"2026-05-15T10:03:01+00:00","duration_ms":14.485,"dispatched":0,"skipped":0} 
[2026-05-15 10:04:01] production.INFO: ScheduledJobManager started {"execution_time":"2026-05-15T10:04:01+00:00"} 
[2026-05-15 10:04:01] production.INFO: ScheduledJobManager completed {"execution_time":"2026-05-15T10:04:01+00:00","duration_ms":13.044,"dispatched":0,"skipped":0} 
[2026-05-15 10:05:01] production.INFO: ScheduledJobManager started {"execution_time":"2026-05-15T10:05:01+00:00"} 
[2026-05-15 10:05:01] production.INFO: ScheduledJobManager completed {"execution_time":"2026-05-15T10:05:01+00:00","duration_ms":11.274,"dispatched":0,"skipped":0} 
[2026-05-15 10:06:01] production.INFO: ScheduledJobManager started {"execution_time":"2026-05-15T10:06:01+00:00"} 
[2026-05-15 10:06:01] production.INFO: ScheduledJobManager completed {"execution_time":"2026-05-15T10:06:01+00:00","duration_ms":11.076,"dispatched":0,"skipped":0} 
[2026-05-15 10:07:01] production.INFO: ScheduledJobManager started {"execution_time":"2026-05-15T10:07:01+00:00"} 
[2026-05-15 10:07:01] production.INFO: ScheduledJobManager completed {"execution_time":"2026-05-15T10:07:01+00:00","duration_ms":12.682,"dispatched":0,"skipped":0} 
[2026-05-15 10:08:01] production.INFO: ScheduledJobManager started {"execution_time":"2026-05-15T10:08:01+00:00"} 
[2026-05-15 10:08:01] production.INFO: ScheduledJobManager completed {"execution_time":"2026-05-15T10:08:01+00:00","duration_ms":12.537,"dispatched":0,"skipped":0} 
[2026-05-15 10:09:02] production.INFO: ScheduledJobManager started {"execution_time":"2026-05-15T10:09:02+00:00"} 
[2026-05-15 10:09:02] production.INFO: ScheduledJobManager completed {"execution_time":"2026-05-15T10:09:02+00:00","duration_ms":12.807,"dispatched":0,"skipped":0} 
[2026-05-15 10:10:02] production.INFO: ScheduledJobManager started {"execution_time":"2026-05-15T10:10:02+00:00"} 
[2026-05-15 10:10:02] production.INFO: ScheduledJobManager completed {"execution_time":"2026-05-15T10:10:02+00:00","duration_ms":12.49,"dispatched":0,"skipped":0} 
[2026-05-15 10:11:01] production.INFO: ScheduledJobManager started {"execution_time":"2026-05-15T10:11:01+00:00"} 
[2026-05-15 10:11:01] production.INFO: ScheduledJobManager completed {"execution_time":"2026-05-15T10:11:01+00:00","duration_ms":12.945,"dispatched":0,"skipped":0} 
[2026-05-15 10:12:01] production.INFO: ScheduledJobManager started {"execution_time":"2026-05-15T10:12:01+00:00"} 
[2026-05-15 10:12:01] production.INFO: ScheduledJobManager completed {"execution_time":"2026-05-15T10:12:01+00:00","duration_ms":5.737,"dispatched":0,"skipped":0} 
[2026-05-15 10:13:01] production.INFO: ScheduledJobManager started {"execution_time":"2026-05-15T10:13:01+00:00"} 
[2026-05-15 10:13:01] production.INFO: ScheduledJobManager completed {"execution_time":"2026-05-15T10:13:01+00:00","duration_ms":12.162,"dispatched":0,"skipped":0} 
[2026-05-15 10:14:01] production.INFO: ScheduledJobManager started {"execution_time":"2026-05-15T10:14:01+00:00"} 
[2026-05-15 10:14:01] production.INFO: ScheduledJobManager completed {"execution_time":"2026-05-15T10:14:01+00:00","duration_ms":12.427,"dispatched":0,"skipped":0} 
[2026-05-15 10:15:01] production.INFO: ScheduledJobManager started {"execution_time":"2026-05-15T10:15:01+00:00"} 
[2026-05-15 10:15:01] production.INFO: ScheduledJobManager completed {"execution_time":"2026-05-15T10:15:01+00:00","duration_ms":12.136,"dispatched":0,"skipped":0} 
[2026-05-15 10:16:01] production.INFO: ScheduledJobManager started {"execution_time":"2026-05-15T10:16:01+00:00"} 
[2026-05-15 10:16:01] production.INFO: ScheduledJobManager completed {"execution_time":"2026-05-15T10:16:01+00:00","duration_ms":12.957,"dispatched":0,"skipped":0} 
[2026-05-15 10:17:01] production.INFO: ScheduledJobManager started {"execution_time":"2026-05-15T10:17:01+00:00"} 
[2026-05-15 10:17:01] production.INFO: ScheduledJobManager completed {"execution_time":"2026-05-15T10:17:01+00:00","duration_ms":12.496,"dispatched":0,"skipped":0} 
[2026-05-15 10:18:01] production.INFO: ScheduledJobManager started {"execution_time":"2026-05-15T10:18:01+00:00"} 
[2026-05-15 10:18:01] production.INFO: ScheduledJobManager completed {"execution_time":"2026-05-15T10:18:01+00:00","duration_ms":12.549,"dispatched":0,"skipped":0} 
[2026-05-15 10:19:01] production.INFO: ScheduledJobManager started {"execution_time":"2026-05-15T10:19:01+00:00"} 
[2026-05-15 10:19:01] production.INFO: ScheduledJobManager completed {"execution_time":"2026-05-15T10:19:01+00:00","duration_ms":12.415,"dispatched":0,"skipped":0} 
[2026-05-15 10:20:01] production.INFO: ScheduledJobManager started {"execution_time":"2026-05-15T10:20:01+00:00"} 
[2026-05-15 10:20:01] production.INFO: ScheduledJobManager completed {"execution_time":"2026-05-15T10:20:01+00:00","duration_ms":12.292,"dispatched":0,"skipped":0} 
[2026-05-15 10:21:01] production.INFO: ScheduledJobManager started {"execution_time":"2026-05-15T10:21:01+00:00"} 
[2026-05-15 10:21:01] production.INFO: ScheduledJobManager completed {"execution_time":"2026-05-15T10:21:01+00:00","duration_ms":12.395,"dispatched":0,"skipped":0} 
[2026-05-15 10:22:01] production.INFO: ScheduledJobManager started {"execution_time":"2026-05-15T10:22:01+00:00"} 
[2026-05-15 10:22:01] production.INFO: ScheduledJobManager completed {"execution_time":"2026-05-15T10:22:01+00:00","duration_ms":12.129,"dispatched":0,"skipped":0} 
[2026-05-15 10:23:01] production.INFO: ScheduledJobManager started {"execution_time":"2026-05-15T10:23:01+00:00"} 
[2026-05-15 10:23:02] production.INFO: ScheduledJobManager completed {"execution_time":"2026-05-15T10:23:01+00:00","duration_ms":11.968,"dispatched":0,"skipped":0} 
[2026-05-15 10:24:01] production.INFO: ScheduledJobManager started {"execution_time":"2026-05-15T10:24:01+00:00"} 
[2026-05-15 10:24:01] production.INFO: ScheduledJobManager completed {"execution_time":"2026-05-15T10:24:01+00:00","duration_ms":12.162,"dispatched":0,"skipped":0} 
[2026-05-15 10:25:01] production.INFO: ScheduledJobManager started {"execution_time":"2026-05-15T10:25:01+00:00"} 
[2026-05-15 10:25:01] production.INFO: ScheduledJobManager completed {"execution_time":"2026-05-15T10:25:01+00:00","duration_ms":4.24,"dispatched":0,"skipped":0} 
[2026-05-15 10:26:01] production.INFO: ScheduledJobManager started {"execution_time":"2026-05-15T10:26:01+00:00"} 
[2026-05-15 10:26:01] production.INFO: ScheduledJobManager completed {"execution_time":"2026-05-15T10:26:01+00:00","duration_ms":11.769,"dispatched":0,"skipped":0} 
[2026-05-15 10:27:01] production.INFO: ScheduledJobManager started {"execution_time":"2026-05-15T10:27:01+00:00"} 
[2026-05-15 10:27:01] production.INFO: ScheduledJobManager completed {"execution_time":"2026-05-15T10:27:01+00:00","duration_ms":11.154,"dispatched":0,"skipped":0} 
[2026-05-15 10:28:01] production.INFO: ScheduledJobManager started {"execution_time":"2026-05-15T10:28:01+00:00"} 
[2026-05-15 10:28:01] production.INFO: ScheduledJobManager completed {"execution_time":"2026-05-15T10:28:01+00:00","duration_ms":11.989,"dispatched":0,"skipped":0} 
[2026-05-15 10:29:01] production.INFO: ScheduledJobManager started {"execution_time":"2026-05-15T10:29:01+00:00"} 
[2026-05-15 10:29:01] production.INFO: ScheduledJobManager completed {"execution_time":"2026-05-15T10:29:01+00:00","duration_ms":12.166,"dispatched":0,"skipped":0} 
[2026-05-15 10:30:01] production.INFO: ScheduledJobManager started {"execution_time":"2026-05-15T10:30:01+00:00"} 
[2026-05-15 10:30:01] production.INFO: ScheduledJobManager completed {"execution_time":"2026-05-15T10:30:01+00:00","duration_ms":14.751,"dispatched":0,"skipped":0} 
[2026-05-15 10:31:01] production.INFO: ScheduledJobManager started {"execution_time":"2026-05-15T10:31:01+00:00"} 
[2026-05-15 10:31:01] production.INFO: ScheduledJobManager completed {"execution_time":"2026-05-15T10:31:01+00:00","duration_ms":12.288,"dispatched":0,"skipped":0} 
[2026-05-15 10:32:01] production.INFO: ScheduledJobManager started {"execution_time":"2026-05-15T10:32:01+00:00"} 
[2026-05-15 10:32:01] production.INFO: ScheduledJobManager completed {"execution_time":"2026-05-15T10:32:01+00:00","duration_ms":12.508,"dispatched":0,"skipped":0} 
[2026-05-15 10:33:01] production.INFO: ScheduledJobManager started {"execution_time":"2026-05-15T10:33:01+00:00"} 
[2026-05-15 10:33:01] production.INFO: ScheduledJobManager completed {"execution_time":"2026-05-15T10:33:01+00:00","duration_ms":15.486,"dispatched":0,"skipped":0} 
[2026-05-15 10:34:01] production.INFO: ScheduledJobManager started {"execution_time":"2026-05-15T10:34:01+00:00"} 
[2026-05-15 10:34:01] production.INFO: ScheduledJobManager completed {"execution_time":"2026-05-15T10:34:01+00:00","duration_ms":15.979,"dispatched":0,"skipped":0} 
[2026-05-15 10:35:01] production.INFO: ScheduledJobManager started {"execution_time":"2026-05-15T10:35:01+00:00"} 
[2026-05-15 10:35:01] production.INFO: ScheduledJobManager completed {"execution_time":"2026-05-15T10:35:01+00:00","duration_ms":12.658,"dispatched":0,"skipped":0} 
[2026-05-15 10:36:01] production.INFO: ScheduledJobManager started {"execution_time":"2026-05-15T10:36:01+00:00"} 
[2026-05-15 10:36:01] production.INFO: ScheduledJobManager completed {"execution_time":"2026-05-15T10:36:01+00:00","duration_ms":12.459,"dispatched":0,"skipped":0} 
[2026-05-15 10:37:01] production.INFO: ScheduledJobManager started {"execution_time":"2026-05-15T10:37:01+00:00"} 
[2026-05-15 10:37:01] production.INFO: ScheduledJobManager completed {"execution_time":"2026-05-15T10:37:01+00:00","duration_ms":12.332,"dispatched":0,"skipped":0} 
[2026-05-15 10:38:01] production.INFO: ScheduledJobManager started {"execution_time":"2026-05-15T10:38:01+00:00"} 
[2026-05-15 10:38:01] production.INFO: ScheduledJobManager completed {"execution_time":"2026-05-15T10:38:01+00:00","duration_ms":12.309,"dispatched":0,"skipped":0} 
[2026-05-15 10:39:01] production.INFO: ScheduledJobManager started {"execution_time":"2026-05-15T10:39:01+00:00"} 
[2026-05-15 10:39:01] production.INFO: ScheduledJobManager completed {"execution_time":"2026-05-15T10:39:01+00:00","duration_ms":12.704,"dispatched":0,"skipped":0} 
[2026-05-15 10:40:01] production.INFO: ScheduledJobManager started {"execution_time":"2026-05-15T10:40:01+00:00"} 
[2026-05-15 10:40:01] production.INFO: ScheduledJobManager completed {"execution_time":"2026-05-15T10:40:01+00:00","duration_ms":5.703,"dispatched":0,"skipped":0} 
[2026-05-15 10:41:01] production.INFO: ScheduledJobManager started {"execution_time":"2026-05-15T10:41:01+00:00"} 
[2026-05-15 10:41:01] production.INFO: ScheduledJobManager completed {"execution_time":"2026-05-15T10:41:01+00:00","duration_ms":16.136,"dispatched":0,"skipped":0} 
[2026-05-15 10:42:01] production.INFO: ScheduledJobManager started {"execution_time":"2026-05-15T10:42:01+00:00"} 
[2026-05-15 10:42:01] production.INFO: ScheduledJobManager completed {"execution_time":"2026-05-15T10:42:01+00:00","duration_ms":8.537,"dispatched":0,"skipped":0} 
[2026-05-15 10:43:01] production.INFO: ScheduledJobManager started {"execution_time":"2026-05-15T10:43:01+00:00"} 
[2026-05-15 10:43:01] production.INFO: ScheduledJobManager completed {"execution_time":"2026-05-15T10:43:01+00:00","duration_ms":12.236,"dispatched":0,"skipped":0} 
[2026-05-15 10:44:01] production.INFO: ScheduledJobManager started {"execution_time":"2026-05-15T10:44:01+00:00"} 
[2026-05-15 10:44:01] production.INFO: ScheduledJobManager completed {"execution_time":"2026-05-15T10:44:01+00:00","duration_ms":11.264,"dispatched":0,"skipped":0} 
[2026-05-15 10:45:01] production.INFO: ScheduledJobManager started {"execution_time":"2026-05-15T10:45:01+00:00"} 
[2026-05-15 10:45:01] production.INFO: ScheduledJobManager completed {"execution_time":"2026-05-15T10:45:01+00:00","duration_ms":3.7,"dispatched":0,"skipped":0} 
[2026-05-15 10:46:01] production.INFO: ScheduledJobManager started {"execution_time":"2026-05-15T10:46:01+00:00"} 
[2026-05-15 10:46:01] production.INFO: ScheduledJobManager completed {"execution_time":"2026-05-15T10:46:01+00:00","duration_ms":11.185,"dispatched":0,"skipped":0} 
[2026-05-15 10:47:01] production.INFO: ScheduledJobManager started {"execution_time":"2026-05-15T10:47:01+00:00"} 
[2026-05-15 10:47:01] production.INFO: ScheduledJobManager completed {"execution_time":"2026-05-15T10:47:01+00:00","duration_ms":8.239,"dispatched":0,"skipped":0} 
[2026-05-15 10:48:01] production.INFO: ScheduledJobManager started {"execution_time":"2026-05-15T10:48:01+00:00"} 
[2026-05-15 10:48:01] production.INFO: ScheduledJobManager completed {"execution_time":"2026-05-15T10:48:01+00:00","duration_ms":11.042,"dispatched":0,"skipped":0} 
[2026-05-15 10:49:01] production.INFO: ScheduledJobManager started {"execution_time":"2026-05-15T10:49:01+00:00"} 
[2026-05-15 10:49:01] production.INFO: ScheduledJobManager completed {"execution_time":"2026-05-15T10:49:01+00:00","duration_ms":12.596,"dispatched":0,"skipped":0} 
[2026-05-15 10:50:01] production.INFO: ScheduledJobManager started {"execution_time":"2026-05-15T10:50:01+00:00"} 
[2026-05-15 10:50:01] production.INFO: ScheduledJobManager completed {"execution_time":"2026-05-15T10:50:01+00:00","duration_ms":12.421,"dispatched":0,"skipped":0} 
[2026-05-15 10:51:01] production.INFO: ScheduledJobManager started {"execution_time":"2026-05-15T10:51:01+00:00"} 
[2026-05-15 10:51:01] production.INFO: ScheduledJobManager completed {"execution_time":"2026-05-15T10:51:01+00:00","duration_ms":12.755,"dispatched":0,"skipped":0} 
[2026-05-15 10:52:01] production.INFO: ScheduledJobManager started {"execution_time":"2026-05-15T10:52:01+00:00"} 
[2026-05-15 10:52:01] production.INFO: ScheduledJobManager completed {"execution_time":"2026-05-15T10:52:01+00:00","duration_ms":12.328,"dispatched":0,"skipped":0} 
[2026-05-15 10:53:02] production.INFO: ScheduledJobManager started {"execution_time":"2026-05-15T10:53:02+00:00"} 
[2026-05-15 10:53:02] production.INFO: ScheduledJobManager completed {"execution_time":"2026-05-15T10:53:02+00:00","duration_ms":12.339,"dispatched":0,"skipped":0} 
[2026-05-15 10:54:01] production.INFO: ScheduledJobManager started {"execution_time":"2026-05-15T10:54:01+00:00"} 
[2026-05-15 10:54:01] production.INFO: ScheduledJobManager completed {"execution_time":"2026-05-15T10:54:01+00:00","duration_ms":12.443,"dispatched":0,"skipped":0} 
[2026-05-15 10:55:01] production.INFO: ScheduledJobManager started {"execution_time":"2026-05-15T10:55:01+00:00"} 
[2026-05-15 10:55:01] production.INFO: ScheduledJobManager completed {"execution_time":"2026-05-15T10:55:01+00:00","duration_ms":4.019,"dispatched":0,"skipped":0} 
[2026-05-15 10:56:01] production.INFO: ScheduledJobManager started {"execution_time":"2026-05-15T10:56:01+00:00"} 
[2026-05-15 10:56:01] production.INFO: ScheduledJobManager completed {"execution_time":"2026-05-15T10:56:01+00:00","duration_ms":12.251,"dispatched":0,"skipped":0} 
[2026-05-15 10:57:01] production.INFO: ScheduledJobManager started {"execution_time":"2026-05-15T10:57:01+00:00"} 
[2026-05-15 10:57:01] production.INFO: ScheduledJobManager completed {"execution_time":"2026-05-15T10:57:01+00:00","duration_ms":12.606,"dispatched":0,"skipped":0} 
[2026-05-15 10:58:01] production.INFO: ScheduledJobManager started {"execution_time":"2026-05-15T10:58:01+00:00"} 
[2026-05-15 10:58:01] production.INFO: ScheduledJobManager completed {"execution_time":"2026-05-15T10:58:01+00:00","duration_ms":12.132,"dispatched":0,"skipped":0} 
[2026-05-15 10:59:01] production.INFO: ScheduledJobManager started {"execution_time":"2026-05-15T10:59:01+00:00"} 
[2026-05-15 10:59:01] production.INFO: ScheduledJobManager completed {"execution_time":"2026-05-15T10:59:01+00:00","duration_ms":11.81,"dispatched":0,"skipped":0} 
[2026-05-15 11:00:02] production.INFO: ScheduledJobManager started {"execution_time":"2026-05-15T11:00:02+00:00"} 
[2026-05-15 11:00:02] production.INFO: ScheduledJobManager completed {"execution_time":"2026-05-15T11:00:02+00:00","duration_ms":6.503,"dispatched":0,"skipped":0} 
[2026-05-15 11:01:01] production.INFO: ScheduledJobManager started {"execution_time":"2026-05-15T11:01:01+00:00"} 
[2026-05-15 11:01:01] production.INFO: ScheduledJobManager completed {"execution_time":"2026-05-15T11:01:01+00:00","duration_ms":12.214,"dispatched":0,"skipped":0} 
[2026-05-15 11:02:01] production.INFO: ScheduledJobManager started {"execution_time":"2026-05-15T11:02:01+00:00"} 
[2026-05-15 11:02:01] production.INFO: ScheduledJobManager completed {"execution_time":"2026-05-15T11:02:01+00:00","duration_ms":12.172,"dispatched":0,"skipped":0} 
[2026-05-15 11:03:01] production.INFO: ScheduledJobManager started {"execution_time":"2026-05-15T11:03:01+00:00"} 
[2026-05-15 11:03:01] production.INFO: ScheduledJobManager completed {"execution_time":"2026-05-15T11:03:01+00:00","duration_ms":12.762,"dispatched":0,"skipped":0} 
[2026-05-15 11:04:01] production.INFO: ScheduledJobManager started {"execution_time":"2026-05-15T11:04:01+00:00"} 
[2026-05-15 11:04:01] production.INFO: ScheduledJobManager completed {"execution_time":"2026-05-15T11:04:01+00:00","duration_ms":12.852,"dispatched":0,"skipped":0} 
[2026-05-15 11:05:01] production.INFO: ScheduledJobManager started {"execution_time":"2026-05-15T11:05:01+00:00"} 
[2026-05-15 11:05:01] production.INFO: ScheduledJobManager completed {"execution_time":"2026-05-15T11:05:01+00:00","duration_ms":11.523,"dispatched":0,"skipped":0} 
[2026-05-15 11:06:01] production.INFO: ScheduledJobManager started {"execution_time":"2026-05-15T11:06:01+00:00"} 
[2026-05-15 11:06:01] production.INFO: ScheduledJobManager completed {"execution_time":"2026-05-15T11:06:01+00:00","duration_ms":11.147,"dispatched":0,"skipped":0} 
[2026-05-15 11:07:01] production.INFO: ScheduledJobManager started {"execution_time":"2026-05-15T11:07:01+00:00"} 
[2026-05-15 11:07:01] production.INFO: ScheduledJobManager completed {"execution_time":"2026-05-15T11:07:01+00:00","duration_ms":11.194,"dispatched":0,"skipped":0} 
[2026-05-15 11:08:01] production.INFO: ScheduledJobManager started {"execution_time":"2026-05-15T11:08:01+00:00"} 
[2026-05-15 11:08:01] production.INFO: ScheduledJobManager completed {"execution_time":"2026-05-15T11:08:01+00:00","duration_ms":12.375,"dispatched":0,"skipped":0} 
[2026-05-15 11:09:01] production.INFO: ScheduledJobManager started {"execution_time":"2026-05-15T11:09:01+00:00"} 
[2026-05-15 11:09:01] production.INFO: ScheduledJobManager completed {"execution_time":"2026-05-15T11:09:01+00:00","duration_ms":11.265,"dispatched":0,"skipped":0} 
[2026-05-15 11:10:01] production.INFO: ScheduledJobManager started {"execution_time":"2026-05-15T11:10:01+00:00"} 
[2026-05-15 11:10:01] production.INFO: ScheduledJobManager completed {"execution_time":"2026-05-15T11:10:01+00:00","duration_ms":5.656,"dispatched":0,"skipped":0} 
[2026-05-15 11:11:01] production.INFO: ScheduledJobManager started {"execution_time":"2026-05-15T11:11:01+00:00"} 
[2026-05-15 11:11:01] production.INFO: ScheduledJobManager completed {"execution_time":"2026-05-15T11:11:01+00:00","duration_ms":12.845,"dispatched":0,"skipped":0} 
[2026-05-15 11:12:01] production.INFO: ScheduledJobManager started {"execution_time":"2026-05-15T11:12:01+00:00"} 
[2026-05-15 11:12:01] production.INFO: ScheduledJobManager completed {"execution_time":"2026-05-15T11:12:01+00:00","duration_ms":5.656,"dispatched":0,"skipped":0} 
[2026-05-15 11:13:01] production.INFO: ScheduledJobManager started {"execution_time":"2026-05-15T11:13:01+00:00"} 
[2026-05-15 11:13:01] production.INFO: ScheduledJobManager completed {"execution_time":"2026-05-15T11:13:01+00:00","duration_ms":12.31,"dispatched":0,"skipped":0} 
[2026-05-15 11:14:01] production.INFO: ScheduledJobManager started {"execution_time":"2026-05-15T11:14:01+00:00"} 
[2026-05-15 11:14:01] production.INFO: ScheduledJobManager completed {"execution_time":"2026-05-15T11:14:01+00:00","duration_ms":12.336,"dispatched":0,"skipped":0} 
[2026-05-15 11:15:01] production.INFO: ScheduledJobManager started {"execution_time":"2026-05-15T11:15:01+00:00"} 
[2026-05-15 11:15:01] production.INFO: ScheduledJobManager completed {"execution_time":"2026-05-15T11:15:01+00:00","duration_ms":4.191,"dispatched":0,"skipped":0} 
[2026-05-15 11:16:01] production.INFO: ScheduledJobManager started {"execution_time":"2026-05-15T11:16:01+00:00"} 
[2026-05-15 11:16:01] production.INFO: ScheduledJobManager completed {"execution_time":"2026-05-15T11:16:01+00:00","duration_ms":13.023,"dispatched":0,"skipped":0} 
[2026-05-15 11:17:01] production.INFO: ScheduledJobManager started {"execution_time":"2026-05-15T11:17:01+00:00"} 
[2026-05-15 11:17:01] production.INFO: ScheduledJobManager completed {"execution_time":"2026-05-15T11:17:01+00:00","duration_ms":12.194,"dispatched":0,"skipped":0} 
[2026-05-15 11:18:01] production.INFO: ScheduledJobManager started {"execution_time":"2026-05-15T11:18:01+00:00"} 
[2026-05-15 11:18:01] production.INFO: ScheduledJobManager completed {"execution_time":"2026-05-15T11:18:01+00:00","duration_ms":12.519,"dispatched":0,"skipped":0} 
[2026-05-15 11:19:01] production.INFO: ScheduledJobManager started {"execution_time":"2026-05-15T11:19:01+00:00"} 
[2026-05-15 11:19:01] production.INFO: ScheduledJobManager completed {"execution_time":"2026-05-15T11:19:01+00:00","duration_ms":12.592,"dispatched":0,"skipped":0} 
[2026-05-15 11:20:01] production.INFO: ScheduledJobManager started {"execution_time":"2026-05-15T11:20:01+00:00"} 
[2026-05-15 11:20:01] production.INFO: ScheduledJobManager completed {"execution_time":"2026-05-15T11:20:01+00:00","duration_ms":6.723,"dispatched":0,"skipped":0} 
[2026-05-15 11:21:01] production.INFO: ScheduledJobManager started {"execution_time":"2026-05-15T11:21:01+00:00"} 
[2026-05-15 11:21:01] production.INFO: ScheduledJobManager completed {"execution_time":"2026-05-15T11:21:01+00:00","duration_ms":12.475,"dispatched":0,"skipped":0} 
[2026-05-15 11:22:01] production.INFO: ScheduledJobManager started {"execution_time":"2026-05-15T11:22:01+00:00"} 
[2026-05-15 11:22:01] production.INFO: ScheduledJobManager completed {"execution_time":"2026-05-15T11:22:01+00:00","duration_ms":12.522,"dispatched":0,"skipped":0} 
[2026-05-15 11:23:00] production.INFO: ScheduledJobManager started {"execution_time":"2026-05-15T11:23:00+00:00"} 
[2026-05-15 11:23:00] production.INFO: ScheduledJobManager completed {"execution_time":"2026-05-15T11:23:00+00:00","duration_ms":12.154,"dispatched":0,"skipped":0} 
[2026-05-15 11:24:01] production.INFO: ScheduledJobManager started {"execution_time":"2026-05-15T11:24:01+00:00"} 
[2026-05-15 11:24:01] production.INFO: ScheduledJobManager completed {"execution_time":"2026-05-15T11:24:01+00:00","duration_ms":11.768,"dispatched":0,"skipped":0} 
[2026-05-15 11:25:01] production.INFO: ScheduledJobManager started {"execution_time":"2026-05-15T11:25:01+00:00"} 
[2026-05-15 11:25:01] production.INFO: ScheduledJobManager completed {"execution_time":"2026-05-15T11:25:01+00:00","duration_ms":3.91,"dispatched":0,"skipped":0} 
[2026-05-15 11:26:01] production.INFO: ScheduledJobManager started {"execution_time":"2026-05-15T11:26:01+00:00"} 
[2026-05-15 11:26:01] production.INFO: ScheduledJobManager completed {"execution_time":"2026-05-15T11:26:01+00:00","duration_ms":11.319,"dispatched":0,"skipped":0} 
[2026-05-15 11:27:01] production.INFO: ScheduledJobManager started {"execution_time":"2026-05-15T11:27:01+00:00"} 
[2026-05-15 11:27:01] production.INFO: ScheduledJobManager completed {"execution_time":"2026-05-15T11:27:01+00:00","duration_ms":16.469,"dispatched":0,"skipped":0} 
[2026-05-15 11:28:01] production.INFO: ScheduledJobManager started {"execution_time":"2026-05-15T11:28:01+00:00"} 
[2026-05-15 11:28:01] production.INFO: ScheduledJobManager completed {"execution_time":"2026-05-15T11:28:01+00:00","duration_ms":11.107,"dispatched":0,"skipped":0} 
[2026-05-15 11:29:01] production.INFO: ScheduledJobManager started {"execution_time":"2026-05-15T11:29:01+00:00"} 
[2026-05-15 11:29:01] production.INFO: ScheduledJobManager completed {"execution_time":"2026-05-15T11:29:01+00:00","duration_ms":11.254,"dispatched":0,"skipped":0} 
[2026-05-15 11:30:01] production.INFO: ScheduledJobManager started {"execution_time":"2026-05-15T11:30:01+00:00"} 
[2026-05-15 11:30:01] production.INFO: ScheduledJobManager completed {"execution_time":"2026-05-15T11:30:01+00:00","duration_ms":12.359,"dispatched":0,"skipped":0} 
[2026-05-15 11:31:01] production.INFO: ScheduledJobManager started {"execution_time":"2026-05-15T11:31:01+00:00"} 
[2026-05-15 11:31:01] production.INFO: ScheduledJobManager completed {"execution_time":"2026-05-15T11:31:01+00:00","duration_ms":11.093,"dispatched":0,"skipped":0} 
[2026-05-15 11:32:01] production.INFO: ScheduledJobManager started {"execution_time":"2026-05-15T11:32:01+00:00"} 
[2026-05-15 11:32:01] production.INFO: ScheduledJobManager completed {"execution_time":"2026-05-15T11:32:01+00:00","duration_ms":12.178,"dispatched":0,"skipped":0} 
[2026-05-15 11:33:01] production.INFO: ScheduledJobManager started {"execution_time":"2026-05-15T11:33:01+00:00"} 
[2026-05-15 11:33:01] production.INFO: ScheduledJobManager completed {"execution_time":"2026-05-15T11:33:01+00:00","duration_ms":12.619,"dispatched":0,"skipped":0} 
[2026-05-15 11:34:01] production.INFO: ScheduledJobManager started {"execution_time":"2026-05-15T11:34:01+00:00"} 
[2026-05-15 11:34:01] production.INFO: ScheduledJobManager completed {"execution_time":"2026-05-15T11:34:01+00:00","duration_ms":12.329,"dispatched":0,"skipped":0} 
[2026-05-15 11:35:01] production.INFO: ScheduledJobManager started {"execution_time":"2026-05-15T11:35:01+00:00"} 
[2026-05-15 11:35:01] production.INFO: ScheduledJobManager completed {"execution_time":"2026-05-15T11:35:01+00:00","duration_ms":12.79,"dispatched":0,"skipped":0} 
[2026-05-15 11:36:01] production.INFO: ScheduledJobManager started {"execution_time":"2026-05-15T11:36:01+00:00"} 
[2026-05-15 11:36:01] production.INFO: ScheduledJobManager completed {"execution_time":"2026-05-15T11:36:01+00:00","duration_ms":12.836,"dispatched":0,"skipped":0} 
[2026-05-15 11:37:01] production.INFO: ScheduledJobManager started {"execution_time":"2026-05-15T11:37:01+00:00"} 
[2026-05-15 11:37:01] production.INFO: ScheduledJobManager completed {"execution_time":"2026-05-15T11:37:01+00:00","duration_ms":12.372,"dispatched":0,"skipped":0} 
[2026-05-15 11:38:02] production.INFO: ScheduledJobManager started {"execution_time":"2026-05-15T11:38:01+00:00"} 
[2026-05-15 11:38:02] production.INFO: ScheduledJobManager completed {"execution_time":"2026-05-15T11:38:01+00:00","duration_ms":12.617,"dispatched":0,"skipped":0} 
[2026-05-15 11:39:01] production.INFO: ScheduledJobManager started {"execution_time":"2026-05-15T11:39:01+00:00"} 
[2026-05-15 11:39:01] production.INFO: ScheduledJobManager completed {"execution_time":"2026-05-15T11:39:01+00:00","duration_ms":12.879,"dispatched":0,"skipped":0} 
[2026-05-15 11:40:01] production.INFO: ScheduledJobManager started {"execution_time":"2026-05-15T11:40:01+00:00"} 
[2026-05-15 11:40:01] production.INFO: ScheduledJobManager completed {"execution_time":"2026-05-15T11:40:01+00:00","duration_ms":5.708,"dispatched":0,"skipped":0} 
[2026-05-15 11:41:01] production.INFO: ScheduledJobManager started {"execution_time":"2026-05-15T11:41:01+00:00"} 
[2026-05-15 11:41:01] production.INFO: ScheduledJobManager completed {"execution_time":"2026-05-15T11:41:01+00:00","duration_ms":12.441,"dispatched":0,"skipped":0} 
[2026-05-15 11:42:01] production.INFO: ScheduledJobManager started {"execution_time":"2026-05-15T11:42:01+00:00"} 
[2026-05-15 11:42:01] production.INFO: ScheduledJobManager completed {"execution_time":"2026-05-15T11:42:01+00:00","duration_ms":5.969,"dispatched":0,"skipped":0} 
[2026-05-15 11:43:01] production.INFO: ScheduledJobManager started {"execution_time":"2026-05-15T11:43:01+00:00"} 
[2026-05-15 11:43:01] production.INFO: ScheduledJobManager completed {"execution_time":"2026-05-15T11:43:01+00:00","duration_ms":12.526,"dispatched":0,"skipped":0} 
[2026-05-15 11:44:01] production.INFO: ScheduledJobManager started {"execution_time":"2026-05-15T11:44:01+00:00"} 
[2026-05-15 11:44:01] production.INFO: ScheduledJobManager completed {"execution_time":"2026-05-15T11:44:01+00:00","duration_ms":12.644,"dispatched":0,"skipped":0} 
[2026-05-15 11:45:01] production.INFO: ScheduledJobManager started {"execution_time":"2026-05-15T11:45:01+00:00"} 
[2026-05-15 11:45:01] production.INFO: ScheduledJobManager completed {"execution_time":"2026-05-15T11:45:01+00:00","duration_ms":3.809,"dispatched":0,"skipped":0} 
[2026-05-15 11:46:01] production.INFO: ScheduledJobManager started {"execution_time":"2026-05-15T11:46:01+00:00"} 
[2026-05-15 11:46:01] production.INFO: ScheduledJobManager completed {"execution_time":"2026-05-15T11:46:01+00:00","duration_ms":12.478,"dispatched":0,"skipped":0} 
[2026-05-15 11:47:01] production.INFO: ScheduledJobManager started {"execution_time":"2026-05-15T11:47:01+00:00"} 
[2026-05-15 11:47:01] production.INFO: ScheduledJobManager completed {"execution_time":"2026-05-15T11:47:01+00:00","duration_ms":13.093,"dispatched":0,"skipped":0} 
[2026-05-15 11:48:01] production.INFO: ScheduledJobManager started {"execution_time":"2026-05-15T11:48:01+00:00"} 
[2026-05-15 11:48:01] production.INFO: ScheduledJobManager completed {"execution_time":"2026-05-15T11:48:01+00:00","duration_ms":11.05,"dispatched":0,"skipped":0} 
[2026-05-15 11:49:01] production.INFO: ScheduledJobManager started {"execution_time":"2026-05-15T11:49:01+00:00"} 
[2026-05-15 11:49:01] production.INFO: ScheduledJobManager completed {"execution_time":"2026-05-15T11:49:01+00:00","duration_ms":12.526,"dispatched":0,"skipped":0} 
[2026-05-15 11:50:01] production.INFO: ScheduledJobManager started {"execution_time":"2026-05-15T11:50:01+00:00"} 
[2026-05-15 11:50:01] production.INFO: ScheduledJobManager completed {"execution_time":"2026-05-15T11:50:01+00:00","duration_ms":11.21,"dispatched":0,"skipped":0} 
[2026-05-15 11:51:01] production.INFO: ScheduledJobManager started {"execution_time":"2026-05-15T11:51:01+00:00"} 
[2026-05-15 11:51:01] production.INFO: ScheduledJobManager completed {"execution_time":"2026-05-15T11:51:01+00:00","duration_ms":11.09,"dispatched":0,"skipped":0} 
[2026-05-15 11:52:01] production.INFO: ScheduledJobManager started {"execution_time":"2026-05-15T11:52:01+00:00"} 
[2026-05-15 11:52:01] production.INFO: ScheduledJobManager completed {"execution_time":"2026-05-15T11:52:01+00:00","duration_ms":11.104,"dispatched":0,"skipped":0} 
[2026-05-15 11:53:00] production.INFO: ScheduledJobManager started {"execution_time":"2026-05-15T11:53:00+00:00"} 
[2026-05-15 11:53:01] production.INFO: ScheduledJobManager completed {"execution_time":"2026-05-15T11:53:00+00:00","duration_ms":12.37,"dispatched":0,"skipped":0} 
[2026-05-15 11:54:01] production.INFO: ScheduledJobManager started {"execution_time":"2026-05-15T11:54:01+00:00"} 
[2026-05-15 11:54:01] production.INFO: ScheduledJobManager completed {"execution_time":"2026-05-15T11:54:01+00:00","duration_ms":5.384,"dispatched":0,"skipped":0} 
[2026-05-15 11:55:01] production.INFO: ScheduledJobManager started {"execution_time":"2026-05-15T11:55:01+00:00"} 
[2026-05-15 11:55:01] production.INFO: ScheduledJobManager completed {"execution_time":"2026-05-15T11:55:01+00:00","duration_ms":12.25,"dispatched":0,"skipped":0} 
[2026-05-15 11:56:01] production.INFO: ScheduledJobManager started {"execution_time":"2026-05-15T11:56:01+00:00"} 
[2026-05-15 11:56:01] production.INFO: ScheduledJobManager completed {"execution_time":"2026-05-15T11:56:01+00:00","duration_ms":12.132,"dispatched":0,"skipped":0} 
[2026-05-15 11:57:01] production.INFO: ScheduledJobManager started {"execution_time":"2026-05-15T11:57:01+00:00"} 
[2026-05-15 11:57:01] production.INFO: ScheduledJobManager completed {"execution_time":"2026-05-15T11:57:01+00:00","duration_ms":13.286,"dispatched":0,"skipped":0} 
[2026-05-15 11:58:01] production.INFO: ScheduledJobManager started {"execution_time":"2026-05-15T11:58:01+00:00"} 
[2026-05-15 11:58:01] production.INFO: ScheduledJobManager completed {"execution_time":"2026-05-15T11:58:01+00:00","duration_ms":12.193,"dispatched":0,"skipped":0} 
[2026-05-15 11:59:01] production.INFO: ScheduledJobManager started {"execution_time":"2026-05-15T11:59:01+00:00"} 
[2026-05-15 11:59:01] production.INFO: ScheduledJobManager completed {"execution_time":"2026-05-15T11:59:01+00:00","duration_ms":12.485,"dispatched":0,"skipped":0} 
[2026-05-15 12:00:02] production.INFO: ScheduledJobManager started {"execution_time":"2026-05-15T12:00:02+00:00"} 
[2026-05-15 12:00:02] production.INFO: ScheduledJobManager completed {"execution_time":"2026-05-15T12:00:02+00:00","duration_ms":5.47,"dispatched":0,"skipped":0} 
[2026-05-15 12:01:01] production.INFO: ScheduledJobManager started {"execution_time":"2026-05-15T12:01:01+00:00"} 
[2026-05-15 12:01:01] production.INFO: ScheduledJobManager completed {"execution_time":"2026-05-15T12:01:01+00:00","duration_ms":12.295,"dispatched":0,"skipped":0} 
[2026-05-15 12:02:01] production.INFO: ScheduledJobManager started {"execution_time":"2026-05-15T12:02:01+00:00"} 
[2026-05-15 12:02:01] production.INFO: ScheduledJobManager completed {"execution_time":"2026-05-15T12:02:01+00:00","duration_ms":12.278,"dispatched":0,"skipped":0} 
[2026-05-15 12:03:01] production.INFO: ScheduledJobManager started {"execution_time":"2026-05-15T12:03:01+00:00"} 
[2026-05-15 12:03:01] production.INFO: ScheduledJobManager completed {"execution_time":"2026-05-15T12:03:01+00:00","duration_ms":12.479,"dispatched":0,"skipped":0} 
[2026-05-15 12:04:01] production.INFO: ScheduledJobManager started {"execution_time":"2026-05-15T12:04:01+00:00"} 
[2026-05-15 12:04:01] production.INFO: ScheduledJobManager completed {"execution_time":"2026-05-15T12:04:01+00:00","duration_ms":12.149,"dispatched":0,"skipped":0} 
[2026-05-15 12:05:01] production.INFO: ScheduledJobManager started {"execution_time":"2026-05-15T12:05:01+00:00"} 
[2026-05-15 12:05:01] production.INFO: ScheduledJobManager completed {"execution_time":"2026-05-15T12:05:01+00:00","duration_ms":12.294,"dispatched":0,"skipped":0} 
[2026-05-15 12:06:01] production.INFO: ScheduledJobManager started {"execution_time":"2026-05-15T12:06:01+00:00"} 
[2026-05-15 12:06:01] production.INFO: ScheduledJobManager completed {"execution_time":"2026-05-15T12:06:01+00:00","duration_ms":12.747,"dispatched":0,"skipped":0} 
[2026-05-15 12:07:01] production.INFO: ScheduledJobManager started {"execution_time":"2026-05-15T12:07:01+00:00"} 
[2026-05-15 12:07:01] production.INFO: ScheduledJobManager completed {"execution_time":"2026-05-15T12:07:01+00:00","duration_ms":12.126,"dispatched":0,"skipped":0} 
[2026-05-15 12:08:01] production.INFO: ScheduledJobManager started {"execution_time":"2026-05-15T12:08:01+00:00"} 
[2026-05-15 12:08:01] production.INFO: ScheduledJobManager completed {"execution_time":"2026-05-15T12:08:01+00:00","duration_ms":13.777,"dispatched":0,"skipped":0} 
[2026-05-15 12:09:01] production.INFO: ScheduledJobManager started {"execution_time":"2026-05-15T12:09:01+00:00"} 
[2026-05-15 12:09:01] production.INFO: ScheduledJobManager completed {"execution_time":"2026-05-15T12:09:01+00:00","duration_ms":11.812,"dispatched":0,"skipped":0} 
[2026-05-15 12:10:01] production.INFO: ScheduledJobManager started {"execution_time":"2026-05-15T12:10:01+00:00"} 
[2026-05-15 12:10:01] production.INFO: ScheduledJobManager completed {"execution_time":"2026-05-15T12:10:01+00:00","duration_ms":5.365,"dispatched":0,"skipped":0} 
[2026-05-15 12:11:01] production.INFO: ScheduledJobManager started {"execution_time":"2026-05-15T12:11:01+00:00"} 
[2026-05-15 12:11:01] production.INFO: ScheduledJobManager completed {"execution_time":"2026-05-15T12:11:01+00:00","duration_ms":11.256,"dispatched":0,"skipped":0} 
[2026-05-15 12:12:01] production.INFO: ScheduledJobManager started {"execution_time":"2026-05-15T12:12:01+00:00"} 
[2026-05-15 12:12:01] production.INFO: ScheduledJobManager completed {"execution_time":"2026-05-15T12:12:01+00:00","duration_ms":14.317,"dispatched":0,"skipped":0} 
[2026-05-15 12:13:01] production.INFO: ScheduledJobManager started {"execution_time":"2026-05-15T12:13:01+00:00"} 
[2026-05-15 12:13:01] production.INFO: ScheduledJobManager completed {"execution_time":"2026-05-15T12:13:01+00:00","duration_ms":11.28,"dispatched":0,"skipped":0} 
[2026-05-15 12:14:01] production.INFO: ScheduledJobManager started {"execution_time":"2026-05-15T12:14:01+00:00"} 
[2026-05-15 12:14:01] production.INFO: ScheduledJobManager completed {"execution_time":"2026-05-15T12:14:01+00:00","duration_ms":12.121,"dispatched":0,"skipped":0} 
[2026-05-15 12:15:01] production.INFO: ScheduledJobManager started {"execution_time":"2026-05-15T12:15:01+00:00"} 
[2026-05-15 12:15:01] production.INFO: ScheduledJobManager completed {"execution_time":"2026-05-15T12:15:01+00:00","duration_ms":12.333,"dispatched":0,"skipped":0} 
[2026-05-15 12:16:01] production.INFO: ScheduledJobManager started {"execution_time":"2026-05-15T12:16:01+00:00"} 
[2026-05-15 12:16:01] production.INFO: ScheduledJobManager completed {"execution_time":"2026-05-15T12:16:01+00:00","duration_ms":12.259,"dispatched":0,"skipped":0} 
[2026-05-15 12:17:01] production.INFO: ScheduledJobManager started {"execution_time":"2026-05-15T12:17:01+00:00"} 
[2026-05-15 12:17:01] production.INFO: ScheduledJobManager completed {"execution_time":"2026-05-15T12:17:01+00:00","duration_ms":12.36,"dispatched":0,"skipped":0} 
[2026-05-15 12:18:01] production.INFO: ScheduledJobManager started {"execution_time":"2026-05-15T12:18:01+00:00"} 
[2026-05-15 12:18:01] production.INFO: ScheduledJobManager completed {"execution_time":"2026-05-15T12:18:01+00:00","duration_ms":12.383,"dispatched":0,"skipped":0} 
[2026-05-15 12:19:01] production.INFO: ScheduledJobManager started {"execution_time":"2026-05-15T12:19:01+00:00"} 
[2026-05-15 12:19:01] production.INFO: ScheduledJobManager completed {"execution_time":"2026-05-15T12:19:01+00:00","duration_ms":12.487,"dispatched":0,"skipped":0} 
[2026-05-15 12:20:01] production.INFO: ScheduledJobManager started {"execution_time":"2026-05-15T12:20:01+00:00"} 
[2026-05-15 12:20:01] production.INFO: ScheduledJobManager completed {"execution_time":"2026-05-15T12:20:01+00:00","duration_ms":6.366,"dispatched":0,"skipped":0} 
[2026-05-15 12:21:01] production.INFO: ScheduledJobManager started {"execution_time":"2026-05-15T12:21:01+00:00"} 
[2026-05-15 12:21:01] production.INFO: ScheduledJobManager completed {"execution_time":"2026-05-15T12:21:01+00:00","duration_ms":21.221,"dispatched":0,"skipped":0} 
[2026-05-15 12:22:01] production.INFO: ScheduledJobManager started {"execution_time":"2026-05-15T12:22:01+00:00"} 
[2026-05-15 12:22:01] production.INFO: ScheduledJobManager completed {"execution_time":"2026-05-15T12:22:01+00:00","duration_ms":12.404,"dispatched":0,"skipped":0} 
[2026-05-15 12:23:01] production.INFO: ScheduledJobManager started {"execution_time":"2026-05-15T12:23:00+00:00"} 
[2026-05-15 12:23:01] production.INFO: ScheduledJobManager completed {"execution_time":"2026-05-15T12:23:00+00:00","duration_ms":12.635,"dispatched":0,"skipped":0} 
[2026-05-15 12:24:01] production.INFO: ScheduledJobManager started {"execution_time":"2026-05-15T12:24:01+00:00"} 
[2026-05-15 12:24:01] production.INFO: ScheduledJobManager completed {"execution_time":"2026-05-15T12:24:01+00:00","duration_ms":6.007,"dispatched":0,"skipped":0} 
[2026-05-15 12:25:01] production.INFO: ScheduledJobManager started {"execution_time":"2026-05-15T12:25:01+00:00"} 
[2026-05-15 12:25:01] production.INFO: ScheduledJobManager completed {"execution_time":"2026-05-15T12:25:01+00:00","duration_ms":13.076,"dispatched":0,"skipped":0} 
[2026-05-15 12:26:01] production.INFO: ScheduledJobManager started {"execution_time":"2026-05-15T12:26:01+00:00"} 
[2026-05-15 12:26:01] production.INFO: ScheduledJobManager completed {"execution_time":"2026-05-15T12:26:01+00:00","duration_ms":12.133,"dispatched":0,"skipped":0} 
[2026-05-15 12:27:01] production.INFO: ScheduledJobManager started {"execution_time":"2026-05-15T12:27:01+00:00"} 
[2026-05-15 12:27:01] production.INFO: ScheduledJobManager completed {"execution_time":"2026-05-15T12:27:01+00:00","duration_ms":12.275,"dispatched":0,"skipped":0} 
[2026-05-15 12:28:01] production.INFO: ScheduledJobManager started {"execution_time":"2026-05-15T12:28:01+00:00"} 
[2026-05-15 12:28:01] production.INFO: ScheduledJobManager completed {"execution_time":"2026-05-15T12:28:01+00:00","duration_ms":11.72,"dispatched":0,"skipped":0} 
[2026-05-15 12:29:01] production.INFO: ScheduledJobManager started {"execution_time":"2026-05-15T12:29:01+00:00"} 
[2026-05-15 12:29:01] production.INFO: ScheduledJobManager completed {"execution_time":"2026-05-15T12:29:01+00:00","duration_ms":11.85,"dispatched":0,"skipped":0} 
[2026-05-15 12:30:01] production.INFO: ScheduledJobManager started {"execution_time":"2026-05-15T12:30:01+00:00"} 
[2026-05-15 12:30:01] production.INFO: ScheduledJobManager completed {"execution_time":"2026-05-15T12:30:01+00:00","duration_ms":3.973,"dispatched":0,"skipped":0} 
[2026-05-15 12:31:01] production.INFO: ScheduledJobManager started {"execution_time":"2026-05-15T12:31:01+00:00"} 
[2026-05-15 12:31:01] production.INFO: ScheduledJobManager completed {"execution_time":"2026-05-15T12:31:01+00:00","duration_ms":11.145,"dispatched":0,"skipped":0} 
[2026-05-15 12:32:01] production.INFO: ScheduledJobManager started {"execution_time":"2026-05-15T12:32:01+00:00"} 
[2026-05-15 12:32:01] production.INFO: ScheduledJobManager completed {"execution_time":"2026-05-15T12:32:01+00:00","duration_ms":11.045,"dispatched":0,"skipped":0} 
[2026-05-15 12:33:01] production.INFO: ScheduledJobManager started {"execution_time":"2026-05-15T12:33:01+00:00"} 
[2026-05-15 12:33:01] production.INFO: ScheduledJobManager completed {"execution_time":"2026-05-15T12:33:01+00:00","duration_ms":11.125,"dispatched":0,"skipped":0} 
[2026-05-15 12:34:01] production.INFO: ScheduledJobManager started {"execution_time":"2026-05-15T12:34:01+00:00"} 
[2026-05-15 12:34:01] production.INFO: ScheduledJobManager completed {"execution_time":"2026-05-15T12:34:01+00:00","duration_ms":11.355,"dispatched":0,"skipped":0} 
[2026-05-15 12:35:01] production.INFO: ScheduledJobManager started {"execution_time":"2026-05-15T12:35:01+00:00"} 
[2026-05-15 12:35:01] production.INFO: ScheduledJobManager completed {"execution_time":"2026-05-15T12:35:01+00:00","duration_ms":12.487,"dispatched":0,"skipped":0} 
[2026-05-15 12:36:01] production.INFO: ScheduledJobManager started {"execution_time":"2026-05-15T12:36:01+00:00"} 
[2026-05-15 12:36:01] production.INFO: ScheduledJobManager completed {"execution_time":"2026-05-15T12:36:01+00:00","duration_ms":12.744,"dispatched":0,"skipped":0} 
[2026-05-15 12:37:01] production.INFO: ScheduledJobManager started {"execution_time":"2026-05-15T12:37:01+00:00"} 
[2026-05-15 12:37:01] production.INFO: ScheduledJobManager completed {"execution_time":"2026-05-15T12:37:01+00:00","duration_ms":12.084,"dispatched":0,"skipped":0} 
[2026-05-15 12:38:01] production.INFO: ScheduledJobManager started {"execution_time":"2026-05-15T12:38:01+00:00"} 
[2026-05-15 12:38:01] production.INFO: ScheduledJobManager completed {"execution_time":"2026-05-15T12:38:01+00:00","duration_ms":12.288,"dispatched":0,"skipped":0} 
[2026-05-15 12:39:01] production.INFO: ScheduledJobManager started {"execution_time":"2026-05-15T12:39:01+00:00"} 
[2026-05-15 12:39:01] production.INFO: ScheduledJobManager completed {"execution_time":"2026-05-15T12:39:01+00:00","duration_ms":12.031,"dispatched":0,"skipped":0} 
[2026-05-15 12:40:01] production.INFO: ScheduledJobManager started {"execution_time":"2026-05-15T12:40:01+00:00"} 
[2026-05-15 12:40:01] production.INFO: ScheduledJobManager completed {"execution_time":"2026-05-15T12:40:01+00:00","duration_ms":5.662,"dispatched":0,"skipped":0} 
[2026-05-15 12:41:01] production.INFO: ScheduledJobManager started {"execution_time":"2026-05-15T12:41:01+00:00"} 
[2026-05-15 12:41:01] production.INFO: ScheduledJobManager completed {"execution_time":"2026-05-15T12:41:01+00:00","duration_ms":12.898,"dispatched":0,"skipped":0} 
[2026-05-15 12:42:01] production.INFO: ScheduledJobManager started {"execution_time":"2026-05-15T12:42:01+00:00"} 
[2026-05-15 12:42:01] production.INFO: ScheduledJobManager completed {"execution_time":"2026-05-15T12:42:01+00:00","duration_ms":12.031,"dispatched":0,"skipped":0} 
[2026-05-15 12:43:01] production.INFO: ScheduledJobManager started {"execution_time":"2026-05-15T12:43:01+00:00"} 
[2026-05-15 12:43:01] production.INFO: ScheduledJobManager completed {"execution_time":"2026-05-15T12:43:01+00:00","duration_ms":12.43,"dispatched":0,"skipped":0} 
[2026-05-15 12:44:01] production.INFO: ScheduledJobManager started {"execution_time":"2026-05-15T12:44:01+00:00"} 
[2026-05-15 12:44:01] production.INFO: ScheduledJobManager completed {"execution_time":"2026-05-15T12:44:01+00:00","duration_ms":12.616,"dispatched":0,"skipped":0} 
[2026-05-15 12:45:01] production.INFO: ScheduledJobManager started {"execution_time":"2026-05-15T12:45:01+00:00"} 
[2026-05-15 12:45:01] production.INFO: ScheduledJobManager completed {"execution_time":"2026-05-15T12:45:01+00:00","duration_ms":4.334,"dispatched":0,"skipped":0} 
[2026-05-15 12:46:01] production.INFO: ScheduledJobManager started {"execution_time":"2026-05-15T12:46:01+00:00"} 
[2026-05-15 12:46:01] production.INFO: ScheduledJobManager completed {"execution_time":"2026-05-15T12:46:01+00:00","duration_ms":12.581,"dispatched":0,"skipped":0} 
[2026-05-15 12:47:01] production.INFO: ScheduledJobManager started {"execution_time":"2026-05-15T12:47:01+00:00"} 
[2026-05-15 12:47:01] production.INFO: ScheduledJobManager completed {"execution_time":"2026-05-15T12:47:01+00:00","duration_ms":12.377,"dispatched":0,"skipped":0} 
[2026-05-15 12:48:01] production.INFO: ScheduledJobManager started {"execution_time":"2026-05-15T12:48:01+00:00"} 
[2026-05-15 12:48:01] production.INFO: ScheduledJobManager completed {"execution_time":"2026-05-15T12:48:01+00:00","duration_ms":12.2,"dispatched":0,"skipped":0} 
[2026-05-15 12:49:01] production.INFO: ScheduledJobManager started {"execution_time":"2026-05-15T12:49:01+00:00"} 
[2026-05-15 12:49:01] production.INFO: ScheduledJobManager completed {"execution_time":"2026-05-15T12:49:01+00:00","duration_ms":12.283,"dispatched":0,"skipped":0} 
[2026-05-15 12:50:01] production.INFO: ScheduledJobManager started {"execution_time":"2026-05-15T12:50:01+00:00"} 
[2026-05-15 12:50:01] production.INFO: ScheduledJobManager completed {"execution_time":"2026-05-15T12:50:01+00:00","duration_ms":11.454,"dispatched":0,"skipped":0} 
[2026-05-15 12:51:01] production.INFO: ScheduledJobManager started {"execution_time":"2026-05-15T12:51:01+00:00"} 
[2026-05-15 12:51:01] production.INFO: ScheduledJobManager completed {"execution_time":"2026-05-15T12:51:01+00:00","duration_ms":11.975,"dispatched":0,"skipped":0} 
[2026-05-15 12:52:01] production.INFO: ScheduledJobManager started {"execution_time":"2026-05-15T12:52:01+00:00"} 
[2026-05-15 12:52:01] production.INFO: ScheduledJobManager completed {"execution_time":"2026-05-15T12:52:01+00:00","duration_ms":11.306,"dispatched":0,"skipped":0} 
[2026-05-15 12:53:02] production.INFO: ScheduledJobManager started {"execution_time":"2026-05-15T12:53:02+00:00"} 
[2026-05-15 12:53:02] production.INFO: ScheduledJobManager completed {"execution_time":"2026-05-15T12:53:02+00:00","duration_ms":11.27,"dispatched":0,"skipped":0} 
[2026-05-15 12:54:01] production.INFO: ScheduledJobManager started {"execution_time":"2026-05-15T12:54:01+00:00"} 
[2026-05-15 12:54:01] production.INFO: ScheduledJobManager completed {"execution_time":"2026-05-15T12:54:01+00:00","duration_ms":12.724,"dispatched":0,"skipped":0} 
[2026-05-15 12:55:02] production.INFO: ScheduledJobManager started {"execution_time":"2026-05-15T12:55:02+00:00"} 
[2026-05-15 12:55:02] production.INFO: ScheduledJobManager completed {"execution_time":"2026-05-15T12:55:02+00:00","duration_ms":16.96,"dispatched":0,"skipped":0} 
[2026-05-15 12:56:01] production.INFO: ScheduledJobManager started {"execution_time":"2026-05-15T12:56:01+00:00"} 
[2026-05-15 12:56:01] production.INFO: ScheduledJobManager completed {"execution_time":"2026-05-15T12:56:01+00:00","duration_ms":12.656,"dispatched":0,"skipped":0} 
[2026-05-15 12:57:01] production.INFO: ScheduledJobManager started {"execution_time":"2026-05-15T12:57:01+00:00"} 
[2026-05-15 12:57:01] production.INFO: ScheduledJobManager completed {"execution_time":"2026-05-15T12:57:01+00:00","duration_ms":12.384,"dispatched":0,"skipped":0} 
[2026-05-15 12:58:01] production.INFO: ScheduledJobManager started {"execution_time":"2026-05-15T12:58:01+00:00"} 
[2026-05-15 12:58:01] production.INFO: ScheduledJobManager completed {"execution_time":"2026-05-15T12:58:01+00:00","duration_ms":13.484,"dispatched":0,"skipped":0} 
[2026-05-15 12:59:01] production.INFO: ScheduledJobManager started {"execution_time":"2026-05-15T12:59:01+00:00"} 
[2026-05-15 12:59:01] production.INFO: ScheduledJobManager completed {"execution_time":"2026-05-15T12:59:01+00:00","duration_ms":12.185,"dispatched":0,"skipped":0} 
[2026-05-15 13:00:02] production.INFO: ScheduledJobManager started {"execution_time":"2026-05-15T13:00:02+00:00"} 
[2026-05-15 13:00:02] production.INFO: ScheduledJobManager completed {"execution_time":"2026-05-15T13:00:02+00:00","duration_ms":12.507,"dispatched":0,"skipped":0} 
[2026-05-15 13:01:01] production.INFO: ScheduledJobManager started {"execution_time":"2026-05-15T13:01:01+00:00"} 
[2026-05-15 13:01:01] production.INFO: ScheduledJobManager completed {"execution_time":"2026-05-15T13:01:01+00:00","duration_ms":12.629,"dispatched":0,"skipped":0} 
[2026-05-15 13:02:01] production.INFO: ScheduledJobManager started {"execution_time":"2026-05-15T13:02:01+00:00"} 
[2026-05-15 13:02:01] production.INFO: ScheduledJobManager completed {"execution_time":"2026-05-15T13:02:01+00:00","duration_ms":12.549,"dispatched":0,"skipped":0} 
[2026-05-15 13:03:01] production.INFO: ScheduledJobManager started {"execution_time":"2026-05-15T13:03:01+00:00"} 
[2026-05-15 13:03:01] production.INFO: ScheduledJobManager completed {"execution_time":"2026-05-15T13:03:01+00:00","duration_ms":12.081,"dispatched":0,"skipped":0} 
[2026-05-15 13:04:01] production.INFO: ScheduledJobManager started {"execution_time":"2026-05-15T13:04:01+00:00"} 
[2026-05-15 13:04:01] production.INFO: ScheduledJobManager completed {"execution_time":"2026-05-15T13:04:01+00:00","duration_ms":12.472,"dispatched":0,"skipped":0} 
[2026-05-15 13:05:01] production.INFO: ScheduledJobManager started {"execution_time":"2026-05-15T13:05:01+00:00"} 
[2026-05-15 13:05:01] production.INFO: ScheduledJobManager completed {"execution_time":"2026-05-15T13:05:01+00:00","duration_ms":12.477,"dispatched":0,"skipped":0} 
[2026-05-15 13:06:01] production.INFO: ScheduledJobManager started {"execution_time":"2026-05-15T13:06:01+00:00"} 
[2026-05-15 13:06:01] production.INFO: ScheduledJobManager completed {"execution_time":"2026-05-15T13:06:01+00:00","duration_ms":12.339,"dispatched":0,"skipped":0} 
[2026-05-15 13:07:01] production.INFO: ScheduledJobManager started {"execution_time":"2026-05-15T13:07:01+00:00"} 
[2026-05-15 13:07:01] production.INFO: ScheduledJobManager completed {"execution_time":"2026-05-15T13:07:01+00:00","duration_ms":12.235,"dispatched":0,"skipped":0} 
[2026-05-15 13:08:02] production.INFO: ScheduledJobManager started {"execution_time":"2026-05-15T13:08:02+00:00"} 
[2026-05-15 13:08:02] production.INFO: ScheduledJobManager completed {"execution_time":"2026-05-15T13:08:02+00:00","duration_ms":12.342,"dispatched":0,"skipped":0} 
[2026-05-15 13:09:01] production.INFO: ScheduledJobManager started {"execution_time":"2026-05-15T13:09:01+00:00"} 
[2026-05-15 13:09:01] production.INFO: ScheduledJobManager completed {"execution_time":"2026-05-15T13:09:01+00:00","duration_ms":11.75,"dispatched":0,"skipped":0} 
[2026-05-15 13:10:01] production.INFO: ScheduledJobManager started {"execution_time":"2026-05-15T13:10:01+00:00"} 
[2026-05-15 13:10:01] production.INFO: ScheduledJobManager completed {"execution_time":"2026-05-15T13:10:01+00:00","duration_ms":5.826,"dispatched":0,"skipped":0} 
[2026-05-15 13:11:01] production.INFO: ScheduledJobManager started {"execution_time":"2026-05-15T13:11:01+00:00"} 
[2026-05-15 13:11:01] production.INFO: ScheduledJobManager completed {"execution_time":"2026-05-15T13:11:01+00:00","duration_ms":12.364,"dispatched":0,"skipped":0} 
[2026-05-15 13:12:01] production.INFO: ScheduledJobManager started {"execution_time":"2026-05-15T13:12:01+00:00"} 
[2026-05-15 13:12:01] production.INFO: ScheduledJobManager completed {"execution_time":"2026-05-15T13:12:01+00:00","duration_ms":11.23,"dispatched":0,"skipped":0} 
[2026-05-15 13:13:01] production.INFO: ScheduledJobManager started {"execution_time":"2026-05-15T13:13:01+00:00"} 
[2026-05-15 13:13:01] production.INFO: ScheduledJobManager completed {"execution_time":"2026-05-15T13:13:01+00:00","duration_ms":11.527,"dispatched":0,"skipped":0} 
[2026-05-15 13:14:01] production.INFO: ScheduledJobManager started {"execution_time":"2026-05-15T13:14:01+00:00"} 
[2026-05-15 13:14:01] production.INFO: ScheduledJobManager completed {"execution_time":"2026-05-15T13:14:01+00:00","duration_ms":11.224,"dispatched":0,"skipped":0} 
[2026-05-15 13:15:01] production.INFO: ScheduledJobManager started {"execution_time":"2026-05-15T13:15:01+00:00"} 
[2026-05-15 13:15:01] production.INFO: ScheduledJobManager completed {"execution_time":"2026-05-15T13:15:01+00:00","duration_ms":11.19,"dispatched":0,"skipped":0} 
[2026-05-15 13:16:01] production.INFO: ScheduledJobManager started {"execution_time":"2026-05-15T13:16:01+00:00"} 
[2026-05-15 13:16:01] production.INFO: ScheduledJobManager completed {"execution_time":"2026-05-15T13:16:01+00:00","duration_ms":11.297,"dispatched":0,"skipped":0} 
[2026-05-15 13:17:01] production.INFO: ScheduledJobManager started {"execution_time":"2026-05-15T13:17:01+00:00"} 
[2026-05-15 13:17:01] production.INFO: ScheduledJobManager completed {"execution_time":"2026-05-15T13:17:01+00:00","duration_ms":12.551,"dispatched":0,"skipped":0} 
[2026-05-15 13:18:01] production.INFO: ScheduledJobManager started {"execution_time":"2026-05-15T13:18:01+00:00"} 
[2026-05-15 13:18:01] production.INFO: ScheduledJobManager completed {"execution_time":"2026-05-15T13:18:01+00:00","duration_ms":12.385,"dispatched":0,"skipped":0} 
[2026-05-15 13:19:01] production.INFO: ScheduledJobManager started {"execution_time":"2026-05-15T13:19:01+00:00"} 
[2026-05-15 13:19:01] production.INFO: ScheduledJobManager completed {"execution_time":"2026-05-15T13:19:01+00:00","duration_ms":18.335,"dispatched":0,"skipped":0} 
[2026-05-15 13:20:01] production.INFO: ScheduledJobManager started {"execution_time":"2026-05-15T13:20:01+00:00"} 
[2026-05-15 13:20:01] production.INFO: ScheduledJobManager completed {"execution_time":"2026-05-15T13:20:01+00:00","duration_ms":12.324,"dispatched":0,"skipped":0} 
[2026-05-15 13:21:01] production.INFO: ScheduledJobManager started {"execution_time":"2026-05-15T13:21:01+00:00"} 
[2026-05-15 13:21:01] production.INFO: ScheduledJobManager completed {"execution_time":"2026-05-15T13:21:01+00:00","duration_ms":12.435,"dispatched":0,"skipped":0} 
[2026-05-15 13:22:01] production.INFO: ScheduledJobManager started {"execution_time":"2026-05-15T13:22:01+00:00"} 
[2026-05-15 13:22:01] production.INFO: ScheduledJobManager completed {"execution_time":"2026-05-15T13:22:01+00:00","duration_ms":12.649,"dispatched":0,"skipped":0} 
[2026-05-15 13:23:02] production.INFO: ScheduledJobManager started {"execution_time":"2026-05-15T13:23:02+00:00"} 
[2026-05-15 13:23:02] production.INFO: ScheduledJobManager completed {"execution_time":"2026-05-15T13:23:02+00:00","duration_ms":12.574,"dispatched":0,"skipped":0} 
[2026-05-15 13:24:01] production.INFO: ScheduledJobManager started {"execution_time":"2026-05-15T13:24:01+00:00"} 
[2026-05-15 13:24:01] production.INFO: ScheduledJobManager completed {"execution_time":"2026-05-15T13:24:01+00:00","duration_ms":12.282,"dispatched":0,"skipped":0} 
[2026-05-15 13:25:01] production.INFO: ScheduledJobManager started {"execution_time":"2026-05-15T13:25:01+00:00"} 
[2026-05-15 13:25:01] production.INFO: ScheduledJobManager completed {"execution_time":"2026-05-15T13:25:01+00:00","duration_ms":4.072,"dispatched":0,"skipped":0} 
[2026-05-15 13:26:01] production.INFO: ScheduledJobManager started {"execution_time":"2026-05-15T13:26:01+00:00"} 
[2026-05-15 13:26:01] production.INFO: ScheduledJobManager completed {"execution_time":"2026-05-15T13:26:01+00:00","duration_ms":12.87,"dispatched":0,"skipped":0} 
[2026-05-15 13:27:01] production.INFO: ScheduledJobManager started {"execution_time":"2026-05-15T13:27:01+00:00"} 
[2026-05-15 13:27:01] production.INFO: ScheduledJobManager completed {"execution_time":"2026-05-15T13:27:01+00:00","duration_ms":12.154,"dispatched":0,"skipped":0} 
[2026-05-15 13:28:01] production.INFO: ScheduledJobManager started {"execution_time":"2026-05-15T13:28:01+00:00"} 
[2026-05-15 13:28:01] production.INFO: ScheduledJobManager completed {"execution_time":"2026-05-15T13:28:01+00:00","duration_ms":12.371,"dispatched":0,"skipped":0} 
[2026-05-15 13:29:01] production.INFO: ScheduledJobManager started {"execution_time":"2026-05-15T13:29:01+00:00"} 
[2026-05-15 13:29:01] production.INFO: ScheduledJobManager completed {"execution_time":"2026-05-15T13:29:01+00:00","duration_ms":11.965,"dispatched":0,"skipped":0} 
[2026-05-15 13:30:01] production.INFO: ScheduledJobManager started {"execution_time":"2026-05-15T13:30:01+00:00"} 
[2026-05-15 13:30:01] production.INFO: ScheduledJobManager completed {"execution_time":"2026-05-15T13:30:01+00:00","duration_ms":12.351,"dispatched":0,"skipped":0} 
[2026-05-15 13:31:01] production.INFO: ScheduledJobManager started {"execution_time":"2026-05-15T13:31:01+00:00"} 
[2026-05-15 13:31:01] production.INFO: ScheduledJobManager completed {"execution_time":"2026-05-15T13:31:01+00:00","duration_ms":15.157,"dispatched":0,"skipped":0} 
[2026-05-15 13:32:01] production.INFO: ScheduledJobManager started {"execution_time":"2026-05-15T13:32:01+00:00"} 
[2026-05-15 13:32:01] production.INFO: ScheduledJobManager completed {"execution_time":"2026-05-15T13:32:01+00:00","duration_ms":12.34,"dispatched":0,"skipped":0} 
[2026-05-15 13:33:01] production.INFO: ScheduledJobManager started {"execution_time":"2026-05-15T13:33:01+00:00"} 
[2026-05-15 13:33:01] production.INFO: ScheduledJobManager completed {"execution_time":"2026-05-15T13:33:01+00:00","duration_ms":11.417,"dispatched":0,"skipped":0} 
[2026-05-15 13:34:01] production.INFO: ScheduledJobManager started {"execution_time":"2026-05-15T13:34:01+00:00"} 
[2026-05-15 13:34:01] production.INFO: ScheduledJobManager completed {"execution_time":"2026-05-15T13:34:01+00:00","duration_ms":11.307,"dispatched":0,"skipped":0} 
[2026-05-15 13:35:01] production.INFO: ScheduledJobManager started {"execution_time":"2026-05-15T13:35:01+00:00"} 
[2026-05-15 13:35:01] production.INFO: ScheduledJobManager completed {"execution_time":"2026-05-15T13:35:01+00:00","duration_ms":11.666,"dispatched":0,"skipped":0} 
[2026-05-15 13:36:01] production.INFO: ScheduledJobManager started {"execution_time":"2026-05-15T13:36:01+00:00"} 
[2026-05-15 13:36:01] production.INFO: ScheduledJobManager completed {"execution_time":"2026-05-15T13:36:01+00:00","duration_ms":11.294,"dispatched":0,"skipped":0} 
[2026-05-15 13:37:01] production.INFO: ScheduledJobManager started {"execution_time":"2026-05-15T13:37:01+00:00"} 
[2026-05-15 13:37:01] production.INFO: ScheduledJobManager completed {"execution_time":"2026-05-15T13:37:01+00:00","duration_ms":12.161,"dispatched":0,"skipped":0} 
[2026-05-15 13:38:01] production.INFO: ScheduledJobManager started {"execution_time":"2026-05-15T13:38:01+00:00"} 
[2026-05-15 13:38:01] production.INFO: ScheduledJobManager completed {"execution_time":"2026-05-15T13:38:01+00:00","duration_ms":12.422,"dispatched":0,"skipped":0} 
[2026-05-15 13:39:01] production.INFO: ScheduledJobManager started {"execution_time":"2026-05-15T13:39:01+00:00"} 
[2026-05-15 13:39:01] production.INFO: ScheduledJobManager completed {"execution_time":"2026-05-15T13:39:01+00:00","duration_ms":12.012,"dispatched":0,"skipped":0} 
[2026-05-15 13:40:01] production.INFO: ScheduledJobManager started {"execution_time":"2026-05-15T13:40:01+00:00"} 
[2026-05-15 13:40:01] production.INFO: ScheduledJobManager completed {"execution_time":"2026-05-15T13:40:01+00:00","duration_ms":5.585,"dispatched":0,"skipped":0} 
[2026-05-15 13:41:01] production.INFO: ScheduledJobManager started {"execution_time":"2026-05-15T13:41:01+00:00"} 
[2026-05-15 13:41:01] production.INFO: ScheduledJobManager completed {"execution_time":"2026-05-15T13:41:01+00:00","duration_ms":12.123,"dispatched":0,"skipped":0} 
[2026-05-15 13:42:01] production.INFO: ScheduledJobManager started {"execution_time":"2026-05-15T13:42:01+00:00"} 
[2026-05-15 13:42:01] production.INFO: ScheduledJobManager completed {"execution_time":"2026-05-15T13:42:01+00:00","duration_ms":6.507,"dispatched":0,"skipped":0} 
[2026-05-15 13:43:01] production.INFO: ScheduledJobManager started {"execution_time":"2026-05-15T13:43:01+00:00"} 
[2026-05-15 13:43:01] production.INFO: ScheduledJobManager completed {"execution_time":"2026-05-15T13:43:01+00:00","duration_ms":12.235,"dispatched":0,"skipped":0} 
[2026-05-15 13:44:01] production.INFO: ScheduledJobManager started {"execution_time":"2026-05-15T13:44:01+00:00"} 
[2026-05-15 13:44:01] production.INFO: ScheduledJobManager completed {"execution_time":"2026-05-15T13:44:01+00:00","duration_ms":12.107,"dispatched":0,"skipped":0} 
[2026-05-15 13:45:01] production.INFO: ScheduledJobManager started {"execution_time":"2026-05-15T13:45:01+00:00"} 
[2026-05-15 13:45:01] production.INFO: ScheduledJobManager completed {"execution_time":"2026-05-15T13:45:01+00:00","duration_ms":12.346,"dispatched":0,"skipped":0} 
[2026-05-15 13:46:01] production.INFO: ScheduledJobManager started {"execution_time":"2026-05-15T13:46:01+00:00"} 
[2026-05-15 13:46:01] production.INFO: ScheduledJobManager completed {"execution_time":"2026-05-15T13:46:01+00:00","duration_ms":12.687,"dispatched":0,"skipped":0} 
[2026-05-15 13:47:01] production.INFO: ScheduledJobManager started {"execution_time":"2026-05-15T13:47:01+00:00"} 
[2026-05-15 13:47:01] production.INFO: ScheduledJobManager completed {"execution_time":"2026-05-15T13:47:01+00:00","duration_ms":18.449,"dispatched":0,"skipped":0} 
[2026-05-15 13:48:01] production.INFO: ScheduledJobManager started {"execution_time":"2026-05-15T13:48:01+00:00"} 
[2026-05-15 13:48:01] production.INFO: ScheduledJobManager completed {"execution_time":"2026-05-15T13:48:01+00:00","duration_ms":12.142,"dispatched":0,"skipped":0} 
[2026-05-15 13:49:01] production.INFO: ScheduledJobManager started {"execution_time":"2026-05-15T13:49:01+00:00"} 
[2026-05-15 13:49:01] production.INFO: ScheduledJobManager completed {"execution_time":"2026-05-15T13:49:01+00:00","duration_ms":12.046,"dispatched":0,"skipped":0} 
[2026-05-15 13:50:01] production.INFO: ScheduledJobManager started {"execution_time":"2026-05-15T13:50:01+00:00"} 
[2026-05-15 13:50:01] production.INFO: ScheduledJobManager completed {"execution_time":"2026-05-15T13:50:01+00:00","duration_ms":12.543,"dispatched":0,"skipped":0} 
[2026-05-15 13:51:01] production.INFO: ScheduledJobManager started {"execution_time":"2026-05-15T13:51:01+00:00"} 
[2026-05-15 13:51:01] production.INFO: ScheduledJobManager completed {"execution_time":"2026-05-15T13:51:01+00:00","duration_ms":12.321,"dispatched":0,"skipped":0} 
[2026-05-15 13:52:01] production.INFO: ScheduledJobManager started {"execution_time":"2026-05-15T13:52:01+00:00"} 
[2026-05-15 13:52:01] production.INFO: ScheduledJobManager completed {"execution_time":"2026-05-15T13:52:01+00:00","duration_ms":11.977,"dispatched":0,"skipped":0} 
[2026-05-15 13:53:01] production.INFO: ScheduledJobManager started {"execution_time":"2026-05-15T13:53:01+00:00"} 
[2026-05-15 13:53:01] production.INFO: ScheduledJobManager completed {"execution_time":"2026-05-15T13:53:01+00:00","duration_ms":12.122,"dispatched":0,"skipped":0} 
[2026-05-15 13:54:01] production.INFO: ScheduledJobManager started {"execution_time":"2026-05-15T13:54:01+00:00"} 
[2026-05-15 13:54:01] production.INFO: ScheduledJobManager completed {"execution_time":"2026-05-15T13:54:01+00:00","duration_ms":11.526,"dispatched":0,"skipped":0} 
[2026-05-15 13:55:01] production.INFO: ScheduledJobManager started {"execution_time":"2026-05-15T13:55:01+00:00"} 
[2026-05-15 13:55:01] production.INFO: ScheduledJobManager completed {"execution_time":"2026-05-15T13:55:01+00:00","duration_ms":4.216,"dispatched":0,"skipped":0} 
[2026-05-15 13:56:01] production.INFO: ScheduledJobManager started {"execution_time":"2026-05-15T13:56:01+00:00"} 
[2026-05-15 13:56:01] production.INFO: ScheduledJobManager completed {"execution_time":"2026-05-15T13:56:01+00:00","duration_ms":11.039,"dispatched":0,"skipped":0} 
[2026-05-15 13:57:01] production.INFO: ScheduledJobManager started {"execution_time":"2026-05-15T13:57:01+00:00"} 
[2026-05-15 13:57:01] production.INFO: ScheduledJobManager completed {"execution_time":"2026-05-15T13:57:01+00:00","duration_ms":11.171,"dispatched":0,"skipped":0} 
[2026-05-15 13:58:01] production.INFO: ScheduledJobManager started {"execution_time":"2026-05-15T13:58:01+00:00"} 
[2026-05-15 13:58:01] production.INFO: ScheduledJobManager completed {"execution_time":"2026-05-15T13:58:01+00:00","duration_ms":12.307,"dispatched":0,"skipped":0} 
[2026-05-15 13:59:01] production.INFO: ScheduledJobManager started {"execution_time":"2026-05-15T13:59:01+00:00"} 
[2026-05-15 13:59:01] production.INFO: ScheduledJobManager completed {"execution_time":"2026-05-15T13:59:01+00:00","duration_ms":12.016,"dispatched":0,"skipped":0} 
[2026-05-15 14:00:02] production.INFO: ScheduledJobManager started {"execution_time":"2026-05-15T14:00:02+00:00"} 
[2026-05-15 14:00:02] production.INFO: ScheduledJobManager completed {"execution_time":"2026-05-15T14:00:02+00:00","duration_ms":5.118,"dispatched":0,"skipped":0} 
[2026-05-15 14:01:01] production.INFO: ScheduledJobManager started {"execution_time":"2026-05-15T14:01:01+00:00"} 
[2026-05-15 14:01:01] production.INFO: ScheduledJobManager completed {"execution_time":"2026-05-15T14:01:01+00:00","duration_ms":12.405,"dispatched":0,"skipped":0} 
[2026-05-15 14:02:01] production.INFO: ScheduledJobManager started {"execution_time":"2026-05-15T14:02:01+00:00"} 
[2026-05-15 14:02:01] production.INFO: ScheduledJobManager completed {"execution_time":"2026-05-15T14:02:01+00:00","duration_ms":15.893,"dispatched":0,"skipped":0} 
[2026-05-15 14:03:01] production.INFO: ScheduledJobManager started {"execution_time":"2026-05-15T14:03:01+00:00"} 
[2026-05-15 14:03:01] production.INFO: ScheduledJobManager completed {"execution_time":"2026-05-15T14:03:01+00:00","duration_ms":12.698,"dispatched":0,"skipped":0} 
[2026-05-15 14:04:01] production.INFO: ScheduledJobManager started {"execution_time":"2026-05-15T14:04:01+00:00"} 
[2026-05-15 14:04:01] production.INFO: ScheduledJobManager completed {"execution_time":"2026-05-15T14:04:01+00:00","duration_ms":12.371,"dispatched":0,"skipped":0} 
[2026-05-15 14:05:01] production.INFO: ScheduledJobManager started {"execution_time":"2026-05-15T14:05:01+00:00"} 
[2026-05-15 14:05:01] production.INFO: ScheduledJobManager completed {"execution_time":"2026-05-15T14:05:01+00:00","duration_ms":12.444,"dispatched":0,"skipped":0} 
[2026-05-15 14:06:01] production.INFO: ScheduledJobManager started {"execution_time":"2026-05-15T14:06:01+00:00"} 
[2026-05-15 14:06:01] production.INFO: ScheduledJobManager completed {"execution_time":"2026-05-15T14:06:01+00:00","duration_ms":12.207,"dispatched":0,"skipped":0} 
[2026-05-15 14:07:02] production.INFO: ScheduledJobManager started {"execution_time":"2026-05-15T14:07:02+00:00"} 
[2026-05-15 14:07:02] production.INFO: ScheduledJobManager completed {"execution_time":"2026-05-15T14:07:02+00:00","duration_ms":12.615,"dispatched":0,"skipped":0} 
[2026-05-15 14:08:01] production.INFO: ScheduledJobManager started {"execution_time":"2026-05-15T14:08:01+00:00"} 
[2026-05-15 14:08:01] production.INFO: ScheduledJobManager completed {"execution_time":"2026-05-15T14:08:01+00:00","duration_ms":12.485,"dispatched":0,"skipped":0} 
[2026-05-15 14:09:01] production.INFO: ScheduledJobManager started {"execution_time":"2026-05-15T14:09:01+00:00"} 
[2026-05-15 14:09:01] production.INFO: ScheduledJobManager completed {"execution_time":"2026-05-15T14:09:01+00:00","duration_ms":11.978,"dispatched":0,"skipped":0} 
[2026-05-15 14:10:01] production.INFO: ScheduledJobManager started {"execution_time":"2026-05-15T14:10:01+00:00"} 
[2026-05-15 14:10:01] production.INFO: ScheduledJobManager completed {"execution_time":"2026-05-15T14:10:01+00:00","duration_ms":11.743,"dispatched":0,"skipped":0} 
[2026-05-15 14:11:01] production.INFO: ScheduledJobManager started {"execution_time":"2026-05-15T14:11:01+00:00"} 
[2026-05-15 14:11:01] production.INFO: ScheduledJobManager completed {"execution_time":"2026-05-15T14:11:01+00:00","duration_ms":12.415,"dispatched":0,"skipped":0} 
[2026-05-15 14:12:01] production.INFO: ScheduledJobManager started {"execution_time":"2026-05-15T14:12:01+00:00"} 
[2026-05-15 14:12:01] production.INFO: ScheduledJobManager completed {"execution_time":"2026-05-15T14:12:01+00:00","duration_ms":12.638,"dispatched":0,"skipped":0} 
[2026-05-15 14:13:01] production.INFO: ScheduledJobManager started {"execution_time":"2026-05-15T14:13:01+00:00"} 
[2026-05-15 14:13:01] production.INFO: ScheduledJobManager completed {"execution_time":"2026-05-15T14:13:01+00:00","duration_ms":12.801,"dispatched":0,"skipped":0} 
[2026-05-15 14:14:01] production.INFO: ScheduledJobManager started {"execution_time":"2026-05-15T14:14:01+00:00"} 
[2026-05-15 14:14:01] production.INFO: ScheduledJobManager completed {"execution_time":"2026-05-15T14:14:01+00:00","duration_ms":17.531,"dispatched":0,"skipped":0} 
[2026-05-15 14:15:01] production.INFO: ScheduledJobManager started {"execution_time":"2026-05-15T14:15:01+00:00"} 
[2026-05-15 14:15:01] production.INFO: ScheduledJobManager completed {"execution_time":"2026-05-15T14:15:01+00:00","duration_ms":11.488,"dispatched":0,"skipped":0} 
[2026-05-15 14:16:01] production.INFO: ScheduledJobManager started {"execution_time":"2026-05-15T14:16:01+00:00"} 
[2026-05-15 14:16:01] production.INFO: ScheduledJobManager completed {"execution_time":"2026-05-15T14:16:01+00:00","duration_ms":11.195,"dispatched":0,"skipped":0} 
[2026-05-15 14:17:01] production.INFO: ScheduledJobManager started {"execution_time":"2026-05-15T14:17:01+00:00"} 
[2026-05-15 14:17:01] production.INFO: ScheduledJobManager completed {"execution_time":"2026-05-15T14:17:01+00:00","duration_ms":11.32,"dispatched":0,"skipped":0} 
[2026-05-15 14:18:01] production.INFO: ScheduledJobManager started {"execution_time":"2026-05-15T14:18:01+00:00"} 
[2026-05-15 14:18:01] production.INFO: ScheduledJobManager completed {"execution_time":"2026-05-15T14:18:01+00:00","duration_ms":11.78,"dispatched":0,"skipped":0} 
[2026-05-15 14:19:01] production.INFO: ScheduledJobManager started {"execution_time":"2026-05-15T14:19:01+00:00"} 
[2026-05-15 14:19:01] production.INFO: ScheduledJobManager completed {"execution_time":"2026-05-15T14:19:01+00:00","duration_ms":11.029,"dispatched":0,"skipped":0} 
[2026-05-15 14:20:01] production.INFO: ScheduledJobManager started {"execution_time":"2026-05-15T14:20:01+00:00"} 
[2026-05-15 14:20:01] production.INFO: ScheduledJobManager completed {"execution_time":"2026-05-15T14:20:01+00:00","duration_ms":12.528,"dispatched":0,"skipped":0} 
[2026-05-15 14:21:01] production.INFO: ScheduledJobManager started {"execution_time":"2026-05-15T14:21:01+00:00"} 
[2026-05-15 14:21:01] production.INFO: ScheduledJobManager completed {"execution_time":"2026-05-15T14:21:01+00:00","duration_ms":12.063,"dispatched":0,"skipped":0} 
[2026-05-15 14:22:01] production.INFO: ScheduledJobManager started {"execution_time":"2026-05-15T14:22:01+00:00"} 
[2026-05-15 14:22:01] production.INFO: ScheduledJobManager completed {"execution_time":"2026-05-15T14:22:01+00:00","duration_ms":12.185,"dispatched":0,"skipped":0} 
[2026-05-15 14:23:01] production.INFO: ScheduledJobManager started {"execution_time":"2026-05-15T14:23:01+00:00"} 
[2026-05-15 14:23:01] production.INFO: ScheduledJobManager completed {"execution_time":"2026-05-15T14:23:01+00:00","duration_ms":12.37,"dispatched":0,"skipped":0} 
[2026-05-15 14:24:01] production.INFO: ScheduledJobManager started {"execution_time":"2026-05-15T14:24:01+00:00"} 
[2026-05-15 14:24:01] production.INFO: ScheduledJobManager completed {"execution_time":"2026-05-15T14:24:01+00:00","duration_ms":6.615,"dispatched":0,"skipped":0} 
[2026-05-15 14:25:01] production.INFO: ScheduledJobManager started {"execution_time":"2026-05-15T14:25:01+00:00"} 
[2026-05-15 14:25:01] production.INFO: ScheduledJobManager completed {"execution_time":"2026-05-15T14:25:01+00:00","duration_ms":12.626,"dispatched":0,"skipped":0} 
[2026-05-15 14:26:01] production.INFO: ScheduledJobManager started {"execution_time":"2026-05-15T14:26:01+00:00"} 
[2026-05-15 14:26:01] production.INFO: ScheduledJobManager completed {"execution_time":"2026-05-15T14:26:01+00:00","duration_ms":12.78,"dispatched":0,"skipped":0} 
[2026-05-15 14:27:01] production.INFO: ScheduledJobManager started {"execution_time":"2026-05-15T14:27:01+00:00"} 
[2026-05-15 14:27:01] production.INFO: ScheduledJobManager completed {"execution_time":"2026-05-15T14:27:01+00:00","duration_ms":12.354,"dispatched":0,"skipped":0} 
[2026-05-15 14:28:01] production.INFO: ScheduledJobManager started {"execution_time":"2026-05-15T14:28:01+00:00"} 
[2026-05-15 14:28:01] production.INFO: ScheduledJobManager completed {"execution_time":"2026-05-15T14:28:01+00:00","duration_ms":12.216,"dispatched":0,"skipped":0} 
[2026-05-15 14:29:01] production.INFO: ScheduledJobManager started {"execution_time":"2026-05-15T14:29:01+00:00"} 
[2026-05-15 14:29:01] production.INFO: ScheduledJobManager completed {"execution_time":"2026-05-15T14:29:01+00:00","duration_ms":12.513,"dispatched":0,"skipped":0} 
[2026-05-15 14:30:01] production.INFO: ScheduledJobManager started {"execution_time":"2026-05-15T14:30:01+00:00"} 
[2026-05-15 14:30:01] production.INFO: ScheduledJobManager completed {"execution_time":"2026-05-15T14:30:01+00:00","duration_ms":6.236,"dispatched":0,"skipped":0} 
[2026-05-15 14:31:01] production.INFO: ScheduledJobManager started {"execution_time":"2026-05-15T14:31:01+00:00"} 
[2026-05-15 14:31:01] production.INFO: ScheduledJobManager completed {"execution_time":"2026-05-15T14:31:01+00:00","duration_ms":12.413,"dispatched":0,"skipped":0} 
[2026-05-15 14:32:01] production.INFO: ScheduledJobManager started {"execution_time":"2026-05-15T14:32:01+00:00"} 
[2026-05-15 14:32:01] production.INFO: ScheduledJobManager completed {"execution_time":"2026-05-15T14:32:01+00:00","duration_ms":12.032,"dispatched":0,"skipped":0} 
[2026-05-15 14:33:01] production.INFO: ScheduledJobManager started {"execution_time":"2026-05-15T14:33:01+00:00"} 
[2026-05-15 14:33:01] production.INFO: ScheduledJobManager completed {"execution_time":"2026-05-15T14:33:01+00:00","duration_ms":12.334,"dispatched":0,"skipped":0} 
[2026-05-15 14:34:01] production.INFO: ScheduledJobManager started {"execution_time":"2026-05-15T14:34:01+00:00"} 
[2026-05-15 14:34:01] production.INFO: ScheduledJobManager completed {"execution_time":"2026-05-15T14:34:01+00:00","duration_ms":12.096,"dispatched":0,"skipped":0} 
[2026-05-15 14:35:01] production.INFO: ScheduledJobManager started {"execution_time":"2026-05-15T14:35:01+00:00"} 
[2026-05-15 14:35:01] production.INFO: ScheduledJobManager completed {"execution_time":"2026-05-15T14:35:01+00:00","duration_ms":12.829,"dispatched":0,"skipped":0} 
[2026-05-15 14:36:01] production.INFO: ScheduledJobManager started {"execution_time":"2026-05-15T14:36:01+00:00"} 
[2026-05-15 14:36:01] production.INFO: ScheduledJobManager completed {"execution_time":"2026-05-15T14:36:01+00:00","duration_ms":12.546,"dispatched":0,"skipped":0} 
[2026-05-15 14:37:01] production.INFO: ScheduledJobManager started {"execution_time":"2026-05-15T14:37:01+00:00"} 
[2026-05-15 14:37:02] production.INFO: ScheduledJobManager completed {"execution_time":"2026-05-15T14:37:01+00:00","duration_ms":11.303,"dispatched":0,"skipped":0} 
[2026-05-15 14:38:02] production.INFO: ScheduledJobManager started {"execution_time":"2026-05-15T14:38:02+00:00"} 
[2026-05-15 14:38:02] production.INFO: ScheduledJobManager completed {"execution_time":"2026-05-15T14:38:02+00:00","duration_ms":11.662,"dispatched":0,"skipped":0} 
[2026-05-15 14:39:01] production.INFO: ScheduledJobManager started {"execution_time":"2026-05-15T14:39:01+00:00"} 
[2026-05-15 14:39:01] production.INFO: ScheduledJobManager completed {"execution_time":"2026-05-15T14:39:01+00:00","duration_ms":11.387,"dispatched":0,"skipped":0} 
[2026-05-15 14:40:01] production.INFO: ScheduledJobManager started {"execution_time":"2026-05-15T14:40:01+00:00"} 
[2026-05-15 14:40:01] production.INFO: ScheduledJobManager completed {"execution_time":"2026-05-15T14:40:01+00:00","duration_ms":5.516,"dispatched":0,"skipped":0} 
[2026-05-15 14:41:01] production.INFO: ScheduledJobManager started {"execution_time":"2026-05-15T14:41:01+00:00"} 
[2026-05-15 14:41:01] production.INFO: ScheduledJobManager completed {"execution_time":"2026-05-15T14:41:01+00:00","duration_ms":12.735,"dispatched":0,"skipped":0} 
[2026-05-15 14:42:01] production.INFO: ScheduledJobManager started {"execution_time":"2026-05-15T14:42:01+00:00"} 
[2026-05-15 14:42:01] production.INFO: ScheduledJobManager completed {"execution_time":"2026-05-15T14:42:01+00:00","duration_ms":12.151,"dispatched":0,"skipped":0} 
[2026-05-15 14:43:01] production.INFO: ScheduledJobManager started {"execution_time":"2026-05-15T14:43:01+00:00"} 
[2026-05-15 14:43:01] production.INFO: ScheduledJobManager completed {"execution_time":"2026-05-15T14:43:01+00:00","duration_ms":12.339,"dispatched":0,"skipped":0} 
[2026-05-15 14:44:01] production.INFO: ScheduledJobManager started {"execution_time":"2026-05-15T14:44:01+00:00"} 
[2026-05-15 14:44:01] production.INFO: ScheduledJobManager completed {"execution_time":"2026-05-15T14:44:01+00:00","duration_ms":12.253,"dispatched":0,"skipped":0} 
[2026-05-15 14:45:01] production.INFO: ScheduledJobManager started {"execution_time":"2026-05-15T14:45:01+00:00"} 
[2026-05-15 14:45:01] production.INFO: ScheduledJobManager completed {"execution_time":"2026-05-15T14:45:01+00:00","duration_ms":12.427,"dispatched":0,"skipped":0} 
[2026-05-15 14:46:01] production.INFO: ScheduledJobManager started {"execution_time":"2026-05-15T14:46:01+00:00"} 
[2026-05-15 14:46:01] production.INFO: ScheduledJobManager completed {"execution_time":"2026-05-15T14:46:01+00:00","duration_ms":12.332,"dispatched":0,"skipped":0} 
[2026-05-15 14:47:01] production.INFO: ScheduledJobManager started {"execution_time":"2026-05-15T14:47:01+00:00"} 
[2026-05-15 14:47:01] production.INFO: ScheduledJobManager completed {"execution_time":"2026-05-15T14:47:01+00:00","duration_ms":12.029,"dispatched":0,"skipped":0} 
[2026-05-15 14:48:01] production.INFO: ScheduledJobManager started {"execution_time":"2026-05-15T14:48:01+00:00"} 
[2026-05-15 14:48:01] production.INFO: ScheduledJobManager completed {"execution_time":"2026-05-15T14:48:01+00:00","duration_ms":12.118,"dispatched":0,"skipped":0} 
[2026-05-15 14:49:01] production.INFO: ScheduledJobManager started {"execution_time":"2026-05-15T14:49:01+00:00"} 
[2026-05-15 14:49:01] production.INFO: ScheduledJobManager completed {"execution_time":"2026-05-15T14:49:01+00:00","duration_ms":12.221,"dispatched":0,"skipped":0} 
[2026-05-15 14:50:01] production.INFO: ScheduledJobManager started {"execution_time":"2026-05-15T14:50:01+00:00"} 
[2026-05-15 14:50:01] production.INFO: ScheduledJobManager completed {"execution_time":"2026-05-15T14:50:01+00:00","duration_ms":12.468,"dispatched":0,"skipped":0} 
[2026-05-15 14:51:01] production.INFO: ScheduledJobManager started {"execution_time":"2026-05-15T14:51:01+00:00"} 
[2026-05-15 14:51:01] production.INFO: ScheduledJobManager completed {"execution_time":"2026-05-15T14:51:01+00:00","duration_ms":12.532,"dispatched":0,"skipped":0} 
[2026-05-15 14:52:01] production.INFO: ScheduledJobManager started {"execution_time":"2026-05-15T14:52:01+00:00"} 
[2026-05-15 14:52:01] production.INFO: ScheduledJobManager completed {"execution_time":"2026-05-15T14:52:01+00:00","duration_ms":12.413,"dispatched":0,"skipped":0} 
[2026-05-15 14:53:01] production.INFO: ScheduledJobManager started {"execution_time":"2026-05-15T14:53:01+00:00"} 
[2026-05-15 14:53:01] production.INFO: ScheduledJobManager completed {"execution_time":"2026-05-15T14:53:01+00:00","duration_ms":13.11,"dispatched":0,"skipped":0} 
[2026-05-15 14:54:01] production.INFO: ScheduledJobManager started {"execution_time":"2026-05-15T14:54:01+00:00"} 
[2026-05-15 14:54:01] production.INFO: ScheduledJobManager completed {"execution_time":"2026-05-15T14:54:01+00:00","duration_ms":10.076,"dispatched":0,"skipped":0} 
[2026-05-15 14:55:01] production.INFO: ScheduledJobManager started {"execution_time":"2026-05-15T14:55:01+00:00"} 
[2026-05-15 14:55:01] production.INFO: ScheduledJobManager completed {"execution_time":"2026-05-15T14:55:01+00:00","duration_ms":12.48,"dispatched":0,"skipped":0} 
[2026-05-15 14:56:01] production.INFO: ScheduledJobManager started {"execution_time":"2026-05-15T14:56:01+00:00"} 
[2026-05-15 14:56:01] production.INFO: ScheduledJobManager completed {"execution_time":"2026-05-15T14:56:01+00:00","duration_ms":11.305,"dispatched":0,"skipped":0} 
[2026-05-15 14:57:01] production.INFO: ScheduledJobManager started {"execution_time":"2026-05-15T14:57:01+00:00"} 
[2026-05-15 14:57:01] production.INFO: ScheduledJobManager completed {"execution_time":"2026-05-15T14:57:01+00:00","duration_ms":12.439,"dispatched":0,"skipped":0} 
[2026-05-15 14:58:01] production.INFO: ScheduledJobManager started {"execution_time":"2026-05-15T14:58:01+00:00"} 
[2026-05-15 14:58:01] production.INFO: ScheduledJobManager completed {"execution_time":"2026-05-15T14:58:01+00:00","duration_ms":11.51,"dispatched":0,"skipped":0} 
[2026-05-15 14:59:01] production.INFO: ScheduledJobManager started {"execution_time":"2026-05-15T14:59:01+00:00"} 
[2026-05-15 14:59:01] production.INFO: ScheduledJobManager completed {"execution_time":"2026-05-15T14:59:01+00:00","duration_ms":11.26,"dispatched":0,"skipped":0} 
[2026-05-15 15:00:02] production.INFO: ScheduledJobManager started {"execution_time":"2026-05-15T15:00:02+00:00"} 
[2026-05-15 15:00:02] production.INFO: ScheduledJobManager completed {"execution_time":"2026-05-15T15:00:02+00:00","duration_ms":5.424,"dispatched":0,"skipped":0} 
[2026-05-15 15:01:01] production.INFO: ScheduledJobManager started {"execution_time":"2026-05-15T15:01:01+00:00"} 
[2026-05-15 15:01:01] production.INFO: ScheduledJobManager completed {"execution_time":"2026-05-15T15:01:01+00:00","duration_ms":11.458,"dispatched":0,"skipped":0} 
[2026-05-15 15:02:01] production.INFO: ScheduledJobManager started {"execution_time":"2026-05-15T15:02:01+00:00"} 
[2026-05-15 15:02:01] production.INFO: ScheduledJobManager completed {"execution_time":"2026-05-15T15:02:01+00:00","duration_ms":12.255,"dispatched":0,"skipped":0} 
[2026-05-15 15:03:01] production.INFO: ScheduledJobManager started {"execution_time":"2026-05-15T15:03:01+00:00"} 
[2026-05-15 15:03:01] production.INFO: ScheduledJobManager completed {"execution_time":"2026-05-15T15:03:01+00:00","duration_ms":14.556,"dispatched":0,"skipped":0} 
[2026-05-15 15:04:01] production.INFO: ScheduledJobManager started {"execution_time":"2026-05-15T15:04:01+00:00"} 
[2026-05-15 15:04:01] production.INFO: ScheduledJobManager completed {"execution_time":"2026-05-15T15:04:01+00:00","duration_ms":12.152,"dispatched":0,"skipped":0} 
[2026-05-15 15:05:01] production.INFO: ScheduledJobManager started {"execution_time":"2026-05-15T15:05:01+00:00"} 
[2026-05-15 15:05:01] production.INFO: ScheduledJobManager completed {"execution_time":"2026-05-15T15:05:01+00:00","duration_ms":12.729,"dispatched":0,"skipped":0} 
[2026-05-15 15:06:01] production.INFO: ScheduledJobManager started {"execution_time":"2026-05-15T15:06:01+00:00"} 
[2026-05-15 15:06:01] production.INFO: ScheduledJobManager completed {"execution_time":"2026-05-15T15:06:01+00:00","duration_ms":12.445,"dispatched":0,"skipped":0} 
[2026-05-15 15:07:01] production.INFO: ScheduledJobManager started {"execution_time":"2026-05-15T15:07:01+00:00"} 
[2026-05-15 15:07:01] production.INFO: ScheduledJobManager completed {"execution_time":"2026-05-15T15:07:01+00:00","duration_ms":13.351,"dispatched":0,"skipped":0} 
[2026-05-15 15:08:01] production.INFO: ScheduledJobManager started {"execution_time":"2026-05-15T15:08:01+00:00"} 
[2026-05-15 15:08:01] production.INFO: ScheduledJobManager completed {"execution_time":"2026-05-15T15:08:01+00:00","duration_ms":11.993,"dispatched":0,"skipped":0} 
[2026-05-15 15:09:01] production.INFO: ScheduledJobManager started {"execution_time":"2026-05-15T15:09:01+00:00"} 
[2026-05-15 15:09:01] production.INFO: ScheduledJobManager completed {"execution_time":"2026-05-15T15:09:01+00:00","duration_ms":12.082,"dispatched":0,"skipped":0} 
[2026-05-15 15:10:01] production.INFO: ScheduledJobManager started {"execution_time":"2026-05-15T15:10:01+00:00"} 
[2026-05-15 15:10:01] production.INFO: ScheduledJobManager completed {"execution_time":"2026-05-15T15:10:01+00:00","duration_ms":5.68,"dispatched":0,"skipped":0} 
[2026-05-15 15:11:01] production.INFO: ScheduledJobManager started {"execution_time":"2026-05-15T15:11:01+00:00"} 
[2026-05-15 15:11:01] production.INFO: ScheduledJobManager completed {"execution_time":"2026-05-15T15:11:01+00:00","duration_ms":12.264,"dispatched":0,"skipped":0} 
[2026-05-15 15:12:01] production.INFO: ScheduledJobManager started {"execution_time":"2026-05-15T15:12:01+00:00"} 
[2026-05-15 15:12:01] production.INFO: ScheduledJobManager completed {"execution_time":"2026-05-15T15:12:01+00:00","duration_ms":5.76,"dispatched":0,"skipped":0} 
[2026-05-15 15:13:01] production.INFO: ScheduledJobManager started {"execution_time":"2026-05-15T15:13:01+00:00"} 
[2026-05-15 15:13:01] production.INFO: ScheduledJobManager completed {"execution_time":"2026-05-15T15:13:01+00:00","duration_ms":12.389,"dispatched":0,"skipped":0} 
[2026-05-15 15:14:01] production.INFO: ScheduledJobManager started {"execution_time":"2026-05-15T15:14:01+00:00"} 
[2026-05-15 15:14:01] production.INFO: ScheduledJobManager completed {"execution_time":"2026-05-15T15:14:01+00:00","duration_ms":12.648,"dispatched":0,"skipped":0} 
[2026-05-15 15:15:01] production.INFO: ScheduledJobManager started {"execution_time":"2026-05-15T15:15:01+00:00"} 
[2026-05-15 15:15:01] production.INFO: ScheduledJobManager completed {"execution_time":"2026-05-15T15:15:01+00:00","duration_ms":12.485,"dispatched":0,"skipped":0} 
[2026-05-15 15:16:01] production.INFO: ScheduledJobManager started {"execution_time":"2026-05-15T15:16:01+00:00"} 
[2026-05-15 15:16:01] production.INFO: ScheduledJobManager completed {"execution_time":"2026-05-15T15:16:01+00:00","duration_ms":12.755,"dispatched":0,"skipped":0} 
[2026-05-15 15:17:01] production.INFO: ScheduledJobManager started {"execution_time":"2026-05-15T15:17:01+00:00"} 
[2026-05-15 15:17:01] production.INFO: ScheduledJobManager completed {"execution_time":"2026-05-15T15:17:01+00:00","duration_ms":12.715,"dispatched":0,"skipped":0} 
[2026-05-15 15:18:01] production.INFO: ScheduledJobManager started {"execution_time":"2026-05-15T15:18:01+00:00"} 
[2026-05-15 15:18:01] production.INFO: ScheduledJobManager completed {"execution_time":"2026-05-15T15:18:01+00:00","duration_ms":17.306,"dispatched":0,"skipped":0} 
[2026-05-15 15:19:01] production.INFO: ScheduledJobManager started {"execution_time":"2026-05-15T15:19:01+00:00"} 
[2026-05-15 15:19:01] production.INFO: ScheduledJobManager completed {"execution_time":"2026-05-15T15:19:01+00:00","duration_ms":12.534,"dispatched":0,"skipped":0} 
[2026-05-15 15:20:01] production.INFO: ScheduledJobManager started {"execution_time":"2026-05-15T15:20:01+00:00"} 
[2026-05-15 15:20:01] production.INFO: ScheduledJobManager completed {"execution_time":"2026-05-15T15:20:01+00:00","duration_ms":11.217,"dispatched":0,"skipped":0} 
[2026-05-15 15:21:01] production.INFO: ScheduledJobManager started {"execution_time":"2026-05-15T15:21:01+00:00"} 
[2026-05-15 15:21:01] production.INFO: ScheduledJobManager completed {"execution_time":"2026-05-15T15:21:01+00:00","duration_ms":11.501,"dispatched":0,"skipped":0} 
[2026-05-15 15:22:01] production.INFO: ScheduledJobManager started {"execution_time":"2026-05-15T15:22:01+00:00"} 
[2026-05-15 15:22:01] production.INFO: ScheduledJobManager completed {"execution_time":"2026-05-15T15:22:01+00:00","duration_ms":11.227,"dispatched":0,"skipped":0} 
[2026-05-15 15:23:01] production.INFO: ScheduledJobManager started {"execution_time":"2026-05-15T15:23:01+00:00"} 
[2026-05-15 15:23:01] production.INFO: ScheduledJobManager completed {"execution_time":"2026-05-15T15:23:01+00:00","duration_ms":11.347,"dispatched":0,"skipped":0} 
[2026-05-15 15:24:01] production.INFO: ScheduledJobManager started {"execution_time":"2026-05-15T15:24:01+00:00"} 
[2026-05-15 15:24:01] production.INFO: ScheduledJobManager completed {"execution_time":"2026-05-15T15:24:01+00:00","duration_ms":5.306,"dispatched":0,"skipped":0} 
[2026-05-15 15:25:01] production.INFO: ScheduledJobManager started {"execution_time":"2026-05-15T15:25:01+00:00"} 
[2026-05-15 15:25:01] production.INFO: ScheduledJobManager completed {"execution_time":"2026-05-15T15:25:01+00:00","duration_ms":15.484,"dispatched":0,"skipped":0} 
[2026-05-15 15:26:01] production.INFO: ScheduledJobManager started {"execution_time":"2026-05-15T15:26:01+00:00"} 
[2026-05-15 15:26:01] production.INFO: ScheduledJobManager completed {"execution_time":"2026-05-15T15:26:01+00:00","duration_ms":12.391,"dispatched":0,"skipped":0} 
[2026-05-15 15:27:01] production.INFO: ScheduledJobManager started {"execution_time":"2026-05-15T15:27:01+00:00"} 
[2026-05-15 15:27:01] production.INFO: ScheduledJobManager completed {"execution_time":"2026-05-15T15:27:01+00:00","duration_ms":12.613,"dispatched":0,"skipped":0} 
[2026-05-15 15:28:01] production.INFO: ScheduledJobManager started {"execution_time":"2026-05-15T15:28:01+00:00"} 
[2026-05-15 15:28:01] production.INFO: ScheduledJobManager completed {"execution_time":"2026-05-15T15:28:01+00:00","duration_ms":12.458,"dispatched":0,"skipped":0} 
[2026-05-15 15:29:01] production.INFO: ScheduledJobManager started {"execution_time":"2026-05-15T15:29:01+00:00"} 
[2026-05-15 15:29:01] production.INFO: ScheduledJobManager completed {"execution_time":"2026-05-15T15:29:01+00:00","duration_ms":12.243,"dispatched":0,"skipped":0} 
[2026-05-15 15:30:01] production.INFO: ScheduledJobManager started {"execution_time":"2026-05-15T15:30:01+00:00"} 
[2026-05-15 15:30:01] production.INFO: ScheduledJobManager completed {"execution_time":"2026-05-15T15:30:01+00:00","duration_ms":15.792,"dispatched":0,"skipped":0} 
[2026-05-15 15:31:01] production.INFO: ScheduledJobManager started {"execution_time":"2026-05-15T15:31:01+00:00"} 
[2026-05-15 15:31:01] production.INFO: ScheduledJobManager completed {"execution_time":"2026-05-15T15:31:01+00:00","duration_ms":12.337,"dispatched":0,"skipped":0} 
[2026-05-15 15:32:01] production.INFO: ScheduledJobManager started {"execution_time":"2026-05-15T15:32:01+00:00"} 
[2026-05-15 15:32:01] production.INFO: ScheduledJobManager completed {"execution_time":"2026-05-15T15:32:01+00:00","duration_ms":12.452,"dispatched":0,"skipped":0} 
[2026-05-15 15:33:01] production.INFO: ScheduledJobManager started {"execution_time":"2026-05-15T15:33:01+00:00"} 
[2026-05-15 15:33:01] production.INFO: ScheduledJobManager completed {"execution_time":"2026-05-15T15:33:01+00:00","duration_ms":15.772,"dispatched":0,"skipped":0} 
[2026-05-15 15:34:01] production.INFO: ScheduledJobManager started {"execution_time":"2026-05-15T15:34:01+00:00"} 
[2026-05-15 15:34:01] production.INFO: ScheduledJobManager completed {"execution_time":"2026-05-15T15:34:01+00:00","duration_ms":12.311,"dispatched":0,"skipped":0} 
[2026-05-15 15:35:01] production.INFO: ScheduledJobManager started {"execution_time":"2026-05-15T15:35:01+00:00"} 
[2026-05-15 15:35:01] production.INFO: ScheduledJobManager completed {"execution_time":"2026-05-15T15:35:01+00:00","duration_ms":12.403,"dispatched":0,"skipped":0} 
[2026-05-15 15:36:01] production.INFO: ScheduledJobManager started {"execution_time":"2026-05-15T15:36:01+00:00"} 
[2026-05-15 15:36:01] production.INFO: ScheduledJobManager completed {"execution_time":"2026-05-15T15:36:01+00:00","duration_ms":12.174,"dispatched":0,"skipped":0} 
[2026-05-15 15:37:01] production.INFO: ScheduledJobManager started {"execution_time":"2026-05-15T15:37:01+00:00"} 
[2026-05-15 15:37:01] production.INFO: ScheduledJobManager completed {"execution_time":"2026-05-15T15:37:01+00:00","duration_ms":12.684,"dispatched":0,"skipped":0} 
[2026-05-15 15:38:02] production.INFO: ScheduledJobManager started {"execution_time":"2026-05-15T15:38:02+00:00"} 
[2026-05-15 15:38:02] production.INFO: ScheduledJobManager completed {"execution_time":"2026-05-15T15:38:02+00:00","duration_ms":12.688,"dispatched":0,"skipped":0} 
[2026-05-15 15:39:01] production.INFO: ScheduledJobManager started {"execution_time":"2026-05-15T15:39:01+00:00"} 
[2026-05-15 15:39:01] production.INFO: ScheduledJobManager completed {"execution_time":"2026-05-15T15:39:01+00:00","duration_ms":12.69,"dispatched":0,"skipped":0} 
[2026-05-15 15:40:01] production.INFO: ScheduledJobManager started {"execution_time":"2026-05-15T15:40:01+00:00"} 
[2026-05-15 15:40:01] production.INFO: ScheduledJobManager completed {"execution_time":"2026-05-15T15:40:01+00:00","duration_ms":5.262,"dispatched":0,"skipped":0} 
[2026-05-15 15:41:01] production.INFO: ScheduledJobManager started {"execution_time":"2026-05-15T15:41:01+00:00"} 
[2026-05-15 15:41:01] production.INFO: ScheduledJobManager completed {"execution_time":"2026-05-15T15:41:01+00:00","duration_ms":11.448,"dispatched":0,"skipped":0} 
[2026-05-15 15:42:01] production.INFO: ScheduledJobManager started {"execution_time":"2026-05-15T15:42:01+00:00"} 
[2026-05-15 15:42:01] production.INFO: ScheduledJobManager completed {"execution_time":"2026-05-15T15:42:01+00:00","duration_ms":5.929,"dispatched":0,"skipped":0} 
[2026-05-15 15:43:01] production.INFO: ScheduledJobManager started {"execution_time":"2026-05-15T15:43:01+00:00"} 
[2026-05-15 15:43:01] production.INFO: ScheduledJobManager completed {"execution_time":"2026-05-15T15:43:01+00:00","duration_ms":11.12,"dispatched":0,"skipped":0} 
[2026-05-15 15:44:01] production.INFO: ScheduledJobManager started {"execution_time":"2026-05-15T15:44:01+00:00"} 
[2026-05-15 15:44:01] production.INFO: ScheduledJobManager completed {"execution_time":"2026-05-15T15:44:01+00:00","duration_ms":14.381,"dispatched":0,"skipped":0} 
[2026-05-15 15:45:01] production.INFO: ScheduledJobManager started {"execution_time":"2026-05-15T15:45:01+00:00"} 
[2026-05-15 15:45:01] production.INFO: ScheduledJobManager completed {"execution_time":"2026-05-15T15:45:01+00:00","duration_ms":11.89,"dispatched":0,"skipped":0} 
[2026-05-15 15:46:01] production.INFO: ScheduledJobManager started {"execution_time":"2026-05-15T15:46:01+00:00"} 
[2026-05-15 15:46:01] production.INFO: ScheduledJobManager completed {"execution_time":"2026-05-15T15:46:01+00:00","duration_ms":13.017,"dispatched":0,"skipped":0} 
[2026-05-15 15:47:01] production.INFO: ScheduledJobManager started {"execution_time":"2026-05-15T15:47:01+00:00"} 
[2026-05-15 15:47:01] production.INFO: ScheduledJobManager completed {"execution_time":"2026-05-15T15:47:01+00:00","duration_ms":12.694,"dispatched":0,"skipped":0} 
[2026-05-15 15:48:01] production.INFO: ScheduledJobManager started {"execution_time":"2026-05-15T15:48:01+00:00"} 
[2026-05-15 15:48:01] production.INFO: ScheduledJobManager completed {"execution_time":"2026-05-15T15:48:01+00:00","duration_ms":12.717,"dispatched":0,"skipped":0} 
[2026-05-15 15:49:01] production.INFO: ScheduledJobManager started {"execution_time":"2026-05-15T15:49:01+00:00"} 
[2026-05-15 15:49:01] production.INFO: ScheduledJobManager completed {"execution_time":"2026-05-15T15:49:01+00:00","duration_ms":12.256,"dispatched":0,"skipped":0} 
[2026-05-15 15:50:01] production.INFO: ScheduledJobManager started {"execution_time":"2026-05-15T15:50:01+00:00"} 
[2026-05-15 15:50:01] production.INFO: ScheduledJobManager completed {"execution_time":"2026-05-15T15:50:01+00:00","duration_ms":12.574,"dispatched":0,"skipped":0} 
[2026-05-15 15:51:01] production.INFO: ScheduledJobManager started {"execution_time":"2026-05-15T15:51:01+00:00"} 
[2026-05-15 15:51:01] production.INFO: ScheduledJobManager completed {"execution_time":"2026-05-15T15:51:01+00:00","duration_ms":12.488,"dispatched":0,"skipped":0} 
[2026-05-15 15:52:01] production.INFO: ScheduledJobManager started {"execution_time":"2026-05-15T15:52:01+00:00"} 
[2026-05-15 15:52:01] production.INFO: ScheduledJobManager completed {"execution_time":"2026-05-15T15:52:01+00:00","duration_ms":12.102,"dispatched":0,"skipped":0} 
[2026-05-15 15:53:01] production.INFO: ScheduledJobManager started {"execution_time":"2026-05-15T15:53:01+00:00"} 
[2026-05-15 15:53:01] production.INFO: ScheduledJobManager completed {"execution_time":"2026-05-15T15:53:01+00:00","duration_ms":12.237,"dispatched":0,"skipped":0} 
[2026-05-15 15:54:01] production.INFO: ScheduledJobManager started {"execution_time":"2026-05-15T15:54:01+00:00"} 
[2026-05-15 15:54:01] production.INFO: ScheduledJobManager completed {"execution_time":"2026-05-15T15:54:01+00:00","duration_ms":13.021,"dispatched":0,"skipped":0} 
[2026-05-15 15:55:01] production.INFO: ScheduledJobManager started {"execution_time":"2026-05-15T15:55:01+00:00"} 
[2026-05-15 15:55:01] production.INFO: ScheduledJobManager completed {"execution_time":"2026-05-15T15:55:01+00:00","duration_ms":11.645,"dispatched":0,"skipped":0} 
[2026-05-15 15:56:01] production.INFO: ScheduledJobManager started {"execution_time":"2026-05-15T15:56:01+00:00"} 
[2026-05-15 15:56:01] production.INFO: ScheduledJobManager completed {"execution_time":"2026-05-15T15:56:01+00:00","duration_ms":12.665,"dispatched":0,"skipped":0} 
[2026-05-15 15:57:01] production.INFO: ScheduledJobManager started {"execution_time":"2026-05-15T15:57:01+00:00"} 
[2026-05-15 15:57:01] production.INFO: ScheduledJobManager completed {"execution_time":"2026-05-15T15:57:01+00:00","duration_ms":12.712,"dispatched":0,"skipped":0} 
[2026-05-15 15:58:01] production.INFO: ScheduledJobManager started {"execution_time":"2026-05-15T15:58:01+00:00"} 
[2026-05-15 15:58:01] production.INFO: ScheduledJobManager completed {"execution_time":"2026-05-15T15:58:01+00:00","duration_ms":12.594,"dispatched":0,"skipped":0} 
[2026-05-15 15:59:01] production.INFO: ScheduledJobManager started {"execution_time":"2026-05-15T15:59:01+00:00"} 
[2026-05-15 15:59:01] production.INFO: ScheduledJobManager completed {"execution_time":"2026-05-15T15:59:01+00:00","duration_ms":12.997,"dispatched":0,"skipped":0} 
[2026-05-15 16:00:02] production.INFO: ScheduledJobManager started {"execution_time":"2026-05-15T16:00:02+00:00"} 
[2026-05-15 16:00:02] production.INFO: ScheduledJobManager completed {"execution_time":"2026-05-15T16:00:02+00:00","duration_ms":5.062,"dispatched":0,"skipped":0} 
[2026-05-15 16:01:01] production.INFO: ScheduledJobManager started {"execution_time":"2026-05-15T16:01:01+00:00"} 
[2026-05-15 16:01:01] production.INFO: ScheduledJobManager completed {"execution_time":"2026-05-15T16:01:01+00:00","duration_ms":11.454,"dispatched":0,"skipped":0} 
[2026-05-15 16:02:01] production.INFO: ScheduledJobManager started {"execution_time":"2026-05-15T16:02:01+00:00"} 
[2026-05-15 16:02:01] production.INFO: ScheduledJobManager completed {"execution_time":"2026-05-15T16:02:01+00:00","duration_ms":14.857,"dispatched":0,"skipped":0} 
[2026-05-15 16:03:01] production.INFO: ScheduledJobManager started {"execution_time":"2026-05-15T16:03:01+00:00"} 
[2026-05-15 16:03:01] production.INFO: ScheduledJobManager completed {"execution_time":"2026-05-15T16:03:01+00:00","duration_ms":11.435,"dispatched":0,"skipped":0} 
[2026-05-15 16:04:01] production.INFO: ScheduledJobManager started {"execution_time":"2026-05-15T16:04:01+00:00"} 
[2026-05-15 16:04:01] production.INFO: ScheduledJobManager completed {"execution_time":"2026-05-15T16:04:01+00:00","duration_ms":11.255,"dispatched":0,"skipped":0} 
[2026-05-15 16:05:01] production.INFO: ScheduledJobManager started {"execution_time":"2026-05-15T16:05:01+00:00"} 
[2026-05-15 16:05:01] production.INFO: ScheduledJobManager completed {"execution_time":"2026-05-15T16:05:01+00:00","duration_ms":10.979,"dispatched":0,"skipped":0} 
[2026-05-15 16:06:01] production.INFO: ScheduledJobManager started {"execution_time":"2026-05-15T16:06:01+00:00"} 
[2026-05-15 16:06:01] production.INFO: ScheduledJobManager completed {"execution_time":"2026-05-15T16:06:01+00:00","duration_ms":12.645,"dispatched":0,"skipped":0} 
[2026-05-15 16:07:01] production.INFO: ScheduledJobManager started {"execution_time":"2026-05-15T16:07:01+00:00"} 
[2026-05-15 16:07:01] production.INFO: ScheduledJobManager completed {"execution_time":"2026-05-15T16:07:01+00:00","duration_ms":12.425,"dispatched":0,"skipped":0} 
[2026-05-15 16:08:01] production.INFO: ScheduledJobManager started {"execution_time":"2026-05-15T16:08:01+00:00"} 
[2026-05-15 16:08:01] production.INFO: ScheduledJobManager completed {"execution_time":"2026-05-15T16:08:01+00:00","duration_ms":12.367,"dispatched":0,"skipped":0} 
[2026-05-15 16:09:01] production.INFO: ScheduledJobManager started {"execution_time":"2026-05-15T16:09:01+00:00"} 
[2026-05-15 16:09:01] production.INFO: ScheduledJobManager completed {"execution_time":"2026-05-15T16:09:01+00:00","duration_ms":11.788,"dispatched":0,"skipped":0} 
[2026-05-15 16:10:01] production.INFO: ScheduledJobManager started {"execution_time":"2026-05-15T16:10:01+00:00"} 
[2026-05-15 16:10:01] production.INFO: ScheduledJobManager completed {"execution_time":"2026-05-15T16:10:01+00:00","duration_ms":5.349,"dispatched":0,"skipped":0} 
[2026-05-15 16:11:01] production.INFO: ScheduledJobManager started {"execution_time":"2026-05-15T16:11:01+00:00"} 
[2026-05-15 16:11:01] production.INFO: ScheduledJobManager completed {"execution_time":"2026-05-15T16:11:01+00:00","duration_ms":12.803,"dispatched":0,"skipped":0} 
[2026-05-15 16:12:01] production.INFO: ScheduledJobManager started {"execution_time":"2026-05-15T16:12:01+00:00"} 
[2026-05-15 16:12:01] production.INFO: ScheduledJobManager completed {"execution_time":"2026-05-15T16:12:01+00:00","duration_ms":5.835,"dispatched":0,"skipped":0} 
[2026-05-15 16:13:01] production.INFO: ScheduledJobManager started {"execution_time":"2026-05-15T16:13:01+00:00"} 
[2026-05-15 16:13:01] production.INFO: ScheduledJobManager completed {"execution_time":"2026-05-15T16:13:01+00:00","duration_ms":12.343,"dispatched":0,"skipped":0} 
[2026-05-15 16:14:01] production.INFO: ScheduledJobManager started {"execution_time":"2026-05-15T16:14:01+00:00"} 
[2026-05-15 16:14:01] production.INFO: ScheduledJobManager completed {"execution_time":"2026-05-15T16:14:01+00:00","duration_ms":12.914,"dispatched":0,"skipped":0} 
[2026-05-15 16:15:01] production.INFO: ScheduledJobManager started {"execution_time":"2026-05-15T16:15:01+00:00"} 
[2026-05-15 16:15:01] production.INFO: ScheduledJobManager completed {"execution_time":"2026-05-15T16:15:01+00:00","duration_ms":12.628,"dispatched":0,"skipped":0} 
[2026-05-15 16:16:01] production.INFO: ScheduledJobManager started {"execution_time":"2026-05-15T16:16:01+00:00"} 
[2026-05-15 16:16:01] production.INFO: ScheduledJobManager completed {"execution_time":"2026-05-15T16:16:01+00:00","duration_ms":12.28,"dispatched":0,"skipped":0} 
[2026-05-15 16:17:01] production.INFO: ScheduledJobManager started {"execution_time":"2026-05-15T16:17:01+00:00"} 
[2026-05-15 16:17:01] production.INFO: ScheduledJobManager completed {"execution_time":"2026-05-15T16:17:01+00:00","duration_ms":12.988,"dispatched":0,"skipped":0} 
[2026-05-15 16:18:01] production.INFO: ScheduledJobManager started {"execution_time":"2026-05-15T16:18:01+00:00"} 
[2026-05-15 16:18:01] production.INFO: ScheduledJobManager completed {"execution_time":"2026-05-15T16:18:01+00:00","duration_ms":12.705,"dispatched":0,"skipped":0} 
[2026-05-15 16:19:01] production.INFO: ScheduledJobManager started {"execution_time":"2026-05-15T16:19:01+00:00"} 
[2026-05-15 16:19:01] production.INFO: ScheduledJobManager completed {"execution_time":"2026-05-15T16:19:01+00:00","duration_ms":12.258,"dispatched":0,"skipped":0} 
[2026-05-15 16:20:01] production.INFO: ScheduledJobManager started {"execution_time":"2026-05-15T16:20:01+00:00"} 
[2026-05-15 16:20:01] production.INFO: ScheduledJobManager completed {"execution_time":"2026-05-15T16:20:01+00:00","duration_ms":12.419,"dispatched":0,"skipped":0} 
[2026-05-15 16:21:01] production.INFO: ScheduledJobManager started {"execution_time":"2026-05-15T16:21:01+00:00"} 
[2026-05-15 16:21:01] production.INFO: ScheduledJobManager completed {"execution_time":"2026-05-15T16:21:01+00:00","duration_ms":12.277,"dispatched":0,"skipped":0} 
[2026-05-15 16:22:01] production.INFO: ScheduledJobManager started {"execution_time":"2026-05-15T16:22:01+00:00"} 
[2026-05-15 16:22:01] production.INFO: ScheduledJobManager completed {"execution_time":"2026-05-15T16:22:01+00:00","duration_ms":12.779,"dispatched":0,"skipped":0} 
[2026-05-15 16:23:01] production.INFO: ScheduledJobManager started {"execution_time":"2026-05-15T16:23:01+00:00"} 
[2026-05-15 16:23:01] production.INFO: ScheduledJobManager completed {"execution_time":"2026-05-15T16:23:01+00:00","duration_ms":11.531,"dispatched":0,"skipped":0} 
[2026-05-15 16:24:01] production.INFO: ScheduledJobManager started {"execution_time":"2026-05-15T16:24:01+00:00"} 
[2026-05-15 16:24:01] production.INFO: ScheduledJobManager completed {"execution_time":"2026-05-15T16:24:01+00:00","duration_ms":6.124,"dispatched":0,"skipped":0} 
[2026-05-15 16:25:01] production.INFO: ScheduledJobManager started {"execution_time":"2026-05-15T16:25:01+00:00"} 
[2026-05-15 16:25:01] production.INFO: ScheduledJobManager completed {"execution_time":"2026-05-15T16:25:01+00:00","duration_ms":12.246,"dispatched":0,"skipped":0} 
[2026-05-15 16:26:01] production.INFO: ScheduledJobManager started {"execution_time":"2026-05-15T16:26:01+00:00"} 
[2026-05-15 16:26:01] production.INFO: ScheduledJobManager completed {"execution_time":"2026-05-15T16:26:01+00:00","duration_ms":12.17,"dispatched":0,"skipped":0} 
[2026-05-15 16:27:01] production.INFO: ScheduledJobManager started {"execution_time":"2026-05-15T16:27:01+00:00"} 
[2026-05-15 16:27:01] production.INFO: ScheduledJobManager completed {"execution_time":"2026-05-15T16:27:01+00:00","duration_ms":12.325,"dispatched":0,"skipped":0} 
[2026-05-15 16:28:01] production.INFO: ScheduledJobManager started {"execution_time":"2026-05-15T16:28:01+00:00"} 
[2026-05-15 16:28:01] production.INFO: ScheduledJobManager completed {"execution_time":"2026-05-15T16:28:01+00:00","duration_ms":12.344,"dispatched":0,"skipped":0} 
[2026-05-15 16:29:01] production.INFO: ScheduledJobManager started {"execution_time":"2026-05-15T16:29:01+00:00"} 
[2026-05-15 16:29:01] production.INFO: ScheduledJobManager completed {"execution_time":"2026-05-15T16:29:01+00:00","duration_ms":11.964,"dispatched":0,"skipped":0} 
[2026-05-15 16:30:01] production.INFO: ScheduledJobManager started {"execution_time":"2026-05-15T16:30:01+00:00"} 
[2026-05-15 16:30:01] production.INFO: ScheduledJobManager completed {"execution_time":"2026-05-15T16:30:01+00:00","duration_ms":11.905,"dispatched":0,"skipped":0} 
[2026-05-15 16:31:01] production.INFO: ScheduledJobManager started {"execution_time":"2026-05-15T16:31:01+00:00"} 
[2026-05-15 16:31:01] production.INFO: ScheduledJobManager completed {"execution_time":"2026-05-15T16:31:01+00:00","duration_ms":12.624,"dispatched":0,"skipped":0} 
[2026-05-15 16:32:01] production.INFO: ScheduledJobManager started {"execution_time":"2026-05-15T16:32:01+00:00"} 
[2026-05-15 16:32:01] production.INFO: ScheduledJobManager completed {"execution_time":"2026-05-15T16:32:01+00:00","duration_ms":12.248,"dispatched":0,"skipped":0} 
[2026-05-15 16:33:01] production.INFO: ScheduledJobManager started {"execution_time":"2026-05-15T16:33:01+00:00"} 
[2026-05-15 16:33:01] production.INFO: ScheduledJobManager completed {"execution_time":"2026-05-15T16:33:01+00:00","duration_ms":12.23,"dispatched":0,"skipped":0} 
[2026-05-15 16:34:01] production.INFO: ScheduledJobManager started {"execution_time":"2026-05-15T16:34:01+00:00"} 
[2026-05-15 16:34:01] production.INFO: ScheduledJobManager completed {"execution_time":"2026-05-15T16:34:01+00:00","duration_ms":12.372,"dispatched":0,"skipped":0} 
[2026-05-15 16:35:01] production.INFO: ScheduledJobManager started {"execution_time":"2026-05-15T16:35:01+00:00"} 
[2026-05-15 16:35:01] production.INFO: ScheduledJobManager completed {"execution_time":"2026-05-15T16:35:01+00:00","duration_ms":12.408,"dispatched":0,"skipped":0} 
[2026-05-15 16:36:01] production.INFO: ScheduledJobManager started {"execution_time":"2026-05-15T16:36:01+00:00"} 
[2026-05-15 16:36:01] production.INFO: ScheduledJobManager completed {"execution_time":"2026-05-15T16:36:01+00:00","duration_ms":12.083,"dispatched":0,"skipped":0} 
[2026-05-15 16:37:01] production.INFO: ScheduledJobManager started {"execution_time":"2026-05-15T16:37:01+00:00"} 
[2026-05-15 16:37:01] production.INFO: ScheduledJobManager completed {"execution_time":"2026-05-15T16:37:01+00:00","duration_ms":12.645,"dispatched":0,"skipped":0} 
[2026-05-15 16:38:01] production.INFO: ScheduledJobManager started {"execution_time":"2026-05-15T16:38:01+00:00"} 
[2026-05-15 16:38:01] production.INFO: ScheduledJobManager completed {"execution_time":"2026-05-15T16:38:01+00:00","duration_ms":12.265,"dispatched":0,"skipped":0} 
[2026-05-15 16:39:01] production.INFO: ScheduledJobManager started {"execution_time":"2026-05-15T16:39:01+00:00"} 
[2026-05-15 16:39:01] production.INFO: ScheduledJobManager completed {"execution_time":"2026-05-15T16:39:01+00:00","duration_ms":12.317,"dispatched":0,"skipped":0} 
[2026-05-15 16:40:01] production.INFO: ScheduledJobManager started {"execution_time":"2026-05-15T16:40:01+00:00"} 
[2026-05-15 16:40:01] production.INFO: ScheduledJobManager completed {"execution_time":"2026-05-15T16:40:01+00:00","duration_ms":3.84,"dispatched":0,"skipped":0} 
[2026-05-15 16:41:01] production.INFO: ScheduledJobManager started {"execution_time":"2026-05-15T16:41:01+00:00"} 
[2026-05-15 16:41:01] production.INFO: ScheduledJobManager completed {"execution_time":"2026-05-15T16:41:01+00:00","duration_ms":12.029,"dispatched":0,"skipped":0} 
[2026-05-15 16:42:01] production.INFO: ScheduledJobManager started {"execution_time":"2026-05-15T16:42:01+00:00"} 
[2026-05-15 16:42:01] production.INFO: ScheduledJobManager completed {"execution_time":"2026-05-15T16:42:01+00:00","duration_ms":11.25,"dispatched":0,"skipped":0} 
[2026-05-15 16:43:01] production.INFO: ScheduledJobManager started {"execution_time":"2026-05-15T16:43:01+00:00"} 
[2026-05-15 16:43:01] production.INFO: ScheduledJobManager completed {"execution_time":"2026-05-15T16:43:01+00:00","duration_ms":12.471,"dispatched":0,"skipped":0} 
[2026-05-15 16:44:01] production.INFO: ScheduledJobManager started {"execution_time":"2026-05-15T16:44:01+00:00"} 
[2026-05-15 16:44:01] production.INFO: ScheduledJobManager completed {"execution_time":"2026-05-15T16:44:01+00:00","duration_ms":59.227,"dispatched":0,"skipped":0} 
[2026-05-15 16:45:01] production.INFO: ScheduledJobManager started {"execution_time":"2026-05-15T16:45:01+00:00"} 
[2026-05-15 16:45:01] production.INFO: ScheduledJobManager completed {"execution_time":"2026-05-15T16:45:01+00:00","duration_ms":11.045,"dispatched":0,"skipped":0} 
[2026-05-15 16:46:01] production.INFO: ScheduledJobManager started {"execution_time":"2026-05-15T16:46:01+00:00"} 
[2026-05-15 16:46:01] production.INFO: ScheduledJobManager completed {"execution_time":"2026-05-15T16:46:01+00:00","duration_ms":11.359,"dispatched":0,"skipped":0} 
[2026-05-15 16:47:01] production.INFO: ScheduledJobManager started {"execution_time":"2026-05-15T16:47:01+00:00"} 
[2026-05-15 16:47:01] production.INFO: ScheduledJobManager completed {"execution_time":"2026-05-15T16:47:01+00:00","duration_ms":11.352,"dispatched":0,"skipped":0} 
[2026-05-15 16:48:01] production.INFO: ScheduledJobManager started {"execution_time":"2026-05-15T16:48:01+00:00"} 
[2026-05-15 16:48:01] production.INFO: ScheduledJobManager completed {"execution_time":"2026-05-15T16:48:01+00:00","duration_ms":12.06,"dispatched":0,"skipped":0} 
[2026-05-15 16:49:01] production.INFO: ScheduledJobManager started {"execution_time":"2026-05-15T16:49:01+00:00"} 
[2026-05-15 16:49:01] production.INFO: ScheduledJobManager completed {"execution_time":"2026-05-15T16:49:01+00:00","duration_ms":12.125,"dispatched":0,"skipped":0} 
[2026-05-15 16:50:01] production.INFO: ScheduledJobManager started {"execution_time":"2026-05-15T16:50:01+00:00"} 
[2026-05-15 16:50:01] production.INFO: ScheduledJobManager completed {"execution_time":"2026-05-15T16:50:01+00:00","duration_ms":12.765,"dispatched":0,"skipped":0} 
[2026-05-15 16:51:01] production.INFO: ScheduledJobManager started {"execution_time":"2026-05-15T16:51:01+00:00"} 
[2026-05-15 16:51:01] production.INFO: ScheduledJobManager completed {"execution_time":"2026-05-15T16:51:01+00:00","duration_ms":12.837,"dispatched":0,"skipped":0} 
[2026-05-15 16:52:01] production.INFO: ScheduledJobManager started {"execution_time":"2026-05-15T16:52:01+00:00"} 
[2026-05-15 16:52:01] production.INFO: ScheduledJobManager completed {"execution_time":"2026-05-15T16:52:01+00:00","duration_ms":12.261,"dispatched":0,"skipped":0} 
[2026-05-15 16:53:01] production.INFO: ScheduledJobManager started {"execution_time":"2026-05-15T16:53:01+00:00"} 
[2026-05-15 16:53:01] production.INFO: ScheduledJobManager completed {"execution_time":"2026-05-15T16:53:01+00:00","duration_ms":12.097,"dispatched":0,"skipped":0} 
[2026-05-15 16:54:01] production.INFO: ScheduledJobManager started {"execution_time":"2026-05-15T16:54:01+00:00"} 
[2026-05-15 16:54:01] production.INFO: ScheduledJobManager completed {"execution_time":"2026-05-15T16:54:01+00:00","duration_ms":7.043,"dispatched":0,"skipped":0} 
[2026-05-15 16:55:01] production.INFO: ScheduledJobManager started {"execution_time":"2026-05-15T16:55:01+00:00"} 
[2026-05-15 16:55:01] production.INFO: ScheduledJobManager completed {"execution_time":"2026-05-15T16:55:01+00:00","duration_ms":12.263,"dispatched":0,"skipped":0} 
[2026-05-15 16:56:01] production.INFO: ScheduledJobManager started {"execution_time":"2026-05-15T16:56:01+00:00"} 
[2026-05-15 16:56:01] production.INFO: ScheduledJobManager completed {"execution_time":"2026-05-15T16:56:01+00:00","duration_ms":12.158,"dispatched":0,"skipped":0} 
[2026-05-15 16:57:01] production.INFO: ScheduledJobManager started {"execution_time":"2026-05-15T16:57:01+00:00"} 
[2026-05-15 16:57:01] production.INFO: ScheduledJobManager completed {"execution_time":"2026-05-15T16:57:01+00:00","duration_ms":12.4,"dispatched":0,"skipped":0} 
[2026-05-15 16:58:01] production.INFO: ScheduledJobManager started {"execution_time":"2026-05-15T16:58:01+00:00"} 
[2026-05-15 16:58:01] production.INFO: ScheduledJobManager completed {"execution_time":"2026-05-15T16:58:01+00:00","duration_ms":12.09,"dispatched":0,"skipped":0} 
[2026-05-15 16:59:01] production.INFO: ScheduledJobManager started {"execution_time":"2026-05-15T16:59:01+00:00"} 
[2026-05-15 16:59:01] production.INFO: ScheduledJobManager completed {"execution_time":"2026-05-15T16:59:01+00:00","duration_ms":12.528,"dispatched":0,"skipped":0} 
[2026-05-15 17:00:02] production.INFO: ScheduledJobManager started {"execution_time":"2026-05-15T17:00:02+00:00"} 
[2026-05-15 17:00:02] production.INFO: ScheduledJobManager completed {"execution_time":"2026-05-15T17:00:02+00:00","duration_ms":5.867,"dispatched":0,"skipped":0} 
[2026-05-15 17:01:01] production.INFO: ScheduledJobManager started {"execution_time":"2026-05-15T17:01:01+00:00"} 
[2026-05-15 17:01:01] production.INFO: ScheduledJobManager completed {"execution_time":"2026-05-15T17:01:01+00:00","duration_ms":12.273,"dispatched":0,"skipped":0} 
[2026-05-15 17:02:01] production.INFO: ScheduledJobManager started {"execution_time":"2026-05-15T17:02:01+00:00"} 
[2026-05-15 17:02:01] production.INFO: ScheduledJobManager completed {"execution_time":"2026-05-15T17:02:01+00:00","duration_ms":12.62,"dispatched":0,"skipped":0} 
[2026-05-15 17:03:01] production.INFO: ScheduledJobManager started {"execution_time":"2026-05-15T17:03:01+00:00"} 
[2026-05-15 17:03:01] production.INFO: ScheduledJobManager completed {"execution_time":"2026-05-15T17:03:01+00:00","duration_ms":12.345,"dispatched":0,"skipped":0} 
[2026-05-15 17:04:01] production.INFO: ScheduledJobManager started {"execution_time":"2026-05-15T17:04:01+00:00"} 
[2026-05-15 17:04:01] production.INFO: ScheduledJobManager completed {"execution_time":"2026-05-15T17:04:01+00:00","duration_ms":12.212,"dispatched":0,"skipped":0} 
[2026-05-15 17:05:01] production.INFO: ScheduledJobManager started {"execution_time":"2026-05-15T17:05:01+00:00"} 
[2026-05-15 17:05:01] production.INFO: ScheduledJobManager completed {"execution_time":"2026-05-15T17:05:01+00:00","duration_ms":11.628,"dispatched":0,"skipped":0} 
[2026-05-15 17:06:01] production.INFO: ScheduledJobManager started {"execution_time":"2026-05-15T17:06:01+00:00"} 
[2026-05-15 17:06:01] production.INFO: ScheduledJobManager completed {"execution_time":"2026-05-15T17:06:01+00:00","duration_ms":11.455,"dispatched":0,"skipped":0} 
[2026-05-15 17:07:00] production.INFO: ScheduledJobManager started {"execution_time":"2026-05-15T17:07:00+00:00"} 
[2026-05-15 17:07:00] production.INFO: ScheduledJobManager completed {"execution_time":"2026-05-15T17:07:00+00:00","duration_ms":11.734,"dispatched":0,"skipped":0} 
[2026-05-15 17:08:01] production.INFO: ScheduledJobManager started {"execution_time":"2026-05-15T17:08:01+00:00"} 
[2026-05-15 17:08:01] production.INFO: ScheduledJobManager completed {"execution_time":"2026-05-15T17:08:01+00:00","duration_ms":5.568,"dispatched":0,"skipped":0} 
[2026-05-15 17:09:01] production.INFO: ScheduledJobManager started {"execution_time":"2026-05-15T17:09:01+00:00"} 
[2026-05-15 17:09:01] production.INFO: ScheduledJobManager completed {"execution_time":"2026-05-15T17:09:01+00:00","duration_ms":12.238,"dispatched":0,"skipped":0} 
[2026-05-15 17:10:01] production.INFO: ScheduledJobManager started {"execution_time":"2026-05-15T17:10:01+00:00"} 
[2026-05-15 17:10:01] production.INFO: ScheduledJobManager completed {"execution_time":"2026-05-15T17:10:01+00:00","duration_ms":5.338,"dispatched":0,"skipped":0} 
[2026-05-15 17:11:01] production.INFO: ScheduledJobManager started {"execution_time":"2026-05-15T17:11:01+00:00"} 
[2026-05-15 17:11:01] production.INFO: ScheduledJobManager completed {"execution_time":"2026-05-15T17:11:01+00:00","duration_ms":12.588,"dispatched":0,"skipped":0} 
[2026-05-15 17:12:01] production.INFO: ScheduledJobManager started {"execution_time":"2026-05-15T17:12:01+00:00"} 
[2026-05-15 17:12:01] production.INFO: ScheduledJobManager completed {"execution_time":"2026-05-15T17:12:01+00:00","duration_ms":11.982,"dispatched":0,"skipped":0} 
[2026-05-15 17:13:01] production.INFO: ScheduledJobManager started {"execution_time":"2026-05-15T17:13:01+00:00"} 
[2026-05-15 17:13:01] production.INFO: ScheduledJobManager completed {"execution_time":"2026-05-15T17:13:01+00:00","duration_ms":12.569,"dispatched":0,"skipped":0} 
[2026-05-15 17:14:01] production.INFO: ScheduledJobManager started {"execution_time":"2026-05-15T17:14:01+00:00"} 
[2026-05-15 17:14:01] production.INFO: ScheduledJobManager completed {"execution_time":"2026-05-15T17:14:01+00:00","duration_ms":12.322,"dispatched":0,"skipped":0} 
[2026-05-15 17:15:01] production.INFO: ScheduledJobManager started {"execution_time":"2026-05-15T17:15:01+00:00"} 
[2026-05-15 17:15:01] production.INFO: ScheduledJobManager completed {"execution_time":"2026-05-15T17:15:01+00:00","duration_ms":12.545,"dispatched":0,"skipped":0} 
[2026-05-15 17:16:01] production.INFO: ScheduledJobManager started {"execution_time":"2026-05-15T17:16:01+00:00"} 
[2026-05-15 17:16:01] production.INFO: ScheduledJobManager completed {"execution_time":"2026-05-15T17:16:01+00:00","duration_ms":12.132,"dispatched":0,"skipped":0} 
[2026-05-15 17:17:01] production.INFO: ScheduledJobManager started {"execution_time":"2026-05-15T17:17:01+00:00"} 
[2026-05-15 17:17:01] production.INFO: ScheduledJobManager completed {"execution_time":"2026-05-15T17:17:01+00:00","duration_ms":12.68,"dispatched":0,"skipped":0} 
[2026-05-15 17:18:01] production.INFO: ScheduledJobManager started {"execution_time":"2026-05-15T17:18:01+00:00"} 
[2026-05-15 17:18:01] production.INFO: ScheduledJobManager completed {"execution_time":"2026-05-15T17:18:01+00:00","duration_ms":12.611,"dispatched":0,"skipped":0} 
[2026-05-15 17:19:01] production.INFO: ScheduledJobManager started {"execution_time":"2026-05-15T17:19:01+00:00"} 
[2026-05-15 17:19:01] production.INFO: ScheduledJobManager completed {"execution_time":"2026-05-15T17:19:01+00:00","duration_ms":12.311,"dispatched":0,"skipped":0} 
[2026-05-15 17:20:01] production.INFO: ScheduledJobManager started {"execution_time":"2026-05-15T17:20:01+00:00"} 
[2026-05-15 17:20:01] production.INFO: ScheduledJobManager completed {"execution_time":"2026-05-15T17:20:01+00:00","duration_ms":12.272,"dispatched":0,"skipped":0} 
[2026-05-15 17:21:01] production.INFO: ScheduledJobManager started {"execution_time":"2026-05-15T17:21:01+00:00"} 
[2026-05-15 17:21:01] production.INFO: ScheduledJobManager completed {"execution_time":"2026-05-15T17:21:01+00:00","duration_ms":13.05,"dispatched":0,"skipped":0} 
[2026-05-15 17:22:01] production.INFO: ScheduledJobManager started {"execution_time":"2026-05-15T17:22:01+00:00"} 
[2026-05-15 17:22:01] production.INFO: ScheduledJobManager completed {"execution_time":"2026-05-15T17:22:01+00:00","duration_ms":12.148,"dispatched":0,"skipped":0} 
[2026-05-15 17:23:01] production.INFO: ScheduledJobManager started {"execution_time":"2026-05-15T17:23:01+00:00"} 
[2026-05-15 17:23:01] production.INFO: ScheduledJobManager completed {"execution_time":"2026-05-15T17:23:01+00:00","duration_ms":12.297,"dispatched":0,"skipped":0} 
[2026-05-15 17:24:01] production.INFO: ScheduledJobManager started {"execution_time":"2026-05-15T17:24:01+00:00"} 
[2026-05-15 17:24:01] production.INFO: ScheduledJobManager completed {"execution_time":"2026-05-15T17:24:01+00:00","duration_ms":5.301,"dispatched":0,"skipped":0} 
[2026-05-15 17:25:01] production.INFO: ScheduledJobManager started {"execution_time":"2026-05-15T17:25:01+00:00"} 
[2026-05-15 17:25:01] production.INFO: ScheduledJobManager completed {"execution_time":"2026-05-15T17:25:01+00:00","duration_ms":12.422,"dispatched":0,"skipped":0} 
[2026-05-15 17:26:01] production.INFO: ScheduledJobManager started {"execution_time":"2026-05-15T17:26:01+00:00"} 
[2026-05-15 17:26:01] production.INFO: ScheduledJobManager completed {"execution_time":"2026-05-15T17:26:01+00:00","duration_ms":11.197,"dispatched":0,"skipped":0} 
[2026-05-15 17:27:01] production.INFO: ScheduledJobManager started {"execution_time":"2026-05-15T17:27:01+00:00"} 
[2026-05-15 17:27:01] production.INFO: ScheduledJobManager completed {"execution_time":"2026-05-15T17:27:01+00:00","duration_ms":11.477,"dispatched":0,"skipped":0} 
[2026-05-15 17:28:01] production.INFO: ScheduledJobManager started {"execution_time":"2026-05-15T17:28:01+00:00"} 
[2026-05-15 17:28:01] production.INFO: ScheduledJobManager completed {"execution_time":"2026-05-15T17:28:01+00:00","duration_ms":11.242,"dispatched":0,"skipped":0} 
[2026-05-15 17:29:01] production.INFO: ScheduledJobManager started {"execution_time":"2026-05-15T17:29:01+00:00"} 
[2026-05-15 17:29:01] production.INFO: ScheduledJobManager completed {"execution_time":"2026-05-15T17:29:01+00:00","duration_ms":11.254,"dispatched":0,"skipped":0} 
[2026-05-15 17:30:01] production.INFO: ScheduledJobManager started {"execution_time":"2026-05-15T17:30:01+00:00"} 
[2026-05-15 17:30:01] production.INFO: ScheduledJobManager completed {"execution_time":"2026-05-15T17:30:01+00:00","duration_ms":13.434,"dispatched":0,"skipped":0} 
[2026-05-15 17:31:01] production.INFO: ScheduledJobManager started {"execution_time":"2026-05-15T17:31:01+00:00"} 
[2026-05-15 17:31:01] production.INFO: ScheduledJobManager completed {"execution_time":"2026-05-15T17:31:01+00:00","duration_ms":11.882,"dispatched":0,"skipped":0} 
[2026-05-15 17:32:01] production.INFO: ScheduledJobManager started {"execution_time":"2026-05-15T17:32:01+00:00"} 
[2026-05-15 17:32:01] production.INFO: ScheduledJobManager completed {"execution_time":"2026-05-15T17:32:01+00:00","duration_ms":12.2,"dispatched":0,"skipped":0} 
[2026-05-15 17:33:01] production.INFO: ScheduledJobManager started {"execution_time":"2026-05-15T17:33:01+00:00"} 
[2026-05-15 17:33:01] production.INFO: ScheduledJobManager completed {"execution_time":"2026-05-15T17:33:01+00:00","duration_ms":12.213,"dispatched":0,"skipped":0} 
[2026-05-15 17:34:01] production.INFO: ScheduledJobManager started {"execution_time":"2026-05-15T17:34:01+00:00"} 
[2026-05-15 17:34:01] production.INFO: ScheduledJobManager completed {"execution_time":"2026-05-15T17:34:01+00:00","duration_ms":12.312,"dispatched":0,"skipped":0} 
[2026-05-15 17:35:01] production.INFO: ScheduledJobManager started {"execution_time":"2026-05-15T17:35:01+00:00"} 
[2026-05-15 17:35:01] production.INFO: ScheduledJobManager completed {"execution_time":"2026-05-15T17:35:01+00:00","duration_ms":12.287,"dispatched":0,"skipped":0} 
[2026-05-15 17:36:01] production.INFO: ScheduledJobManager started {"execution_time":"2026-05-15T17:36:01+00:00"} 
[2026-05-15 17:36:01] production.INFO: ScheduledJobManager completed {"execution_time":"2026-05-15T17:36:01+00:00","duration_ms":23.683,"dispatched":0,"skipped":0} 
[2026-05-15 17:37:01] production.INFO: ScheduledJobManager started {"execution_time":"2026-05-15T17:37:01+00:00"} 
[2026-05-15 17:37:01] production.INFO: ScheduledJobManager completed {"execution_time":"2026-05-15T17:37:01+00:00","duration_ms":17.103,"dispatched":0,"skipped":0} 
[2026-05-15 17:38:01] production.INFO: ScheduledJobManager started {"execution_time":"2026-05-15T17:38:01+00:00"} 
[2026-05-15 17:38:01] production.INFO: ScheduledJobManager completed {"execution_time":"2026-05-15T17:38:01+00:00","duration_ms":12.249,"dispatched":0,"skipped":0} 
[2026-05-15 17:39:01] production.INFO: ScheduledJobManager started {"execution_time":"2026-05-15T17:39:01+00:00"} 
[2026-05-15 17:39:01] production.INFO: ScheduledJobManager completed {"execution_time":"2026-05-15T17:39:01+00:00","duration_ms":12.824,"dispatched":0,"skipped":0} 
[2026-05-15 17:40:01] production.INFO: ScheduledJobManager started {"execution_time":"2026-05-15T17:40:01+00:00"} 
[2026-05-15 17:40:01] production.INFO: ScheduledJobManager completed {"execution_time":"2026-05-15T17:40:01+00:00","duration_ms":5.662,"dispatched":0,"skipped":0} 
[2026-05-15 17:41:01] production.INFO: ScheduledJobManager started {"execution_time":"2026-05-15T17:41:01+00:00"} 
[2026-05-15 17:41:01] production.INFO: ScheduledJobManager completed {"execution_time":"2026-05-15T17:41:01+00:00","duration_ms":11.859,"dispatched":0,"skipped":0} 
[2026-05-15 17:42:01] production.INFO: ScheduledJobManager started {"execution_time":"2026-05-15T17:42:01+00:00"} 
[2026-05-15 17:42:01] production.INFO: ScheduledJobManager completed {"execution_time":"2026-05-15T17:42:01+00:00","duration_ms":7.462,"dispatched":0,"skipped":0} 
[2026-05-15 17:43:01] production.INFO: ScheduledJobManager started {"execution_time":"2026-05-15T17:43:01+00:00"} 
[2026-05-15 17:43:01] production.INFO: ScheduledJobManager completed {"execution_time":"2026-05-15T17:43:01+00:00","duration_ms":16.75,"dispatched":0,"skipped":0} 
[2026-05-15 17:44:01] production.INFO: ScheduledJobManager started {"execution_time":"2026-05-15T17:44:01+00:00"} 
[2026-05-15 17:44:01] production.INFO: ScheduledJobManager completed {"execution_time":"2026-05-15T17:44:01+00:00","duration_ms":12.151,"dispatched":0,"skipped":0} 
[2026-05-15 17:45:01] production.INFO: ScheduledJobManager started {"execution_time":"2026-05-15T17:45:01+00:00"} 
[2026-05-15 17:45:01] production.INFO: ScheduledJobManager completed {"execution_time":"2026-05-15T17:45:01+00:00","duration_ms":12.111,"dispatched":0,"skipped":0} 
[2026-05-15 17:46:01] production.INFO: ScheduledJobManager started {"execution_time":"2026-05-15T17:46:01+00:00"} 
[2026-05-15 17:46:01] production.INFO: ScheduledJobManager completed {"execution_time":"2026-05-15T17:46:01+00:00","duration_ms":12.665,"dispatched":0,"skipped":0} 
[2026-05-15 17:47:01] production.INFO: ScheduledJobManager started {"execution_time":"2026-05-15T17:47:01+00:00"} 
[2026-05-15 17:47:01] production.INFO: ScheduledJobManager completed {"execution_time":"2026-05-15T17:47:01+00:00","duration_ms":12.723,"dispatched":0,"skipped":0} 
[2026-05-15 17:48:01] production.INFO: ScheduledJobManager started {"execution_time":"2026-05-15T17:48:01+00:00"} 
[2026-05-15 17:48:01] production.INFO: ScheduledJobManager completed {"execution_time":"2026-05-15T17:48:01+00:00","duration_ms":11.498,"dispatched":0,"skipped":0} 
[2026-05-15 17:49:01] production.INFO: ScheduledJobManager started {"execution_time":"2026-05-15T17:49:01+00:00"} 
[2026-05-15 17:49:01] production.INFO: ScheduledJobManager completed {"execution_time":"2026-05-15T17:49:01+00:00","duration_ms":11.03,"dispatched":0,"skipped":0} 
[2026-05-15 17:50:01] production.INFO: ScheduledJobManager started {"execution_time":"2026-05-15T17:50:01+00:00"} 
[2026-05-15 17:50:01] production.INFO: ScheduledJobManager completed {"execution_time":"2026-05-15T17:50:01+00:00","duration_ms":14.965,"dispatched":0,"skipped":0} 
[2026-05-15 17:51:01] production.INFO: ScheduledJobManager started {"execution_time":"2026-05-15T17:51:01+00:00"} 
[2026-05-15 17:51:01] production.INFO: ScheduledJobManager completed {"execution_time":"2026-05-15T17:51:01+00:00","duration_ms":11.2,"dispatched":0,"skipped":0} 
[2026-05-15 17:52:01] production.INFO: ScheduledJobManager started {"execution_time":"2026-05-15T17:52:01+00:00"} 
[2026-05-15 17:52:01] production.INFO: ScheduledJobManager completed {"execution_time":"2026-05-15T17:52:01+00:00","duration_ms":11.268,"dispatched":0,"skipped":0} 
[2026-05-15 17:53:01] production.INFO: ScheduledJobManager started {"execution_time":"2026-05-15T17:53:01+00:00"} 
[2026-05-15 17:53:01] production.INFO: ScheduledJobManager completed {"execution_time":"2026-05-15T17:53:01+00:00","duration_ms":12.77,"dispatched":0,"skipped":0} 
[2026-05-15 17:54:01] production.INFO: ScheduledJobManager started {"execution_time":"2026-05-15T17:54:01+00:00"} 
[2026-05-15 17:54:01] production.INFO: ScheduledJobManager completed {"execution_time":"2026-05-15T17:54:01+00:00","duration_ms":15.565,"dispatched":0,"skipped":0} 
[2026-05-15 17:55:01] production.INFO: ScheduledJobManager started {"execution_time":"2026-05-15T17:55:01+00:00"} 
[2026-05-15 17:55:01] production.INFO: ScheduledJobManager completed {"execution_time":"2026-05-15T17:55:01+00:00","duration_ms":3.978,"dispatched":0,"skipped":0} 
[2026-05-15 17:56:01] production.INFO: ScheduledJobManager started {"execution_time":"2026-05-15T17:56:01+00:00"} 
[2026-05-15 17:56:01] production.INFO: ScheduledJobManager completed {"execution_time":"2026-05-15T17:56:01+00:00","duration_ms":11.844,"dispatched":0,"skipped":0} 
[2026-05-15 17:57:01] production.INFO: ScheduledJobManager started {"execution_time":"2026-05-15T17:57:01+00:00"} 
[2026-05-15 17:57:01] production.INFO: ScheduledJobManager completed {"execution_time":"2026-05-15T17:57:01+00:00","duration_ms":12.271,"dispatched":0,"skipped":0} 
[2026-05-15 17:58:01] production.INFO: ScheduledJobManager started {"execution_time":"2026-05-15T17:58:01+00:00"} 
[2026-05-15 17:58:01] production.INFO: ScheduledJobManager completed {"execution_time":"2026-05-15T17:58:01+00:00","duration_ms":7.357,"dispatched":0,"skipped":0} 
[2026-05-15 17:59:01] production.INFO: ScheduledJobManager started {"execution_time":"2026-05-15T17:59:01+00:00"} 
[2026-05-15 17:59:01] production.INFO: ScheduledJobManager completed {"execution_time":"2026-05-15T17:59:01+00:00","duration_ms":12.396,"dispatched":0,"skipped":0} 
[2026-05-15 18:00:02] production.INFO: ScheduledJobManager started {"execution_time":"2026-05-15T18:00:02+00:00"} 
[2026-05-15 18:00:02] production.INFO: ScheduledJobManager completed {"execution_time":"2026-05-15T18:00:02+00:00","duration_ms":5.032,"dispatched":0,"skipped":0} 
[2026-05-15 18:01:01] production.INFO: ScheduledJobManager started {"execution_time":"2026-05-15T18:01:01+00:00"} 
[2026-05-15 18:01:01] production.INFO: ScheduledJobManager completed {"execution_time":"2026-05-15T18:01:01+00:00","duration_ms":12.215,"dispatched":0,"skipped":0} 
[2026-05-15 18:02:01] production.INFO: ScheduledJobManager started {"execution_time":"2026-05-15T18:02:01+00:00"} 
[2026-05-15 18:02:01] production.INFO: ScheduledJobManager completed {"execution_time":"2026-05-15T18:02:01+00:00","duration_ms":12.562,"dispatched":0,"skipped":0} 
[2026-05-15 18:03:01] production.INFO: ScheduledJobManager started {"execution_time":"2026-05-15T18:03:01+00:00"} 
[2026-05-15 18:03:01] production.INFO: ScheduledJobManager completed {"execution_time":"2026-05-15T18:03:01+00:00","duration_ms":12.57,"dispatched":0,"skipped":0} 
[2026-05-15 18:04:01] production.INFO: ScheduledJobManager started {"execution_time":"2026-05-15T18:04:01+00:00"} 
[2026-05-15 18:04:01] production.INFO: ScheduledJobManager completed {"execution_time":"2026-05-15T18:04:01+00:00","duration_ms":12.412,"dispatched":0,"skipped":0} 
[2026-05-15 18:05:01] production.INFO: ScheduledJobManager started {"execution_time":"2026-05-15T18:05:01+00:00"} 
[2026-05-15 18:05:01] production.INFO: ScheduledJobManager completed {"execution_time":"2026-05-15T18:05:01+00:00","duration_ms":12.375,"dispatched":0,"skipped":0} 
[2026-05-15 18:06:01] production.INFO: ScheduledJobManager started {"execution_time":"2026-05-15T18:06:01+00:00"} 
[2026-05-15 18:06:01] production.INFO: ScheduledJobManager completed {"execution_time":"2026-05-15T18:06:01+00:00","duration_ms":12.741,"dispatched":0,"skipped":0} 
[2026-05-15 18:07:01] production.INFO: ScheduledJobManager started {"execution_time":"2026-05-15T18:07:01+00:00"} 
[2026-05-15 18:07:01] production.INFO: ScheduledJobManager completed {"execution_time":"2026-05-15T18:07:01+00:00","duration_ms":12.8,"dispatched":0,"skipped":0} 
[2026-05-15 18:08:01] production.INFO: ScheduledJobManager started {"execution_time":"2026-05-15T18:08:01+00:00"} 
[2026-05-15 18:08:01] production.INFO: ScheduledJobManager completed {"execution_time":"2026-05-15T18:08:01+00:00","duration_ms":12.494,"dispatched":0,"skipped":0} 
[2026-05-15 18:09:01] production.INFO: ScheduledJobManager started {"execution_time":"2026-05-15T18:09:01+00:00"} 
[2026-05-15 18:09:01] production.INFO: ScheduledJobManager completed {"execution_time":"2026-05-15T18:09:01+00:00","duration_ms":11.451,"dispatched":0,"skipped":0} 
[2026-05-15 18:10:01] production.INFO: ScheduledJobManager started {"execution_time":"2026-05-15T18:10:01+00:00"} 
[2026-05-15 18:10:01] production.INFO: ScheduledJobManager completed {"execution_time":"2026-05-15T18:10:01+00:00","duration_ms":5.145,"dispatched":0,"skipped":0} 
[2026-05-15 18:11:01] production.INFO: ScheduledJobManager started {"execution_time":"2026-05-15T18:11:01+00:00"} 
[2026-05-15 18:11:01] production.INFO: ScheduledJobManager completed {"execution_time":"2026-05-15T18:11:01+00:00","duration_ms":11.059,"dispatched":0,"skipped":0} 
[2026-05-15 18:12:01] production.INFO: ScheduledJobManager started {"execution_time":"2026-05-15T18:12:01+00:00"} 
[2026-05-15 18:12:01] production.INFO: ScheduledJobManager completed {"execution_time":"2026-05-15T18:12:01+00:00","duration_ms":25.085,"dispatched":0,"skipped":0} 
[2026-05-15 18:13:01] production.INFO: ScheduledJobManager started {"execution_time":"2026-05-15T18:13:01+00:00"} 
[2026-05-15 18:13:01] production.INFO: ScheduledJobManager completed {"execution_time":"2026-05-15T18:13:01+00:00","duration_ms":11.665,"dispatched":0,"skipped":0} 
[2026-05-15 18:14:01] production.INFO: ScheduledJobManager started {"execution_time":"2026-05-15T18:14:01+00:00"} 
[2026-05-15 18:14:01] production.INFO: ScheduledJobManager completed {"execution_time":"2026-05-15T18:14:01+00:00","duration_ms":12.696,"dispatched":0,"skipped":0} 
[2026-05-15 18:15:01] production.INFO: ScheduledJobManager started {"execution_time":"2026-05-15T18:15:01+00:00"} 
[2026-05-15 18:15:01] production.INFO: ScheduledJobManager completed {"execution_time":"2026-05-15T18:15:01+00:00","duration_ms":12.837,"dispatched":0,"skipped":0} 
[2026-05-15 18:16:01] production.INFO: ScheduledJobManager started {"execution_time":"2026-05-15T18:16:01+00:00"} 
[2026-05-15 18:16:01] production.INFO: ScheduledJobManager completed {"execution_time":"2026-05-15T18:16:01+00:00","duration_ms":12.331,"dispatched":0,"skipped":0} 
[2026-05-15 18:17:01] production.INFO: ScheduledJobManager started {"execution_time":"2026-05-15T18:17:01+00:00"} 
[2026-05-15 18:17:01] production.INFO: ScheduledJobManager completed {"execution_time":"2026-05-15T18:17:01+00:00","duration_ms":15.285,"dispatched":0,"skipped":0} 
[2026-05-15 18:18:01] production.INFO: ScheduledJobManager started {"execution_time":"2026-05-15T18:18:01+00:00"} 
[2026-05-15 18:18:01] production.INFO: ScheduledJobManager completed {"execution_time":"2026-05-15T18:18:01+00:00","duration_ms":12.753,"dispatched":0,"skipped":0} 
[2026-05-15 18:19:01] production.INFO: ScheduledJobManager started {"execution_time":"2026-05-15T18:19:01+00:00"} 
[2026-05-15 18:19:01] production.INFO: ScheduledJobManager completed {"execution_time":"2026-05-15T18:19:01+00:00","duration_ms":12.327,"dispatched":0,"skipped":0} 
[2026-05-15 18:20:01] production.INFO: ScheduledJobManager started {"execution_time":"2026-05-15T18:20:01+00:00"} 
[2026-05-15 18:20:01] production.INFO: ScheduledJobManager completed {"execution_time":"2026-05-15T18:20:01+00:00","duration_ms":17.205,"dispatched":0,"skipped":0} 
[2026-05-15 18:21:01] production.INFO: ScheduledJobManager started {"execution_time":"2026-05-15T18:21:01+00:00"} 
[2026-05-15 18:21:01] production.INFO: ScheduledJobManager completed {"execution_time":"2026-05-15T18:21:01+00:00","duration_ms":11.919,"dispatched":0,"skipped":0} 
[2026-05-15 18:22:01] production.INFO: ScheduledJobManager started {"execution_time":"2026-05-15T18:22:01+00:00"} 
[2026-05-15 18:22:01] production.INFO: ScheduledJobManager completed {"execution_time":"2026-05-15T18:22:01+00:00","duration_ms":12.636,"dispatched":0,"skipped":0} 
[2026-05-15 18:23:01] production.INFO: ScheduledJobManager started {"execution_time":"2026-05-15T18:23:01+00:00"} 
[2026-05-15 18:23:01] production.INFO: ScheduledJobManager completed {"execution_time":"2026-05-15T18:23:01+00:00","duration_ms":12.797,"dispatched":0,"skipped":0} 
[2026-05-15 18:24:01] production.INFO: ScheduledJobManager started {"execution_time":"2026-05-15T18:24:01+00:00"} 
[2026-05-15 18:24:01] production.INFO: ScheduledJobManager completed {"execution_time":"2026-05-15T18:24:01+00:00","duration_ms":12.259,"dispatched":0,"skipped":0} 
[2026-05-15 18:25:01] production.INFO: ScheduledJobManager started {"execution_time":"2026-05-15T18:25:01+00:00"} 
[2026-05-15 18:25:01] production.INFO: ScheduledJobManager completed {"execution_time":"2026-05-15T18:25:01+00:00","duration_ms":5.159,"dispatched":0,"skipped":0} 
[2026-05-15 18:26:01] production.INFO: ScheduledJobManager started {"execution_time":"2026-05-15T18:26:01+00:00"} 
[2026-05-15 18:26:01] production.INFO: ScheduledJobManager completed {"execution_time":"2026-05-15T18:26:01+00:00","duration_ms":12.086,"dispatched":0,"skipped":0} 
[2026-05-15 18:27:01] production.INFO: ScheduledJobManager started {"execution_time":"2026-05-15T18:27:01+00:00"} 
[2026-05-15 18:27:01] production.INFO: ScheduledJobManager completed {"execution_time":"2026-05-15T18:27:01+00:00","duration_ms":12.555,"dispatched":0,"skipped":0} 
[2026-05-15 18:28:01] production.INFO: ScheduledJobManager started {"execution_time":"2026-05-15T18:28:01+00:00"} 
[2026-05-15 18:28:01] production.INFO: ScheduledJobManager completed {"execution_time":"2026-05-15T18:28:01+00:00","duration_ms":12.281,"dispatched":0,"skipped":0} 
[2026-05-15 18:29:01] production.INFO: ScheduledJobManager started {"execution_time":"2026-05-15T18:29:01+00:00"} 
[2026-05-15 18:29:01] production.INFO: ScheduledJobManager completed {"execution_time":"2026-05-15T18:29:01+00:00","duration_ms":12.054,"dispatched":0,"skipped":0} 
[2026-05-15 18:30:01] production.INFO: ScheduledJobManager started {"execution_time":"2026-05-15T18:30:01+00:00"} 
[2026-05-15 18:30:01] production.INFO: ScheduledJobManager completed {"execution_time":"2026-05-15T18:30:01+00:00","duration_ms":4.914,"dispatched":0,"skipped":0} 
[2026-05-15 18:31:01] production.INFO: ScheduledJobManager started {"execution_time":"2026-05-15T18:31:01+00:00"} 
[2026-05-15 18:31:01] production.INFO: ScheduledJobManager completed {"execution_time":"2026-05-15T18:31:01+00:00","duration_ms":11.129,"dispatched":0,"skipped":0} 
[2026-05-15 18:32:01] production.INFO: ScheduledJobManager started {"execution_time":"2026-05-15T18:32:01+00:00"} 
[2026-05-15 18:32:01] production.INFO: ScheduledJobManager completed {"execution_time":"2026-05-15T18:32:01+00:00","duration_ms":11.24,"dispatched":0,"skipped":0} 
[2026-05-15 18:33:01] production.INFO: ScheduledJobManager started {"execution_time":"2026-05-15T18:33:01+00:00"} 
[2026-05-15 18:33:01] production.INFO: ScheduledJobManager completed {"execution_time":"2026-05-15T18:33:01+00:00","duration_ms":11.262,"dispatched":0,"skipped":0} 
[2026-05-15 18:34:01] production.INFO: ScheduledJobManager started {"execution_time":"2026-05-15T18:34:01+00:00"} 
[2026-05-15 18:34:01] production.INFO: ScheduledJobManager completed {"execution_time":"2026-05-15T18:34:01+00:00","duration_ms":11.189,"dispatched":0,"skipped":0} 
[2026-05-15 18:35:01] production.INFO: ScheduledJobManager started {"execution_time":"2026-05-15T18:35:01+00:00"} 
[2026-05-15 18:35:01] production.INFO: ScheduledJobManager completed {"execution_time":"2026-05-15T18:35:01+00:00","duration_ms":12.379,"dispatched":0,"skipped":0} 
[2026-05-15 18:36:01] production.INFO: ScheduledJobManager started {"execution_time":"2026-05-15T18:36:01+00:00"} 
[2026-05-15 18:36:01] production.INFO: ScheduledJobManager completed {"execution_time":"2026-05-15T18:36:01+00:00","duration_ms":12.299,"dispatched":0,"skipped":0} 
[2026-05-15 18:37:01] production.INFO: ScheduledJobManager started {"execution_time":"2026-05-15T18:37:01+00:00"} 
[2026-05-15 18:37:01] production.INFO: ScheduledJobManager completed {"execution_time":"2026-05-15T18:37:01+00:00","duration_ms":12.192,"dispatched":0,"skipped":0} 
[2026-05-15 18:38:01] production.INFO: ScheduledJobManager started {"execution_time":"2026-05-15T18:38:01+00:00"} 
[2026-05-15 18:38:01] production.INFO: ScheduledJobManager completed {"execution_time":"2026-05-15T18:38:01+00:00","duration_ms":12.489,"dispatched":0,"skipped":0} 
[2026-05-15 18:39:01] production.INFO: ScheduledJobManager started {"execution_time":"2026-05-15T18:39:01+00:00"} 
[2026-05-15 18:39:01] production.INFO: ScheduledJobManager completed {"execution_time":"2026-05-15T18:39:01+00:00","duration_ms":12.02,"dispatched":0,"skipped":0} 
[2026-05-15 18:40:01] production.INFO: ScheduledJobManager started {"execution_time":"2026-05-15T18:40:01+00:00"} 
[2026-05-15 18:40:01] production.INFO: ScheduledJobManager completed {"execution_time":"2026-05-15T18:40:01+00:00","duration_ms":5.452,"dispatched":0,"skipped":0} 
[2026-05-15 18:41:01] production.INFO: ScheduledJobManager started {"execution_time":"2026-05-15T18:41:01+00:00"} 
[2026-05-15 18:41:01] production.INFO: ScheduledJobManager completed {"execution_time":"2026-05-15T18:41:01+00:00","duration_ms":12.085,"dispatched":0,"skipped":0} 
[2026-05-15 18:42:01] production.INFO: ScheduledJobManager started {"execution_time":"2026-05-15T18:42:01+00:00"} 
[2026-05-15 18:42:01] production.INFO: ScheduledJobManager completed {"execution_time":"2026-05-15T18:42:01+00:00","duration_ms":5.798,"dispatched":0,"skipped":0} 
[2026-05-15 18:43:01] production.INFO: ScheduledJobManager started {"execution_time":"2026-05-15T18:43:01+00:00"} 
[2026-05-15 18:43:01] production.INFO: ScheduledJobManager completed {"execution_time":"2026-05-15T18:43:01+00:00","duration_ms":12.106,"dispatched":0,"skipped":0} 
[2026-05-15 18:44:01] production.INFO: ScheduledJobManager started {"execution_time":"2026-05-15T18:44:01+00:00"} 
[2026-05-15 18:44:01] production.INFO: ScheduledJobManager completed {"execution_time":"2026-05-15T18:44:01+00:00","duration_ms":12.606,"dispatched":0,"skipped":0} 
[2026-05-15 18:45:01] production.INFO: ScheduledJobManager started {"execution_time":"2026-05-15T18:45:01+00:00"} 
[2026-05-15 18:45:01] production.INFO: ScheduledJobManager completed {"execution_time":"2026-05-15T18:45:01+00:00","duration_ms":12.131,"dispatched":0,"skipped":0} 
[2026-05-15 18:46:01] production.INFO: ScheduledJobManager started {"execution_time":"2026-05-15T18:46:01+00:00"} 
[2026-05-15 18:46:01] production.INFO: ScheduledJobManager completed {"execution_time":"2026-05-15T18:46:01+00:00","duration_ms":12.509,"dispatched":0,"skipped":0} 
[2026-05-15 18:47:01] production.INFO: ScheduledJobManager started {"execution_time":"2026-05-15T18:47:01+00:00"} 
[2026-05-15 18:47:01] production.INFO: ScheduledJobManager completed {"execution_time":"2026-05-15T18:47:01+00:00","duration_ms":12.33,"dispatched":0,"skipped":0} 
[2026-05-15 18:48:01] production.INFO: ScheduledJobManager started {"execution_time":"2026-05-15T18:48:01+00:00"} 
[2026-05-15 18:48:01] production.INFO: ScheduledJobManager completed {"execution_time":"2026-05-15T18:48:01+00:00","duration_ms":12.128,"dispatched":0,"skipped":0} 
[2026-05-15 18:49:01] production.INFO: ScheduledJobManager started {"execution_time":"2026-05-15T18:49:01+00:00"} 
[2026-05-15 18:49:01] production.INFO: ScheduledJobManager completed {"execution_time":"2026-05-15T18:49:01+00:00","duration_ms":12.591,"dispatched":0,"skipped":0} 
[2026-05-15 18:50:01] production.INFO: ScheduledJobManager started {"execution_time":"2026-05-15T18:50:01+00:00"} 
[2026-05-15 18:50:01] production.INFO: ScheduledJobManager completed {"execution_time":"2026-05-15T18:50:01+00:00","duration_ms":12.231,"dispatched":0,"skipped":0} 
[2026-05-15 18:51:01] production.INFO: ScheduledJobManager started {"execution_time":"2026-05-15T18:51:01+00:00"} 
[2026-05-15 18:51:01] production.INFO: ScheduledJobManager completed {"execution_time":"2026-05-15T18:51:01+00:00","duration_ms":11.227,"dispatched":0,"skipped":0} 
[2026-05-15 18:52:01] production.INFO: ScheduledJobManager started {"execution_time":"2026-05-15T18:52:01+00:00"} 
[2026-05-15 18:52:01] production.INFO: ScheduledJobManager completed {"execution_time":"2026-05-15T18:52:01+00:00","duration_ms":11.321,"dispatched":0,"skipped":0} 
[2026-05-15 18:53:02] production.INFO: ScheduledJobManager started {"execution_time":"2026-05-15T18:53:02+00:00"} 
[2026-05-15 18:53:02] production.INFO: ScheduledJobManager completed {"execution_time":"2026-05-15T18:53:02+00:00","duration_ms":11.294,"dispatched":0,"skipped":0} 
[2026-05-15 18:54:02] production.INFO: ScheduledJobManager started {"execution_time":"2026-05-15T18:54:02+00:00"} 
[2026-05-15 18:54:02] production.INFO: ScheduledJobManager completed {"execution_time":"2026-05-15T18:54:02+00:00","duration_ms":11.312,"dispatched":0,"skipped":0} 
[2026-05-15 18:55:02] production.INFO: ScheduledJobManager started {"execution_time":"2026-05-15T18:55:02+00:00"} 
[2026-05-15 18:55:02] production.INFO: ScheduledJobManager completed {"execution_time":"2026-05-15T18:55:02+00:00","duration_ms":11.341,"dispatched":0,"skipped":0} 
[2026-05-15 18:56:01] production.INFO: ScheduledJobManager started {"execution_time":"2026-05-15T18:56:01+00:00"} 
[2026-05-15 18:56:01] production.INFO: ScheduledJobManager completed {"execution_time":"2026-05-15T18:56:01+00:00","duration_ms":19.071,"dispatched":0,"skipped":0} 
[2026-05-15 18:57:01] production.INFO: ScheduledJobManager started {"execution_time":"2026-05-15T18:57:01+00:00"} 
[2026-05-15 18:57:01] production.INFO: ScheduledJobManager completed {"execution_time":"2026-05-15T18:57:01+00:00","duration_ms":12.762,"dispatched":0,"skipped":0} 
[2026-05-15 18:58:01] production.INFO: ScheduledJobManager started {"execution_time":"2026-05-15T18:58:01+00:00"} 
[2026-05-15 18:58:01] production.INFO: ScheduledJobManager completed {"execution_time":"2026-05-15T18:58:01+00:00","duration_ms":12.569,"dispatched":0,"skipped":0} 
[2026-05-15 18:59:01] production.INFO: ScheduledJobManager started {"execution_time":"2026-05-15T18:59:01+00:00"} 
[2026-05-15 18:59:01] production.INFO: ScheduledJobManager completed {"execution_time":"2026-05-15T18:59:01+00:00","duration_ms":12.303,"dispatched":0,"skipped":0} 
[2026-05-15 19:00:02] production.INFO: ScheduledJobManager started {"execution_time":"2026-05-15T19:00:02+00:00"} 
[2026-05-15 19:00:02] production.INFO: ScheduledJobManager completed {"execution_time":"2026-05-15T19:00:02+00:00","duration_ms":5.045,"dispatched":0,"skipped":0} 
[2026-05-15 19:01:01] production.INFO: ScheduledJobManager started {"execution_time":"2026-05-15T19:01:01+00:00"} 
[2026-05-15 19:01:01] production.INFO: ScheduledJobManager completed {"execution_time":"2026-05-15T19:01:01+00:00","duration_ms":12.497,"dispatched":0,"skipped":0} 
[2026-05-15 19:02:01] production.INFO: ScheduledJobManager started {"execution_time":"2026-05-15T19:02:01+00:00"} 
[2026-05-15 19:02:01] production.INFO: ScheduledJobManager completed {"execution_time":"2026-05-15T19:02:01+00:00","duration_ms":12.382,"dispatched":0,"skipped":0} 
[2026-05-15 19:03:01] production.INFO: ScheduledJobManager started {"execution_time":"2026-05-15T19:03:01+00:00"} 
[2026-05-15 19:03:01] production.INFO: ScheduledJobManager completed {"execution_time":"2026-05-15T19:03:01+00:00","duration_ms":12.451,"dispatched":0,"skipped":0} 
[2026-05-15 19:04:01] production.INFO: ScheduledJobManager started {"execution_time":"2026-05-15T19:04:01+00:00"} 
[2026-05-15 19:04:01] production.INFO: ScheduledJobManager completed {"execution_time":"2026-05-15T19:04:01+00:00","duration_ms":11.858,"dispatched":0,"skipped":0} 
[2026-05-15 19:05:01] production.INFO: ScheduledJobManager started {"execution_time":"2026-05-15T19:05:01+00:00"} 
[2026-05-15 19:05:01] production.INFO: ScheduledJobManager completed {"execution_time":"2026-05-15T19:05:01+00:00","duration_ms":12.654,"dispatched":0,"skipped":0} 
[2026-05-15 19:06:01] production.INFO: ScheduledJobManager started {"execution_time":"2026-05-15T19:06:01+00:00"} 
[2026-05-15 19:06:01] production.INFO: ScheduledJobManager completed {"execution_time":"2026-05-15T19:06:01+00:00","duration_ms":12.047,"dispatched":0,"skipped":0} 
[2026-05-15 19:07:01] production.INFO: ScheduledJobManager started {"execution_time":"2026-05-15T19:07:01+00:00"} 
[2026-05-15 19:07:01] production.INFO: ScheduledJobManager completed {"execution_time":"2026-05-15T19:07:01+00:00","duration_ms":12.518,"dispatched":0,"skipped":0} 
[2026-05-15 19:08:02] production.INFO: ScheduledJobManager started {"execution_time":"2026-05-15T19:08:02+00:00"} 
[2026-05-15 19:08:02] production.INFO: ScheduledJobManager completed {"execution_time":"2026-05-15T19:08:02+00:00","duration_ms":13.094,"dispatched":0,"skipped":0} 
[2026-05-15 19:09:01] production.INFO: ScheduledJobManager started {"execution_time":"2026-05-15T19:09:01+00:00"} 
[2026-05-15 19:09:01] production.INFO: ScheduledJobManager completed {"execution_time":"2026-05-15T19:09:01+00:00","duration_ms":16.519,"dispatched":0,"skipped":0} 
[2026-05-15 19:10:01] production.INFO: ScheduledJobManager started {"execution_time":"2026-05-15T19:10:01+00:00"} 
[2026-05-15 19:10:01] production.INFO: ScheduledJobManager completed {"execution_time":"2026-05-15T19:10:01+00:00","duration_ms":5.821,"dispatched":0,"skipped":0} 
[2026-05-15 19:11:01] production.INFO: ScheduledJobManager started {"execution_time":"2026-05-15T19:11:01+00:00"} 
[2026-05-15 19:11:01] production.INFO: ScheduledJobManager completed {"execution_time":"2026-05-15T19:11:01+00:00","duration_ms":12.73,"dispatched":0,"skipped":0} 
[2026-05-15 19:12:01] production.INFO: ScheduledJobManager started {"execution_time":"2026-05-15T19:12:01+00:00"} 
[2026-05-15 19:12:01] production.INFO: ScheduledJobManager completed {"execution_time":"2026-05-15T19:12:01+00:00","duration_ms":11.466,"dispatched":0,"skipped":0} 
[2026-05-15 19:13:01] production.INFO: ScheduledJobManager started {"execution_time":"2026-05-15T19:13:01+00:00"} 
[2026-05-15 19:13:01] production.INFO: ScheduledJobManager completed {"execution_time":"2026-05-15T19:13:01+00:00","duration_ms":11.295,"dispatched":0,"skipped":0} 
[2026-05-15 19:14:01] production.INFO: ScheduledJobManager started {"execution_time":"2026-05-15T19:14:01+00:00"} 
[2026-05-15 19:14:01] production.INFO: ScheduledJobManager completed {"execution_time":"2026-05-15T19:14:01+00:00","duration_ms":11.253,"dispatched":0,"skipped":0} 
[2026-05-15 19:15:01] production.INFO: ScheduledJobManager started {"execution_time":"2026-05-15T19:15:01+00:00"} 
[2026-05-15 19:15:01] production.INFO: ScheduledJobManager completed {"execution_time":"2026-05-15T19:15:01+00:00","duration_ms":4.161,"dispatched":0,"skipped":0} 
[2026-05-15 19:16:01] production.INFO: ScheduledJobManager started {"execution_time":"2026-05-15T19:16:01+00:00"} 
[2026-05-15 19:16:01] production.INFO: ScheduledJobManager completed {"execution_time":"2026-05-15T19:16:01+00:00","duration_ms":11.138,"dispatched":0,"skipped":0} 
[2026-05-15 19:17:01] production.INFO: ScheduledJobManager started {"execution_time":"2026-05-15T19:17:01+00:00"} 
[2026-05-15 19:17:01] production.INFO: ScheduledJobManager completed {"execution_time":"2026-05-15T19:17:01+00:00","duration_ms":12.869,"dispatched":0,"skipped":0} 
[2026-05-15 19:18:01] production.INFO: ScheduledJobManager started {"execution_time":"2026-05-15T19:18:01+00:00"} 
[2026-05-15 19:18:01] production.INFO: ScheduledJobManager completed {"execution_time":"2026-05-15T19:18:01+00:00","duration_ms":12.818,"dispatched":0,"skipped":0} 
[2026-05-15 19:19:01] production.INFO: ScheduledJobManager started {"execution_time":"2026-05-15T19:19:01+00:00"} 
[2026-05-15 19:19:01] production.INFO: ScheduledJobManager completed {"execution_time":"2026-05-15T19:19:01+00:00","duration_ms":12.389,"dispatched":0,"skipped":0} 
[2026-05-15 19:20:01] production.INFO: ScheduledJobManager started {"execution_time":"2026-05-15T19:20:01+00:00"} 
[2026-05-15 19:20:01] production.INFO: ScheduledJobManager completed {"execution_time":"2026-05-15T19:20:01+00:00","duration_ms":12.638,"dispatched":0,"skipped":0} 
[2026-05-15 19:21:01] production.INFO: ScheduledJobManager started {"execution_time":"2026-05-15T19:21:01+00:00"} 
[2026-05-15 19:21:01] production.INFO: ScheduledJobManager completed {"execution_time":"2026-05-15T19:21:01+00:00","duration_ms":12.366,"dispatched":0,"skipped":0} 
[2026-05-15 19:22:01] production.INFO: ScheduledJobManager started {"execution_time":"2026-05-15T19:22:01+00:00"} 
[2026-05-15 19:22:01] production.INFO: ScheduledJobManager completed {"execution_time":"2026-05-15T19:22:01+00:00","duration_ms":13.196,"dispatched":0,"skipped":0} 
[2026-05-15 19:23:01] production.INFO: ScheduledJobManager started {"execution_time":"2026-05-15T19:23:01+00:00"} 
[2026-05-15 19:23:01] production.INFO: ScheduledJobManager completed {"execution_time":"2026-05-15T19:23:01+00:00","duration_ms":12.167,"dispatched":0,"skipped":0} 
[2026-05-15 19:24:01] production.INFO: ScheduledJobManager started {"execution_time":"2026-05-15T19:24:01+00:00"} 
[2026-05-15 19:24:01] production.INFO: ScheduledJobManager completed {"execution_time":"2026-05-15T19:24:01+00:00","duration_ms":12.314,"dispatched":0,"skipped":0} 
[2026-05-15 19:25:01] production.INFO: ScheduledJobManager started {"execution_time":"2026-05-15T19:25:01+00:00"} 
[2026-05-15 19:25:01] production.INFO: ScheduledJobManager completed {"execution_time":"2026-05-15T19:25:01+00:00","duration_ms":4.385,"dispatched":0,"skipped":0} 
[2026-05-15 19:26:01] production.INFO: ScheduledJobManager started {"execution_time":"2026-05-15T19:26:01+00:00"} 
[2026-05-15 19:26:01] production.INFO: ScheduledJobManager completed {"execution_time":"2026-05-15T19:26:01+00:00","duration_ms":11.98,"dispatched":0,"skipped":0} 
[2026-05-15 19:27:01] production.INFO: ScheduledJobManager started {"execution_time":"2026-05-15T19:27:01+00:00"} 
[2026-05-15 19:27:01] production.INFO: ScheduledJobManager completed {"execution_time":"2026-05-15T19:27:01+00:00","duration_ms":12.643,"dispatched":0,"skipped":0} 
[2026-05-15 19:28:01] production.INFO: ScheduledJobManager started {"execution_time":"2026-05-15T19:28:01+00:00"} 
[2026-05-15 19:28:01] production.INFO: ScheduledJobManager completed {"execution_time":"2026-05-15T19:28:01+00:00","duration_ms":12.723,"dispatched":0,"skipped":0} 
[2026-05-15 19:29:01] production.INFO: ScheduledJobManager started {"execution_time":"2026-05-15T19:29:01+00:00"} 
[2026-05-15 19:29:01] production.INFO: ScheduledJobManager completed {"execution_time":"2026-05-15T19:29:01+00:00","duration_ms":12.368,"dispatched":0,"skipped":0} 
[2026-05-15 19:30:01] production.INFO: ScheduledJobManager started {"execution_time":"2026-05-15T19:30:01+00:00"} 
[2026-05-15 19:30:01] production.INFO: ScheduledJobManager completed {"execution_time":"2026-05-15T19:30:01+00:00","duration_ms":8.036,"dispatched":0,"skipped":0} 
[2026-05-15 19:31:01] production.INFO: ScheduledJobManager started {"execution_time":"2026-05-15T19:31:01+00:00"} 
[2026-05-15 19:31:01] production.INFO: ScheduledJobManager completed {"execution_time":"2026-05-15T19:31:01+00:00","duration_ms":12.791,"dispatched":0,"skipped":0} 
[2026-05-15 19:32:01] production.INFO: ScheduledJobManager started {"execution_time":"2026-05-15T19:32:01+00:00"} 
[2026-05-15 19:32:01] production.INFO: ScheduledJobManager completed {"execution_time":"2026-05-15T19:32:01+00:00","duration_ms":12.274,"dispatched":0,"skipped":0} 
[2026-05-15 19:33:01] production.INFO: ScheduledJobManager started {"execution_time":"2026-05-15T19:33:01+00:00"} 
[2026-05-15 19:33:01] production.INFO: ScheduledJobManager completed {"execution_time":"2026-05-15T19:33:01+00:00","duration_ms":11.804,"dispatched":0,"skipped":0} 
[2026-05-15 19:34:01] production.INFO: ScheduledJobManager started {"execution_time":"2026-05-15T19:34:01+00:00"} 
[2026-05-15 19:34:01] production.INFO: ScheduledJobManager completed {"execution_time":"2026-05-15T19:34:01+00:00","duration_ms":11.057,"dispatched":0,"skipped":0} 
[2026-05-15 19:35:01] production.INFO: ScheduledJobManager started {"execution_time":"2026-05-15T19:35:01+00:00"} 
[2026-05-15 19:35:01] production.INFO: ScheduledJobManager completed {"execution_time":"2026-05-15T19:35:01+00:00","duration_ms":11.403,"dispatched":0,"skipped":0} 
[2026-05-15 19:36:01] production.INFO: ScheduledJobManager started {"execution_time":"2026-05-15T19:36:01+00:00"} 
[2026-05-15 19:36:01] production.INFO: ScheduledJobManager completed {"execution_time":"2026-05-15T19:36:01+00:00","duration_ms":11.389,"dispatched":0,"skipped":0} 
[2026-05-15 19:37:01] production.INFO: ScheduledJobManager started {"execution_time":"2026-05-15T19:37:01+00:00"} 
[2026-05-15 19:37:01] production.INFO: ScheduledJobManager completed {"execution_time":"2026-05-15T19:37:01+00:00","duration_ms":11.635,"dispatched":0,"skipped":0} 
[2026-05-15 19:38:01] production.INFO: ScheduledJobManager started {"execution_time":"2026-05-15T19:38:01+00:00"} 
[2026-05-15 19:38:01] production.INFO: ScheduledJobManager completed {"execution_time":"2026-05-15T19:38:01+00:00","duration_ms":12.213,"dispatched":0,"skipped":0} 
[2026-05-15 19:39:01] production.INFO: ScheduledJobManager started {"execution_time":"2026-05-15T19:39:01+00:00"} 
[2026-05-15 19:39:01] production.INFO: ScheduledJobManager completed {"execution_time":"2026-05-15T19:39:01+00:00","duration_ms":12.411,"dispatched":0,"skipped":0} 
[2026-05-15 19:40:01] production.INFO: ScheduledJobManager started {"execution_time":"2026-05-15T19:40:01+00:00"} 
[2026-05-15 19:40:01] production.INFO: ScheduledJobManager completed {"execution_time":"2026-05-15T19:40:01+00:00","duration_ms":5.295,"dispatched":0,"skipped":0} 
[2026-05-15 19:41:01] production.INFO: ScheduledJobManager started {"execution_time":"2026-05-15T19:41:01+00:00"} 
[2026-05-15 19:41:01] production.INFO: ScheduledJobManager completed {"execution_time":"2026-05-15T19:41:01+00:00","duration_ms":12.382,"dispatched":0,"skipped":0} 
[2026-05-15 19:42:01] production.INFO: ScheduledJobManager started {"execution_time":"2026-05-15T19:42:01+00:00"} 
[2026-05-15 19:42:01] production.INFO: ScheduledJobManager completed {"execution_time":"2026-05-15T19:42:01+00:00","duration_ms":12.672,"dispatched":0,"skipped":0} 
[2026-05-15 19:43:01] production.INFO: ScheduledJobManager started {"execution_time":"2026-05-15T19:43:01+00:00"} 
[2026-05-15 19:43:01] production.INFO: ScheduledJobManager completed {"execution_time":"2026-05-15T19:43:01+00:00","duration_ms":12.25,"dispatched":0,"skipped":0} 
[2026-05-15 19:44:01] production.INFO: ScheduledJobManager started {"execution_time":"2026-05-15T19:44:01+00:00"} 
[2026-05-15 19:44:01] production.INFO: ScheduledJobManager completed {"execution_time":"2026-05-15T19:44:01+00:00","duration_ms":11.967,"dispatched":0,"skipped":0} 
[2026-05-15 19:45:01] production.INFO: ScheduledJobManager started {"execution_time":"2026-05-15T19:45:01+00:00"} 
[2026-05-15 19:45:01] production.INFO: ScheduledJobManager completed {"execution_time":"2026-05-15T19:45:01+00:00","duration_ms":13.546,"dispatched":0,"skipped":0} 
[2026-05-15 19:46:01] production.INFO: ScheduledJobManager started {"execution_time":"2026-05-15T19:46:01+00:00"} 
[2026-05-15 19:46:01] production.INFO: ScheduledJobManager completed {"execution_time":"2026-05-15T19:46:01+00:00","duration_ms":12.748,"dispatched":0,"skipped":0} 
[2026-05-15 19:47:01] production.INFO: ScheduledJobManager started {"execution_time":"2026-05-15T19:47:01+00:00"} 
[2026-05-15 19:47:01] production.INFO: ScheduledJobManager completed {"execution_time":"2026-05-15T19:47:01+00:00","duration_ms":12.652,"dispatched":0,"skipped":0} 
[2026-05-15 19:48:01] production.INFO: ScheduledJobManager started {"execution_time":"2026-05-15T19:48:01+00:00"} 
[2026-05-15 19:48:01] production.INFO: ScheduledJobManager completed {"execution_time":"2026-05-15T19:48:01+00:00","duration_ms":12.012,"dispatched":0,"skipped":0} 
[2026-05-15 19:49:01] production.INFO: ScheduledJobManager started {"execution_time":"2026-05-15T19:49:01+00:00"} 
[2026-05-15 19:49:01] production.INFO: ScheduledJobManager completed {"execution_time":"2026-05-15T19:49:01+00:00","duration_ms":12.02,"dispatched":0,"skipped":0} 
[2026-05-15 19:50:01] production.INFO: ScheduledJobManager started {"execution_time":"2026-05-15T19:50:01+00:00"} 
[2026-05-15 19:50:01] production.INFO: ScheduledJobManager completed {"execution_time":"2026-05-15T19:50:01+00:00","duration_ms":13.388,"dispatched":0,"skipped":0} 
[2026-05-15 19:51:01] production.INFO: ScheduledJobManager started {"execution_time":"2026-05-15T19:51:01+00:00"} 
[2026-05-15 19:51:01] production.INFO: ScheduledJobManager completed {"execution_time":"2026-05-15T19:51:01+00:00","duration_ms":12.383,"dispatched":0,"skipped":0} 
[2026-05-15 19:52:01] production.INFO: ScheduledJobManager started {"execution_time":"2026-05-15T19:52:01+00:00"} 
[2026-05-15 19:52:01] production.INFO: ScheduledJobManager completed {"execution_time":"2026-05-15T19:52:01+00:00","duration_ms":13.211,"dispatched":0,"skipped":0} 
[2026-05-15 19:53:00] production.INFO: ScheduledJobManager started {"execution_time":"2026-05-15T19:53:00+00:00"} 
[2026-05-15 19:53:01] production.INFO: ScheduledJobManager completed {"execution_time":"2026-05-15T19:53:00+00:00","duration_ms":17.072,"dispatched":0,"skipped":0} 
[2026-05-15 19:54:01] production.INFO: ScheduledJobManager started {"execution_time":"2026-05-15T19:54:01+00:00"} 
[2026-05-15 19:54:01] production.INFO: ScheduledJobManager completed {"execution_time":"2026-05-15T19:54:01+00:00","duration_ms":5.289,"dispatched":0,"skipped":0} 
[2026-05-15 19:55:01] production.INFO: ScheduledJobManager started {"execution_time":"2026-05-15T19:55:01+00:00"} 
[2026-05-15 19:55:01] production.INFO: ScheduledJobManager completed {"execution_time":"2026-05-15T19:55:01+00:00","duration_ms":12.227,"dispatched":0,"skipped":0} 
[2026-05-15 19:56:01] production.INFO: ScheduledJobManager started {"execution_time":"2026-05-15T19:56:01+00:00"} 
[2026-05-15 19:56:01] production.INFO: ScheduledJobManager completed {"execution_time":"2026-05-15T19:56:01+00:00","duration_ms":11.836,"dispatched":0,"skipped":0} 
[2026-05-15 19:57:01] production.INFO: ScheduledJobManager started {"execution_time":"2026-05-15T19:57:01+00:00"} 
[2026-05-15 19:57:01] production.INFO: ScheduledJobManager completed {"execution_time":"2026-05-15T19:57:01+00:00","duration_ms":11.123,"dispatched":0,"skipped":0} 
[2026-05-15 19:58:01] production.INFO: ScheduledJobManager started {"execution_time":"2026-05-15T19:58:01+00:00"} 
[2026-05-15 19:58:01] production.INFO: ScheduledJobManager completed {"execution_time":"2026-05-15T19:58:01+00:00","duration_ms":16.946,"dispatched":0,"skipped":0} 
[2026-05-15 19:59:01] production.INFO: ScheduledJobManager started {"execution_time":"2026-05-15T19:59:01+00:00"} 
[2026-05-15 19:59:01] production.INFO: ScheduledJobManager completed {"execution_time":"2026-05-15T19:59:01+00:00","duration_ms":12.458,"dispatched":0,"skipped":0} 
[2026-05-15 20:00:02] production.INFO: ScheduledJobManager started {"execution_time":"2026-05-15T20:00:02+00:00"} 
[2026-05-15 20:00:02] production.INFO: ScheduledJobManager completed {"execution_time":"2026-05-15T20:00:02+00:00","duration_ms":5.398,"dispatched":0,"skipped":0} 
[2026-05-15 20:01:01] production.INFO: ScheduledJobManager started {"execution_time":"2026-05-15T20:01:01+00:00"} 
[2026-05-15 20:01:01] production.INFO: ScheduledJobManager completed {"execution_time":"2026-05-15T20:01:01+00:00","duration_ms":11.972,"dispatched":0,"skipped":0} 
[2026-05-15 20:02:01] production.INFO: ScheduledJobManager started {"execution_time":"2026-05-15T20:02:01+00:00"} 
[2026-05-15 20:02:01] production.INFO: ScheduledJobManager completed {"execution_time":"2026-05-15T20:02:01+00:00","duration_ms":12.547,"dispatched":0,"skipped":0} 
[2026-05-15 20:03:01] production.INFO: ScheduledJobManager started {"execution_time":"2026-05-15T20:03:01+00:00"} 
[2026-05-15 20:03:01] production.INFO: ScheduledJobManager completed {"execution_time":"2026-05-15T20:03:01+00:00","duration_ms":12.357,"dispatched":0,"skipped":0} 
[2026-05-15 20:04:01] production.INFO: ScheduledJobManager started {"execution_time":"2026-05-15T20:04:01+00:00"} 
[2026-05-15 20:04:01] production.INFO: ScheduledJobManager completed {"execution_time":"2026-05-15T20:04:01+00:00","duration_ms":12.065,"dispatched":0,"skipped":0} 
[2026-05-15 20:05:01] production.INFO: ScheduledJobManager started {"execution_time":"2026-05-15T20:05:01+00:00"} 
[2026-05-15 20:05:01] production.INFO: ScheduledJobManager completed {"execution_time":"2026-05-15T20:05:01+00:00","duration_ms":12.435,"dispatched":0,"skipped":0} 
[2026-05-15 20:06:01] production.INFO: ScheduledJobManager started {"execution_time":"2026-05-15T20:06:01+00:00"} 
[2026-05-15 20:06:01] production.INFO: ScheduledJobManager completed {"execution_time":"2026-05-15T20:06:01+00:00","duration_ms":12.224,"dispatched":0,"skipped":0} 
[2026-05-15 20:07:01] production.INFO: ScheduledJobManager started {"execution_time":"2026-05-15T20:07:01+00:00"} 
[2026-05-15 20:07:01] production.INFO: ScheduledJobManager completed {"execution_time":"2026-05-15T20:07:01+00:00","duration_ms":12.233,"dispatched":0,"skipped":0} 
[2026-05-15 20:08:01] production.INFO: ScheduledJobManager started {"execution_time":"2026-05-15T20:08:01+00:00"} 
[2026-05-15 20:08:01] production.INFO: ScheduledJobManager completed {"execution_time":"2026-05-15T20:08:01+00:00","duration_ms":11.998,"dispatched":0,"skipped":0} 
[2026-05-15 20:09:01] production.INFO: ScheduledJobManager started {"execution_time":"2026-05-15T20:09:01+00:00"} 
[2026-05-15 20:09:01] production.INFO: ScheduledJobManager completed {"execution_time":"2026-05-15T20:09:01+00:00","duration_ms":12.194,"dispatched":0,"skipped":0} 
[2026-05-15 20:10:01] production.INFO: ScheduledJobManager started {"execution_time":"2026-05-15T20:10:01+00:00"} 
[2026-05-15 20:10:01] production.INFO: ScheduledJobManager completed {"execution_time":"2026-05-15T20:10:01+00:00","duration_ms":5.784,"dispatched":0,"skipped":0} 
[2026-05-15 20:11:01] production.INFO: ScheduledJobManager started {"execution_time":"2026-05-15T20:11:01+00:00"} 
[2026-05-15 20:11:01] production.INFO: ScheduledJobManager completed {"execution_time":"2026-05-15T20:11:01+00:00","duration_ms":12.051,"dispatched":0,"skipped":0} 
[2026-05-15 20:12:01] production.INFO: ScheduledJobManager started {"execution_time":"2026-05-15T20:12:01+00:00"} 
[2026-05-15 20:12:01] production.INFO: ScheduledJobManager completed {"execution_time":"2026-05-15T20:12:01+00:00","duration_ms":6.15,"dispatched":0,"skipped":0} 
[2026-05-15 20:13:01] production.INFO: ScheduledJobManager started {"execution_time":"2026-05-15T20:13:01+00:00"} 
[2026-05-15 20:13:01] production.INFO: ScheduledJobManager completed {"execution_time":"2026-05-15T20:13:01+00:00","duration_ms":12.457,"dispatched":0,"skipped":0} 
[2026-05-15 20:14:01] production.INFO: ScheduledJobManager started {"execution_time":"2026-05-15T20:14:01+00:00"} 
[2026-05-15 20:14:01] production.INFO: ScheduledJobManager completed {"execution_time":"2026-05-15T20:14:01+00:00","duration_ms":12.929,"dispatched":0,"skipped":0} 
[2026-05-15 20:15:01] production.INFO: ScheduledJobManager started {"execution_time":"2026-05-15T20:15:01+00:00"} 
[2026-05-15 20:15:01] production.INFO: ScheduledJobManager completed {"execution_time":"2026-05-15T20:15:01+00:00","duration_ms":3.876,"dispatched":0,"skipped":0} 
[2026-05-15 20:16:01] production.INFO: ScheduledJobManager started {"execution_time":"2026-05-15T20:16:01+00:00"} 
[2026-05-15 20:16:01] production.INFO: ScheduledJobManager completed {"execution_time":"2026-05-15T20:16:01+00:00","duration_ms":11.23,"dispatched":0,"skipped":0} 
[2026-05-15 20:17:01] production.INFO: ScheduledJobManager started {"execution_time":"2026-05-15T20:17:01+00:00"} 
[2026-05-15 20:17:01] production.INFO: ScheduledJobManager completed {"execution_time":"2026-05-15T20:17:01+00:00","duration_ms":11.967,"dispatched":0,"skipped":0} 
[2026-05-15 20:18:01] production.INFO: ScheduledJobManager started {"execution_time":"2026-05-15T20:18:01+00:00"} 
[2026-05-15 20:18:01] production.INFO: ScheduledJobManager completed {"execution_time":"2026-05-15T20:18:01+00:00","duration_ms":11.255,"dispatched":0,"skipped":0} 
[2026-05-15 20:19:01] production.INFO: ScheduledJobManager started {"execution_time":"2026-05-15T20:19:01+00:00"} 
[2026-05-15 20:19:01] production.INFO: ScheduledJobManager completed {"execution_time":"2026-05-15T20:19:01+00:00","duration_ms":11.129,"dispatched":0,"skipped":0} 
[2026-05-15 20:20:01] production.INFO: ScheduledJobManager started {"execution_time":"2026-05-15T20:20:01+00:00"} 
[2026-05-15 20:20:01] production.INFO: ScheduledJobManager completed {"execution_time":"2026-05-15T20:20:01+00:00","duration_ms":12.254,"dispatched":0,"skipped":0} 
[2026-05-15 20:21:01] production.INFO: ScheduledJobManager started {"execution_time":"2026-05-15T20:21:01+00:00"} 
[2026-05-15 20:21:01] production.INFO: ScheduledJobManager completed {"execution_time":"2026-05-15T20:21:01+00:00","duration_ms":12.235,"dispatched":0,"skipped":0} 
[2026-05-15 20:22:01] production.INFO: ScheduledJobManager started {"execution_time":"2026-05-15T20:22:01+00:00"} 
[2026-05-15 20:22:01] production.INFO: ScheduledJobManager completed {"execution_time":"2026-05-15T20:22:01+00:00","duration_ms":19.25,"dispatched":0,"skipped":0} 
[2026-05-15 20:23:02] production.INFO: ScheduledJobManager started {"execution_time":"2026-05-15T20:23:01+00:00"} 
[2026-05-15 20:23:02] production.INFO: ScheduledJobManager completed {"execution_time":"2026-05-15T20:23:01+00:00","duration_ms":12.24,"dispatched":0,"skipped":0} 
[2026-05-15 20:24:01] production.INFO: ScheduledJobManager started {"execution_time":"2026-05-15T20:24:01+00:00"} 
[2026-05-15 20:24:01] production.INFO: ScheduledJobManager completed {"execution_time":"2026-05-15T20:24:01+00:00","duration_ms":12.08,"dispatched":0,"skipped":0} 
[2026-05-15 20:25:01] production.INFO: ScheduledJobManager started {"execution_time":"2026-05-15T20:25:01+00:00"} 
[2026-05-15 20:25:01] production.INFO: ScheduledJobManager completed {"execution_time":"2026-05-15T20:25:01+00:00","duration_ms":4.015,"dispatched":0,"skipped":0} 
[2026-05-15 20:26:01] production.INFO: ScheduledJobManager started {"execution_time":"2026-05-15T20:26:01+00:00"} 
[2026-05-15 20:26:01] production.INFO: ScheduledJobManager completed {"execution_time":"2026-05-15T20:26:01+00:00","duration_ms":12.304,"dispatched":0,"skipped":0} 
[2026-05-15 20:27:01] production.INFO: ScheduledJobManager started {"execution_time":"2026-05-15T20:27:01+00:00"} 
[2026-05-15 20:27:01] production.INFO: ScheduledJobManager completed {"execution_time":"2026-05-15T20:27:01+00:00","duration_ms":11.973,"dispatched":0,"skipped":0} 
[2026-05-15 20:28:01] production.INFO: ScheduledJobManager started {"execution_time":"2026-05-15T20:28:01+00:00"} 
[2026-05-15 20:28:01] production.INFO: ScheduledJobManager completed {"execution_time":"2026-05-15T20:28:01+00:00","duration_ms":5.488,"dispatched":0,"skipped":0} 
[2026-05-15 20:29:01] production.INFO: ScheduledJobManager started {"execution_time":"2026-05-15T20:29:01+00:00"} 
[2026-05-15 20:29:01] production.INFO: ScheduledJobManager completed {"execution_time":"2026-05-15T20:29:01+00:00","duration_ms":18.326,"dispatched":0,"skipped":0} 
[2026-05-15 20:30:01] production.INFO: ScheduledJobManager started {"execution_time":"2026-05-15T20:30:01+00:00"} 
[2026-05-15 20:30:01] production.INFO: ScheduledJobManager completed {"execution_time":"2026-05-15T20:30:01+00:00","duration_ms":5.456,"dispatched":0,"skipped":0} 
[2026-05-15 20:31:01] production.INFO: ScheduledJobManager started {"execution_time":"2026-05-15T20:31:01+00:00"} 
[2026-05-15 20:31:01] production.INFO: ScheduledJobManager completed {"execution_time":"2026-05-15T20:31:01+00:00","duration_ms":12.004,"dispatched":0,"skipped":0} 
[2026-05-15 20:32:01] production.INFO: ScheduledJobManager started {"execution_time":"2026-05-15T20:32:01+00:00"} 
[2026-05-15 20:32:01] production.INFO: ScheduledJobManager completed {"execution_time":"2026-05-15T20:32:01+00:00","duration_ms":12.205,"dispatched":0,"skipped":0} 
[2026-05-15 20:33:01] production.INFO: ScheduledJobManager started {"execution_time":"2026-05-15T20:33:01+00:00"} 
[2026-05-15 20:33:01] production.INFO: ScheduledJobManager completed {"execution_time":"2026-05-15T20:33:01+00:00","duration_ms":26.337,"dispatched":0,"skipped":0} 
[2026-05-15 20:34:01] production.INFO: ScheduledJobManager started {"execution_time":"2026-05-15T20:34:01+00:00"} 
[2026-05-15 20:34:01] production.INFO: ScheduledJobManager completed {"execution_time":"2026-05-15T20:34:01+00:00","duration_ms":12.581,"dispatched":0,"skipped":0} 
[2026-05-15 20:35:01] production.INFO: ScheduledJobManager started {"execution_time":"2026-05-15T20:35:01+00:00"} 
[2026-05-15 20:35:01] production.INFO: ScheduledJobManager completed {"execution_time":"2026-05-15T20:35:01+00:00","duration_ms":11.976,"dispatched":0,"skipped":0} 
[2026-05-15 20:36:01] production.INFO: ScheduledJobManager started {"execution_time":"2026-05-15T20:36:01+00:00"} 
[2026-05-15 20:36:01] production.INFO: ScheduledJobManager completed {"execution_time":"2026-05-15T20:36:01+00:00","duration_ms":12.259,"dispatched":0,"skipped":0} 
[2026-05-15 20:37:01] production.INFO: ScheduledJobManager started {"execution_time":"2026-05-15T20:37:01+00:00"} 
[2026-05-15 20:37:01] production.INFO: ScheduledJobManager completed {"execution_time":"2026-05-15T20:37:01+00:00","duration_ms":11.239,"dispatched":0,"skipped":0} 
[2026-05-15 20:38:02] production.INFO: ScheduledJobManager started {"execution_time":"2026-05-15T20:38:02+00:00"} 
[2026-05-15 20:38:02] production.INFO: ScheduledJobManager completed {"execution_time":"2026-05-15T20:38:02+00:00","duration_ms":11.412,"dispatched":0,"skipped":0} 
[2026-05-15 20:39:01] production.INFO: ScheduledJobManager started {"execution_time":"2026-05-15T20:39:01+00:00"} 
[2026-05-15 20:39:01] production.INFO: ScheduledJobManager completed {"execution_time":"2026-05-15T20:39:01+00:00","duration_ms":12.126,"dispatched":0,"skipped":0} 
[2026-05-15 20:40:01] production.INFO: ScheduledJobManager started {"execution_time":"2026-05-15T20:40:01+00:00"} 
[2026-05-15 20:40:01] production.INFO: ScheduledJobManager completed {"execution_time":"2026-05-15T20:40:01+00:00","duration_ms":6.679,"dispatched":0,"skipped":0} 
[2026-05-15 20:41:01] production.INFO: ScheduledJobManager started {"execution_time":"2026-05-15T20:41:01+00:00"} 
[2026-05-15 20:41:01] production.INFO: ScheduledJobManager completed {"execution_time":"2026-05-15T20:41:01+00:00","duration_ms":11.598,"dispatched":0,"skipped":0} 
[2026-05-15 20:42:01] production.INFO: ScheduledJobManager started {"execution_time":"2026-05-15T20:42:01+00:00"} 
[2026-05-15 20:42:01] production.INFO: ScheduledJobManager completed {"execution_time":"2026-05-15T20:42:01+00:00","duration_ms":12.903,"dispatched":0,"skipped":0} 
[2026-05-15 20:43:01] production.INFO: ScheduledJobManager started {"execution_time":"2026-05-15T20:43:01+00:00"} 
[2026-05-15 20:43:01] production.INFO: ScheduledJobManager completed {"execution_time":"2026-05-15T20:43:01+00:00","duration_ms":12.331,"dispatched":0,"skipped":0} 
[2026-05-15 20:44:01] production.INFO: ScheduledJobManager started {"execution_time":"2026-05-15T20:44:01+00:00"} 
[2026-05-15 20:44:01] production.INFO: ScheduledJobManager completed {"execution_time":"2026-05-15T20:44:01+00:00","duration_ms":12.244,"dispatched":0,"skipped":0} 
[2026-05-15 20:45:01] production.INFO: ScheduledJobManager started {"execution_time":"2026-05-15T20:45:01+00:00"} 
[2026-05-15 20:45:01] production.INFO: ScheduledJobManager completed {"execution_time":"2026-05-15T20:45:01+00:00","duration_ms":12.298,"dispatched":0,"skipped":0} 
[2026-05-15 20:46:01] production.INFO: ScheduledJobManager started {"execution_time":"2026-05-15T20:46:01+00:00"} 
[2026-05-15 20:46:01] production.INFO: ScheduledJobManager completed {"execution_time":"2026-05-15T20:46:01+00:00","duration_ms":12.569,"dispatched":0,"skipped":0} 
[2026-05-15 20:47:01] production.INFO: ScheduledJobManager started {"execution_time":"2026-05-15T20:47:01+00:00"} 
[2026-05-15 20:47:01] production.INFO: ScheduledJobManager completed {"execution_time":"2026-05-15T20:47:01+00:00","duration_ms":12.161,"dispatched":0,"skipped":0} 
[2026-05-15 20:48:01] production.INFO: ScheduledJobManager started {"execution_time":"2026-05-15T20:48:01+00:00"} 
[2026-05-15 20:48:01] production.INFO: ScheduledJobManager completed {"execution_time":"2026-05-15T20:48:01+00:00","duration_ms":12.409,"dispatched":0,"skipped":0} 
[2026-05-15 20:49:01] production.INFO: ScheduledJobManager started {"execution_time":"2026-05-15T20:49:01+00:00"} 
[2026-05-15 20:49:01] production.INFO: ScheduledJobManager completed {"execution_time":"2026-05-15T20:49:01+00:00","duration_ms":12.108,"dispatched":0,"skipped":0} 
[2026-05-15 20:50:01] production.INFO: ScheduledJobManager started {"execution_time":"2026-05-15T20:50:01+00:00"} 
[2026-05-15 20:50:01] production.INFO: ScheduledJobManager completed {"execution_time":"2026-05-15T20:50:01+00:00","duration_ms":5.914,"dispatched":0,"skipped":0} 
[2026-05-15 20:51:01] production.INFO: ScheduledJobManager started {"execution_time":"2026-05-15T20:51:01+00:00"} 
[2026-05-15 20:51:01] production.INFO: ScheduledJobManager completed {"execution_time":"2026-05-15T20:51:01+00:00","duration_ms":12.181,"dispatched":0,"skipped":0} 
[2026-05-15 20:52:01] production.INFO: ScheduledJobManager started {"execution_time":"2026-05-15T20:52:01+00:00"} 
[2026-05-15 20:52:01] production.INFO: ScheduledJobManager completed {"execution_time":"2026-05-15T20:52:01+00:00","duration_ms":12.524,"dispatched":0,"skipped":0} 
[2026-05-15 20:53:00] production.INFO: ScheduledJobManager started {"execution_time":"2026-05-15T20:53:00+00:00"} 
[2026-05-15 20:53:00] production.INFO: ScheduledJobManager completed {"execution_time":"2026-05-15T20:53:00+00:00","duration_ms":12.345,"dispatched":0,"skipped":0} 
[2026-05-15 20:54:01] production.INFO: ScheduledJobManager started {"execution_time":"2026-05-15T20:54:01+00:00"} 
[2026-05-15 20:54:01] production.INFO: ScheduledJobManager completed {"execution_time":"2026-05-15T20:54:01+00:00","duration_ms":5.679,"dispatched":0,"skipped":0} 
[2026-05-15 20:55:01] production.INFO: ScheduledJobManager started {"execution_time":"2026-05-15T20:55:01+00:00"} 
[2026-05-15 20:55:01] production.INFO: ScheduledJobManager completed {"execution_time":"2026-05-15T20:55:01+00:00","duration_ms":11.002,"dispatched":0,"skipped":0} 
[2026-05-15 20:56:01] production.INFO: ScheduledJobManager started {"execution_time":"2026-05-15T20:56:01+00:00"} 
[2026-05-15 20:56:01] production.INFO: ScheduledJobManager completed {"execution_time":"2026-05-15T20:56:01+00:00","duration_ms":11.244,"dispatched":0,"skipped":0} 
[2026-05-15 20:57:01] production.INFO: ScheduledJobManager started {"execution_time":"2026-05-15T20:57:01+00:00"} 
[2026-05-15 20:57:01] production.INFO: ScheduledJobManager completed {"execution_time":"2026-05-15T20:57:01+00:00","duration_ms":12.433,"dispatched":0,"skipped":0} 
[2026-05-15 20:58:01] production.INFO: ScheduledJobManager started {"execution_time":"2026-05-15T20:58:01+00:00"} 
[2026-05-15 20:58:01] production.INFO: ScheduledJobManager completed {"execution_time":"2026-05-15T20:58:01+00:00","duration_ms":5.467,"dispatched":0,"skipped":0} 
[2026-05-15 20:59:01] production.INFO: ScheduledJobManager started {"execution_time":"2026-05-15T20:59:01+00:00"} 
[2026-05-15 20:59:01] production.INFO: ScheduledJobManager completed {"execution_time":"2026-05-15T20:59:01+00:00","duration_ms":11.213,"dispatched":0,"skipped":0} 
[2026-05-15 21:00:02] production.INFO: ScheduledJobManager started {"execution_time":"2026-05-15T21:00:02+00:00"} 
[2026-05-15 21:00:02] production.INFO: ScheduledJobManager completed {"execution_time":"2026-05-15T21:00:02+00:00","duration_ms":5.232,"dispatched":0,"skipped":0} 
[2026-05-15 21:01:01] production.INFO: ScheduledJobManager started {"execution_time":"2026-05-15T21:01:01+00:00"} 
[2026-05-15 21:01:01] production.INFO: ScheduledJobManager completed {"execution_time":"2026-05-15T21:01:01+00:00","duration_ms":11.198,"dispatched":0,"skipped":0} 
[2026-05-15 21:02:01] production.INFO: ScheduledJobManager started {"execution_time":"2026-05-15T21:02:01+00:00"} 
[2026-05-15 21:02:01] production.INFO: ScheduledJobManager completed {"execution_time":"2026-05-15T21:02:01+00:00","duration_ms":11.304,"dispatched":0,"skipped":0} 
[2026-05-15 21:03:01] production.INFO: ScheduledJobManager started {"execution_time":"2026-05-15T21:03:01+00:00"} 
[2026-05-15 21:03:01] production.INFO: ScheduledJobManager completed {"execution_time":"2026-05-15T21:03:01+00:00","duration_ms":12.472,"dispatched":0,"skipped":0} 
[2026-05-15 21:04:01] production.INFO: ScheduledJobManager started {"execution_time":"2026-05-15T21:04:01+00:00"} 
[2026-05-15 21:04:01] production.INFO: ScheduledJobManager completed {"execution_time":"2026-05-15T21:04:01+00:00","duration_ms":12.021,"dispatched":0,"skipped":0} 
[2026-05-15 21:05:01] production.INFO: ScheduledJobManager started {"execution_time":"2026-05-15T21:05:01+00:00"} 
[2026-05-15 21:05:01] production.INFO: ScheduledJobManager completed {"execution_time":"2026-05-15T21:05:01+00:00","duration_ms":12.533,"dispatched":0,"skipped":0} 
[2026-05-15 21:06:01] production.INFO: ScheduledJobManager started {"execution_time":"2026-05-15T21:06:01+00:00"} 
[2026-05-15 21:06:01] production.INFO: ScheduledJobManager completed {"execution_time":"2026-05-15T21:06:01+00:00","duration_ms":12.193,"dispatched":0,"skipped":0} 
[2026-05-15 21:07:01] production.INFO: ScheduledJobManager started {"execution_time":"2026-05-15T21:07:01+00:00"} 
[2026-05-15 21:07:01] production.INFO: ScheduledJobManager completed {"execution_time":"2026-05-15T21:07:01+00:00","duration_ms":12.43,"dispatched":0,"skipped":0} 
[2026-05-15 21:08:01] production.INFO: ScheduledJobManager started {"execution_time":"2026-05-15T21:08:01+00:00"} 
[2026-05-15 21:08:01] production.INFO: ScheduledJobManager completed {"execution_time":"2026-05-15T21:08:01+00:00","duration_ms":12.182,"dispatched":0,"skipped":0} 
[2026-05-15 21:09:01] production.INFO: ScheduledJobManager started {"execution_time":"2026-05-15T21:09:01+00:00"} 
[2026-05-15 21:09:01] production.INFO: ScheduledJobManager completed {"execution_time":"2026-05-15T21:09:01+00:00","duration_ms":12.337,"dispatched":0,"skipped":0} 
[2026-05-15 21:10:02] production.INFO: ScheduledJobManager started {"execution_time":"2026-05-15T21:10:02+00:00"} 
[2026-05-15 21:10:02] production.INFO: ScheduledJobManager completed {"execution_time":"2026-05-15T21:10:02+00:00","duration_ms":12.681,"dispatched":0,"skipped":0} 
[2026-05-15 21:11:01] production.INFO: ScheduledJobManager started {"execution_time":"2026-05-15T21:11:01+00:00"} 
[2026-05-15 21:11:01] production.INFO: ScheduledJobManager completed {"execution_time":"2026-05-15T21:11:01+00:00","duration_ms":12.217,"dispatched":0,"skipped":0} 
[2026-05-15 21:12:01] production.INFO: ScheduledJobManager started {"execution_time":"2026-05-15T21:12:01+00:00"} 
[2026-05-15 21:12:01] production.INFO: ScheduledJobManager completed {"execution_time":"2026-05-15T21:12:01+00:00","duration_ms":58.727,"dispatched":0,"skipped":0} 
[2026-05-15 21:13:01] production.INFO: ScheduledJobManager started {"execution_time":"2026-05-15T21:13:01+00:00"} 
[2026-05-15 21:13:01] production.INFO: ScheduledJobManager completed {"execution_time":"2026-05-15T21:13:01+00:00","duration_ms":12.233,"dispatched":0,"skipped":0} 
[2026-05-15 21:14:01] production.INFO: ScheduledJobManager started {"execution_time":"2026-05-15T21:14:01+00:00"} 
[2026-05-15 21:14:01] production.INFO: ScheduledJobManager completed {"execution_time":"2026-05-15T21:14:01+00:00","duration_ms":12.489,"dispatched":0,"skipped":0} 
[2026-05-15 21:15:01] production.INFO: ScheduledJobManager started {"execution_time":"2026-05-15T21:15:01+00:00"} 
[2026-05-15 21:15:01] production.INFO: ScheduledJobManager completed {"execution_time":"2026-05-15T21:15:01+00:00","duration_ms":4.167,"dispatched":0,"skipped":0} 
[2026-05-15 21:16:01] production.INFO: ScheduledJobManager started {"execution_time":"2026-05-15T21:16:01+00:00"} 
[2026-05-15 21:16:01] production.INFO: ScheduledJobManager completed {"execution_time":"2026-05-15T21:16:01+00:00","duration_ms":12.424,"dispatched":0,"skipped":0} 
[2026-05-15 21:17:01] production.INFO: ScheduledJobManager started {"execution_time":"2026-05-15T21:17:01+00:00"} 
[2026-05-15 21:17:01] production.INFO: ScheduledJobManager completed {"execution_time":"2026-05-15T21:17:01+00:00","duration_ms":12.697,"dispatched":0,"skipped":0} 
[2026-05-15 21:18:01] production.INFO: ScheduledJobManager started {"execution_time":"2026-05-15T21:18:01+00:00"} 
[2026-05-15 21:18:01] production.INFO: ScheduledJobManager completed {"execution_time":"2026-05-15T21:18:01+00:00","duration_ms":12.257,"dispatched":0,"skipped":0} 
[2026-05-15 21:19:01] production.INFO: ScheduledJobManager started {"execution_time":"2026-05-15T21:19:01+00:00"} 
[2026-05-15 21:19:01] production.INFO: ScheduledJobManager completed {"execution_time":"2026-05-15T21:19:01+00:00","duration_ms":12.256,"dispatched":0,"skipped":0} 
[2026-05-15 21:20:01] production.INFO: ScheduledJobManager started {"execution_time":"2026-05-15T21:20:01+00:00"} 
[2026-05-15 21:20:01] production.INFO: ScheduledJobManager completed {"execution_time":"2026-05-15T21:20:01+00:00","duration_ms":5.568,"dispatched":0,"skipped":0} 
[2026-05-15 21:21:01] production.INFO: ScheduledJobManager started {"execution_time":"2026-05-15T21:21:01+00:00"} 
[2026-05-15 21:21:01] production.INFO: ScheduledJobManager completed {"execution_time":"2026-05-15T21:21:01+00:00","duration_ms":11.356,"dispatched":0,"skipped":0} 
[2026-05-15 21:22:01] production.INFO: ScheduledJobManager started {"execution_time":"2026-05-15T21:22:01+00:00"} 
[2026-05-15 21:22:01] production.INFO: ScheduledJobManager completed {"execution_time":"2026-05-15T21:22:01+00:00","duration_ms":11.399,"dispatched":0,"skipped":0} 
[2026-05-15 21:23:01] production.INFO: ScheduledJobManager started {"execution_time":"2026-05-15T21:23:01+00:00"} 
[2026-05-15 21:23:01] production.INFO: ScheduledJobManager completed {"execution_time":"2026-05-15T21:23:01+00:00","duration_ms":11.441,"dispatched":0,"skipped":0} 
[2026-05-15 21:24:01] production.INFO: ScheduledJobManager started {"execution_time":"2026-05-15T21:24:01+00:00"} 
[2026-05-15 21:24:01] production.INFO: ScheduledJobManager completed {"execution_time":"2026-05-15T21:24:01+00:00","duration_ms":11.169,"dispatched":0,"skipped":0} 
[2026-05-15 21:25:01] production.INFO: ScheduledJobManager started {"execution_time":"2026-05-15T21:25:01+00:00"} 
[2026-05-15 21:25:02] production.INFO: ScheduledJobManager completed {"execution_time":"2026-05-15T21:25:01+00:00","duration_ms":11.135,"dispatched":0,"skipped":0} 
[2026-05-15 21:26:01] production.INFO: ScheduledJobManager started {"execution_time":"2026-05-15T21:26:01+00:00"} 
[2026-05-15 21:26:01] production.INFO: ScheduledJobManager completed {"execution_time":"2026-05-15T21:26:01+00:00","duration_ms":12.194,"dispatched":0,"skipped":0} 
[2026-05-15 21:27:01] production.INFO: ScheduledJobManager started {"execution_time":"2026-05-15T21:27:01+00:00"} 
[2026-05-15 21:27:01] production.INFO: ScheduledJobManager completed {"execution_time":"2026-05-15T21:27:01+00:00","duration_ms":12.064,"dispatched":0,"skipped":0} 
[2026-05-15 21:28:01] production.INFO: ScheduledJobManager started {"execution_time":"2026-05-15T21:28:01+00:00"} 
[2026-05-15 21:28:01] production.INFO: ScheduledJobManager completed {"execution_time":"2026-05-15T21:28:01+00:00","duration_ms":5.79,"dispatched":0,"skipped":0} 
[2026-05-15 21:29:01] production.INFO: ScheduledJobManager started {"execution_time":"2026-05-15T21:29:01+00:00"} 
[2026-05-15 21:29:01] production.INFO: ScheduledJobManager completed {"execution_time":"2026-05-15T21:29:01+00:00","duration_ms":12.377,"dispatched":0,"skipped":0} 
[2026-05-15 21:30:01] production.INFO: ScheduledJobManager started {"execution_time":"2026-05-15T21:30:01+00:00"} 
[2026-05-15 21:30:01] production.INFO: ScheduledJobManager completed {"execution_time":"2026-05-15T21:30:01+00:00","duration_ms":5.232,"dispatched":0,"skipped":0} 
[2026-05-15 21:31:01] production.INFO: ScheduledJobManager started {"execution_time":"2026-05-15T21:31:01+00:00"} 
[2026-05-15 21:31:01] production.INFO: ScheduledJobManager completed {"execution_time":"2026-05-15T21:31:01+00:00","duration_ms":12.057,"dispatched":0,"skipped":0} 
[2026-05-15 21:32:01] production.INFO: ScheduledJobManager started {"execution_time":"2026-05-15T21:32:01+00:00"} 
[2026-05-15 21:32:01] production.INFO: ScheduledJobManager completed {"execution_time":"2026-05-15T21:32:01+00:00","duration_ms":13.039,"dispatched":0,"skipped":0} 
[2026-05-15 21:33:01] production.INFO: ScheduledJobManager started {"execution_time":"2026-05-15T21:33:01+00:00"} 
[2026-05-15 21:33:01] production.INFO: ScheduledJobManager completed {"execution_time":"2026-05-15T21:33:01+00:00","duration_ms":12.218,"dispatched":0,"skipped":0} 
[2026-05-15 21:34:01] production.INFO: ScheduledJobManager started {"execution_time":"2026-05-15T21:34:01+00:00"} 
[2026-05-15 21:34:01] production.INFO: ScheduledJobManager completed {"execution_time":"2026-05-15T21:34:01+00:00","duration_ms":12.444,"dispatched":0,"skipped":0} 
[2026-05-15 21:35:01] production.INFO: ScheduledJobManager started {"execution_time":"2026-05-15T21:35:01+00:00"} 
[2026-05-15 21:35:01] production.INFO: ScheduledJobManager completed {"execution_time":"2026-05-15T21:35:01+00:00","duration_ms":13.776,"dispatched":0,"skipped":0} 
[2026-05-15 21:36:01] production.INFO: ScheduledJobManager started {"execution_time":"2026-05-15T21:36:01+00:00"} 
[2026-05-15 21:36:01] production.INFO: ScheduledJobManager completed {"execution_time":"2026-05-15T21:36:01+00:00","duration_ms":12.355,"dispatched":0,"skipped":0} 
[2026-05-15 21:37:01] production.INFO: ScheduledJobManager started {"execution_time":"2026-05-15T21:37:01+00:00"} 
[2026-05-15 21:37:01] production.INFO: ScheduledJobManager completed {"execution_time":"2026-05-15T21:37:01+00:00","duration_ms":12.037,"dispatched":0,"skipped":0} 
[2026-05-15 21:38:01] production.INFO: ScheduledJobManager started {"execution_time":"2026-05-15T21:38:01+00:00"} 
[2026-05-15 21:38:01] production.INFO: ScheduledJobManager completed {"execution_time":"2026-05-15T21:38:01+00:00","duration_ms":12.643,"dispatched":0,"skipped":0} 
[2026-05-15 21:39:01] production.INFO: ScheduledJobManager started {"execution_time":"2026-05-15T21:39:01+00:00"} 
[2026-05-15 21:39:01] production.INFO: ScheduledJobManager completed {"execution_time":"2026-05-15T21:39:01+00:00","duration_ms":12.531,"dispatched":0,"skipped":0} 
[2026-05-15 21:40:02] production.INFO: ScheduledJobManager started {"execution_time":"2026-05-15T21:40:02+00:00"} 
[2026-05-15 21:40:02] production.INFO: ScheduledJobManager completed {"execution_time":"2026-05-15T21:40:02+00:00","duration_ms":12.574,"dispatched":0,"skipped":0} 
[2026-05-15 21:41:02] production.INFO: ScheduledJobManager started {"execution_time":"2026-05-15T21:41:02+00:00"} 
[2026-05-15 21:41:02] production.INFO: ScheduledJobManager completed {"execution_time":"2026-05-15T21:41:02+00:00","duration_ms":12.346,"dispatched":0,"skipped":0} 
[2026-05-15 21:42:01] production.INFO: ScheduledJobManager started {"execution_time":"2026-05-15T21:42:01+00:00"} 
[2026-05-15 21:42:01] production.INFO: ScheduledJobManager completed {"execution_time":"2026-05-15T21:42:01+00:00","duration_ms":11.206,"dispatched":0,"skipped":0} 
[2026-05-15 21:43:01] production.INFO: ScheduledJobManager started {"execution_time":"2026-05-15T21:43:01+00:00"} 
[2026-05-15 21:43:01] production.INFO: ScheduledJobManager completed {"execution_time":"2026-05-15T21:43:01+00:00","duration_ms":11.901,"dispatched":0,"skipped":0} 
[2026-05-15 21:44:01] production.INFO: ScheduledJobManager started {"execution_time":"2026-05-15T21:44:01+00:00"} 
[2026-05-15 21:44:01] production.INFO: ScheduledJobManager completed {"execution_time":"2026-05-15T21:44:01+00:00","duration_ms":11.189,"dispatched":0,"skipped":0} 
[2026-05-15 21:45:01] production.INFO: ScheduledJobManager started {"execution_time":"2026-05-15T21:45:01+00:00"} 
[2026-05-15 21:45:01] production.INFO: ScheduledJobManager completed {"execution_time":"2026-05-15T21:45:01+00:00","duration_ms":4.252,"dispatched":0,"skipped":0} 
[2026-05-15 21:46:01] production.INFO: ScheduledJobManager started {"execution_time":"2026-05-15T21:46:01+00:00"} 
[2026-05-15 21:46:01] production.INFO: ScheduledJobManager completed {"execution_time":"2026-05-15T21:46:01+00:00","duration_ms":11.105,"dispatched":0,"skipped":0} 
[2026-05-15 21:47:01] production.INFO: ScheduledJobManager started {"execution_time":"2026-05-15T21:47:01+00:00"} 
[2026-05-15 21:47:01] production.INFO: ScheduledJobManager completed {"execution_time":"2026-05-15T21:47:01+00:00","duration_ms":10.959,"dispatched":0,"skipped":0} 
[2026-05-15 21:48:01] production.INFO: ScheduledJobManager started {"execution_time":"2026-05-15T21:48:01+00:00"} 
[2026-05-15 21:48:01] production.INFO: ScheduledJobManager completed {"execution_time":"2026-05-15T21:48:01+00:00","duration_ms":13.056,"dispatched":0,"skipped":0} 
[2026-05-15 21:49:01] production.INFO: ScheduledJobManager started {"execution_time":"2026-05-15T21:49:01+00:00"} 
[2026-05-15 21:49:01] production.INFO: ScheduledJobManager completed {"execution_time":"2026-05-15T21:49:01+00:00","duration_ms":12.028,"dispatched":0,"skipped":0} 
[2026-05-15 21:50:01] production.INFO: ScheduledJobManager started {"execution_time":"2026-05-15T21:50:01+00:00"} 
[2026-05-15 21:50:01] production.INFO: ScheduledJobManager completed {"execution_time":"2026-05-15T21:50:01+00:00","duration_ms":12.28,"dispatched":0,"skipped":0} 
[2026-05-15 21:51:01] production.INFO: ScheduledJobManager started {"execution_time":"2026-05-15T21:51:01+00:00"} 
[2026-05-15 21:51:01] production.INFO: ScheduledJobManager completed {"execution_time":"2026-05-15T21:51:01+00:00","duration_ms":12.241,"dispatched":0,"skipped":0} 
[2026-05-15 21:52:01] production.INFO: ScheduledJobManager started {"execution_time":"2026-05-15T21:52:01+00:00"} 
[2026-05-15 21:52:01] production.INFO: ScheduledJobManager completed {"execution_time":"2026-05-15T21:52:01+00:00","duration_ms":12.859,"dispatched":0,"skipped":0} 
[2026-05-15 21:53:01] production.INFO: ScheduledJobManager started {"execution_time":"2026-05-15T21:53:01+00:00"} 
[2026-05-15 21:53:01] production.INFO: ScheduledJobManager completed {"execution_time":"2026-05-15T21:53:01+00:00","duration_ms":12.726,"dispatched":0,"skipped":0} 
[2026-05-15 21:54:01] production.INFO: ScheduledJobManager started {"execution_time":"2026-05-15T21:54:01+00:00"} 
[2026-05-15 21:54:01] production.INFO: ScheduledJobManager completed {"execution_time":"2026-05-15T21:54:01+00:00","duration_ms":13.043,"dispatched":0,"skipped":0} 
[2026-05-15 21:55:01] production.INFO: ScheduledJobManager started {"execution_time":"2026-05-15T21:55:01+00:00"} 
[2026-05-15 21:55:02] production.INFO: ScheduledJobManager completed {"execution_time":"2026-05-15T21:55:01+00:00","duration_ms":12.643,"dispatched":0,"skipped":0} 
[2026-05-15 21:56:01] production.INFO: ScheduledJobManager started {"execution_time":"2026-05-15T21:56:01+00:00"} 
[2026-05-15 21:56:01] production.INFO: ScheduledJobManager completed {"execution_time":"2026-05-15T21:56:01+00:00","duration_ms":12.669,"dispatched":0,"skipped":0} 
[2026-05-15 21:57:01] production.INFO: ScheduledJobManager started {"execution_time":"2026-05-15T21:57:01+00:00"} 
[2026-05-15 21:57:01] production.INFO: ScheduledJobManager completed {"execution_time":"2026-05-15T21:57:01+00:00","duration_ms":12.003,"dispatched":0,"skipped":0} 
[2026-05-15 21:58:01] production.INFO: ScheduledJobManager started {"execution_time":"2026-05-15T21:58:01+00:00"} 
[2026-05-15 21:58:01] production.INFO: ScheduledJobManager completed {"execution_time":"2026-05-15T21:58:01+00:00","duration_ms":6.325,"dispatched":0,"skipped":0} 
[2026-05-15 21:59:01] production.INFO: ScheduledJobManager started {"execution_time":"2026-05-15T21:59:01+00:00"} 
[2026-05-15 21:59:01] production.INFO: ScheduledJobManager completed {"execution_time":"2026-05-15T21:59:01+00:00","duration_ms":12.776,"dispatched":0,"skipped":0} 
[2026-05-15 22:00:01] production.INFO: ScheduledJobManager started {"execution_time":"2026-05-15T22:00:01+00:00"} 
[2026-05-15 22:00:01] production.INFO: ScheduledJobManager completed {"execution_time":"2026-05-15T22:00:01+00:00","duration_ms":5.23,"dispatched":0,"skipped":0} 
[2026-05-15 22:01:01] production.INFO: ScheduledJobManager started {"execution_time":"2026-05-15T22:01:01+00:00"} 
[2026-05-15 22:01:01] production.INFO: ScheduledJobManager completed {"execution_time":"2026-05-15T22:01:01+00:00","duration_ms":12.867,"dispatched":0,"skipped":0} 
[2026-05-15 22:02:01] production.INFO: ScheduledJobManager started {"execution_time":"2026-05-15T22:02:01+00:00"} 
[2026-05-15 22:02:01] production.INFO: ScheduledJobManager completed {"execution_time":"2026-05-15T22:02:01+00:00","duration_ms":12.593,"dispatched":0,"skipped":0} 
[2026-05-15 22:03:01] production.INFO: ScheduledJobManager started {"execution_time":"2026-05-15T22:03:01+00:00"} 
[2026-05-15 22:03:01] production.INFO: ScheduledJobManager completed {"execution_time":"2026-05-15T22:03:01+00:00","duration_ms":11.201,"dispatched":0,"skipped":0} 
[2026-05-15 22:04:01] production.INFO: ScheduledJobManager started {"execution_time":"2026-05-15T22:04:01+00:00"} 
[2026-05-15 22:04:01] production.INFO: ScheduledJobManager completed {"execution_time":"2026-05-15T22:04:01+00:00","duration_ms":11.143,"dispatched":0,"skipped":0} 
[2026-05-15 22:05:01] production.INFO: ScheduledJobManager started {"execution_time":"2026-05-15T22:05:01+00:00"} 
[2026-05-15 22:05:01] production.INFO: ScheduledJobManager completed {"execution_time":"2026-05-15T22:05:01+00:00","duration_ms":11.161,"dispatched":0,"skipped":0} 
[2026-05-15 22:06:01] production.INFO: ScheduledJobManager started {"execution_time":"2026-05-15T22:06:01+00:00"} 
[2026-05-15 22:06:01] production.INFO: ScheduledJobManager completed {"execution_time":"2026-05-15T22:06:01+00:00","duration_ms":11.632,"dispatched":0,"skipped":0} 
[2026-05-15 22:07:01] production.INFO: ScheduledJobManager started {"execution_time":"2026-05-15T22:07:01+00:00"} 
[2026-05-15 22:07:01] production.INFO: ScheduledJobManager completed {"execution_time":"2026-05-15T22:07:01+00:00","duration_ms":11.118,"dispatched":0,"skipped":0} 
[2026-05-15 22:08:01] production.INFO: ScheduledJobManager started {"execution_time":"2026-05-15T22:08:01+00:00"} 
[2026-05-15 22:08:01] production.INFO: ScheduledJobManager completed {"execution_time":"2026-05-15T22:08:01+00:00","duration_ms":11.057,"dispatched":0,"skipped":0} 
[2026-05-15 22:09:01] production.INFO: ScheduledJobManager started {"execution_time":"2026-05-15T22:09:01+00:00"} 
[2026-05-15 22:09:01] production.INFO: ScheduledJobManager completed {"execution_time":"2026-05-15T22:09:01+00:00","duration_ms":12.983,"dispatched":0,"skipped":0} 
[2026-05-15 22:10:01] production.INFO: ScheduledJobManager started {"execution_time":"2026-05-15T22:10:01+00:00"} 
[2026-05-15 22:10:01] production.INFO: ScheduledJobManager completed {"execution_time":"2026-05-15T22:10:01+00:00","duration_ms":12.791,"dispatched":0,"skipped":0} 
[2026-05-15 22:11:02] production.INFO: ScheduledJobManager started {"execution_time":"2026-05-15T22:11:02+00:00"} 
[2026-05-15 22:11:02] production.INFO: ScheduledJobManager completed {"execution_time":"2026-05-15T22:11:02+00:00","duration_ms":11.75,"dispatched":0,"skipped":0} 
[2026-05-15 22:12:01] production.INFO: ScheduledJobManager started {"execution_time":"2026-05-15T22:12:01+00:00"} 
[2026-05-15 22:12:01] production.INFO: ScheduledJobManager completed {"execution_time":"2026-05-15T22:12:01+00:00","duration_ms":12.629,"dispatched":0,"skipped":0} 
[2026-05-15 22:13:01] production.INFO: ScheduledJobManager started {"execution_time":"2026-05-15T22:13:01+00:00"} 
[2026-05-15 22:13:01] production.INFO: ScheduledJobManager completed {"execution_time":"2026-05-15T22:13:01+00:00","duration_ms":12.144,"dispatched":0,"skipped":0} 
[2026-05-15 22:14:01] production.INFO: ScheduledJobManager started {"execution_time":"2026-05-15T22:14:01+00:00"} 
[2026-05-15 22:14:01] production.INFO: ScheduledJobManager completed {"execution_time":"2026-05-15T22:14:01+00:00","duration_ms":5.6,"dispatched":0,"skipped":0} 
[2026-05-15 22:15:01] production.INFO: ScheduledJobManager started {"execution_time":"2026-05-15T22:15:01+00:00"} 
[2026-05-15 22:15:01] production.INFO: ScheduledJobManager completed {"execution_time":"2026-05-15T22:15:01+00:00","duration_ms":12.455,"dispatched":0,"skipped":0} 
[2026-05-15 22:16:01] production.INFO: ScheduledJobManager started {"execution_time":"2026-05-15T22:16:01+00:00"} 
[2026-05-15 22:16:01] production.INFO: ScheduledJobManager completed {"execution_time":"2026-05-15T22:16:01+00:00","duration_ms":11.806,"dispatched":0,"skipped":0} 
[2026-05-15 22:17:01] production.INFO: ScheduledJobManager started {"execution_time":"2026-05-15T22:17:01+00:00"} 
[2026-05-15 22:17:01] production.INFO: ScheduledJobManager completed {"execution_time":"2026-05-15T22:17:01+00:00","duration_ms":12.636,"dispatched":0,"skipped":0} 
[2026-05-15 22:18:01] production.INFO: ScheduledJobManager started {"execution_time":"2026-05-15T22:18:01+00:00"} 
[2026-05-15 22:18:01] production.INFO: ScheduledJobManager completed {"execution_time":"2026-05-15T22:18:01+00:00","duration_ms":12.437,"dispatched":0,"skipped":0} 
[2026-05-15 22:19:01] production.INFO: ScheduledJobManager started {"execution_time":"2026-05-15T22:19:01+00:00"} 
[2026-05-15 22:19:01] production.INFO: ScheduledJobManager completed {"execution_time":"2026-05-15T22:19:01+00:00","duration_ms":12.279,"dispatched":0,"skipped":0} 
[2026-05-15 22:20:01] production.INFO: ScheduledJobManager started {"execution_time":"2026-05-15T22:20:01+00:00"} 
[2026-05-15 22:20:01] production.INFO: ScheduledJobManager completed {"execution_time":"2026-05-15T22:20:01+00:00","duration_ms":5.382,"dispatched":0,"skipped":0} 
[2026-05-15 22:21:01] production.INFO: ScheduledJobManager started {"execution_time":"2026-05-15T22:21:01+00:00"} 
[2026-05-15 22:21:01] production.INFO: ScheduledJobManager completed {"execution_time":"2026-05-15T22:21:01+00:00","duration_ms":12.249,"dispatched":0,"skipped":0} 
[2026-05-15 22:22:01] production.INFO: ScheduledJobManager started {"execution_time":"2026-05-15T22:22:01+00:00"} 
[2026-05-15 22:22:01] production.INFO: ScheduledJobManager completed {"execution_time":"2026-05-15T22:22:01+00:00","duration_ms":12.602,"dispatched":0,"skipped":0} 
[2026-05-15 22:23:01] production.INFO: ScheduledJobManager started {"execution_time":"2026-05-15T22:23:01+00:00"} 
[2026-05-15 22:23:01] production.INFO: ScheduledJobManager completed {"execution_time":"2026-05-15T22:23:01+00:00","duration_ms":11.819,"dispatched":0,"skipped":0} 
[2026-05-15 22:24:01] production.INFO: ScheduledJobManager started {"execution_time":"2026-05-15T22:24:01+00:00"} 
[2026-05-15 22:24:01] production.INFO: ScheduledJobManager completed {"execution_time":"2026-05-15T22:24:01+00:00","duration_ms":12.428,"dispatched":0,"skipped":0} 
[2026-05-15 22:25:02] production.INFO: ScheduledJobManager started {"execution_time":"2026-05-15T22:25:02+00:00"} 
[2026-05-15 22:25:02] production.INFO: ScheduledJobManager completed {"execution_time":"2026-05-15T22:25:02+00:00","duration_ms":11.573,"dispatched":0,"skipped":0} 
[2026-05-15 22:26:01] production.INFO: ScheduledJobManager started {"execution_time":"2026-05-15T22:26:01+00:00"} 
[2026-05-15 22:26:01] production.INFO: ScheduledJobManager completed {"execution_time":"2026-05-15T22:26:01+00:00","duration_ms":11.4,"dispatched":0,"skipped":0} 
[2026-05-15 22:27:01] production.INFO: ScheduledJobManager started {"execution_time":"2026-05-15T22:27:01+00:00"} 
[2026-05-15 22:27:01] production.INFO: ScheduledJobManager completed {"execution_time":"2026-05-15T22:27:01+00:00","duration_ms":11.349,"dispatched":0,"skipped":0} 
[2026-05-15 22:28:01] production.INFO: ScheduledJobManager started {"execution_time":"2026-05-15T22:28:01+00:00"} 
[2026-05-15 22:28:01] production.INFO: ScheduledJobManager completed {"execution_time":"2026-05-15T22:28:01+00:00","duration_ms":5.287,"dispatched":0,"skipped":0} 
[2026-05-15 22:29:01] production.INFO: ScheduledJobManager started {"execution_time":"2026-05-15T22:29:01+00:00"} 
[2026-05-15 22:29:01] production.INFO: ScheduledJobManager completed {"execution_time":"2026-05-15T22:29:01+00:00","duration_ms":11.258,"dispatched":0,"skipped":0} 
[2026-05-15 22:30:01] production.INFO: ScheduledJobManager started {"execution_time":"2026-05-15T22:30:01+00:00"} 
[2026-05-15 22:30:01] production.INFO: ScheduledJobManager completed {"execution_time":"2026-05-15T22:30:01+00:00","duration_ms":5.355,"dispatched":0,"skipped":0} 
[2026-05-15 22:31:01] production.INFO: ScheduledJobManager started {"execution_time":"2026-05-15T22:31:01+00:00"} 
[2026-05-15 22:31:01] production.INFO: ScheduledJobManager completed {"execution_time":"2026-05-15T22:31:01+00:00","duration_ms":12.196,"dispatched":0,"skipped":0} 
[2026-05-15 22:32:01] production.INFO: ScheduledJobManager started {"execution_time":"2026-05-15T22:32:01+00:00"} 
[2026-05-15 22:32:01] production.INFO: ScheduledJobManager completed {"execution_time":"2026-05-15T22:32:01+00:00","duration_ms":12.596,"dispatched":0,"skipped":0} 
[2026-05-15 22:33:01] production.INFO: ScheduledJobManager started {"execution_time":"2026-05-15T22:33:01+00:00"} 
[2026-05-15 22:33:01] production.INFO: ScheduledJobManager completed {"execution_time":"2026-05-15T22:33:01+00:00","duration_ms":12.456,"dispatched":0,"skipped":0} 
[2026-05-15 22:34:01] production.INFO: ScheduledJobManager started {"execution_time":"2026-05-15T22:34:01+00:00"} 
[2026-05-15 22:34:01] production.INFO: ScheduledJobManager completed {"execution_time":"2026-05-15T22:34:01+00:00","duration_ms":12.251,"dispatched":0,"skipped":0} 
[2026-05-15 22:35:01] production.INFO: ScheduledJobManager started {"execution_time":"2026-05-15T22:35:01+00:00"} 
[2026-05-15 22:35:01] production.INFO: ScheduledJobManager completed {"execution_time":"2026-05-15T22:35:01+00:00","duration_ms":12.798,"dispatched":0,"skipped":0} 
[2026-05-15 22:36:01] production.INFO: ScheduledJobManager started {"execution_time":"2026-05-15T22:36:01+00:00"} 
[2026-05-15 22:36:01] production.INFO: ScheduledJobManager completed {"execution_time":"2026-05-15T22:36:01+00:00","duration_ms":12.225,"dispatched":0,"skipped":0} 
[2026-05-15 22:37:01] production.INFO: ScheduledJobManager started {"execution_time":"2026-05-15T22:37:01+00:00"} 
[2026-05-15 22:37:01] production.INFO: ScheduledJobManager completed {"execution_time":"2026-05-15T22:37:01+00:00","duration_ms":16.007,"dispatched":0,"skipped":0} 
[2026-05-15 22:38:01] production.INFO: ScheduledJobManager started {"execution_time":"2026-05-15T22:38:01+00:00"} 
[2026-05-15 22:38:01] production.INFO: ScheduledJobManager completed {"execution_time":"2026-05-15T22:38:01+00:00","duration_ms":12.29,"dispatched":0,"skipped":0} 
[2026-05-15 22:39:01] production.INFO: ScheduledJobManager started {"execution_time":"2026-05-15T22:39:01+00:00"} 
[2026-05-15 22:39:01] production.INFO: ScheduledJobManager completed {"execution_time":"2026-05-15T22:39:01+00:00","duration_ms":12.348,"dispatched":0,"skipped":0} 
[2026-05-15 22:40:01] production.INFO: ScheduledJobManager started {"execution_time":"2026-05-15T22:40:01+00:00"} 
[2026-05-15 22:40:01] production.INFO: ScheduledJobManager completed {"execution_time":"2026-05-15T22:40:01+00:00","duration_ms":12.671,"dispatched":0,"skipped":0} 
[2026-05-15 22:41:00] production.INFO: ScheduledJobManager started {"execution_time":"2026-05-15T22:41:00+00:00"} 
[2026-05-15 22:41:00] production.INFO: ScheduledJobManager completed {"execution_time":"2026-05-15T22:41:00+00:00","duration_ms":12.177,"dispatched":0,"skipped":0} 
[2026-05-15 22:42:01] production.INFO: ScheduledJobManager started {"execution_time":"2026-05-15T22:42:01+00:00"} 
[2026-05-15 22:42:01] production.INFO: ScheduledJobManager completed {"execution_time":"2026-05-15T22:42:01+00:00","duration_ms":8.644,"dispatched":0,"skipped":0} 
[2026-05-15 22:43:01] production.INFO: ScheduledJobManager started {"execution_time":"2026-05-15T22:43:01+00:00"} 
[2026-05-15 22:43:01] production.INFO: ScheduledJobManager completed {"execution_time":"2026-05-15T22:43:01+00:00","duration_ms":11.971,"dispatched":0,"skipped":0} 
[2026-05-15 22:44:01] production.INFO: ScheduledJobManager started {"execution_time":"2026-05-15T22:44:01+00:00"} 
[2026-05-15 22:44:01] production.INFO: ScheduledJobManager completed {"execution_time":"2026-05-15T22:44:01+00:00","duration_ms":59.792,"dispatched":0,"skipped":0} 
[2026-05-15 22:45:01] production.INFO: ScheduledJobManager started {"execution_time":"2026-05-15T22:45:01+00:00"} 
[2026-05-15 22:45:01] production.INFO: ScheduledJobManager completed {"execution_time":"2026-05-15T22:45:01+00:00","duration_ms":4.181,"dispatched":0,"skipped":0} 
[2026-05-15 22:46:01] production.INFO: ScheduledJobManager started {"execution_time":"2026-05-15T22:46:01+00:00"} 
[2026-05-15 22:46:01] production.INFO: ScheduledJobManager completed {"execution_time":"2026-05-15T22:46:01+00:00","duration_ms":11.334,"dispatched":0,"skipped":0} 
[2026-05-15 22:47:01] production.INFO: ScheduledJobManager started {"execution_time":"2026-05-15T22:47:01+00:00"} 
[2026-05-15 22:47:01] production.INFO: ScheduledJobManager completed {"execution_time":"2026-05-15T22:47:01+00:00","duration_ms":12.045,"dispatched":0,"skipped":0} 
[2026-05-15 22:48:01] production.INFO: ScheduledJobManager started {"execution_time":"2026-05-15T22:48:01+00:00"} 
[2026-05-15 22:48:01] production.INFO: ScheduledJobManager completed {"execution_time":"2026-05-15T22:48:01+00:00","duration_ms":11.358,"dispatched":0,"skipped":0} 
[2026-05-15 22:49:01] production.INFO: ScheduledJobManager started {"execution_time":"2026-05-15T22:49:01+00:00"} 
[2026-05-15 22:49:01] production.INFO: ScheduledJobManager completed {"execution_time":"2026-05-15T22:49:01+00:00","duration_ms":11.488,"dispatched":0,"skipped":0} 
[2026-05-15 22:50:01] production.INFO: ScheduledJobManager started {"execution_time":"2026-05-15T22:50:01+00:00"} 
[2026-05-15 22:50:01] production.INFO: ScheduledJobManager completed {"execution_time":"2026-05-15T22:50:01+00:00","duration_ms":12.734,"dispatched":0,"skipped":0} 
[2026-05-15 22:51:01] production.INFO: ScheduledJobManager started {"execution_time":"2026-05-15T22:51:01+00:00"} 
[2026-05-15 22:51:01] production.INFO: ScheduledJobManager completed {"execution_time":"2026-05-15T22:51:01+00:00","duration_ms":11.132,"dispatched":0,"skipped":0} 
[2026-05-15 22:52:01] production.INFO: ScheduledJobManager started {"execution_time":"2026-05-15T22:52:01+00:00"} 
[2026-05-15 22:52:01] production.INFO: ScheduledJobManager completed {"execution_time":"2026-05-15T22:52:01+00:00","duration_ms":11.09,"dispatched":0,"skipped":0} 
[2026-05-15 22:53:01] production.INFO: ScheduledJobManager started {"execution_time":"2026-05-15T22:53:01+00:00"} 
[2026-05-15 22:53:01] production.INFO: ScheduledJobManager completed {"execution_time":"2026-05-15T22:53:01+00:00","duration_ms":12.196,"dispatched":0,"skipped":0} 
[2026-05-15 22:54:01] production.INFO: ScheduledJobManager started {"execution_time":"2026-05-15T22:54:01+00:00"} 
[2026-05-15 22:54:01] production.INFO: ScheduledJobManager completed {"execution_time":"2026-05-15T22:54:01+00:00","duration_ms":12.42,"dispatched":0,"skipped":0} 
[2026-05-15 22:55:01] production.INFO: ScheduledJobManager started {"execution_time":"2026-05-15T22:55:01+00:00"} 
[2026-05-15 22:55:01] production.INFO: ScheduledJobManager completed {"execution_time":"2026-05-15T22:55:01+00:00","duration_ms":12.526,"dispatched":0,"skipped":0} 
[2026-05-15 22:56:01] production.INFO: ScheduledJobManager started {"execution_time":"2026-05-15T22:56:01+00:00"} 
[2026-05-15 22:56:01] production.INFO: ScheduledJobManager completed {"execution_time":"2026-05-15T22:56:01+00:00","duration_ms":12.74,"dispatched":0,"skipped":0} 
[2026-05-15 22:57:02] production.INFO: ScheduledJobManager started {"execution_time":"2026-05-15T22:57:02+00:00"} 
[2026-05-15 22:57:02] production.INFO: ScheduledJobManager completed {"execution_time":"2026-05-15T22:57:02+00:00","duration_ms":12.137,"dispatched":0,"skipped":0} 
[2026-05-15 22:58:01] production.INFO: ScheduledJobManager started {"execution_time":"2026-05-15T22:58:01+00:00"} 
[2026-05-15 22:58:01] production.INFO: ScheduledJobManager completed {"execution_time":"2026-05-15T22:58:01+00:00","duration_ms":12.97,"dispatched":0,"skipped":0} 
[2026-05-15 22:59:01] production.INFO: ScheduledJobManager started {"execution_time":"2026-05-15T22:59:01+00:00"} 
[2026-05-15 22:59:01] production.INFO: ScheduledJobManager completed {"execution_time":"2026-05-15T22:59:01+00:00","duration_ms":12.754,"dispatched":0,"skipped":0} 
[2026-05-15 23:00:02] production.INFO: ScheduledJobManager started {"execution_time":"2026-05-15T23:00:02+00:00"} 
[2026-05-15 23:00:02] production.INFO: ScheduledJobManager completed {"execution_time":"2026-05-15T23:00:02+00:00","duration_ms":15.274,"dispatched":0,"skipped":0} 
[2026-05-15 23:01:01] production.INFO: ScheduledJobManager started {"execution_time":"2026-05-15T23:01:01+00:00"} 
[2026-05-15 23:01:01] production.INFO: ScheduledJobManager completed {"execution_time":"2026-05-15T23:01:01+00:00","duration_ms":12.321,"dispatched":0,"skipped":0} 
[2026-05-15 23:02:01] production.INFO: ScheduledJobManager started {"execution_time":"2026-05-15T23:02:01+00:00"} 
[2026-05-15 23:02:01] production.INFO: ScheduledJobManager completed {"execution_time":"2026-05-15T23:02:01+00:00","duration_ms":12.147,"dispatched":0,"skipped":0} 
[2026-05-15 23:03:01] production.INFO: ScheduledJobManager started {"execution_time":"2026-05-15T23:03:01+00:00"} 
[2026-05-15 23:03:01] production.INFO: ScheduledJobManager completed {"execution_time":"2026-05-15T23:03:01+00:00","duration_ms":12.273,"dispatched":0,"skipped":0} 
[2026-05-15 23:04:01] production.INFO: ScheduledJobManager started {"execution_time":"2026-05-15T23:04:01+00:00"} 
[2026-05-15 23:04:01] production.INFO: ScheduledJobManager completed {"execution_time":"2026-05-15T23:04:01+00:00","duration_ms":12.467,"dispatched":0,"skipped":0} 
[2026-05-15 23:05:01] production.INFO: ScheduledJobManager started {"execution_time":"2026-05-15T23:05:01+00:00"} 
[2026-05-15 23:05:01] production.INFO: ScheduledJobManager completed {"execution_time":"2026-05-15T23:05:01+00:00","duration_ms":12.913,"dispatched":0,"skipped":0} 
[2026-05-15 23:06:01] production.INFO: ScheduledJobManager started {"execution_time":"2026-05-15T23:06:01+00:00"} 
[2026-05-15 23:06:01] production.INFO: ScheduledJobManager completed {"execution_time":"2026-05-15T23:06:01+00:00","duration_ms":12.432,"dispatched":0,"skipped":0} 
[2026-05-15 23:07:01] production.INFO: ScheduledJobManager started {"execution_time":"2026-05-15T23:07:01+00:00"} 
[2026-05-15 23:07:01] production.INFO: ScheduledJobManager completed {"execution_time":"2026-05-15T23:07:01+00:00","duration_ms":12.158,"dispatched":0,"skipped":0} 
[2026-05-15 23:08:01] production.INFO: ScheduledJobManager started {"execution_time":"2026-05-15T23:08:01+00:00"} 
[2026-05-15 23:08:01] production.INFO: ScheduledJobManager completed {"execution_time":"2026-05-15T23:08:01+00:00","duration_ms":12.224,"dispatched":0,"skipped":0} 
[2026-05-15 23:09:01] production.INFO: ScheduledJobManager started {"execution_time":"2026-05-15T23:09:01+00:00"} 
[2026-05-15 23:09:01] production.INFO: ScheduledJobManager completed {"execution_time":"2026-05-15T23:09:01+00:00","duration_ms":12.128,"dispatched":0,"skipped":0} 
[2026-05-15 23:10:01] production.INFO: ScheduledJobManager started {"execution_time":"2026-05-15T23:10:01+00:00"} 
[2026-05-15 23:10:01] production.INFO: ScheduledJobManager completed {"execution_time":"2026-05-15T23:10:01+00:00","duration_ms":14.385,"dispatched":0,"skipped":0} 
[2026-05-15 23:11:01] production.INFO: ScheduledJobManager started {"execution_time":"2026-05-15T23:11:01+00:00"} 
[2026-05-15 23:11:01] production.INFO: ScheduledJobManager completed {"execution_time":"2026-05-15T23:11:01+00:00","duration_ms":11.155,"dispatched":0,"skipped":0} 
[2026-05-15 23:12:01] production.INFO: ScheduledJobManager started {"execution_time":"2026-05-15T23:12:01+00:00"} 
[2026-05-15 23:12:01] production.INFO: ScheduledJobManager completed {"execution_time":"2026-05-15T23:12:01+00:00","duration_ms":12.262,"dispatched":0,"skipped":0} 
[2026-05-15 23:13:01] production.INFO: ScheduledJobManager started {"execution_time":"2026-05-15T23:13:01+00:00"} 
[2026-05-15 23:13:01] production.INFO: ScheduledJobManager completed {"execution_time":"2026-05-15T23:13:01+00:00","duration_ms":11.132,"dispatched":0,"skipped":0} 
[2026-05-15 23:14:01] production.INFO: ScheduledJobManager started {"execution_time":"2026-05-15T23:14:01+00:00"} 
[2026-05-15 23:14:01] production.INFO: ScheduledJobManager completed {"execution_time":"2026-05-15T23:14:01+00:00","duration_ms":6.312,"dispatched":0,"skipped":0} 
[2026-05-15 23:15:01] production.INFO: ScheduledJobManager started {"execution_time":"2026-05-15T23:15:01+00:00"} 
[2026-05-15 23:15:01] production.INFO: ScheduledJobManager completed {"execution_time":"2026-05-15T23:15:01+00:00","duration_ms":13.541,"dispatched":0,"skipped":0} 
[2026-05-15 23:16:01] production.INFO: ScheduledJobManager started {"execution_time":"2026-05-15T23:16:01+00:00"} 
[2026-05-15 23:16:01] production.INFO: ScheduledJobManager completed {"execution_time":"2026-05-15T23:16:01+00:00","duration_ms":15.952,"dispatched":0,"skipped":0} 
[2026-05-15 23:17:01] production.INFO: ScheduledJobManager started {"execution_time":"2026-05-15T23:17:01+00:00"} 
[2026-05-15 23:17:01] production.INFO: ScheduledJobManager completed {"execution_time":"2026-05-15T23:17:01+00:00","duration_ms":12.578,"dispatched":0,"skipped":0} 
[2026-05-15 23:18:01] production.INFO: ScheduledJobManager started {"execution_time":"2026-05-15T23:18:01+00:00"} 
[2026-05-15 23:18:01] production.INFO: ScheduledJobManager completed {"execution_time":"2026-05-15T23:18:01+00:00","duration_ms":12.579,"dispatched":0,"skipped":0} 
[2026-05-15 23:19:01] production.INFO: ScheduledJobManager started {"execution_time":"2026-05-15T23:19:01+00:00"} 
[2026-05-15 23:19:01] production.INFO: ScheduledJobManager completed {"execution_time":"2026-05-15T23:19:01+00:00","duration_ms":12.27,"dispatched":0,"skipped":0} 
[2026-05-15 23:20:01] production.INFO: ScheduledJobManager started {"execution_time":"2026-05-15T23:20:01+00:00"} 
[2026-05-15 23:20:01] production.INFO: ScheduledJobManager completed {"execution_time":"2026-05-15T23:20:01+00:00","duration_ms":5.307,"dispatched":0,"skipped":0} 
[2026-05-15 23:21:01] production.INFO: ScheduledJobManager started {"execution_time":"2026-05-15T23:21:01+00:00"} 
[2026-05-15 23:21:01] production.INFO: ScheduledJobManager completed {"execution_time":"2026-05-15T23:21:01+00:00","duration_ms":11.836,"dispatched":0,"skipped":0} 
[2026-05-15 23:22:01] production.INFO: ScheduledJobManager started {"execution_time":"2026-05-15T23:22:01+00:00"} 
[2026-05-15 23:22:01] production.INFO: ScheduledJobManager completed {"execution_time":"2026-05-15T23:22:01+00:00","duration_ms":12.031,"dispatched":0,"skipped":0} 
[2026-05-15 23:23:01] production.INFO: ScheduledJobManager started {"execution_time":"2026-05-15T23:23:01+00:00"} 
[2026-05-15 23:23:01] production.INFO: ScheduledJobManager completed {"execution_time":"2026-05-15T23:23:01+00:00","duration_ms":12.128,"dispatched":0,"skipped":0} 
[2026-05-15 23:24:01] production.INFO: ScheduledJobManager started {"execution_time":"2026-05-15T23:24:01+00:00"} 
[2026-05-15 23:24:01] production.INFO: ScheduledJobManager completed {"execution_time":"2026-05-15T23:24:01+00:00","duration_ms":12.672,"dispatched":0,"skipped":0} 
[2026-05-15 23:25:01] production.INFO: ScheduledJobManager started {"execution_time":"2026-05-15T23:25:01+00:00"} 
[2026-05-15 23:25:01] production.INFO: ScheduledJobManager completed {"execution_time":"2026-05-15T23:25:01+00:00","duration_ms":12.831,"dispatched":0,"skipped":0} 
[2026-05-15 23:26:01] production.INFO: ScheduledJobManager started {"execution_time":"2026-05-15T23:26:01+00:00"} 
[2026-05-15 23:26:01] production.INFO: ScheduledJobManager completed {"execution_time":"2026-05-15T23:26:01+00:00","duration_ms":12.037,"dispatched":0,"skipped":0} 
[2026-05-15 23:27:01] production.INFO: ScheduledJobManager started {"execution_time":"2026-05-15T23:27:01+00:00"} 
[2026-05-15 23:27:01] production.INFO: ScheduledJobManager completed {"execution_time":"2026-05-15T23:27:01+00:00","duration_ms":12.185,"dispatched":0,"skipped":0} 
[2026-05-15 23:28:01] production.INFO: ScheduledJobManager started {"execution_time":"2026-05-15T23:28:01+00:00"} 
[2026-05-15 23:28:01] production.INFO: ScheduledJobManager completed {"execution_time":"2026-05-15T23:28:01+00:00","duration_ms":5.361,"dispatched":0,"skipped":0} 
[2026-05-15 23:29:01] production.INFO: ScheduledJobManager started {"execution_time":"2026-05-15T23:29:01+00:00"} 
[2026-05-15 23:29:01] production.INFO: ScheduledJobManager completed {"execution_time":"2026-05-15T23:29:01+00:00","duration_ms":17.149,"dispatched":0,"skipped":0} 
[2026-05-15 23:30:01] production.INFO: ScheduledJobManager started {"execution_time":"2026-05-15T23:30:01+00:00"} 
[2026-05-15 23:30:01] production.INFO: ScheduledJobManager completed {"execution_time":"2026-05-15T23:30:01+00:00","duration_ms":5.428,"dispatched":0,"skipped":0} 
[2026-05-15 23:31:01] production.INFO: ScheduledJobManager started {"execution_time":"2026-05-15T23:31:01+00:00"} 
[2026-05-15 23:31:01] production.INFO: ScheduledJobManager completed {"execution_time":"2026-05-15T23:31:01+00:00","duration_ms":11.992,"dispatched":0,"skipped":0} 
[2026-05-15 23:32:01] production.INFO: ScheduledJobManager started {"execution_time":"2026-05-15T23:32:01+00:00"} 
[2026-05-15 23:32:01] production.INFO: ScheduledJobManager completed {"execution_time":"2026-05-15T23:32:01+00:00","duration_ms":13.883,"dispatched":0,"skipped":0} 
[2026-05-15 23:33:01] production.INFO: ScheduledJobManager started {"execution_time":"2026-05-15T23:33:01+00:00"} 
[2026-05-15 23:33:01] production.INFO: ScheduledJobManager completed {"execution_time":"2026-05-15T23:33:01+00:00","duration_ms":11.524,"dispatched":0,"skipped":0} 
[2026-05-15 23:34:01] production.INFO: ScheduledJobManager started {"execution_time":"2026-05-15T23:34:01+00:00"} 
[2026-05-15 23:34:01] production.INFO: ScheduledJobManager completed {"execution_time":"2026-05-15T23:34:01+00:00","duration_ms":11.166,"dispatched":0,"skipped":0} 
[2026-05-15 23:35:01] production.INFO: ScheduledJobManager started {"execution_time":"2026-05-15T23:35:01+00:00"} 
[2026-05-15 23:35:01] production.INFO: ScheduledJobManager completed {"execution_time":"2026-05-15T23:35:01+00:00","duration_ms":11.235,"dispatched":0,"skipped":0} 
[2026-05-15 23:36:01] production.INFO: ScheduledJobManager started {"execution_time":"2026-05-15T23:36:01+00:00"} 
[2026-05-15 23:36:01] production.INFO: ScheduledJobManager completed {"execution_time":"2026-05-15T23:36:01+00:00","duration_ms":12.343,"dispatched":0,"skipped":0} 
[2026-05-15 23:37:01] production.INFO: ScheduledJobManager started {"execution_time":"2026-05-15T23:37:01+00:00"} 
[2026-05-15 23:37:01] production.INFO: ScheduledJobManager completed {"execution_time":"2026-05-15T23:37:01+00:00","duration_ms":12.222,"dispatched":0,"skipped":0} 
[2026-05-15 23:38:01] production.INFO: ScheduledJobManager started {"execution_time":"2026-05-15T23:38:01+00:00"} 
[2026-05-15 23:38:01] production.INFO: ScheduledJobManager completed {"execution_time":"2026-05-15T23:38:01+00:00","duration_ms":12.701,"dispatched":0,"skipped":0} 
[2026-05-15 23:39:01] production.INFO: ScheduledJobManager started {"execution_time":"2026-05-15T23:39:01+00:00"} 
[2026-05-15 23:39:01] production.INFO: ScheduledJobManager completed {"execution_time":"2026-05-15T23:39:01+00:00","duration_ms":11.858,"dispatched":0,"skipped":0} 
[2026-05-15 23:40:01] production.INFO: ScheduledJobManager started {"execution_time":"2026-05-15T23:40:01+00:00"} 
[2026-05-15 23:40:01] production.INFO: ScheduledJobManager completed {"execution_time":"2026-05-15T23:40:01+00:00","duration_ms":12.453,"dispatched":0,"skipped":0} 
[2026-05-15 23:41:01] production.INFO: ScheduledJobManager started {"execution_time":"2026-05-15T23:41:01+00:00"} 
[2026-05-15 23:41:01] production.INFO: ScheduledJobManager completed {"execution_time":"2026-05-15T23:41:01+00:00","duration_ms":12.325,"dispatched":0,"skipped":0} 
[2026-05-15 23:42:01] production.INFO: ScheduledJobManager started {"execution_time":"2026-05-15T23:42:01+00:00"} 
[2026-05-15 23:42:01] production.INFO: ScheduledJobManager completed {"execution_time":"2026-05-15T23:42:01+00:00","duration_ms":12.629,"dispatched":0,"skipped":0} 
[2026-05-15 23:43:01] production.INFO: ScheduledJobManager started {"execution_time":"2026-05-15T23:43:01+00:00"} 
[2026-05-15 23:43:01] production.INFO: ScheduledJobManager completed {"execution_time":"2026-05-15T23:43:01+00:00","duration_ms":12.879,"dispatched":0,"skipped":0} 
[2026-05-15 23:44:01] production.INFO: ScheduledJobManager started {"execution_time":"2026-05-15T23:44:01+00:00"} 
[2026-05-15 23:44:01] production.INFO: ScheduledJobManager completed {"execution_time":"2026-05-15T23:44:01+00:00","duration_ms":13.07,"dispatched":0,"skipped":0} 
[2026-05-15 23:45:01] production.INFO: ScheduledJobManager started {"execution_time":"2026-05-15T23:45:01+00:00"} 
[2026-05-15 23:45:01] production.INFO: ScheduledJobManager completed {"execution_time":"2026-05-15T23:45:01+00:00","duration_ms":4.353,"dispatched":0,"skipped":0} 
[2026-05-15 23:46:01] production.INFO: ScheduledJobManager started {"execution_time":"2026-05-15T23:46:01+00:00"} 
[2026-05-15 23:46:01] production.INFO: ScheduledJobManager completed {"execution_time":"2026-05-15T23:46:01+00:00","duration_ms":11.995,"dispatched":0,"skipped":0} 
[2026-05-15 23:47:01] production.INFO: ScheduledJobManager started {"execution_time":"2026-05-15T23:47:01+00:00"} 
[2026-05-15 23:47:01] production.INFO: ScheduledJobManager completed {"execution_time":"2026-05-15T23:47:01+00:00","duration_ms":12.133,"dispatched":0,"skipped":0} 
[2026-05-15 23:48:01] production.INFO: ScheduledJobManager started {"execution_time":"2026-05-15T23:48:01+00:00"} 
[2026-05-15 23:48:01] production.INFO: ScheduledJobManager completed {"execution_time":"2026-05-15T23:48:01+00:00","duration_ms":16.178,"dispatched":0,"skipped":0} 
[2026-05-15 23:49:01] production.INFO: ScheduledJobManager started {"execution_time":"2026-05-15T23:49:01+00:00"} 
[2026-05-15 23:49:01] production.INFO: ScheduledJobManager completed {"execution_time":"2026-05-15T23:49:01+00:00","duration_ms":11.962,"dispatched":0,"skipped":0} 
[2026-05-15 23:50:01] production.INFO: ScheduledJobManager started {"execution_time":"2026-05-15T23:50:01+00:00"} 
[2026-05-15 23:50:01] production.INFO: ScheduledJobManager completed {"execution_time":"2026-05-15T23:50:01+00:00","duration_ms":54.283,"dispatched":0,"skipped":0} 
[2026-05-15 23:51:01] production.INFO: ScheduledJobManager started {"execution_time":"2026-05-15T23:51:01+00:00"} 
[2026-05-15 23:51:01] production.INFO: ScheduledJobManager completed {"execution_time":"2026-05-15T23:51:01+00:00","duration_ms":12.773,"dispatched":0,"skipped":0} 
[2026-05-15 23:52:01] production.INFO: ScheduledJobManager started {"execution_time":"2026-05-15T23:52:01+00:00"} 
[2026-05-15 23:52:01] production.INFO: ScheduledJobManager completed {"execution_time":"2026-05-15T23:52:01+00:00","duration_ms":11.073,"dispatched":0,"skipped":0} 
[2026-05-15 23:53:01] production.INFO: ScheduledJobManager started {"execution_time":"2026-05-15T23:53:01+00:00"} 
[2026-05-15 23:53:01] production.INFO: ScheduledJobManager completed {"execution_time":"2026-05-15T23:53:01+00:00","duration_ms":11.355,"dispatched":0,"skipped":0} 
[2026-05-15 23:54:01] production.INFO: ScheduledJobManager started {"execution_time":"2026-05-15T23:54:01+00:00"} 
[2026-05-15 23:54:01] production.INFO: ScheduledJobManager completed {"execution_time":"2026-05-15T23:54:01+00:00","duration_ms":11.166,"dispatched":0,"skipped":0} 
[2026-05-15 23:55:01] production.INFO: ScheduledJobManager started {"execution_time":"2026-05-15T23:55:01+00:00"} 
[2026-05-15 23:55:01] production.INFO: ScheduledJobManager completed {"execution_time":"2026-05-15T23:55:01+00:00","duration_ms":11.407,"dispatched":0,"skipped":0} 
[2026-05-15 23:56:01] production.INFO: ScheduledJobManager started {"execution_time":"2026-05-15T23:56:01+00:00"} 
[2026-05-15 23:56:01] production.INFO: ScheduledJobManager completed {"execution_time":"2026-05-15T23:56:01+00:00","duration_ms":11.04,"dispatched":0,"skipped":0} 
[2026-05-15 23:57:02] production.INFO: ScheduledJobManager started {"execution_time":"2026-05-15T23:57:02+00:00"} 
[2026-05-15 23:57:02] production.INFO: ScheduledJobManager completed {"execution_time":"2026-05-15T23:57:02+00:00","duration_ms":12.209,"dispatched":0,"skipped":0} 
[2026-05-15 23:58:01] production.INFO: ScheduledJobManager started {"execution_time":"2026-05-15T23:58:01+00:00"} 
[2026-05-15 23:58:01] production.INFO: ScheduledJobManager completed {"execution_time":"2026-05-15T23:58:01+00:00","duration_ms":13.227,"dispatched":0,"skipped":0} 
[2026-05-15 23:59:01] production.INFO: ScheduledJobManager started {"execution_time":"2026-05-15T23:59:01+00:00"} 
[2026-05-15 23:59:01] production.INFO: ScheduledJobManager completed {"execution_time":"2026-05-15T23:59:01+00:00","duration_ms":12.244,"dispatched":0,"skipped":0} 
