[2026-05-16 00:00:04] production.INFO: ScheduledJobManager started {"execution_time":"2026-05-16T00:00:04+00:00"} 
[2026-05-16 00:00:04] production.INFO: Docker cleanup dispatched {"server_id":1,"server_name":"SARVER ","team_id":4} 
[2026-05-16 00:00:04] production.INFO: Docker cleanup dispatched {"server_id":0,"server_name":"localhost","team_id":0} 
[2026-05-16 00:00:04] production.INFO: ScheduledJobManager completed {"execution_time":"2026-05-16T00:00:04+00:00","duration_ms":43.035,"dispatched":2,"skipped":0} 
[2026-05-16 00:01:01] production.INFO: ScheduledJobManager started {"execution_time":"2026-05-16T00:01:01+00:00"} 
[2026-05-16 00:01:01] production.INFO: ScheduledJobManager completed {"execution_time":"2026-05-16T00:01:01+00:00","duration_ms":35.226,"dispatched":0,"skipped":0} 
[2026-05-16 00:02:01] production.INFO: ScheduledJobManager started {"execution_time":"2026-05-16T00:02:01+00:00"} 
[2026-05-16 00:02:01] production.INFO: ScheduledJobManager completed {"execution_time":"2026-05-16T00:02:01+00:00","duration_ms":12.321,"dispatched":0,"skipped":0} 
[2026-05-16 00:03:01] production.INFO: ScheduledJobManager started {"execution_time":"2026-05-16T00:03:01+00:00"} 
[2026-05-16 00:03:01] production.INFO: ScheduledJobManager completed {"execution_time":"2026-05-16T00:03:01+00:00","duration_ms":11.933,"dispatched":0,"skipped":0} 
[2026-05-16 00:04:01] production.INFO: ScheduledJobManager started {"execution_time":"2026-05-16T00:04:01+00:00"} 
[2026-05-16 00:04:01] production.INFO: ScheduledJobManager completed {"execution_time":"2026-05-16T00:04:01+00:00","duration_ms":12.574,"dispatched":0,"skipped":0} 
[2026-05-16 00:05:01] production.INFO: ScheduledJobManager started {"execution_time":"2026-05-16T00:05:01+00:00"} 
[2026-05-16 00:05:01] production.INFO: ScheduledJobManager completed {"execution_time":"2026-05-16T00:05:01+00:00","duration_ms":12.64,"dispatched":0,"skipped":0} 
[2026-05-16 00:06:01] production.INFO: ScheduledJobManager started {"execution_time":"2026-05-16T00:06:01+00:00"} 
[2026-05-16 00:06:01] production.INFO: ScheduledJobManager completed {"execution_time":"2026-05-16T00:06:01+00:00","duration_ms":11.945,"dispatched":0,"skipped":0} 
[2026-05-16 00:07:01] production.INFO: ScheduledJobManager started {"execution_time":"2026-05-16T00:07:01+00:00"} 
[2026-05-16 00:07:01] production.INFO: ScheduledJobManager completed {"execution_time":"2026-05-16T00:07:01+00:00","duration_ms":16.944,"dispatched":0,"skipped":0} 
[2026-05-16 00:08:01] production.INFO: ScheduledJobManager started {"execution_time":"2026-05-16T00:08:01+00:00"} 
[2026-05-16 00:08:01] production.INFO: ScheduledJobManager completed {"execution_time":"2026-05-16T00:08:01+00:00","duration_ms":12.098,"dispatched":0,"skipped":0} 
[2026-05-16 00:09:01] production.INFO: ScheduledJobManager started {"execution_time":"2026-05-16T00:09:01+00:00"} 
[2026-05-16 00:09:01] production.INFO: ScheduledJobManager completed {"execution_time":"2026-05-16T00:09:01+00:00","duration_ms":12.714,"dispatched":0,"skipped":0} 
[2026-05-16 00:10:01] production.INFO: ScheduledJobManager started {"execution_time":"2026-05-16T00:10:01+00:00"} 
[2026-05-16 00:10:01] production.INFO: ScheduledJobManager completed {"execution_time":"2026-05-16T00:10:01+00:00","duration_ms":12.121,"dispatched":0,"skipped":0} 
[2026-05-16 00:11:02] production.INFO: ScheduledJobManager started {"execution_time":"2026-05-16T00:11:02+00:00"} 
[2026-05-16 00:11:02] production.INFO: ScheduledJobManager completed {"execution_time":"2026-05-16T00:11:02+00:00","duration_ms":12.631,"dispatched":0,"skipped":0} 
[2026-05-16 00:12:01] production.INFO: ScheduledJobManager started {"execution_time":"2026-05-16T00:12:01+00:00"} 
[2026-05-16 00:12:01] production.INFO: ScheduledJobManager completed {"execution_time":"2026-05-16T00:12:01+00:00","duration_ms":12.121,"dispatched":0,"skipped":0} 
[2026-05-16 00:13:01] production.INFO: ScheduledJobManager started {"execution_time":"2026-05-16T00:13:01+00:00"} 
[2026-05-16 00:13:01] production.INFO: ScheduledJobManager completed {"execution_time":"2026-05-16T00:13:01+00:00","duration_ms":11.277,"dispatched":0,"skipped":0} 
[2026-05-16 00:14:01] production.INFO: ScheduledJobManager started {"execution_time":"2026-05-16T00:14:01+00:00"} 
[2026-05-16 00:14:01] production.INFO: ScheduledJobManager completed {"execution_time":"2026-05-16T00:14:01+00:00","duration_ms":5.1,"dispatched":0,"skipped":0} 
[2026-05-16 00:15:01] production.INFO: ScheduledJobManager started {"execution_time":"2026-05-16T00:15:01+00:00"} 
[2026-05-16 00:15:01] production.INFO: ScheduledJobManager completed {"execution_time":"2026-05-16T00:15:01+00:00","duration_ms":12.359,"dispatched":0,"skipped":0} 
[2026-05-16 00:16:01] production.INFO: ScheduledJobManager started {"execution_time":"2026-05-16T00:16:01+00:00"} 
[2026-05-16 00:16:01] production.INFO: ScheduledJobManager completed {"execution_time":"2026-05-16T00:16:01+00:00","duration_ms":12.225,"dispatched":0,"skipped":0} 
[2026-05-16 00:17:01] production.INFO: ScheduledJobManager started {"execution_time":"2026-05-16T00:17:01+00:00"} 
[2026-05-16 00:17:01] production.INFO: ScheduledJobManager completed {"execution_time":"2026-05-16T00:17:01+00:00","duration_ms":12.254,"dispatched":0,"skipped":0} 
[2026-05-16 00:18:01] production.INFO: ScheduledJobManager started {"execution_time":"2026-05-16T00:18:01+00:00"} 
[2026-05-16 00:18:01] production.INFO: ScheduledJobManager completed {"execution_time":"2026-05-16T00:18:01+00:00","duration_ms":18.032,"dispatched":0,"skipped":0} 
[2026-05-16 00:19:01] production.INFO: ScheduledJobManager started {"execution_time":"2026-05-16T00:19:01+00:00"} 
[2026-05-16 00:19:01] production.INFO: ScheduledJobManager completed {"execution_time":"2026-05-16T00:19:01+00:00","duration_ms":12.196,"dispatched":0,"skipped":0} 
[2026-05-16 00:20:01] production.INFO: ScheduledJobManager started {"execution_time":"2026-05-16T00:20:01+00:00"} 
[2026-05-16 00:20:01] production.INFO: ScheduledJobManager completed {"execution_time":"2026-05-16T00:20:01+00:00","duration_ms":5.987,"dispatched":0,"skipped":0} 
[2026-05-16 00:21:01] production.INFO: ScheduledJobManager started {"execution_time":"2026-05-16T00:21:01+00:00"} 
[2026-05-16 00:21:01] production.INFO: ScheduledJobManager completed {"execution_time":"2026-05-16T00:21:01+00:00","duration_ms":12.226,"dispatched":0,"skipped":0} 
[2026-05-16 00:22:01] production.INFO: ScheduledJobManager started {"execution_time":"2026-05-16T00:22:01+00:00"} 
[2026-05-16 00:22:01] production.INFO: ScheduledJobManager completed {"execution_time":"2026-05-16T00:22:01+00:00","duration_ms":12.225,"dispatched":0,"skipped":0} 
[2026-05-16 00:23:01] production.INFO: ScheduledJobManager started {"execution_time":"2026-05-16T00:23:01+00:00"} 
[2026-05-16 00:23:01] production.INFO: ScheduledJobManager completed {"execution_time":"2026-05-16T00:23:01+00:00","duration_ms":12.112,"dispatched":0,"skipped":0} 
[2026-05-16 00:24:01] production.INFO: ScheduledJobManager started {"execution_time":"2026-05-16T00:24:01+00:00"} 
[2026-05-16 00:24:01] production.INFO: ScheduledJobManager completed {"execution_time":"2026-05-16T00:24:01+00:00","duration_ms":12.26,"dispatched":0,"skipped":0} 
[2026-05-16 00:25:01] production.INFO: ScheduledJobManager started {"execution_time":"2026-05-16T00:25:01+00:00"} 
[2026-05-16 00:25:01] production.INFO: ScheduledJobManager completed {"execution_time":"2026-05-16T00:25:01+00:00","duration_ms":12.7,"dispatched":0,"skipped":0} 
[2026-05-16 00:26:01] production.INFO: ScheduledJobManager started {"execution_time":"2026-05-16T00:26:01+00:00"} 
[2026-05-16 00:26:01] production.INFO: ScheduledJobManager completed {"execution_time":"2026-05-16T00:26:01+00:00","duration_ms":12.635,"dispatched":0,"skipped":0} 
[2026-05-16 00:27:01] production.INFO: ScheduledJobManager started {"execution_time":"2026-05-16T00:27:01+00:00"} 
[2026-05-16 00:27:01] production.INFO: ScheduledJobManager completed {"execution_time":"2026-05-16T00:27:01+00:00","duration_ms":18.456,"dispatched":0,"skipped":0} 
[2026-05-16 00:28:01] production.INFO: ScheduledJobManager started {"execution_time":"2026-05-16T00:28:01+00:00"} 
[2026-05-16 00:28:01] production.INFO: ScheduledJobManager completed {"execution_time":"2026-05-16T00:28:01+00:00","duration_ms":16.032,"dispatched":0,"skipped":0} 
[2026-05-16 00:29:01] production.INFO: ScheduledJobManager started {"execution_time":"2026-05-16T00:29:01+00:00"} 
[2026-05-16 00:29:01] production.INFO: ScheduledJobManager completed {"execution_time":"2026-05-16T00:29:01+00:00","duration_ms":12.303,"dispatched":0,"skipped":0} 
[2026-05-16 00:30:01] production.INFO: ScheduledJobManager started {"execution_time":"2026-05-16T00:30:01+00:00"} 
[2026-05-16 00:30:01] production.INFO: ScheduledJobManager completed {"execution_time":"2026-05-16T00:30:01+00:00","duration_ms":5.843,"dispatched":0,"skipped":0} 
[2026-05-16 00:31:01] production.INFO: ScheduledJobManager started {"execution_time":"2026-05-16T00:31:01+00:00"} 
[2026-05-16 00:31:01] production.INFO: ScheduledJobManager completed {"execution_time":"2026-05-16T00:31:01+00:00","duration_ms":17.034,"dispatched":0,"skipped":0} 
[2026-05-16 00:32:01] production.INFO: ScheduledJobManager started {"execution_time":"2026-05-16T00:32:01+00:00"} 
[2026-05-16 00:32:01] production.INFO: ScheduledJobManager completed {"execution_time":"2026-05-16T00:32:01+00:00","duration_ms":12.113,"dispatched":0,"skipped":0} 
[2026-05-16 00:33:01] production.INFO: ScheduledJobManager started {"execution_time":"2026-05-16T00:33:01+00:00"} 
[2026-05-16 00:33:01] production.INFO: ScheduledJobManager completed {"execution_time":"2026-05-16T00:33:01+00:00","duration_ms":11.322,"dispatched":0,"skipped":0} 
[2026-05-16 00:34:01] production.INFO: ScheduledJobManager started {"execution_time":"2026-05-16T00:34:01+00:00"} 
[2026-05-16 00:34:01] production.INFO: ScheduledJobManager completed {"execution_time":"2026-05-16T00:34:01+00:00","duration_ms":11.16,"dispatched":0,"skipped":0} 
[2026-05-16 00:35:01] production.INFO: ScheduledJobManager started {"execution_time":"2026-05-16T00:35:01+00:00"} 
[2026-05-16 00:35:01] production.INFO: ScheduledJobManager completed {"execution_time":"2026-05-16T00:35:01+00:00","duration_ms":11.216,"dispatched":0,"skipped":0} 
[2026-05-16 00:36:01] production.INFO: ScheduledJobManager started {"execution_time":"2026-05-16T00:36:01+00:00"} 
[2026-05-16 00:36:01] production.INFO: ScheduledJobManager completed {"execution_time":"2026-05-16T00:36:01+00:00","duration_ms":11.284,"dispatched":0,"skipped":0} 
[2026-05-16 00:37:01] production.INFO: ScheduledJobManager started {"execution_time":"2026-05-16T00:37:01+00:00"} 
[2026-05-16 00:37:01] production.INFO: ScheduledJobManager completed {"execution_time":"2026-05-16T00:37:01+00:00","duration_ms":12.325,"dispatched":0,"skipped":0} 
[2026-05-16 00:38:01] production.INFO: ScheduledJobManager started {"execution_time":"2026-05-16T00:38:01+00:00"} 
[2026-05-16 00:38:01] production.INFO: ScheduledJobManager completed {"execution_time":"2026-05-16T00:38:01+00:00","duration_ms":12.388,"dispatched":0,"skipped":0} 
[2026-05-16 00:39:01] production.INFO: ScheduledJobManager started {"execution_time":"2026-05-16T00:39:01+00:00"} 
[2026-05-16 00:39:01] production.INFO: ScheduledJobManager completed {"execution_time":"2026-05-16T00:39:01+00:00","duration_ms":11.963,"dispatched":0,"skipped":0} 
[2026-05-16 00:40:01] production.INFO: ScheduledJobManager started {"execution_time":"2026-05-16T00:40:01+00:00"} 
[2026-05-16 00:40:01] production.INFO: ScheduledJobManager completed {"execution_time":"2026-05-16T00:40:01+00:00","duration_ms":12.216,"dispatched":0,"skipped":0} 
[2026-05-16 00:41:01] production.INFO: ScheduledJobManager started {"execution_time":"2026-05-16T00:41:01+00:00"} 
[2026-05-16 00:41:01] production.INFO: ScheduledJobManager completed {"execution_time":"2026-05-16T00:41:01+00:00","duration_ms":12.443,"dispatched":0,"skipped":0} 
[2026-05-16 00:42:01] production.INFO: ScheduledJobManager started {"execution_time":"2026-05-16T00:42:01+00:00"} 
[2026-05-16 00:42:01] production.INFO: ScheduledJobManager completed {"execution_time":"2026-05-16T00:42:01+00:00","duration_ms":5.333,"dispatched":0,"skipped":0} 
[2026-05-16 00:43:01] production.INFO: ScheduledJobManager started {"execution_time":"2026-05-16T00:43:01+00:00"} 
[2026-05-16 00:43:01] production.INFO: ScheduledJobManager completed {"execution_time":"2026-05-16T00:43:01+00:00","duration_ms":11.884,"dispatched":0,"skipped":0} 
[2026-05-16 00:44:01] production.INFO: ScheduledJobManager started {"execution_time":"2026-05-16T00:44:01+00:00"} 
[2026-05-16 00:44:01] production.INFO: ScheduledJobManager completed {"execution_time":"2026-05-16T00:44:01+00:00","duration_ms":5.921,"dispatched":0,"skipped":0} 
[2026-05-16 00:45:01] production.INFO: ScheduledJobManager started {"execution_time":"2026-05-16T00:45:01+00:00"} 
[2026-05-16 00:45:01] production.INFO: ScheduledJobManager completed {"execution_time":"2026-05-16T00:45:01+00:00","duration_ms":12.452,"dispatched":0,"skipped":0} 
[2026-05-16 00:46:01] production.INFO: ScheduledJobManager started {"execution_time":"2026-05-16T00:46:01+00:00"} 
[2026-05-16 00:46:01] production.INFO: ScheduledJobManager completed {"execution_time":"2026-05-16T00:46:01+00:00","duration_ms":12.778,"dispatched":0,"skipped":0} 
[2026-05-16 00:47:01] production.INFO: ScheduledJobManager started {"execution_time":"2026-05-16T00:47:01+00:00"} 
[2026-05-16 00:47:01] production.INFO: ScheduledJobManager completed {"execution_time":"2026-05-16T00:47:01+00:00","duration_ms":12.285,"dispatched":0,"skipped":0} 
[2026-05-16 00:48:01] production.INFO: ScheduledJobManager started {"execution_time":"2026-05-16T00:48:01+00:00"} 
[2026-05-16 00:48:01] production.INFO: ScheduledJobManager completed {"execution_time":"2026-05-16T00:48:01+00:00","duration_ms":12.739,"dispatched":0,"skipped":0} 
[2026-05-16 00:49:01] production.INFO: ScheduledJobManager started {"execution_time":"2026-05-16T00:49:01+00:00"} 
[2026-05-16 00:49:01] production.INFO: ScheduledJobManager completed {"execution_time":"2026-05-16T00:49:01+00:00","duration_ms":19.207,"dispatched":0,"skipped":0} 
[2026-05-16 00:50:01] production.INFO: ScheduledJobManager started {"execution_time":"2026-05-16T00:50:01+00:00"} 
[2026-05-16 00:50:01] production.INFO: ScheduledJobManager completed {"execution_time":"2026-05-16T00:50:01+00:00","duration_ms":5.874,"dispatched":0,"skipped":0} 
[2026-05-16 00:51:01] production.INFO: ScheduledJobManager started {"execution_time":"2026-05-16T00:51:01+00:00"} 
[2026-05-16 00:51:01] production.INFO: ScheduledJobManager completed {"execution_time":"2026-05-16T00:51:01+00:00","duration_ms":12.015,"dispatched":0,"skipped":0} 
[2026-05-16 00:52:01] production.INFO: ScheduledJobManager started {"execution_time":"2026-05-16T00:52:01+00:00"} 
[2026-05-16 00:52:01] production.INFO: ScheduledJobManager completed {"execution_time":"2026-05-16T00:52:01+00:00","duration_ms":12.171,"dispatched":0,"skipped":0} 
[2026-05-16 00:53:01] production.INFO: ScheduledJobManager started {"execution_time":"2026-05-16T00:53:01+00:00"} 
[2026-05-16 00:53:01] production.INFO: ScheduledJobManager completed {"execution_time":"2026-05-16T00:53:01+00:00","duration_ms":11.223,"dispatched":0,"skipped":0} 
[2026-05-16 00:54:01] production.INFO: ScheduledJobManager started {"execution_time":"2026-05-16T00:54:01+00:00"} 
[2026-05-16 00:54:01] production.INFO: ScheduledJobManager completed {"execution_time":"2026-05-16T00:54:01+00:00","duration_ms":11.46,"dispatched":0,"skipped":0} 
[2026-05-16 00:55:02] production.INFO: ScheduledJobManager started {"execution_time":"2026-05-16T00:55:02+00:00"} 
[2026-05-16 00:55:02] production.INFO: ScheduledJobManager completed {"execution_time":"2026-05-16T00:55:02+00:00","duration_ms":11.345,"dispatched":0,"skipped":0} 
[2026-05-16 00:56:01] production.INFO: ScheduledJobManager started {"execution_time":"2026-05-16T00:56:01+00:00"} 
[2026-05-16 00:56:01] production.INFO: ScheduledJobManager completed {"execution_time":"2026-05-16T00:56:01+00:00","duration_ms":12.14,"dispatched":0,"skipped":0} 
[2026-05-16 00:57:01] production.INFO: ScheduledJobManager started {"execution_time":"2026-05-16T00:57:01+00:00"} 
[2026-05-16 00:57:01] production.INFO: ScheduledJobManager completed {"execution_time":"2026-05-16T00:57:01+00:00","duration_ms":15.477,"dispatched":0,"skipped":0} 
[2026-05-16 00:58:01] production.INFO: ScheduledJobManager started {"execution_time":"2026-05-16T00:58:01+00:00"} 
[2026-05-16 00:58:01] production.INFO: ScheduledJobManager completed {"execution_time":"2026-05-16T00:58:01+00:00","duration_ms":5.951,"dispatched":0,"skipped":0} 
[2026-05-16 00:59:01] production.INFO: ScheduledJobManager started {"execution_time":"2026-05-16T00:59:01+00:00"} 
[2026-05-16 00:59:01] production.INFO: ScheduledJobManager completed {"execution_time":"2026-05-16T00:59:01+00:00","duration_ms":12.38,"dispatched":0,"skipped":0} 
[2026-05-16 01:00:02] production.INFO: ScheduledJobManager started {"execution_time":"2026-05-16T01:00:02+00:00"} 
[2026-05-16 01:00:02] production.INFO: ScheduledJobManager completed {"execution_time":"2026-05-16T01:00:02+00:00","duration_ms":4.838,"dispatched":0,"skipped":0} 
[2026-05-16 01:01:01] production.INFO: ScheduledJobManager started {"execution_time":"2026-05-16T01:01:01+00:00"} 
[2026-05-16 01:01:01] production.INFO: ScheduledJobManager completed {"execution_time":"2026-05-16T01:01:01+00:00","duration_ms":12.433,"dispatched":0,"skipped":0} 
[2026-05-16 01:02:01] production.INFO: ScheduledJobManager started {"execution_time":"2026-05-16T01:02:01+00:00"} 
[2026-05-16 01:02:01] production.INFO: ScheduledJobManager completed {"execution_time":"2026-05-16T01:02:01+00:00","duration_ms":17.538,"dispatched":0,"skipped":0} 
[2026-05-16 01:03:01] production.INFO: ScheduledJobManager started {"execution_time":"2026-05-16T01:03:01+00:00"} 
[2026-05-16 01:03:01] production.INFO: ScheduledJobManager completed {"execution_time":"2026-05-16T01:03:01+00:00","duration_ms":12.121,"dispatched":0,"skipped":0} 
[2026-05-16 01:04:01] production.INFO: ScheduledJobManager started {"execution_time":"2026-05-16T01:04:01+00:00"} 
[2026-05-16 01:04:01] production.INFO: ScheduledJobManager completed {"execution_time":"2026-05-16T01:04:01+00:00","duration_ms":11.997,"dispatched":0,"skipped":0} 
[2026-05-16 01:05:01] production.INFO: ScheduledJobManager started {"execution_time":"2026-05-16T01:05:01+00:00"} 
[2026-05-16 01:05:01] production.INFO: ScheduledJobManager completed {"execution_time":"2026-05-16T01:05:01+00:00","duration_ms":13.004,"dispatched":0,"skipped":0} 
[2026-05-16 01:06:01] production.INFO: ScheduledJobManager started {"execution_time":"2026-05-16T01:06:01+00:00"} 
[2026-05-16 01:06:01] production.INFO: ScheduledJobManager completed {"execution_time":"2026-05-16T01:06:01+00:00","duration_ms":12.266,"dispatched":0,"skipped":0} 
[2026-05-16 01:07:01] production.INFO: ScheduledJobManager started {"execution_time":"2026-05-16T01:07:01+00:00"} 
[2026-05-16 01:07:01] production.INFO: ScheduledJobManager completed {"execution_time":"2026-05-16T01:07:01+00:00","duration_ms":12.763,"dispatched":0,"skipped":0} 
[2026-05-16 01:08:01] production.INFO: ScheduledJobManager started {"execution_time":"2026-05-16T01:08:01+00:00"} 
[2026-05-16 01:08:01] production.INFO: ScheduledJobManager completed {"execution_time":"2026-05-16T01:08:01+00:00","duration_ms":12.233,"dispatched":0,"skipped":0} 
[2026-05-16 01:09:01] production.INFO: ScheduledJobManager started {"execution_time":"2026-05-16T01:09:01+00:00"} 
[2026-05-16 01:09:01] production.INFO: ScheduledJobManager completed {"execution_time":"2026-05-16T01:09:01+00:00","duration_ms":12.551,"dispatched":0,"skipped":0} 
[2026-05-16 01:10:02] production.INFO: ScheduledJobManager started {"execution_time":"2026-05-16T01:10:02+00:00"} 
[2026-05-16 01:10:02] production.INFO: ScheduledJobManager completed {"execution_time":"2026-05-16T01:10:02+00:00","duration_ms":12.365,"dispatched":0,"skipped":0} 
[2026-05-16 01:11:01] production.INFO: ScheduledJobManager started {"execution_time":"2026-05-16T01:11:01+00:00"} 
[2026-05-16 01:11:01] production.INFO: ScheduledJobManager completed {"execution_time":"2026-05-16T01:11:01+00:00","duration_ms":12.092,"dispatched":0,"skipped":0} 
[2026-05-16 01:12:01] production.INFO: ScheduledJobManager started {"execution_time":"2026-05-16T01:12:01+00:00"} 
[2026-05-16 01:12:01] production.INFO: ScheduledJobManager completed {"execution_time":"2026-05-16T01:12:01+00:00","duration_ms":6.004,"dispatched":0,"skipped":0} 
[2026-05-16 01:13:01] production.INFO: ScheduledJobManager started {"execution_time":"2026-05-16T01:13:01+00:00"} 
[2026-05-16 01:13:01] production.INFO: ScheduledJobManager completed {"execution_time":"2026-05-16T01:13:01+00:00","duration_ms":12.119,"dispatched":0,"skipped":0} 
[2026-05-16 01:14:01] production.INFO: ScheduledJobManager started {"execution_time":"2026-05-16T01:14:01+00:00"} 
[2026-05-16 01:14:01] production.INFO: ScheduledJobManager completed {"execution_time":"2026-05-16T01:14:01+00:00","duration_ms":5.542,"dispatched":0,"skipped":0} 
[2026-05-16 01:15:01] production.INFO: ScheduledJobManager started {"execution_time":"2026-05-16T01:15:01+00:00"} 
[2026-05-16 01:15:01] production.INFO: ScheduledJobManager completed {"execution_time":"2026-05-16T01:15:01+00:00","duration_ms":18.959,"dispatched":0,"skipped":0} 
[2026-05-16 01:16:01] production.INFO: ScheduledJobManager started {"execution_time":"2026-05-16T01:16:01+00:00"} 
[2026-05-16 01:16:01] production.INFO: ScheduledJobManager completed {"execution_time":"2026-05-16T01:16:01+00:00","duration_ms":11.048,"dispatched":0,"skipped":0} 
[2026-05-16 01:17:01] production.INFO: ScheduledJobManager started {"execution_time":"2026-05-16T01:17:01+00:00"} 
[2026-05-16 01:17:01] production.INFO: ScheduledJobManager completed {"execution_time":"2026-05-16T01:17:01+00:00","duration_ms":11.35,"dispatched":0,"skipped":0} 
[2026-05-16 01:18:01] production.INFO: ScheduledJobManager started {"execution_time":"2026-05-16T01:18:01+00:00"} 
[2026-05-16 01:18:01] production.INFO: ScheduledJobManager completed {"execution_time":"2026-05-16T01:18:01+00:00","duration_ms":12.849,"dispatched":0,"skipped":0} 
[2026-05-16 01:19:01] production.INFO: ScheduledJobManager started {"execution_time":"2026-05-16T01:19:01+00:00"} 
[2026-05-16 01:19:01] production.INFO: ScheduledJobManager completed {"execution_time":"2026-05-16T01:19:01+00:00","duration_ms":12.747,"dispatched":0,"skipped":0} 
[2026-05-16 01:20:01] production.INFO: ScheduledJobManager started {"execution_time":"2026-05-16T01:20:01+00:00"} 
[2026-05-16 01:20:01] production.INFO: ScheduledJobManager completed {"execution_time":"2026-05-16T01:20:01+00:00","duration_ms":12.103,"dispatched":0,"skipped":0} 
[2026-05-16 01:21:01] production.INFO: ScheduledJobManager started {"execution_time":"2026-05-16T01:21:01+00:00"} 
[2026-05-16 01:21:01] production.INFO: ScheduledJobManager completed {"execution_time":"2026-05-16T01:21:01+00:00","duration_ms":12.255,"dispatched":0,"skipped":0} 
[2026-05-16 01:22:01] production.INFO: ScheduledJobManager started {"execution_time":"2026-05-16T01:22:01+00:00"} 
[2026-05-16 01:22:01] production.INFO: ScheduledJobManager completed {"execution_time":"2026-05-16T01:22:01+00:00","duration_ms":12.5,"dispatched":0,"skipped":0} 
[2026-05-16 01:23:01] production.INFO: ScheduledJobManager started {"execution_time":"2026-05-16T01:23:01+00:00"} 
[2026-05-16 01:23:01] production.INFO: ScheduledJobManager completed {"execution_time":"2026-05-16T01:23:01+00:00","duration_ms":12.115,"dispatched":0,"skipped":0} 
[2026-05-16 01:24:01] production.INFO: ScheduledJobManager started {"execution_time":"2026-05-16T01:24:01+00:00"} 
[2026-05-16 01:24:01] production.INFO: ScheduledJobManager completed {"execution_time":"2026-05-16T01:24:01+00:00","duration_ms":12.883,"dispatched":0,"skipped":0} 
[2026-05-16 01:25:02] production.INFO: ScheduledJobManager started {"execution_time":"2026-05-16T01:25:02+00:00"} 
[2026-05-16 01:25:02] production.INFO: ScheduledJobManager completed {"execution_time":"2026-05-16T01:25:02+00:00","duration_ms":12.168,"dispatched":0,"skipped":0} 
[2026-05-16 01:26:01] production.INFO: ScheduledJobManager started {"execution_time":"2026-05-16T01:26:01+00:00"} 
[2026-05-16 01:26:01] production.INFO: ScheduledJobManager completed {"execution_time":"2026-05-16T01:26:01+00:00","duration_ms":11.934,"dispatched":0,"skipped":0} 
[2026-05-16 01:27:01] production.INFO: ScheduledJobManager started {"execution_time":"2026-05-16T01:27:01+00:00"} 
[2026-05-16 01:27:01] production.INFO: ScheduledJobManager completed {"execution_time":"2026-05-16T01:27:01+00:00","duration_ms":12.725,"dispatched":0,"skipped":0} 
[2026-05-16 01:28:01] production.INFO: ScheduledJobManager started {"execution_time":"2026-05-16T01:28:01+00:00"} 
[2026-05-16 01:28:01] production.INFO: ScheduledJobManager completed {"execution_time":"2026-05-16T01:28:01+00:00","duration_ms":5.702,"dispatched":0,"skipped":0} 
[2026-05-16 01:29:01] production.INFO: ScheduledJobManager started {"execution_time":"2026-05-16T01:29:01+00:00"} 
[2026-05-16 01:29:01] production.INFO: ScheduledJobManager completed {"execution_time":"2026-05-16T01:29:01+00:00","duration_ms":12.079,"dispatched":0,"skipped":0} 
[2026-05-16 01:30:01] production.INFO: ScheduledJobManager started {"execution_time":"2026-05-16T01:30:01+00:00"} 
[2026-05-16 01:30:01] production.INFO: ScheduledJobManager completed {"execution_time":"2026-05-16T01:30:01+00:00","duration_ms":3.964,"dispatched":0,"skipped":0} 
[2026-05-16 01:31:01] production.INFO: ScheduledJobManager started {"execution_time":"2026-05-16T01:31:01+00:00"} 
[2026-05-16 01:31:01] production.INFO: ScheduledJobManager completed {"execution_time":"2026-05-16T01:31:01+00:00","duration_ms":12.426,"dispatched":0,"skipped":0} 
[2026-05-16 01:32:01] production.INFO: ScheduledJobManager started {"execution_time":"2026-05-16T01:32:01+00:00"} 
[2026-05-16 01:32:01] production.INFO: ScheduledJobManager completed {"execution_time":"2026-05-16T01:32:01+00:00","duration_ms":12.063,"dispatched":0,"skipped":0} 
[2026-05-16 01:33:01] production.INFO: ScheduledJobManager started {"execution_time":"2026-05-16T01:33:01+00:00"} 
[2026-05-16 01:33:01] production.INFO: ScheduledJobManager completed {"execution_time":"2026-05-16T01:33:01+00:00","duration_ms":12.239,"dispatched":0,"skipped":0} 
[2026-05-16 01:34:01] production.INFO: ScheduledJobManager started {"execution_time":"2026-05-16T01:34:01+00:00"} 
[2026-05-16 01:34:01] production.INFO: ScheduledJobManager completed {"execution_time":"2026-05-16T01:34:01+00:00","duration_ms":12.502,"dispatched":0,"skipped":0} 
[2026-05-16 01:35:01] production.INFO: ScheduledJobManager started {"execution_time":"2026-05-16T01:35:01+00:00"} 
[2026-05-16 01:35:01] production.INFO: ScheduledJobManager completed {"execution_time":"2026-05-16T01:35:01+00:00","duration_ms":11.275,"dispatched":0,"skipped":0} 
[2026-05-16 01:36:01] production.INFO: ScheduledJobManager started {"execution_time":"2026-05-16T01:36:01+00:00"} 
[2026-05-16 01:36:01] production.INFO: ScheduledJobManager completed {"execution_time":"2026-05-16T01:36:01+00:00","duration_ms":11.303,"dispatched":0,"skipped":0} 
[2026-05-16 01:37:01] production.INFO: ScheduledJobManager started {"execution_time":"2026-05-16T01:37:01+00:00"} 
[2026-05-16 01:37:01] production.INFO: ScheduledJobManager completed {"execution_time":"2026-05-16T01:37:01+00:00","duration_ms":11.35,"dispatched":0,"skipped":0} 
[2026-05-16 01:38:01] production.INFO: ScheduledJobManager started {"execution_time":"2026-05-16T01:38:01+00:00"} 
[2026-05-16 01:38:01] production.INFO: ScheduledJobManager completed {"execution_time":"2026-05-16T01:38:01+00:00","duration_ms":11.274,"dispatched":0,"skipped":0} 
[2026-05-16 01:39:01] production.INFO: ScheduledJobManager started {"execution_time":"2026-05-16T01:39:01+00:00"} 
[2026-05-16 01:39:01] production.INFO: ScheduledJobManager completed {"execution_time":"2026-05-16T01:39:01+00:00","duration_ms":11.211,"dispatched":0,"skipped":0} 
[2026-05-16 01:40:01] production.INFO: ScheduledJobManager started {"execution_time":"2026-05-16T01:40:01+00:00"} 
[2026-05-16 01:40:01] production.INFO: ScheduledJobManager completed {"execution_time":"2026-05-16T01:40:01+00:00","duration_ms":12.08,"dispatched":0,"skipped":0} 
[2026-05-16 01:41:01] production.INFO: ScheduledJobManager started {"execution_time":"2026-05-16T01:41:01+00:00"} 
[2026-05-16 01:41:01] production.INFO: ScheduledJobManager completed {"execution_time":"2026-05-16T01:41:01+00:00","duration_ms":12.554,"dispatched":0,"skipped":0} 
[2026-05-16 01:42:01] production.INFO: ScheduledJobManager started {"execution_time":"2026-05-16T01:42:01+00:00"} 
[2026-05-16 01:42:01] production.INFO: ScheduledJobManager completed {"execution_time":"2026-05-16T01:42:01+00:00","duration_ms":12.417,"dispatched":0,"skipped":0} 
[2026-05-16 01:43:01] production.INFO: ScheduledJobManager started {"execution_time":"2026-05-16T01:43:01+00:00"} 
[2026-05-16 01:43:01] production.INFO: ScheduledJobManager completed {"execution_time":"2026-05-16T01:43:01+00:00","duration_ms":12.702,"dispatched":0,"skipped":0} 
[2026-05-16 01:44:01] production.INFO: ScheduledJobManager started {"execution_time":"2026-05-16T01:44:01+00:00"} 
[2026-05-16 01:44:01] production.INFO: ScheduledJobManager completed {"execution_time":"2026-05-16T01:44:01+00:00","duration_ms":7.014,"dispatched":0,"skipped":0} 
[2026-05-16 01:45:01] production.INFO: ScheduledJobManager started {"execution_time":"2026-05-16T01:45:01+00:00"} 
[2026-05-16 01:45:01] production.INFO: ScheduledJobManager completed {"execution_time":"2026-05-16T01:45:01+00:00","duration_ms":12.222,"dispatched":0,"skipped":0} 
[2026-05-16 01:46:01] production.INFO: ScheduledJobManager started {"execution_time":"2026-05-16T01:46:01+00:00"} 
[2026-05-16 01:46:01] production.INFO: ScheduledJobManager completed {"execution_time":"2026-05-16T01:46:01+00:00","duration_ms":12.481,"dispatched":0,"skipped":0} 
[2026-05-16 01:47:01] production.INFO: ScheduledJobManager started {"execution_time":"2026-05-16T01:47:01+00:00"} 
[2026-05-16 01:47:01] production.INFO: ScheduledJobManager completed {"execution_time":"2026-05-16T01:47:01+00:00","duration_ms":12.464,"dispatched":0,"skipped":0} 
[2026-05-16 01:48:01] production.INFO: ScheduledJobManager started {"execution_time":"2026-05-16T01:48:01+00:00"} 
[2026-05-16 01:48:01] production.INFO: ScheduledJobManager completed {"execution_time":"2026-05-16T01:48:01+00:00","duration_ms":12.681,"dispatched":0,"skipped":0} 
[2026-05-16 01:49:01] production.INFO: ScheduledJobManager started {"execution_time":"2026-05-16T01:49:01+00:00"} 
[2026-05-16 01:49:01] production.INFO: ScheduledJobManager completed {"execution_time":"2026-05-16T01:49:01+00:00","duration_ms":11.975,"dispatched":0,"skipped":0} 
[2026-05-16 01:50:01] production.INFO: ScheduledJobManager started {"execution_time":"2026-05-16T01:50:01+00:00"} 
[2026-05-16 01:50:01] production.INFO: ScheduledJobManager completed {"execution_time":"2026-05-16T01:50:01+00:00","duration_ms":6.271,"dispatched":0,"skipped":0} 
[2026-05-16 01:51:01] production.INFO: ScheduledJobManager started {"execution_time":"2026-05-16T01:51:01+00:00"} 
[2026-05-16 01:51:01] production.INFO: ScheduledJobManager completed {"execution_time":"2026-05-16T01:51:01+00:00","duration_ms":12.661,"dispatched":0,"skipped":0} 
[2026-05-16 01:52:01] production.INFO: ScheduledJobManager started {"execution_time":"2026-05-16T01:52:01+00:00"} 
[2026-05-16 01:52:01] production.INFO: ScheduledJobManager completed {"execution_time":"2026-05-16T01:52:01+00:00","duration_ms":12.258,"dispatched":0,"skipped":0} 
[2026-05-16 01:53:01] production.INFO: ScheduledJobManager started {"execution_time":"2026-05-16T01:53:01+00:00"} 
[2026-05-16 01:53:01] production.INFO: ScheduledJobManager completed {"execution_time":"2026-05-16T01:53:01+00:00","duration_ms":23.397,"dispatched":0,"skipped":0} 
[2026-05-16 01:54:01] production.INFO: ScheduledJobManager started {"execution_time":"2026-05-16T01:54:01+00:00"} 
[2026-05-16 01:54:01] production.INFO: ScheduledJobManager completed {"execution_time":"2026-05-16T01:54:01+00:00","duration_ms":12.325,"dispatched":0,"skipped":0} 
[2026-05-16 01:55:02] production.INFO: ScheduledJobManager started {"execution_time":"2026-05-16T01:55:01+00:00"} 
[2026-05-16 01:55:02] production.INFO: ScheduledJobManager completed {"execution_time":"2026-05-16T01:55:01+00:00","duration_ms":12.879,"dispatched":0,"skipped":0} 
[2026-05-16 01:56:01] production.INFO: ScheduledJobManager started {"execution_time":"2026-05-16T01:56:01+00:00"} 
[2026-05-16 01:56:01] production.INFO: ScheduledJobManager completed {"execution_time":"2026-05-16T01:56:01+00:00","duration_ms":11.247,"dispatched":0,"skipped":0} 
[2026-05-16 01:57:01] production.INFO: ScheduledJobManager started {"execution_time":"2026-05-16T01:57:01+00:00"} 
[2026-05-16 01:57:01] production.INFO: ScheduledJobManager completed {"execution_time":"2026-05-16T01:57:01+00:00","duration_ms":11.181,"dispatched":0,"skipped":0} 
[2026-05-16 01:58:01] production.INFO: ScheduledJobManager started {"execution_time":"2026-05-16T01:58:01+00:00"} 
[2026-05-16 01:58:01] production.INFO: ScheduledJobManager completed {"execution_time":"2026-05-16T01:58:01+00:00","duration_ms":11.27,"dispatched":0,"skipped":0} 
[2026-05-16 01:59:01] production.INFO: ScheduledJobManager started {"execution_time":"2026-05-16T01:59:01+00:00"} 
[2026-05-16 01:59:01] production.INFO: ScheduledJobManager completed {"execution_time":"2026-05-16T01:59:01+00:00","duration_ms":11.407,"dispatched":0,"skipped":0} 
[2026-05-16 02:00:02] production.INFO: ScheduledJobManager started {"execution_time":"2026-05-16T02:00:02+00:00"} 
[2026-05-16 02:00:02] production.INFO: ScheduledJobManager completed {"execution_time":"2026-05-16T02:00:02+00:00","duration_ms":19.196,"dispatched":0,"skipped":0} 
[2026-05-16 02:01:00] production.INFO: ScheduledJobManager started {"execution_time":"2026-05-16T02:01:00+00:00"} 
[2026-05-16 02:01:00] production.INFO: ScheduledJobManager completed {"execution_time":"2026-05-16T02:01:00+00:00","duration_ms":11.789,"dispatched":0,"skipped":0} 
[2026-05-16 02:02:01] production.INFO: ScheduledJobManager started {"execution_time":"2026-05-16T02:02:01+00:00"} 
[2026-05-16 02:02:01] production.INFO: ScheduledJobManager completed {"execution_time":"2026-05-16T02:02:01+00:00","duration_ms":12.629,"dispatched":0,"skipped":0} 
[2026-05-16 02:03:01] production.INFO: ScheduledJobManager started {"execution_time":"2026-05-16T02:03:01+00:00"} 
[2026-05-16 02:03:01] production.INFO: ScheduledJobManager completed {"execution_time":"2026-05-16T02:03:01+00:00","duration_ms":12.489,"dispatched":0,"skipped":0} 
[2026-05-16 02:04:01] production.INFO: ScheduledJobManager started {"execution_time":"2026-05-16T02:04:01+00:00"} 
[2026-05-16 02:04:01] production.INFO: ScheduledJobManager completed {"execution_time":"2026-05-16T02:04:01+00:00","duration_ms":12.485,"dispatched":0,"skipped":0} 
[2026-05-16 02:05:01] production.INFO: ScheduledJobManager started {"execution_time":"2026-05-16T02:05:01+00:00"} 
[2026-05-16 02:05:01] production.INFO: ScheduledJobManager completed {"execution_time":"2026-05-16T02:05:01+00:00","duration_ms":12.459,"dispatched":0,"skipped":0} 
[2026-05-16 02:06:01] production.INFO: ScheduledJobManager started {"execution_time":"2026-05-16T02:06:01+00:00"} 
[2026-05-16 02:06:01] production.INFO: ScheduledJobManager completed {"execution_time":"2026-05-16T02:06:01+00:00","duration_ms":11.084,"dispatched":0,"skipped":0} 
[2026-05-16 02:07:01] production.INFO: ScheduledJobManager started {"execution_time":"2026-05-16T02:07:01+00:00"} 
[2026-05-16 02:07:01] production.INFO: ScheduledJobManager completed {"execution_time":"2026-05-16T02:07:01+00:00","duration_ms":11.316,"dispatched":0,"skipped":0} 
[2026-05-16 02:08:01] production.INFO: ScheduledJobManager started {"execution_time":"2026-05-16T02:08:01+00:00"} 
[2026-05-16 02:08:01] production.INFO: ScheduledJobManager completed {"execution_time":"2026-05-16T02:08:01+00:00","duration_ms":11.427,"dispatched":0,"skipped":0} 
[2026-05-16 02:09:01] production.INFO: ScheduledJobManager started {"execution_time":"2026-05-16T02:09:01+00:00"} 
[2026-05-16 02:09:01] production.INFO: ScheduledJobManager completed {"execution_time":"2026-05-16T02:09:01+00:00","duration_ms":11.353,"dispatched":0,"skipped":0} 
[2026-05-16 02:10:01] production.INFO: ScheduledJobManager started {"execution_time":"2026-05-16T02:10:01+00:00"} 
[2026-05-16 02:10:01] production.INFO: ScheduledJobManager completed {"execution_time":"2026-05-16T02:10:01+00:00","duration_ms":11.586,"dispatched":0,"skipped":0} 
[2026-05-16 02:11:01] production.INFO: ScheduledJobManager started {"execution_time":"2026-05-16T02:11:01+00:00"} 
[2026-05-16 02:11:01] production.INFO: ScheduledJobManager completed {"execution_time":"2026-05-16T02:11:01+00:00","duration_ms":11.66,"dispatched":0,"skipped":0} 
[2026-05-16 02:12:01] production.INFO: ScheduledJobManager started {"execution_time":"2026-05-16T02:12:01+00:00"} 
[2026-05-16 02:12:01] production.INFO: ScheduledJobManager completed {"execution_time":"2026-05-16T02:12:01+00:00","duration_ms":5.072,"dispatched":0,"skipped":0} 
[2026-05-16 02:13:01] production.INFO: ScheduledJobManager started {"execution_time":"2026-05-16T02:13:01+00:00"} 
[2026-05-16 02:13:01] production.INFO: ScheduledJobManager completed {"execution_time":"2026-05-16T02:13:01+00:00","duration_ms":11.666,"dispatched":0,"skipped":0} 
[2026-05-16 02:14:01] production.INFO: ScheduledJobManager started {"execution_time":"2026-05-16T02:14:01+00:00"} 
[2026-05-16 02:14:01] production.INFO: ScheduledJobManager completed {"execution_time":"2026-05-16T02:14:01+00:00","duration_ms":11.145,"dispatched":0,"skipped":0} 
[2026-05-16 02:15:01] production.INFO: ScheduledJobManager started {"execution_time":"2026-05-16T02:15:01+00:00"} 
[2026-05-16 02:15:01] production.INFO: ScheduledJobManager completed {"execution_time":"2026-05-16T02:15:01+00:00","duration_ms":3.853,"dispatched":0,"skipped":0} 
[2026-05-16 02:16:01] production.INFO: ScheduledJobManager started {"execution_time":"2026-05-16T02:16:01+00:00"} 
[2026-05-16 02:16:01] production.INFO: ScheduledJobManager completed {"execution_time":"2026-05-16T02:16:01+00:00","duration_ms":11.186,"dispatched":0,"skipped":0} 
[2026-05-16 02:17:01] production.INFO: ScheduledJobManager started {"execution_time":"2026-05-16T02:17:01+00:00"} 
[2026-05-16 02:17:01] production.INFO: ScheduledJobManager completed {"execution_time":"2026-05-16T02:17:01+00:00","duration_ms":11.263,"dispatched":0,"skipped":0} 
[2026-05-16 02:18:01] production.INFO: ScheduledJobManager started {"execution_time":"2026-05-16T02:18:01+00:00"} 
[2026-05-16 02:18:01] production.INFO: ScheduledJobManager completed {"execution_time":"2026-05-16T02:18:01+00:00","duration_ms":11.521,"dispatched":0,"skipped":0} 
[2026-05-16 02:19:01] production.INFO: ScheduledJobManager started {"execution_time":"2026-05-16T02:19:01+00:00"} 
[2026-05-16 02:19:01] production.INFO: ScheduledJobManager completed {"execution_time":"2026-05-16T02:19:01+00:00","duration_ms":11.579,"dispatched":0,"skipped":0} 
[2026-05-16 02:20:01] production.INFO: ScheduledJobManager started {"execution_time":"2026-05-16T02:20:01+00:00"} 
[2026-05-16 02:20:01] production.INFO: ScheduledJobManager completed {"execution_time":"2026-05-16T02:20:01+00:00","duration_ms":11.349,"dispatched":0,"skipped":0} 
[2026-05-16 02:21:01] production.INFO: ScheduledJobManager started {"execution_time":"2026-05-16T02:21:01+00:00"} 
[2026-05-16 02:21:01] production.INFO: ScheduledJobManager completed {"execution_time":"2026-05-16T02:21:01+00:00","duration_ms":11.136,"dispatched":0,"skipped":0} 
[2026-05-16 02:22:01] production.INFO: ScheduledJobManager started {"execution_time":"2026-05-16T02:22:01+00:00"} 
[2026-05-16 02:22:01] production.INFO: ScheduledJobManager completed {"execution_time":"2026-05-16T02:22:01+00:00","duration_ms":11.483,"dispatched":0,"skipped":0} 
[2026-05-16 02:23:01] production.INFO: ScheduledJobManager started {"execution_time":"2026-05-16T02:23:01+00:00"} 
[2026-05-16 02:23:01] production.INFO: ScheduledJobManager completed {"execution_time":"2026-05-16T02:23:01+00:00","duration_ms":11.349,"dispatched":0,"skipped":0} 
[2026-05-16 02:24:01] production.INFO: ScheduledJobManager started {"execution_time":"2026-05-16T02:24:01+00:00"} 
[2026-05-16 02:24:01] production.INFO: ScheduledJobManager completed {"execution_time":"2026-05-16T02:24:01+00:00","duration_ms":11.611,"dispatched":0,"skipped":0} 
[2026-05-16 02:25:01] production.INFO: ScheduledJobManager started {"execution_time":"2026-05-16T02:25:01+00:00"} 
[2026-05-16 02:25:01] production.INFO: ScheduledJobManager completed {"execution_time":"2026-05-16T02:25:01+00:00","duration_ms":11.199,"dispatched":0,"skipped":0} 
[2026-05-16 02:26:01] production.INFO: ScheduledJobManager started {"execution_time":"2026-05-16T02:26:01+00:00"} 
[2026-05-16 02:26:01] production.INFO: ScheduledJobManager completed {"execution_time":"2026-05-16T02:26:01+00:00","duration_ms":11.608,"dispatched":0,"skipped":0} 
[2026-05-16 02:27:01] production.INFO: ScheduledJobManager started {"execution_time":"2026-05-16T02:27:01+00:00"} 
[2026-05-16 02:27:01] production.INFO: ScheduledJobManager completed {"execution_time":"2026-05-16T02:27:01+00:00","duration_ms":11.434,"dispatched":0,"skipped":0} 
[2026-05-16 02:28:01] production.INFO: ScheduledJobManager started {"execution_time":"2026-05-16T02:28:01+00:00"} 
[2026-05-16 02:28:01] production.INFO: ScheduledJobManager completed {"execution_time":"2026-05-16T02:28:01+00:00","duration_ms":5.76,"dispatched":0,"skipped":0} 
[2026-05-16 02:29:01] production.INFO: ScheduledJobManager started {"execution_time":"2026-05-16T02:29:01+00:00"} 
[2026-05-16 02:29:01] production.INFO: ScheduledJobManager completed {"execution_time":"2026-05-16T02:29:01+00:00","duration_ms":11.231,"dispatched":0,"skipped":0} 
[2026-05-16 02:30:01] production.INFO: ScheduledJobManager started {"execution_time":"2026-05-16T02:30:01+00:00"} 
[2026-05-16 02:30:01] production.INFO: ScheduledJobManager completed {"execution_time":"2026-05-16T02:30:01+00:00","duration_ms":4.18,"dispatched":0,"skipped":0} 
[2026-05-16 02:31:01] production.INFO: ScheduledJobManager started {"execution_time":"2026-05-16T02:31:01+00:00"} 
[2026-05-16 02:31:01] production.INFO: ScheduledJobManager completed {"execution_time":"2026-05-16T02:31:01+00:00","duration_ms":11.22,"dispatched":0,"skipped":0} 
[2026-05-16 02:32:01] production.INFO: ScheduledJobManager started {"execution_time":"2026-05-16T02:32:01+00:00"} 
[2026-05-16 02:32:01] production.INFO: ScheduledJobManager completed {"execution_time":"2026-05-16T02:32:01+00:00","duration_ms":10.987,"dispatched":0,"skipped":0} 
[2026-05-16 02:33:01] production.INFO: ScheduledJobManager started {"execution_time":"2026-05-16T02:33:01+00:00"} 
[2026-05-16 02:33:01] production.INFO: ScheduledJobManager completed {"execution_time":"2026-05-16T02:33:01+00:00","duration_ms":11.204,"dispatched":0,"skipped":0} 
[2026-05-16 02:34:01] production.INFO: ScheduledJobManager started {"execution_time":"2026-05-16T02:34:01+00:00"} 
[2026-05-16 02:34:01] production.INFO: ScheduledJobManager completed {"execution_time":"2026-05-16T02:34:01+00:00","duration_ms":11.217,"dispatched":0,"skipped":0} 
[2026-05-16 02:35:01] production.INFO: ScheduledJobManager started {"execution_time":"2026-05-16T02:35:01+00:00"} 
[2026-05-16 02:35:01] production.INFO: ScheduledJobManager completed {"execution_time":"2026-05-16T02:35:01+00:00","duration_ms":11.239,"dispatched":0,"skipped":0} 
[2026-05-16 02:36:01] production.INFO: ScheduledJobManager started {"execution_time":"2026-05-16T02:36:01+00:00"} 
[2026-05-16 02:36:01] production.INFO: ScheduledJobManager completed {"execution_time":"2026-05-16T02:36:01+00:00","duration_ms":16.117,"dispatched":0,"skipped":0} 
[2026-05-16 02:37:01] production.INFO: ScheduledJobManager started {"execution_time":"2026-05-16T02:37:01+00:00"} 
[2026-05-16 02:37:01] production.INFO: ScheduledJobManager completed {"execution_time":"2026-05-16T02:37:01+00:00","duration_ms":11.262,"dispatched":0,"skipped":0} 
[2026-05-16 02:38:01] production.INFO: ScheduledJobManager started {"execution_time":"2026-05-16T02:38:01+00:00"} 
[2026-05-16 02:38:01] production.INFO: ScheduledJobManager completed {"execution_time":"2026-05-16T02:38:01+00:00","duration_ms":11.481,"dispatched":0,"skipped":0} 
[2026-05-16 02:39:01] production.INFO: ScheduledJobManager started {"execution_time":"2026-05-16T02:39:01+00:00"} 
[2026-05-16 02:39:01] production.INFO: ScheduledJobManager completed {"execution_time":"2026-05-16T02:39:01+00:00","duration_ms":11.136,"dispatched":0,"skipped":0} 
[2026-05-16 02:40:01] production.INFO: ScheduledJobManager started {"execution_time":"2026-05-16T02:40:01+00:00"} 
[2026-05-16 02:40:01] production.INFO: ScheduledJobManager completed {"execution_time":"2026-05-16T02:40:01+00:00","duration_ms":11.536,"dispatched":0,"skipped":0} 
[2026-05-16 02:41:00] production.INFO: ScheduledJobManager started {"execution_time":"2026-05-16T02:41:00+00:00"} 
[2026-05-16 02:41:00] production.INFO: ScheduledJobManager completed {"execution_time":"2026-05-16T02:41:00+00:00","duration_ms":11.305,"dispatched":0,"skipped":0} 
[2026-05-16 02:42:01] production.INFO: ScheduledJobManager started {"execution_time":"2026-05-16T02:42:01+00:00"} 
[2026-05-16 02:42:01] production.INFO: ScheduledJobManager completed {"execution_time":"2026-05-16T02:42:01+00:00","duration_ms":11.498,"dispatched":0,"skipped":0} 
[2026-05-16 02:43:01] production.INFO: ScheduledJobManager started {"execution_time":"2026-05-16T02:43:01+00:00"} 
[2026-05-16 02:43:01] production.INFO: ScheduledJobManager completed {"execution_time":"2026-05-16T02:43:01+00:00","duration_ms":11.259,"dispatched":0,"skipped":0} 
[2026-05-16 02:44:01] production.INFO: ScheduledJobManager started {"execution_time":"2026-05-16T02:44:01+00:00"} 
[2026-05-16 02:44:01] production.INFO: ScheduledJobManager completed {"execution_time":"2026-05-16T02:44:01+00:00","duration_ms":5.296,"dispatched":0,"skipped":0} 
[2026-05-16 02:45:01] production.INFO: ScheduledJobManager started {"execution_time":"2026-05-16T02:45:01+00:00"} 
[2026-05-16 02:45:01] production.INFO: ScheduledJobManager completed {"execution_time":"2026-05-16T02:45:01+00:00","duration_ms":11.264,"dispatched":0,"skipped":0} 
[2026-05-16 02:46:01] production.INFO: ScheduledJobManager started {"execution_time":"2026-05-16T02:46:01+00:00"} 
[2026-05-16 02:46:01] production.INFO: ScheduledJobManager completed {"execution_time":"2026-05-16T02:46:01+00:00","duration_ms":11.139,"dispatched":0,"skipped":0} 
[2026-05-16 02:47:01] production.INFO: ScheduledJobManager started {"execution_time":"2026-05-16T02:47:01+00:00"} 
[2026-05-16 02:47:01] production.INFO: ScheduledJobManager completed {"execution_time":"2026-05-16T02:47:01+00:00","duration_ms":11.195,"dispatched":0,"skipped":0} 
[2026-05-16 02:48:01] production.INFO: ScheduledJobManager started {"execution_time":"2026-05-16T02:48:01+00:00"} 
[2026-05-16 02:48:01] production.INFO: ScheduledJobManager completed {"execution_time":"2026-05-16T02:48:01+00:00","duration_ms":11.637,"dispatched":0,"skipped":0} 
[2026-05-16 02:49:01] production.INFO: ScheduledJobManager started {"execution_time":"2026-05-16T02:49:01+00:00"} 
[2026-05-16 02:49:01] production.INFO: ScheduledJobManager completed {"execution_time":"2026-05-16T02:49:01+00:00","duration_ms":11.497,"dispatched":0,"skipped":0} 
[2026-05-16 02:50:01] production.INFO: ScheduledJobManager started {"execution_time":"2026-05-16T02:50:01+00:00"} 
[2026-05-16 02:50:01] production.INFO: ScheduledJobManager completed {"execution_time":"2026-05-16T02:50:01+00:00","duration_ms":7.239,"dispatched":0,"skipped":0} 
[2026-05-16 02:51:01] production.INFO: ScheduledJobManager started {"execution_time":"2026-05-16T02:51:01+00:00"} 
[2026-05-16 02:51:01] production.INFO: ScheduledJobManager completed {"execution_time":"2026-05-16T02:51:01+00:00","duration_ms":11.4,"dispatched":0,"skipped":0} 
[2026-05-16 02:52:01] production.INFO: ScheduledJobManager started {"execution_time":"2026-05-16T02:52:01+00:00"} 
[2026-05-16 02:52:01] production.INFO: ScheduledJobManager completed {"execution_time":"2026-05-16T02:52:01+00:00","duration_ms":11.679,"dispatched":0,"skipped":0} 
[2026-05-16 02:53:01] production.INFO: ScheduledJobManager started {"execution_time":"2026-05-16T02:53:01+00:00"} 
[2026-05-16 02:53:01] production.INFO: ScheduledJobManager completed {"execution_time":"2026-05-16T02:53:01+00:00","duration_ms":11.325,"dispatched":0,"skipped":0} 
[2026-05-16 02:54:01] production.INFO: ScheduledJobManager started {"execution_time":"2026-05-16T02:54:01+00:00"} 
[2026-05-16 02:54:01] production.INFO: ScheduledJobManager completed {"execution_time":"2026-05-16T02:54:01+00:00","duration_ms":11.408,"dispatched":0,"skipped":0} 
[2026-05-16 02:55:01] production.INFO: ScheduledJobManager started {"execution_time":"2026-05-16T02:55:01+00:00"} 
[2026-05-16 02:55:01] production.INFO: ScheduledJobManager completed {"execution_time":"2026-05-16T02:55:01+00:00","duration_ms":11.197,"dispatched":0,"skipped":0} 
[2026-05-16 02:56:01] production.INFO: ScheduledJobManager started {"execution_time":"2026-05-16T02:56:01+00:00"} 
[2026-05-16 02:56:01] production.INFO: ScheduledJobManager completed {"execution_time":"2026-05-16T02:56:01+00:00","duration_ms":17.145,"dispatched":0,"skipped":0} 
[2026-05-16 02:57:00] production.INFO: ScheduledJobManager started {"execution_time":"2026-05-16T02:57:00+00:00"} 
[2026-05-16 02:57:00] production.INFO: ScheduledJobManager completed {"execution_time":"2026-05-16T02:57:00+00:00","duration_ms":11.109,"dispatched":0,"skipped":0} 
[2026-05-16 02:58:01] production.INFO: ScheduledJobManager started {"execution_time":"2026-05-16T02:58:01+00:00"} 
[2026-05-16 02:58:01] production.INFO: ScheduledJobManager completed {"execution_time":"2026-05-16T02:58:01+00:00","duration_ms":5.608,"dispatched":0,"skipped":0} 
[2026-05-16 02:59:01] production.INFO: ScheduledJobManager started {"execution_time":"2026-05-16T02:59:01+00:00"} 
[2026-05-16 02:59:01] production.INFO: ScheduledJobManager completed {"execution_time":"2026-05-16T02:59:01+00:00","duration_ms":11.25,"dispatched":0,"skipped":0} 
[2026-05-16 03:00:02] production.INFO: ScheduledJobManager started {"execution_time":"2026-05-16T03:00:02+00:00"} 
[2026-05-16 03:00:02] production.INFO: ScheduledJobManager completed {"execution_time":"2026-05-16T03:00:02+00:00","duration_ms":11.316,"dispatched":0,"skipped":0} 
[2026-05-16 03:01:00] production.INFO: ScheduledJobManager started {"execution_time":"2026-05-16T03:01:00+00:00"} 
[2026-05-16 03:01:00] production.INFO: ScheduledJobManager completed {"execution_time":"2026-05-16T03:01:00+00:00","duration_ms":11.142,"dispatched":0,"skipped":0} 
[2026-05-16 03:02:01] production.INFO: ScheduledJobManager started {"execution_time":"2026-05-16T03:02:01+00:00"} 
[2026-05-16 03:02:01] production.INFO: ScheduledJobManager completed {"execution_time":"2026-05-16T03:02:01+00:00","duration_ms":11.395,"dispatched":0,"skipped":0} 
[2026-05-16 03:03:01] production.INFO: ScheduledJobManager started {"execution_time":"2026-05-16T03:03:01+00:00"} 
[2026-05-16 03:03:01] production.INFO: ScheduledJobManager completed {"execution_time":"2026-05-16T03:03:01+00:00","duration_ms":11.516,"dispatched":0,"skipped":0} 
[2026-05-16 03:04:01] production.INFO: ScheduledJobManager started {"execution_time":"2026-05-16T03:04:01+00:00"} 
[2026-05-16 03:04:01] production.INFO: ScheduledJobManager completed {"execution_time":"2026-05-16T03:04:01+00:00","duration_ms":11.24,"dispatched":0,"skipped":0} 
[2026-05-16 03:05:01] production.INFO: ScheduledJobManager started {"execution_time":"2026-05-16T03:05:01+00:00"} 
[2026-05-16 03:05:01] production.INFO: ScheduledJobManager completed {"execution_time":"2026-05-16T03:05:01+00:00","duration_ms":12.65,"dispatched":0,"skipped":0} 
[2026-05-16 03:06:01] production.INFO: ScheduledJobManager started {"execution_time":"2026-05-16T03:06:01+00:00"} 
[2026-05-16 03:06:01] production.INFO: ScheduledJobManager completed {"execution_time":"2026-05-16T03:06:01+00:00","duration_ms":11.119,"dispatched":0,"skipped":0} 
[2026-05-16 03:07:01] production.INFO: ScheduledJobManager started {"execution_time":"2026-05-16T03:07:01+00:00"} 
[2026-05-16 03:07:01] production.INFO: ScheduledJobManager completed {"execution_time":"2026-05-16T03:07:01+00:00","duration_ms":11.201,"dispatched":0,"skipped":0} 
[2026-05-16 03:08:01] production.INFO: ScheduledJobManager started {"execution_time":"2026-05-16T03:08:01+00:00"} 
[2026-05-16 03:08:01] production.INFO: ScheduledJobManager completed {"execution_time":"2026-05-16T03:08:01+00:00","duration_ms":5.74,"dispatched":0,"skipped":0} 
[2026-05-16 03:09:01] production.INFO: ScheduledJobManager started {"execution_time":"2026-05-16T03:09:01+00:00"} 
[2026-05-16 03:09:01] production.INFO: ScheduledJobManager completed {"execution_time":"2026-05-16T03:09:01+00:00","duration_ms":11.372,"dispatched":0,"skipped":0} 
[2026-05-16 03:10:01] production.INFO: ScheduledJobManager started {"execution_time":"2026-05-16T03:10:01+00:00"} 
[2026-05-16 03:10:01] production.INFO: ScheduledJobManager completed {"execution_time":"2026-05-16T03:10:01+00:00","duration_ms":11.169,"dispatched":0,"skipped":0} 
[2026-05-16 03:11:01] production.INFO: ScheduledJobManager started {"execution_time":"2026-05-16T03:11:01+00:00"} 
[2026-05-16 03:11:01] production.INFO: ScheduledJobManager completed {"execution_time":"2026-05-16T03:11:01+00:00","duration_ms":19.284,"dispatched":0,"skipped":0} 
[2026-05-16 03:12:01] production.INFO: ScheduledJobManager started {"execution_time":"2026-05-16T03:12:01+00:00"} 
[2026-05-16 03:12:01] production.INFO: ScheduledJobManager completed {"execution_time":"2026-05-16T03:12:01+00:00","duration_ms":11.536,"dispatched":0,"skipped":0} 
[2026-05-16 03:13:00] production.INFO: ScheduledJobManager started {"execution_time":"2026-05-16T03:13:00+00:00"} 
[2026-05-16 03:13:00] production.INFO: ScheduledJobManager completed {"execution_time":"2026-05-16T03:13:00+00:00","duration_ms":11.144,"dispatched":0,"skipped":0} 
[2026-05-16 03:14:01] production.INFO: ScheduledJobManager started {"execution_time":"2026-05-16T03:14:01+00:00"} 
[2026-05-16 03:14:01] production.INFO: ScheduledJobManager completed {"execution_time":"2026-05-16T03:14:01+00:00","duration_ms":9.849,"dispatched":0,"skipped":0} 
[2026-05-16 03:15:01] production.INFO: ScheduledJobManager started {"execution_time":"2026-05-16T03:15:01+00:00"} 
[2026-05-16 03:15:01] production.INFO: ScheduledJobManager completed {"execution_time":"2026-05-16T03:15:01+00:00","duration_ms":11.091,"dispatched":0,"skipped":0} 
[2026-05-16 03:16:01] production.INFO: ScheduledJobManager started {"execution_time":"2026-05-16T03:16:01+00:00"} 
[2026-05-16 03:16:01] production.INFO: ScheduledJobManager completed {"execution_time":"2026-05-16T03:16:01+00:00","duration_ms":11.233,"dispatched":0,"skipped":0} 
[2026-05-16 03:17:01] production.INFO: ScheduledJobManager started {"execution_time":"2026-05-16T03:17:01+00:00"} 
[2026-05-16 03:17:01] production.INFO: ScheduledJobManager completed {"execution_time":"2026-05-16T03:17:01+00:00","duration_ms":12.091,"dispatched":0,"skipped":0} 
[2026-05-16 03:18:01] production.INFO: ScheduledJobManager started {"execution_time":"2026-05-16T03:18:01+00:00"} 
[2026-05-16 03:18:01] production.INFO: ScheduledJobManager completed {"execution_time":"2026-05-16T03:18:01+00:00","duration_ms":11.197,"dispatched":0,"skipped":0} 
[2026-05-16 03:19:01] production.INFO: ScheduledJobManager started {"execution_time":"2026-05-16T03:19:01+00:00"} 
[2026-05-16 03:19:01] production.INFO: ScheduledJobManager completed {"execution_time":"2026-05-16T03:19:01+00:00","duration_ms":11.212,"dispatched":0,"skipped":0} 
[2026-05-16 03:20:01] production.INFO: ScheduledJobManager started {"execution_time":"2026-05-16T03:20:01+00:00"} 
[2026-05-16 03:20:01] production.INFO: ScheduledJobManager completed {"execution_time":"2026-05-16T03:20:01+00:00","duration_ms":53.481,"dispatched":0,"skipped":0} 
[2026-05-16 03:21:01] production.INFO: ScheduledJobManager started {"execution_time":"2026-05-16T03:21:01+00:00"} 
[2026-05-16 03:21:01] production.INFO: ScheduledJobManager completed {"execution_time":"2026-05-16T03:21:01+00:00","duration_ms":11.167,"dispatched":0,"skipped":0} 
[2026-05-16 03:22:01] production.INFO: ScheduledJobManager started {"execution_time":"2026-05-16T03:22:01+00:00"} 
[2026-05-16 03:22:01] production.INFO: ScheduledJobManager completed {"execution_time":"2026-05-16T03:22:01+00:00","duration_ms":13.398,"dispatched":0,"skipped":0} 
[2026-05-16 03:23:01] production.INFO: ScheduledJobManager started {"execution_time":"2026-05-16T03:23:01+00:00"} 
[2026-05-16 03:23:01] production.INFO: ScheduledJobManager completed {"execution_time":"2026-05-16T03:23:01+00:00","duration_ms":11.249,"dispatched":0,"skipped":0} 
[2026-05-16 03:24:01] production.INFO: ScheduledJobManager started {"execution_time":"2026-05-16T03:24:01+00:00"} 
[2026-05-16 03:24:01] production.INFO: ScheduledJobManager completed {"execution_time":"2026-05-16T03:24:01+00:00","duration_ms":11.007,"dispatched":0,"skipped":0} 
[2026-05-16 03:25:01] production.INFO: ScheduledJobManager started {"execution_time":"2026-05-16T03:25:01+00:00"} 
[2026-05-16 03:25:01] production.INFO: ScheduledJobManager completed {"execution_time":"2026-05-16T03:25:01+00:00","duration_ms":13.136,"dispatched":0,"skipped":0} 
[2026-05-16 03:26:01] production.INFO: ScheduledJobManager started {"execution_time":"2026-05-16T03:26:01+00:00"} 
[2026-05-16 03:26:01] production.INFO: ScheduledJobManager completed {"execution_time":"2026-05-16T03:26:01+00:00","duration_ms":11.503,"dispatched":0,"skipped":0} 
[2026-05-16 03:27:01] production.INFO: ScheduledJobManager started {"execution_time":"2026-05-16T03:27:01+00:00"} 
[2026-05-16 03:27:01] production.INFO: ScheduledJobManager completed {"execution_time":"2026-05-16T03:27:01+00:00","duration_ms":11.178,"dispatched":0,"skipped":0} 
[2026-05-16 03:28:01] production.INFO: ScheduledJobManager started {"execution_time":"2026-05-16T03:28:01+00:00"} 
[2026-05-16 03:28:02] production.INFO: ScheduledJobManager completed {"execution_time":"2026-05-16T03:28:01+00:00","duration_ms":15.389,"dispatched":0,"skipped":0} 
[2026-05-16 03:29:00] production.INFO: ScheduledJobManager started {"execution_time":"2026-05-16T03:29:00+00:00"} 
[2026-05-16 03:29:01] production.INFO: ScheduledJobManager completed {"execution_time":"2026-05-16T03:29:00+00:00","duration_ms":11.376,"dispatched":0,"skipped":0} 
[2026-05-16 03:30:01] production.INFO: ScheduledJobManager started {"execution_time":"2026-05-16T03:30:01+00:00"} 
[2026-05-16 03:30:01] production.INFO: ScheduledJobManager completed {"execution_time":"2026-05-16T03:30:01+00:00","duration_ms":5.23,"dispatched":0,"skipped":0} 
[2026-05-16 03:31:01] production.INFO: ScheduledJobManager started {"execution_time":"2026-05-16T03:31:01+00:00"} 
[2026-05-16 03:31:01] production.INFO: ScheduledJobManager completed {"execution_time":"2026-05-16T03:31:01+00:00","duration_ms":13.141,"dispatched":0,"skipped":0} 
[2026-05-16 03:32:01] production.INFO: ScheduledJobManager started {"execution_time":"2026-05-16T03:32:01+00:00"} 
[2026-05-16 03:32:01] production.INFO: ScheduledJobManager completed {"execution_time":"2026-05-16T03:32:01+00:00","duration_ms":11.69,"dispatched":0,"skipped":0} 
[2026-05-16 03:33:01] production.INFO: ScheduledJobManager started {"execution_time":"2026-05-16T03:33:01+00:00"} 
[2026-05-16 03:33:01] production.INFO: ScheduledJobManager completed {"execution_time":"2026-05-16T03:33:01+00:00","duration_ms":12.078,"dispatched":0,"skipped":0} 
[2026-05-16 03:34:01] production.INFO: ScheduledJobManager started {"execution_time":"2026-05-16T03:34:01+00:00"} 
[2026-05-16 03:34:01] production.INFO: ScheduledJobManager completed {"execution_time":"2026-05-16T03:34:01+00:00","duration_ms":11.626,"dispatched":0,"skipped":0} 
[2026-05-16 03:35:01] production.INFO: ScheduledJobManager started {"execution_time":"2026-05-16T03:35:01+00:00"} 
[2026-05-16 03:35:01] production.INFO: ScheduledJobManager completed {"execution_time":"2026-05-16T03:35:01+00:00","duration_ms":6.103,"dispatched":0,"skipped":0} 
[2026-05-16 03:36:01] production.INFO: ScheduledJobManager started {"execution_time":"2026-05-16T03:36:01+00:00"} 
[2026-05-16 03:36:01] production.INFO: ScheduledJobManager completed {"execution_time":"2026-05-16T03:36:01+00:00","duration_ms":13.247,"dispatched":0,"skipped":0} 
[2026-05-16 03:37:01] production.INFO: ScheduledJobManager started {"execution_time":"2026-05-16T03:37:01+00:00"} 
[2026-05-16 03:37:01] production.INFO: ScheduledJobManager completed {"execution_time":"2026-05-16T03:37:01+00:00","duration_ms":11.425,"dispatched":0,"skipped":0} 
[2026-05-16 03:38:01] production.INFO: ScheduledJobManager started {"execution_time":"2026-05-16T03:38:01+00:00"} 
[2026-05-16 03:38:01] production.INFO: ScheduledJobManager completed {"execution_time":"2026-05-16T03:38:01+00:00","duration_ms":11.983,"dispatched":0,"skipped":0} 
[2026-05-16 03:39:01] production.INFO: ScheduledJobManager started {"execution_time":"2026-05-16T03:39:01+00:00"} 
[2026-05-16 03:39:01] production.INFO: ScheduledJobManager completed {"execution_time":"2026-05-16T03:39:01+00:00","duration_ms":11.949,"dispatched":0,"skipped":0} 
[2026-05-16 03:40:01] production.INFO: ScheduledJobManager started {"execution_time":"2026-05-16T03:40:01+00:00"} 
[2026-05-16 03:40:01] production.INFO: ScheduledJobManager completed {"execution_time":"2026-05-16T03:40:01+00:00","duration_ms":12.033,"dispatched":0,"skipped":0} 
[2026-05-16 03:41:01] production.INFO: ScheduledJobManager started {"execution_time":"2026-05-16T03:41:01+00:00"} 
[2026-05-16 03:41:01] production.INFO: ScheduledJobManager completed {"execution_time":"2026-05-16T03:41:01+00:00","duration_ms":13.815,"dispatched":0,"skipped":0} 
[2026-05-16 03:42:01] production.INFO: ScheduledJobManager started {"execution_time":"2026-05-16T03:42:01+00:00"} 
[2026-05-16 03:42:01] production.INFO: ScheduledJobManager completed {"execution_time":"2026-05-16T03:42:01+00:00","duration_ms":11.906,"dispatched":0,"skipped":0} 
[2026-05-16 03:43:00] production.INFO: ScheduledJobManager started {"execution_time":"2026-05-16T03:43:00+00:00"} 
[2026-05-16 03:43:00] production.INFO: ScheduledJobManager completed {"execution_time":"2026-05-16T03:43:00+00:00","duration_ms":11.677,"dispatched":0,"skipped":0} 
[2026-05-16 03:44:01] production.INFO: ScheduledJobManager started {"execution_time":"2026-05-16T03:44:01+00:00"} 
[2026-05-16 03:44:01] production.INFO: ScheduledJobManager completed {"execution_time":"2026-05-16T03:44:01+00:00","duration_ms":5.612,"dispatched":0,"skipped":0} 
[2026-05-16 03:45:01] production.INFO: ScheduledJobManager started {"execution_time":"2026-05-16T03:45:01+00:00"} 
[2026-05-16 03:45:01] production.INFO: ScheduledJobManager completed {"execution_time":"2026-05-16T03:45:01+00:00","duration_ms":11.368,"dispatched":0,"skipped":0} 
[2026-05-16 03:46:01] production.INFO: ScheduledJobManager started {"execution_time":"2026-05-16T03:46:01+00:00"} 
[2026-05-16 03:46:01] production.INFO: ScheduledJobManager completed {"execution_time":"2026-05-16T03:46:01+00:00","duration_ms":12.338,"dispatched":0,"skipped":0} 
[2026-05-16 03:47:01] production.INFO: ScheduledJobManager started {"execution_time":"2026-05-16T03:47:01+00:00"} 
[2026-05-16 03:47:01] production.INFO: ScheduledJobManager completed {"execution_time":"2026-05-16T03:47:01+00:00","duration_ms":11.559,"dispatched":0,"skipped":0} 
[2026-05-16 03:48:01] production.INFO: ScheduledJobManager started {"execution_time":"2026-05-16T03:48:01+00:00"} 
[2026-05-16 03:48:01] production.INFO: ScheduledJobManager completed {"execution_time":"2026-05-16T03:48:01+00:00","duration_ms":11.609,"dispatched":0,"skipped":0} 
[2026-05-16 03:49:01] production.INFO: ScheduledJobManager started {"execution_time":"2026-05-16T03:49:01+00:00"} 
[2026-05-16 03:49:01] production.INFO: ScheduledJobManager completed {"execution_time":"2026-05-16T03:49:01+00:00","duration_ms":6.834,"dispatched":0,"skipped":0} 
[2026-05-16 03:50:01] production.INFO: ScheduledJobManager started {"execution_time":"2026-05-16T03:50:01+00:00"} 
[2026-05-16 03:50:01] production.INFO: ScheduledJobManager completed {"execution_time":"2026-05-16T03:50:01+00:00","duration_ms":11.317,"dispatched":0,"skipped":0} 
[2026-05-16 03:51:01] production.INFO: ScheduledJobManager started {"execution_time":"2026-05-16T03:51:01+00:00"} 
[2026-05-16 03:51:01] production.INFO: ScheduledJobManager completed {"execution_time":"2026-05-16T03:51:01+00:00","duration_ms":11.781,"dispatched":0,"skipped":0} 
[2026-05-16 03:52:01] production.INFO: ScheduledJobManager started {"execution_time":"2026-05-16T03:52:01+00:00"} 
[2026-05-16 03:52:01] production.INFO: ScheduledJobManager completed {"execution_time":"2026-05-16T03:52:01+00:00","duration_ms":12.057,"dispatched":0,"skipped":0} 
[2026-05-16 03:53:01] production.INFO: ScheduledJobManager started {"execution_time":"2026-05-16T03:53:01+00:00"} 
[2026-05-16 03:53:01] production.INFO: ScheduledJobManager completed {"execution_time":"2026-05-16T03:53:01+00:00","duration_ms":11.536,"dispatched":0,"skipped":0} 
[2026-05-16 03:54:01] production.INFO: ScheduledJobManager started {"execution_time":"2026-05-16T03:54:01+00:00"} 
[2026-05-16 03:54:01] production.INFO: ScheduledJobManager completed {"execution_time":"2026-05-16T03:54:01+00:00","duration_ms":14.823,"dispatched":0,"skipped":0} 
[2026-05-16 03:55:01] production.INFO: ScheduledJobManager started {"execution_time":"2026-05-16T03:55:01+00:00"} 
[2026-05-16 03:55:01] production.INFO: ScheduledJobManager completed {"execution_time":"2026-05-16T03:55:01+00:00","duration_ms":11.196,"dispatched":0,"skipped":0} 
[2026-05-16 03:56:01] production.INFO: ScheduledJobManager started {"execution_time":"2026-05-16T03:56:01+00:00"} 
[2026-05-16 03:56:01] production.INFO: ScheduledJobManager completed {"execution_time":"2026-05-16T03:56:01+00:00","duration_ms":11.345,"dispatched":0,"skipped":0} 
[2026-05-16 03:57:01] production.INFO: ScheduledJobManager started {"execution_time":"2026-05-16T03:57:01+00:00"} 
[2026-05-16 03:57:01] production.INFO: ScheduledJobManager completed {"execution_time":"2026-05-16T03:57:01+00:00","duration_ms":13.939,"dispatched":0,"skipped":0} 
[2026-05-16 03:58:01] production.INFO: ScheduledJobManager started {"execution_time":"2026-05-16T03:58:01+00:00"} 
[2026-05-16 03:58:01] production.INFO: ScheduledJobManager completed {"execution_time":"2026-05-16T03:58:01+00:00","duration_ms":11.947,"dispatched":0,"skipped":0} 
[2026-05-16 03:59:01] production.INFO: ScheduledJobManager started {"execution_time":"2026-05-16T03:59:01+00:00"} 
[2026-05-16 03:59:01] production.INFO: ScheduledJobManager completed {"execution_time":"2026-05-16T03:59:01+00:00","duration_ms":11.5,"dispatched":0,"skipped":0} 
[2026-05-16 04:00:02] production.INFO: ScheduledJobManager started {"execution_time":"2026-05-16T04:00:02+00:00"} 
[2026-05-16 04:00:02] production.INFO: ScheduledJobManager completed {"execution_time":"2026-05-16T04:00:02+00:00","duration_ms":17.49,"dispatched":0,"skipped":0} 
[2026-05-16 04:01:01] production.INFO: ScheduledJobManager started {"execution_time":"2026-05-16T04:01:01+00:00"} 
[2026-05-16 04:01:01] production.INFO: ScheduledJobManager completed {"execution_time":"2026-05-16T04:01:01+00:00","duration_ms":11.364,"dispatched":0,"skipped":0} 
[2026-05-16 04:02:01] production.INFO: ScheduledJobManager started {"execution_time":"2026-05-16T04:02:01+00:00"} 
[2026-05-16 04:02:01] production.INFO: ScheduledJobManager completed {"execution_time":"2026-05-16T04:02:01+00:00","duration_ms":11.516,"dispatched":0,"skipped":0} 
[2026-05-16 04:03:01] production.INFO: ScheduledJobManager started {"execution_time":"2026-05-16T04:03:01+00:00"} 
[2026-05-16 04:03:01] production.INFO: ScheduledJobManager completed {"execution_time":"2026-05-16T04:03:01+00:00","duration_ms":11.281,"dispatched":0,"skipped":0} 
[2026-05-16 04:04:01] production.INFO: ScheduledJobManager started {"execution_time":"2026-05-16T04:04:01+00:00"} 
[2026-05-16 04:04:01] production.INFO: ScheduledJobManager completed {"execution_time":"2026-05-16T04:04:01+00:00","duration_ms":11.461,"dispatched":0,"skipped":0} 
[2026-05-16 04:05:01] production.INFO: ScheduledJobManager started {"execution_time":"2026-05-16T04:05:01+00:00"} 
[2026-05-16 04:05:01] production.INFO: ScheduledJobManager completed {"execution_time":"2026-05-16T04:05:01+00:00","duration_ms":11.62,"dispatched":0,"skipped":0} 
[2026-05-16 04:06:01] production.INFO: ScheduledJobManager started {"execution_time":"2026-05-16T04:06:01+00:00"} 
[2026-05-16 04:06:01] production.INFO: ScheduledJobManager completed {"execution_time":"2026-05-16T04:06:01+00:00","duration_ms":11.517,"dispatched":0,"skipped":0} 
[2026-05-16 04:07:01] production.INFO: ScheduledJobManager started {"execution_time":"2026-05-16T04:07:01+00:00"} 
[2026-05-16 04:07:01] production.INFO: ScheduledJobManager completed {"execution_time":"2026-05-16T04:07:01+00:00","duration_ms":11.869,"dispatched":0,"skipped":0} 
[2026-05-16 04:08:01] production.INFO: ScheduledJobManager started {"execution_time":"2026-05-16T04:08:01+00:00"} 
[2026-05-16 04:08:01] production.INFO: ScheduledJobManager completed {"execution_time":"2026-05-16T04:08:01+00:00","duration_ms":11.388,"dispatched":0,"skipped":0} 
[2026-05-16 04:09:01] production.INFO: ScheduledJobManager started {"execution_time":"2026-05-16T04:09:01+00:00"} 
[2026-05-16 04:09:01] production.INFO: ScheduledJobManager completed {"execution_time":"2026-05-16T04:09:01+00:00","duration_ms":11.383,"dispatched":0,"skipped":0} 
[2026-05-16 04:10:01] production.INFO: ScheduledJobManager started {"execution_time":"2026-05-16T04:10:01+00:00"} 
[2026-05-16 04:10:01] production.INFO: ScheduledJobManager completed {"execution_time":"2026-05-16T04:10:01+00:00","duration_ms":11.858,"dispatched":0,"skipped":0} 
[2026-05-16 04:11:01] production.INFO: ScheduledJobManager started {"execution_time":"2026-05-16T04:11:01+00:00"} 
[2026-05-16 04:11:01] production.INFO: ScheduledJobManager completed {"execution_time":"2026-05-16T04:11:01+00:00","duration_ms":11.333,"dispatched":0,"skipped":0} 
[2026-05-16 04:12:01] production.INFO: ScheduledJobManager started {"execution_time":"2026-05-16T04:12:01+00:00"} 
[2026-05-16 04:12:01] production.INFO: ScheduledJobManager completed {"execution_time":"2026-05-16T04:12:01+00:00","duration_ms":11.777,"dispatched":0,"skipped":0} 
[2026-05-16 04:13:01] production.INFO: ScheduledJobManager started {"execution_time":"2026-05-16T04:13:01+00:00"} 
[2026-05-16 04:13:01] production.INFO: ScheduledJobManager completed {"execution_time":"2026-05-16T04:13:01+00:00","duration_ms":11.441,"dispatched":0,"skipped":0} 
[2026-05-16 04:14:01] production.INFO: ScheduledJobManager started {"execution_time":"2026-05-16T04:14:01+00:00"} 
[2026-05-16 04:14:01] production.INFO: ScheduledJobManager completed {"execution_time":"2026-05-16T04:14:01+00:00","duration_ms":11.752,"dispatched":0,"skipped":0} 
[2026-05-16 04:15:01] production.INFO: ScheduledJobManager started {"execution_time":"2026-05-16T04:15:01+00:00"} 
[2026-05-16 04:15:01] production.INFO: ScheduledJobManager completed {"execution_time":"2026-05-16T04:15:01+00:00","duration_ms":3.867,"dispatched":0,"skipped":0} 
[2026-05-16 04:16:01] production.INFO: ScheduledJobManager started {"execution_time":"2026-05-16T04:16:01+00:00"} 
[2026-05-16 04:16:01] production.INFO: ScheduledJobManager completed {"execution_time":"2026-05-16T04:16:01+00:00","duration_ms":11.601,"dispatched":0,"skipped":0} 
[2026-05-16 04:17:01] production.INFO: ScheduledJobManager started {"execution_time":"2026-05-16T04:17:01+00:00"} 
[2026-05-16 04:17:01] production.INFO: ScheduledJobManager completed {"execution_time":"2026-05-16T04:17:01+00:00","duration_ms":11.402,"dispatched":0,"skipped":0} 
[2026-05-16 04:18:01] production.INFO: ScheduledJobManager started {"execution_time":"2026-05-16T04:18:01+00:00"} 
[2026-05-16 04:18:01] production.INFO: ScheduledJobManager completed {"execution_time":"2026-05-16T04:18:01+00:00","duration_ms":5.659,"dispatched":0,"skipped":0} 
[2026-05-16 04:19:01] production.INFO: ScheduledJobManager started {"execution_time":"2026-05-16T04:19:01+00:00"} 
[2026-05-16 04:19:01] production.INFO: ScheduledJobManager completed {"execution_time":"2026-05-16T04:19:01+00:00","duration_ms":11.424,"dispatched":0,"skipped":0} 
[2026-05-16 04:20:01] production.INFO: ScheduledJobManager started {"execution_time":"2026-05-16T04:20:01+00:00"} 
[2026-05-16 04:20:01] production.INFO: ScheduledJobManager completed {"execution_time":"2026-05-16T04:20:01+00:00","duration_ms":4.932,"dispatched":0,"skipped":0} 
[2026-05-16 04:21:01] production.INFO: ScheduledJobManager started {"execution_time":"2026-05-16T04:21:01+00:00"} 
[2026-05-16 04:21:01] production.INFO: ScheduledJobManager completed {"execution_time":"2026-05-16T04:21:01+00:00","duration_ms":11.361,"dispatched":0,"skipped":0} 
[2026-05-16 04:22:01] production.INFO: ScheduledJobManager started {"execution_time":"2026-05-16T04:22:01+00:00"} 
[2026-05-16 04:22:01] production.INFO: ScheduledJobManager completed {"execution_time":"2026-05-16T04:22:01+00:00","duration_ms":11.493,"dispatched":0,"skipped":0} 
[2026-05-16 04:23:01] production.INFO: ScheduledJobManager started {"execution_time":"2026-05-16T04:23:01+00:00"} 
[2026-05-16 04:23:01] production.INFO: ScheduledJobManager completed {"execution_time":"2026-05-16T04:23:01+00:00","duration_ms":11.74,"dispatched":0,"skipped":0} 
[2026-05-16 04:24:01] production.INFO: ScheduledJobManager started {"execution_time":"2026-05-16T04:24:01+00:00"} 
[2026-05-16 04:24:01] production.INFO: ScheduledJobManager completed {"execution_time":"2026-05-16T04:24:01+00:00","duration_ms":11.693,"dispatched":0,"skipped":0} 
[2026-05-16 04:25:01] production.INFO: ScheduledJobManager started {"execution_time":"2026-05-16T04:25:01+00:00"} 
[2026-05-16 04:25:01] production.INFO: ScheduledJobManager completed {"execution_time":"2026-05-16T04:25:01+00:00","duration_ms":11.763,"dispatched":0,"skipped":0} 
[2026-05-16 04:26:01] production.INFO: ScheduledJobManager started {"execution_time":"2026-05-16T04:26:01+00:00"} 
[2026-05-16 04:26:01] production.INFO: ScheduledJobManager completed {"execution_time":"2026-05-16T04:26:01+00:00","duration_ms":11.752,"dispatched":0,"skipped":0} 
[2026-05-16 04:27:01] production.INFO: ScheduledJobManager started {"execution_time":"2026-05-16T04:27:01+00:00"} 
[2026-05-16 04:27:01] production.INFO: ScheduledJobManager completed {"execution_time":"2026-05-16T04:27:01+00:00","duration_ms":11.653,"dispatched":0,"skipped":0} 
[2026-05-16 04:28:01] production.INFO: ScheduledJobManager started {"execution_time":"2026-05-16T04:28:01+00:00"} 
[2026-05-16 04:28:01] production.INFO: ScheduledJobManager completed {"execution_time":"2026-05-16T04:28:01+00:00","duration_ms":11.666,"dispatched":0,"skipped":0} 
[2026-05-16 04:29:00] production.INFO: ScheduledJobManager started {"execution_time":"2026-05-16T04:29:00+00:00"} 
[2026-05-16 04:29:00] production.INFO: ScheduledJobManager completed {"execution_time":"2026-05-16T04:29:00+00:00","duration_ms":12.015,"dispatched":0,"skipped":0} 
[2026-05-16 04:30:01] production.INFO: ScheduledJobManager started {"execution_time":"2026-05-16T04:30:01+00:00"} 
[2026-05-16 04:30:01] production.INFO: ScheduledJobManager completed {"execution_time":"2026-05-16T04:30:01+00:00","duration_ms":5.406,"dispatched":0,"skipped":0} 
[2026-05-16 04:31:01] production.INFO: ScheduledJobManager started {"execution_time":"2026-05-16T04:31:01+00:00"} 
[2026-05-16 04:31:01] production.INFO: ScheduledJobManager completed {"execution_time":"2026-05-16T04:31:01+00:00","duration_ms":11.623,"dispatched":0,"skipped":0} 
[2026-05-16 04:32:01] production.INFO: ScheduledJobManager started {"execution_time":"2026-05-16T04:32:01+00:00"} 
[2026-05-16 04:32:01] production.INFO: ScheduledJobManager completed {"execution_time":"2026-05-16T04:32:01+00:00","duration_ms":15.43,"dispatched":0,"skipped":0} 
[2026-05-16 04:33:01] production.INFO: ScheduledJobManager started {"execution_time":"2026-05-16T04:33:01+00:00"} 
[2026-05-16 04:33:01] production.INFO: ScheduledJobManager completed {"execution_time":"2026-05-16T04:33:01+00:00","duration_ms":11.208,"dispatched":0,"skipped":0} 
[2026-05-16 04:34:01] production.INFO: ScheduledJobManager started {"execution_time":"2026-05-16T04:34:01+00:00"} 
[2026-05-16 04:34:01] production.INFO: ScheduledJobManager completed {"execution_time":"2026-05-16T04:34:01+00:00","duration_ms":5.604,"dispatched":0,"skipped":0} 
[2026-05-16 04:35:01] production.INFO: ScheduledJobManager started {"execution_time":"2026-05-16T04:35:01+00:00"} 
[2026-05-16 04:35:01] production.INFO: ScheduledJobManager completed {"execution_time":"2026-05-16T04:35:01+00:00","duration_ms":11.57,"dispatched":0,"skipped":0} 
[2026-05-16 04:36:01] production.INFO: ScheduledJobManager started {"execution_time":"2026-05-16T04:36:01+00:00"} 
[2026-05-16 04:36:01] production.INFO: ScheduledJobManager completed {"execution_time":"2026-05-16T04:36:01+00:00","duration_ms":12.013,"dispatched":0,"skipped":0} 
[2026-05-16 04:37:01] production.INFO: ScheduledJobManager started {"execution_time":"2026-05-16T04:37:01+00:00"} 
[2026-05-16 04:37:01] production.INFO: ScheduledJobManager completed {"execution_time":"2026-05-16T04:37:01+00:00","duration_ms":11.16,"dispatched":0,"skipped":0} 
[2026-05-16 04:38:01] production.INFO: ScheduledJobManager started {"execution_time":"2026-05-16T04:38:01+00:00"} 
[2026-05-16 04:38:01] production.INFO: ScheduledJobManager completed {"execution_time":"2026-05-16T04:38:01+00:00","duration_ms":11.349,"dispatched":0,"skipped":0} 
[2026-05-16 04:39:01] production.INFO: ScheduledJobManager started {"execution_time":"2026-05-16T04:39:01+00:00"} 
[2026-05-16 04:39:01] production.INFO: ScheduledJobManager completed {"execution_time":"2026-05-16T04:39:01+00:00","duration_ms":11.457,"dispatched":0,"skipped":0} 
[2026-05-16 04:40:01] production.INFO: ScheduledJobManager started {"execution_time":"2026-05-16T04:40:01+00:00"} 
[2026-05-16 04:40:01] production.INFO: ScheduledJobManager completed {"execution_time":"2026-05-16T04:40:01+00:00","duration_ms":5.721,"dispatched":0,"skipped":0} 
[2026-05-16 04:41:01] production.INFO: ScheduledJobManager started {"execution_time":"2026-05-16T04:41:01+00:00"} 
[2026-05-16 04:41:01] production.INFO: ScheduledJobManager completed {"execution_time":"2026-05-16T04:41:01+00:00","duration_ms":11.698,"dispatched":0,"skipped":0} 
[2026-05-16 04:42:01] production.INFO: ScheduledJobManager started {"execution_time":"2026-05-16T04:42:01+00:00"} 
[2026-05-16 04:42:01] production.INFO: ScheduledJobManager completed {"execution_time":"2026-05-16T04:42:01+00:00","duration_ms":11.711,"dispatched":0,"skipped":0} 
[2026-05-16 04:43:01] production.INFO: ScheduledJobManager started {"execution_time":"2026-05-16T04:43:01+00:00"} 
[2026-05-16 04:43:01] production.INFO: ScheduledJobManager completed {"execution_time":"2026-05-16T04:43:01+00:00","duration_ms":11.801,"dispatched":0,"skipped":0} 
[2026-05-16 04:44:01] production.INFO: ScheduledJobManager started {"execution_time":"2026-05-16T04:44:01+00:00"} 
[2026-05-16 04:44:01] production.INFO: ScheduledJobManager completed {"execution_time":"2026-05-16T04:44:01+00:00","duration_ms":11.599,"dispatched":0,"skipped":0} 
[2026-05-16 04:45:01] production.INFO: ScheduledJobManager started {"execution_time":"2026-05-16T04:45:01+00:00"} 
[2026-05-16 04:45:01] production.INFO: ScheduledJobManager completed {"execution_time":"2026-05-16T04:45:01+00:00","duration_ms":11.36,"dispatched":0,"skipped":0} 
[2026-05-16 04:46:01] production.INFO: ScheduledJobManager started {"execution_time":"2026-05-16T04:46:01+00:00"} 
[2026-05-16 04:46:01] production.INFO: ScheduledJobManager completed {"execution_time":"2026-05-16T04:46:01+00:00","duration_ms":11.609,"dispatched":0,"skipped":0} 
[2026-05-16 04:47:01] production.INFO: ScheduledJobManager started {"execution_time":"2026-05-16T04:47:01+00:00"} 
[2026-05-16 04:47:01] production.INFO: ScheduledJobManager completed {"execution_time":"2026-05-16T04:47:01+00:00","duration_ms":11.513,"dispatched":0,"skipped":0} 
[2026-05-16 04:48:01] production.INFO: ScheduledJobManager started {"execution_time":"2026-05-16T04:48:01+00:00"} 
[2026-05-16 04:48:01] production.INFO: ScheduledJobManager completed {"execution_time":"2026-05-16T04:48:01+00:00","duration_ms":5.821,"dispatched":0,"skipped":0} 
[2026-05-16 04:49:01] production.INFO: ScheduledJobManager started {"execution_time":"2026-05-16T04:49:01+00:00"} 
[2026-05-16 04:49:01] production.INFO: ScheduledJobManager completed {"execution_time":"2026-05-16T04:49:01+00:00","duration_ms":11.547,"dispatched":0,"skipped":0} 
[2026-05-16 04:50:01] production.INFO: ScheduledJobManager started {"execution_time":"2026-05-16T04:50:01+00:00"} 
[2026-05-16 04:50:01] production.INFO: ScheduledJobManager completed {"execution_time":"2026-05-16T04:50:01+00:00","duration_ms":3.817,"dispatched":0,"skipped":0} 
[2026-05-16 04:51:01] production.INFO: ScheduledJobManager started {"execution_time":"2026-05-16T04:51:01+00:00"} 
[2026-05-16 04:51:01] production.INFO: ScheduledJobManager completed {"execution_time":"2026-05-16T04:51:01+00:00","duration_ms":17.796,"dispatched":0,"skipped":0} 
[2026-05-16 04:52:01] production.INFO: ScheduledJobManager started {"execution_time":"2026-05-16T04:52:01+00:00"} 
[2026-05-16 04:52:01] production.INFO: ScheduledJobManager completed {"execution_time":"2026-05-16T04:52:01+00:00","duration_ms":11.258,"dispatched":0,"skipped":0} 
[2026-05-16 04:53:01] production.INFO: ScheduledJobManager started {"execution_time":"2026-05-16T04:53:01+00:00"} 
[2026-05-16 04:53:01] production.INFO: ScheduledJobManager completed {"execution_time":"2026-05-16T04:53:01+00:00","duration_ms":11.223,"dispatched":0,"skipped":0} 
[2026-05-16 04:54:01] production.INFO: ScheduledJobManager started {"execution_time":"2026-05-16T04:54:01+00:00"} 
[2026-05-16 04:54:01] production.INFO: ScheduledJobManager completed {"execution_time":"2026-05-16T04:54:01+00:00","duration_ms":11.821,"dispatched":0,"skipped":0} 
[2026-05-16 04:55:01] production.INFO: ScheduledJobManager started {"execution_time":"2026-05-16T04:55:01+00:00"} 
[2026-05-16 04:55:01] production.INFO: ScheduledJobManager completed {"execution_time":"2026-05-16T04:55:01+00:00","duration_ms":14.254,"dispatched":0,"skipped":0} 
[2026-05-16 04:56:01] production.INFO: ScheduledJobManager started {"execution_time":"2026-05-16T04:56:01+00:00"} 
[2026-05-16 04:56:01] production.INFO: ScheduledJobManager completed {"execution_time":"2026-05-16T04:56:01+00:00","duration_ms":11.393,"dispatched":0,"skipped":0} 
[2026-05-16 04:57:01] production.INFO: ScheduledJobManager started {"execution_time":"2026-05-16T04:57:01+00:00"} 
[2026-05-16 04:57:01] production.INFO: ScheduledJobManager completed {"execution_time":"2026-05-16T04:57:01+00:00","duration_ms":11.301,"dispatched":0,"skipped":0} 
[2026-05-16 04:58:01] production.INFO: ScheduledJobManager started {"execution_time":"2026-05-16T04:58:01+00:00"} 
[2026-05-16 04:58:01] production.INFO: ScheduledJobManager completed {"execution_time":"2026-05-16T04:58:01+00:00","duration_ms":11.29,"dispatched":0,"skipped":0} 
[2026-05-16 04:59:00] production.INFO: ScheduledJobManager started {"execution_time":"2026-05-16T04:59:00+00:00"} 
[2026-05-16 04:59:00] production.INFO: ScheduledJobManager completed {"execution_time":"2026-05-16T04:59:00+00:00","duration_ms":12.031,"dispatched":0,"skipped":0} 
[2026-05-16 05:00:02] production.INFO: ScheduledJobManager started {"execution_time":"2026-05-16T05:00:02+00:00"} 
[2026-05-16 05:00:02] production.INFO: ScheduledJobManager completed {"execution_time":"2026-05-16T05:00:02+00:00","duration_ms":15.384,"dispatched":0,"skipped":0} 
[2026-05-16 05:01:01] production.INFO: ScheduledJobManager started {"execution_time":"2026-05-16T05:01:01+00:00"} 
[2026-05-16 05:01:01] production.INFO: ScheduledJobManager completed {"execution_time":"2026-05-16T05:01:01+00:00","duration_ms":12.179,"dispatched":0,"skipped":0} 
[2026-05-16 05:02:01] production.INFO: ScheduledJobManager started {"execution_time":"2026-05-16T05:02:01+00:00"} 
[2026-05-16 05:02:01] production.INFO: ScheduledJobManager completed {"execution_time":"2026-05-16T05:02:01+00:00","duration_ms":54.784,"dispatched":0,"skipped":0} 
[2026-05-16 05:03:01] production.INFO: ScheduledJobManager started {"execution_time":"2026-05-16T05:03:01+00:00"} 
[2026-05-16 05:03:01] production.INFO: ScheduledJobManager completed {"execution_time":"2026-05-16T05:03:01+00:00","duration_ms":15.387,"dispatched":0,"skipped":0} 
[2026-05-16 05:04:01] production.INFO: ScheduledJobManager started {"execution_time":"2026-05-16T05:04:01+00:00"} 
[2026-05-16 05:04:01] production.INFO: ScheduledJobManager completed {"execution_time":"2026-05-16T05:04:01+00:00","duration_ms":6.804,"dispatched":0,"skipped":0} 
[2026-05-16 05:05:01] production.INFO: ScheduledJobManager started {"execution_time":"2026-05-16T05:05:01+00:00"} 
[2026-05-16 05:05:01] production.INFO: ScheduledJobManager completed {"execution_time":"2026-05-16T05:05:01+00:00","duration_ms":11.775,"dispatched":0,"skipped":0} 
[2026-05-16 05:06:01] production.INFO: ScheduledJobManager started {"execution_time":"2026-05-16T05:06:01+00:00"} 
[2026-05-16 05:06:01] production.INFO: ScheduledJobManager completed {"execution_time":"2026-05-16T05:06:01+00:00","duration_ms":11.809,"dispatched":0,"skipped":0} 
[2026-05-16 05:07:01] production.INFO: ScheduledJobManager started {"execution_time":"2026-05-16T05:07:01+00:00"} 
[2026-05-16 05:07:01] production.INFO: ScheduledJobManager completed {"execution_time":"2026-05-16T05:07:01+00:00","duration_ms":11.417,"dispatched":0,"skipped":0} 
[2026-05-16 05:08:01] production.INFO: ScheduledJobManager started {"execution_time":"2026-05-16T05:08:01+00:00"} 
[2026-05-16 05:08:01] production.INFO: ScheduledJobManager completed {"execution_time":"2026-05-16T05:08:01+00:00","duration_ms":11.364,"dispatched":0,"skipped":0} 
[2026-05-16 05:09:01] production.INFO: ScheduledJobManager started {"execution_time":"2026-05-16T05:09:01+00:00"} 
[2026-05-16 05:09:01] production.INFO: ScheduledJobManager completed {"execution_time":"2026-05-16T05:09:01+00:00","duration_ms":11.631,"dispatched":0,"skipped":0} 
[2026-05-16 05:10:01] production.INFO: ScheduledJobManager started {"execution_time":"2026-05-16T05:10:01+00:00"} 
[2026-05-16 05:10:01] production.INFO: ScheduledJobManager completed {"execution_time":"2026-05-16T05:10:01+00:00","duration_ms":11.496,"dispatched":0,"skipped":0} 
[2026-05-16 05:11:01] production.INFO: ScheduledJobManager started {"execution_time":"2026-05-16T05:11:01+00:00"} 
[2026-05-16 05:11:01] production.INFO: ScheduledJobManager completed {"execution_time":"2026-05-16T05:11:01+00:00","duration_ms":11.456,"dispatched":0,"skipped":0} 
[2026-05-16 05:12:01] production.INFO: ScheduledJobManager started {"execution_time":"2026-05-16T05:12:01+00:00"} 
[2026-05-16 05:12:01] production.INFO: ScheduledJobManager completed {"execution_time":"2026-05-16T05:12:01+00:00","duration_ms":11.538,"dispatched":0,"skipped":0} 
[2026-05-16 05:13:01] production.INFO: ScheduledJobManager started {"execution_time":"2026-05-16T05:13:01+00:00"} 
[2026-05-16 05:13:01] production.INFO: ScheduledJobManager completed {"execution_time":"2026-05-16T05:13:01+00:00","duration_ms":11.483,"dispatched":0,"skipped":0} 
[2026-05-16 05:14:01] production.INFO: ScheduledJobManager started {"execution_time":"2026-05-16T05:14:01+00:00"} 
[2026-05-16 05:14:01] production.INFO: ScheduledJobManager completed {"execution_time":"2026-05-16T05:14:01+00:00","duration_ms":11.762,"dispatched":0,"skipped":0} 
[2026-05-16 05:15:01] production.INFO: ScheduledJobManager started {"execution_time":"2026-05-16T05:15:01+00:00"} 
[2026-05-16 05:15:01] production.INFO: ScheduledJobManager completed {"execution_time":"2026-05-16T05:15:01+00:00","duration_ms":3.808,"dispatched":0,"skipped":0} 
[2026-05-16 05:16:01] production.INFO: ScheduledJobManager started {"execution_time":"2026-05-16T05:16:01+00:00"} 
[2026-05-16 05:16:01] production.INFO: ScheduledJobManager completed {"execution_time":"2026-05-16T05:16:01+00:00","duration_ms":16.033,"dispatched":0,"skipped":0} 
[2026-05-16 05:17:01] production.INFO: ScheduledJobManager started {"execution_time":"2026-05-16T05:17:01+00:00"} 
[2026-05-16 05:17:01] production.INFO: ScheduledJobManager completed {"execution_time":"2026-05-16T05:17:01+00:00","duration_ms":11.381,"dispatched":0,"skipped":0} 
[2026-05-16 05:18:01] production.INFO: ScheduledJobManager started {"execution_time":"2026-05-16T05:18:01+00:00"} 
[2026-05-16 05:18:01] production.INFO: ScheduledJobManager completed {"execution_time":"2026-05-16T05:18:01+00:00","duration_ms":5.781,"dispatched":0,"skipped":0} 
[2026-05-16 05:19:01] production.INFO: ScheduledJobManager started {"execution_time":"2026-05-16T05:19:01+00:00"} 
[2026-05-16 05:19:01] production.INFO: ScheduledJobManager completed {"execution_time":"2026-05-16T05:19:01+00:00","duration_ms":11.91,"dispatched":0,"skipped":0} 
[2026-05-16 05:20:01] production.INFO: ScheduledJobManager started {"execution_time":"2026-05-16T05:20:01+00:00"} 
[2026-05-16 05:20:01] production.INFO: ScheduledJobManager completed {"execution_time":"2026-05-16T05:20:01+00:00","duration_ms":3.825,"dispatched":0,"skipped":0} 
[2026-05-16 05:21:01] production.INFO: ScheduledJobManager started {"execution_time":"2026-05-16T05:21:01+00:00"} 
[2026-05-16 05:21:01] production.INFO: ScheduledJobManager completed {"execution_time":"2026-05-16T05:21:01+00:00","duration_ms":12.061,"dispatched":0,"skipped":0} 
[2026-05-16 05:22:01] production.INFO: ScheduledJobManager started {"execution_time":"2026-05-16T05:22:01+00:00"} 
[2026-05-16 05:22:01] production.INFO: ScheduledJobManager completed {"execution_time":"2026-05-16T05:22:01+00:00","duration_ms":11.259,"dispatched":0,"skipped":0} 
[2026-05-16 05:23:01] production.INFO: ScheduledJobManager started {"execution_time":"2026-05-16T05:23:01+00:00"} 
[2026-05-16 05:23:01] production.INFO: ScheduledJobManager completed {"execution_time":"2026-05-16T05:23:01+00:00","duration_ms":11.743,"dispatched":0,"skipped":0} 
[2026-05-16 05:24:01] production.INFO: ScheduledJobManager started {"execution_time":"2026-05-16T05:24:01+00:00"} 
[2026-05-16 05:24:01] production.INFO: ScheduledJobManager completed {"execution_time":"2026-05-16T05:24:01+00:00","duration_ms":11.543,"dispatched":0,"skipped":0} 
[2026-05-16 05:25:01] production.INFO: ScheduledJobManager started {"execution_time":"2026-05-16T05:25:01+00:00"} 
[2026-05-16 05:25:01] production.INFO: ScheduledJobManager completed {"execution_time":"2026-05-16T05:25:01+00:00","duration_ms":11.51,"dispatched":0,"skipped":0} 
[2026-05-16 05:26:01] production.INFO: ScheduledJobManager started {"execution_time":"2026-05-16T05:26:01+00:00"} 
[2026-05-16 05:26:01] production.INFO: ScheduledJobManager completed {"execution_time":"2026-05-16T05:26:01+00:00","duration_ms":11.466,"dispatched":0,"skipped":0} 
[2026-05-16 05:27:01] production.INFO: ScheduledJobManager started {"execution_time":"2026-05-16T05:27:01+00:00"} 
[2026-05-16 05:27:01] production.INFO: ScheduledJobManager completed {"execution_time":"2026-05-16T05:27:01+00:00","duration_ms":11.259,"dispatched":0,"skipped":0} 
[2026-05-16 05:28:01] production.INFO: ScheduledJobManager started {"execution_time":"2026-05-16T05:28:01+00:00"} 
[2026-05-16 05:28:01] production.INFO: ScheduledJobManager completed {"execution_time":"2026-05-16T05:28:01+00:00","duration_ms":12.368,"dispatched":0,"skipped":0} 
[2026-05-16 05:29:00] production.INFO: ScheduledJobManager started {"execution_time":"2026-05-16T05:29:00+00:00"} 
[2026-05-16 05:29:00] production.INFO: ScheduledJobManager completed {"execution_time":"2026-05-16T05:29:00+00:00","duration_ms":11.693,"dispatched":0,"skipped":0} 
[2026-05-16 05:30:01] production.INFO: ScheduledJobManager started {"execution_time":"2026-05-16T05:30:01+00:00"} 
[2026-05-16 05:30:01] production.INFO: ScheduledJobManager completed {"execution_time":"2026-05-16T05:30:01+00:00","duration_ms":5.148,"dispatched":0,"skipped":0} 
[2026-05-16 05:31:01] production.INFO: ScheduledJobManager started {"execution_time":"2026-05-16T05:31:01+00:00"} 
[2026-05-16 05:31:01] production.INFO: ScheduledJobManager completed {"execution_time":"2026-05-16T05:31:01+00:00","duration_ms":11.638,"dispatched":0,"skipped":0} 
[2026-05-16 05:32:01] production.INFO: ScheduledJobManager started {"execution_time":"2026-05-16T05:32:01+00:00"} 
[2026-05-16 05:32:01] production.INFO: ScheduledJobManager completed {"execution_time":"2026-05-16T05:32:01+00:00","duration_ms":12.005,"dispatched":0,"skipped":0} 
[2026-05-16 05:33:01] production.INFO: ScheduledJobManager started {"execution_time":"2026-05-16T05:33:01+00:00"} 
[2026-05-16 05:33:01] production.INFO: ScheduledJobManager completed {"execution_time":"2026-05-16T05:33:01+00:00","duration_ms":11.735,"dispatched":0,"skipped":0} 
[2026-05-16 05:34:01] production.INFO: ScheduledJobManager started {"execution_time":"2026-05-16T05:34:01+00:00"} 
[2026-05-16 05:34:01] production.INFO: ScheduledJobManager completed {"execution_time":"2026-05-16T05:34:01+00:00","duration_ms":15.098,"dispatched":0,"skipped":0} 
[2026-05-16 05:35:01] production.INFO: ScheduledJobManager started {"execution_time":"2026-05-16T05:35:01+00:00"} 
[2026-05-16 05:35:01] production.INFO: ScheduledJobManager completed {"execution_time":"2026-05-16T05:35:01+00:00","duration_ms":3.973,"dispatched":0,"skipped":0} 
[2026-05-16 05:36:01] production.INFO: ScheduledJobManager started {"execution_time":"2026-05-16T05:36:01+00:00"} 
[2026-05-16 05:36:01] production.INFO: ScheduledJobManager completed {"execution_time":"2026-05-16T05:36:01+00:00","duration_ms":11.62,"dispatched":0,"skipped":0} 
[2026-05-16 05:37:01] production.INFO: ScheduledJobManager started {"execution_time":"2026-05-16T05:37:01+00:00"} 
[2026-05-16 05:37:01] production.INFO: ScheduledJobManager completed {"execution_time":"2026-05-16T05:37:01+00:00","duration_ms":11.541,"dispatched":0,"skipped":0} 
[2026-05-16 05:38:01] production.INFO: ScheduledJobManager started {"execution_time":"2026-05-16T05:38:01+00:00"} 
[2026-05-16 05:38:01] production.INFO: ScheduledJobManager completed {"execution_time":"2026-05-16T05:38:01+00:00","duration_ms":11.625,"dispatched":0,"skipped":0} 
[2026-05-16 05:39:01] production.INFO: ScheduledJobManager started {"execution_time":"2026-05-16T05:39:01+00:00"} 
[2026-05-16 05:39:01] production.INFO: ScheduledJobManager completed {"execution_time":"2026-05-16T05:39:01+00:00","duration_ms":11.671,"dispatched":0,"skipped":0} 
[2026-05-16 05:40:01] production.INFO: ScheduledJobManager started {"execution_time":"2026-05-16T05:40:01+00:00"} 
[2026-05-16 05:40:01] production.INFO: ScheduledJobManager completed {"execution_time":"2026-05-16T05:40:01+00:00","duration_ms":11.665,"dispatched":0,"skipped":0} 
[2026-05-16 05:41:01] production.INFO: ScheduledJobManager started {"execution_time":"2026-05-16T05:41:01+00:00"} 
[2026-05-16 05:41:01] production.INFO: ScheduledJobManager completed {"execution_time":"2026-05-16T05:41:01+00:00","duration_ms":11.471,"dispatched":0,"skipped":0} 
[2026-05-16 05:42:01] production.INFO: ScheduledJobManager started {"execution_time":"2026-05-16T05:42:01+00:00"} 
[2026-05-16 05:42:01] production.INFO: ScheduledJobManager completed {"execution_time":"2026-05-16T05:42:01+00:00","duration_ms":11.913,"dispatched":0,"skipped":0} 
[2026-05-16 05:43:01] production.INFO: ScheduledJobManager started {"execution_time":"2026-05-16T05:43:01+00:00"} 
[2026-05-16 05:43:01] production.INFO: ScheduledJobManager completed {"execution_time":"2026-05-16T05:43:01+00:00","duration_ms":12.056,"dispatched":0,"skipped":0} 
[2026-05-16 05:44:01] production.INFO: ScheduledJobManager started {"execution_time":"2026-05-16T05:44:01+00:00"} 
[2026-05-16 05:44:01] production.INFO: ScheduledJobManager completed {"execution_time":"2026-05-16T05:44:01+00:00","duration_ms":11.9,"dispatched":0,"skipped":0} 
[2026-05-16 05:45:02] production.INFO: ScheduledJobManager started {"execution_time":"2026-05-16T05:45:02+00:00"} 
[2026-05-16 05:45:02] production.INFO: ScheduledJobManager completed {"execution_time":"2026-05-16T05:45:02+00:00","duration_ms":12.23,"dispatched":0,"skipped":0} 
[2026-05-16 05:46:01] production.INFO: ScheduledJobManager started {"execution_time":"2026-05-16T05:46:01+00:00"} 
[2026-05-16 05:46:01] production.INFO: ScheduledJobManager completed {"execution_time":"2026-05-16T05:46:01+00:00","duration_ms":11.674,"dispatched":0,"skipped":0} 
[2026-05-16 05:47:01] production.INFO: ScheduledJobManager started {"execution_time":"2026-05-16T05:47:01+00:00"} 
[2026-05-16 05:47:01] production.INFO: ScheduledJobManager completed {"execution_time":"2026-05-16T05:47:01+00:00","duration_ms":11.4,"dispatched":0,"skipped":0} 
[2026-05-16 05:48:01] production.INFO: ScheduledJobManager started {"execution_time":"2026-05-16T05:48:01+00:00"} 
[2026-05-16 05:48:01] production.INFO: ScheduledJobManager completed {"execution_time":"2026-05-16T05:48:01+00:00","duration_ms":11.709,"dispatched":0,"skipped":0} 
[2026-05-16 05:49:01] production.INFO: ScheduledJobManager started {"execution_time":"2026-05-16T05:49:01+00:00"} 
[2026-05-16 05:49:01] production.INFO: ScheduledJobManager completed {"execution_time":"2026-05-16T05:49:01+00:00","duration_ms":12.023,"dispatched":0,"skipped":0} 
[2026-05-16 05:50:01] production.INFO: ScheduledJobManager started {"execution_time":"2026-05-16T05:50:01+00:00"} 
[2026-05-16 05:50:01] production.INFO: ScheduledJobManager completed {"execution_time":"2026-05-16T05:50:01+00:00","duration_ms":3.848,"dispatched":0,"skipped":0} 
[2026-05-16 05:51:01] production.INFO: ScheduledJobManager started {"execution_time":"2026-05-16T05:51:01+00:00"} 
[2026-05-16 05:51:01] production.INFO: ScheduledJobManager completed {"execution_time":"2026-05-16T05:51:01+00:00","duration_ms":11.471,"dispatched":0,"skipped":0} 
[2026-05-16 05:52:01] production.INFO: ScheduledJobManager started {"execution_time":"2026-05-16T05:52:01+00:00"} 
[2026-05-16 05:52:01] production.INFO: ScheduledJobManager completed {"execution_time":"2026-05-16T05:52:01+00:00","duration_ms":11.643,"dispatched":0,"skipped":0} 
[2026-05-16 05:53:01] production.INFO: ScheduledJobManager started {"execution_time":"2026-05-16T05:53:01+00:00"} 
[2026-05-16 05:53:01] production.INFO: ScheduledJobManager completed {"execution_time":"2026-05-16T05:53:01+00:00","duration_ms":12.215,"dispatched":0,"skipped":0} 
[2026-05-16 05:54:01] production.INFO: ScheduledJobManager started {"execution_time":"2026-05-16T05:54:01+00:00"} 
[2026-05-16 05:54:01] production.INFO: ScheduledJobManager completed {"execution_time":"2026-05-16T05:54:01+00:00","duration_ms":11.778,"dispatched":0,"skipped":0} 
[2026-05-16 05:55:01] production.INFO: ScheduledJobManager started {"execution_time":"2026-05-16T05:55:01+00:00"} 
[2026-05-16 05:55:01] production.INFO: ScheduledJobManager completed {"execution_time":"2026-05-16T05:55:01+00:00","duration_ms":11.874,"dispatched":0,"skipped":0} 
[2026-05-16 05:56:01] production.INFO: ScheduledJobManager started {"execution_time":"2026-05-16T05:56:01+00:00"} 
[2026-05-16 05:56:01] production.INFO: ScheduledJobManager completed {"execution_time":"2026-05-16T05:56:01+00:00","duration_ms":11.735,"dispatched":0,"skipped":0} 
[2026-05-16 05:57:01] production.INFO: ScheduledJobManager started {"execution_time":"2026-05-16T05:57:01+00:00"} 
[2026-05-16 05:57:01] production.INFO: ScheduledJobManager completed {"execution_time":"2026-05-16T05:57:01+00:00","duration_ms":11.782,"dispatched":0,"skipped":0} 
[2026-05-16 05:58:01] production.INFO: ScheduledJobManager started {"execution_time":"2026-05-16T05:58:01+00:00"} 
[2026-05-16 05:58:01] production.INFO: ScheduledJobManager completed {"execution_time":"2026-05-16T05:58:01+00:00","duration_ms":11.815,"dispatched":0,"skipped":0} 
[2026-05-16 05:59:00] production.INFO: ScheduledJobManager started {"execution_time":"2026-05-16T05:59:00+00:00"} 
[2026-05-16 05:59:00] production.INFO: ScheduledJobManager completed {"execution_time":"2026-05-16T05:59:00+00:00","duration_ms":11.276,"dispatched":0,"skipped":0} 
[2026-05-16 06:00:02] production.INFO: ScheduledJobManager started {"execution_time":"2026-05-16T06:00:02+00:00"} 
[2026-05-16 06:00:02] production.INFO: ScheduledJobManager completed {"execution_time":"2026-05-16T06:00:02+00:00","duration_ms":17.962,"dispatched":0,"skipped":0} 
[2026-05-16 06:01:01] production.INFO: ScheduledJobManager started {"execution_time":"2026-05-16T06:01:01+00:00"} 
[2026-05-16 06:01:01] production.INFO: ScheduledJobManager completed {"execution_time":"2026-05-16T06:01:01+00:00","duration_ms":11.413,"dispatched":0,"skipped":0} 
[2026-05-16 06:02:01] production.INFO: ScheduledJobManager started {"execution_time":"2026-05-16T06:02:01+00:00"} 
[2026-05-16 06:02:01] production.INFO: ScheduledJobManager completed {"execution_time":"2026-05-16T06:02:01+00:00","duration_ms":6.336,"dispatched":0,"skipped":0} 
[2026-05-16 06:03:01] production.INFO: ScheduledJobManager started {"execution_time":"2026-05-16T06:03:01+00:00"} 
[2026-05-16 06:03:01] production.INFO: ScheduledJobManager completed {"execution_time":"2026-05-16T06:03:01+00:00","duration_ms":15.73,"dispatched":0,"skipped":0} 
[2026-05-16 06:04:01] production.INFO: ScheduledJobManager started {"execution_time":"2026-05-16T06:04:01+00:00"} 
[2026-05-16 06:04:01] production.INFO: ScheduledJobManager completed {"execution_time":"2026-05-16T06:04:01+00:00","duration_ms":11.42,"dispatched":0,"skipped":0} 
[2026-05-16 06:05:01] production.INFO: ScheduledJobManager started {"execution_time":"2026-05-16T06:05:01+00:00"} 
[2026-05-16 06:05:01] production.INFO: ScheduledJobManager completed {"execution_time":"2026-05-16T06:05:01+00:00","duration_ms":11.492,"dispatched":0,"skipped":0} 
[2026-05-16 06:06:01] production.INFO: ScheduledJobManager started {"execution_time":"2026-05-16T06:06:01+00:00"} 
[2026-05-16 06:06:01] production.INFO: ScheduledJobManager completed {"execution_time":"2026-05-16T06:06:01+00:00","duration_ms":11.027,"dispatched":0,"skipped":0} 
[2026-05-16 06:07:01] production.INFO: ScheduledJobManager started {"execution_time":"2026-05-16T06:07:01+00:00"} 
[2026-05-16 06:07:01] production.INFO: ScheduledJobManager completed {"execution_time":"2026-05-16T06:07:01+00:00","duration_ms":11.081,"dispatched":0,"skipped":0} 
[2026-05-16 06:08:01] production.INFO: ScheduledJobManager started {"execution_time":"2026-05-16T06:08:01+00:00"} 
[2026-05-16 06:08:01] production.INFO: ScheduledJobManager completed {"execution_time":"2026-05-16T06:08:01+00:00","duration_ms":11.378,"dispatched":0,"skipped":0} 
[2026-05-16 06:09:01] production.INFO: ScheduledJobManager started {"execution_time":"2026-05-16T06:09:01+00:00"} 
[2026-05-16 06:09:01] production.INFO: ScheduledJobManager completed {"execution_time":"2026-05-16T06:09:01+00:00","duration_ms":11.339,"dispatched":0,"skipped":0} 
[2026-05-16 06:10:01] production.INFO: ScheduledJobManager started {"execution_time":"2026-05-16T06:10:01+00:00"} 
[2026-05-16 06:10:01] production.INFO: ScheduledJobManager completed {"execution_time":"2026-05-16T06:10:01+00:00","duration_ms":5.444,"dispatched":0,"skipped":0} 
[2026-05-16 06:11:01] production.INFO: ScheduledJobManager started {"execution_time":"2026-05-16T06:11:01+00:00"} 
[2026-05-16 06:11:01] production.INFO: ScheduledJobManager completed {"execution_time":"2026-05-16T06:11:01+00:00","duration_ms":11.361,"dispatched":0,"skipped":0} 
[2026-05-16 06:12:01] production.INFO: ScheduledJobManager started {"execution_time":"2026-05-16T06:12:01+00:00"} 
[2026-05-16 06:12:01] production.INFO: ScheduledJobManager completed {"execution_time":"2026-05-16T06:12:01+00:00","duration_ms":11.394,"dispatched":0,"skipped":0} 
[2026-05-16 06:13:01] production.INFO: ScheduledJobManager started {"execution_time":"2026-05-16T06:13:01+00:00"} 
[2026-05-16 06:13:01] production.INFO: ScheduledJobManager completed {"execution_time":"2026-05-16T06:13:01+00:00","duration_ms":11.642,"dispatched":0,"skipped":0} 
[2026-05-16 06:14:01] production.INFO: ScheduledJobManager started {"execution_time":"2026-05-16T06:14:01+00:00"} 
[2026-05-16 06:14:01] production.INFO: ScheduledJobManager completed {"execution_time":"2026-05-16T06:14:01+00:00","duration_ms":11.849,"dispatched":0,"skipped":0} 
[2026-05-16 06:15:01] production.INFO: ScheduledJobManager started {"execution_time":"2026-05-16T06:15:01+00:00"} 
[2026-05-16 06:15:01] production.INFO: ScheduledJobManager completed {"execution_time":"2026-05-16T06:15:01+00:00","duration_ms":3.921,"dispatched":0,"skipped":0} 
[2026-05-16 06:16:01] production.INFO: ScheduledJobManager started {"execution_time":"2026-05-16T06:16:01+00:00"} 
[2026-05-16 06:16:01] production.INFO: ScheduledJobManager completed {"execution_time":"2026-05-16T06:16:01+00:00","duration_ms":11.613,"dispatched":0,"skipped":0} 
[2026-05-16 06:17:01] production.INFO: ScheduledJobManager started {"execution_time":"2026-05-16T06:17:01+00:00"} 
[2026-05-16 06:17:01] production.INFO: ScheduledJobManager completed {"execution_time":"2026-05-16T06:17:01+00:00","duration_ms":12.005,"dispatched":0,"skipped":0} 
[2026-05-16 06:18:01] production.INFO: ScheduledJobManager started {"execution_time":"2026-05-16T06:18:01+00:00"} 
[2026-05-16 06:18:01] production.INFO: ScheduledJobManager completed {"execution_time":"2026-05-16T06:18:01+00:00","duration_ms":5.695,"dispatched":0,"skipped":0} 
[2026-05-16 06:19:01] production.INFO: ScheduledJobManager started {"execution_time":"2026-05-16T06:19:01+00:00"} 
[2026-05-16 06:19:01] production.INFO: ScheduledJobManager completed {"execution_time":"2026-05-16T06:19:01+00:00","duration_ms":11.782,"dispatched":0,"skipped":0} 
[2026-05-16 06:20:01] production.INFO: ScheduledJobManager started {"execution_time":"2026-05-16T06:20:01+00:00"} 
[2026-05-16 06:20:01] production.INFO: ScheduledJobManager completed {"execution_time":"2026-05-16T06:20:01+00:00","duration_ms":3.983,"dispatched":0,"skipped":0} 
[2026-05-16 06:21:01] production.INFO: ScheduledJobManager started {"execution_time":"2026-05-16T06:21:01+00:00"} 
[2026-05-16 06:21:01] production.INFO: ScheduledJobManager completed {"execution_time":"2026-05-16T06:21:01+00:00","duration_ms":11.516,"dispatched":0,"skipped":0} 
[2026-05-16 06:22:01] production.INFO: ScheduledJobManager started {"execution_time":"2026-05-16T06:22:01+00:00"} 
[2026-05-16 06:22:01] production.INFO: ScheduledJobManager completed {"execution_time":"2026-05-16T06:22:01+00:00","duration_ms":18.149,"dispatched":0,"skipped":0} 
[2026-05-16 06:23:01] production.INFO: ScheduledJobManager started {"execution_time":"2026-05-16T06:23:01+00:00"} 
[2026-05-16 06:23:01] production.INFO: ScheduledJobManager completed {"execution_time":"2026-05-16T06:23:01+00:00","duration_ms":11.613,"dispatched":0,"skipped":0} 
[2026-05-16 06:24:01] production.INFO: ScheduledJobManager started {"execution_time":"2026-05-16T06:24:01+00:00"} 
[2026-05-16 06:24:01] production.INFO: ScheduledJobManager completed {"execution_time":"2026-05-16T06:24:01+00:00","duration_ms":11.417,"dispatched":0,"skipped":0} 
[2026-05-16 06:25:01] production.INFO: ScheduledJobManager started {"execution_time":"2026-05-16T06:25:01+00:00"} 
[2026-05-16 06:25:01] production.INFO: ScheduledJobManager completed {"execution_time":"2026-05-16T06:25:01+00:00","duration_ms":11.417,"dispatched":0,"skipped":0} 
[2026-05-16 06:26:01] production.INFO: ScheduledJobManager started {"execution_time":"2026-05-16T06:26:01+00:00"} 
[2026-05-16 06:26:01] production.INFO: ScheduledJobManager completed {"execution_time":"2026-05-16T06:26:01+00:00","duration_ms":11.228,"dispatched":0,"skipped":0} 
[2026-05-16 06:27:01] production.INFO: ScheduledJobManager started {"execution_time":"2026-05-16T06:27:01+00:00"} 
[2026-05-16 06:27:01] production.INFO: ScheduledJobManager completed {"execution_time":"2026-05-16T06:27:01+00:00","duration_ms":12.033,"dispatched":0,"skipped":0} 
[2026-05-16 06:28:01] production.INFO: ScheduledJobManager started {"execution_time":"2026-05-16T06:28:01+00:00"} 
[2026-05-16 06:28:01] production.INFO: ScheduledJobManager completed {"execution_time":"2026-05-16T06:28:01+00:00","duration_ms":11.809,"dispatched":0,"skipped":0} 
[2026-05-16 06:29:01] production.INFO: ScheduledJobManager started {"execution_time":"2026-05-16T06:29:01+00:00"} 
[2026-05-16 06:29:01] production.INFO: ScheduledJobManager completed {"execution_time":"2026-05-16T06:29:01+00:00","duration_ms":11.409,"dispatched":0,"skipped":0} 
[2026-05-16 06:30:02] production.INFO: ScheduledJobManager started {"execution_time":"2026-05-16T06:30:02+00:00"} 
[2026-05-16 06:30:02] production.INFO: ScheduledJobManager completed {"execution_time":"2026-05-16T06:30:02+00:00","duration_ms":12.212,"dispatched":0,"skipped":0} 
[2026-05-16 06:31:01] production.INFO: ScheduledJobManager started {"execution_time":"2026-05-16T06:31:01+00:00"} 
[2026-05-16 06:31:01] production.INFO: ScheduledJobManager completed {"execution_time":"2026-05-16T06:31:01+00:00","duration_ms":12.016,"dispatched":0,"skipped":0} 
[2026-05-16 06:32:01] production.INFO: ScheduledJobManager started {"execution_time":"2026-05-16T06:32:01+00:00"} 
[2026-05-16 06:32:01] production.INFO: ScheduledJobManager completed {"execution_time":"2026-05-16T06:32:01+00:00","duration_ms":7.242,"dispatched":0,"skipped":0} 
[2026-05-16 06:33:01] production.INFO: ScheduledJobManager started {"execution_time":"2026-05-16T06:33:01+00:00"} 
[2026-05-16 06:33:01] production.INFO: ScheduledJobManager completed {"execution_time":"2026-05-16T06:33:01+00:00","duration_ms":11.108,"dispatched":0,"skipped":0} 
[2026-05-16 06:34:01] production.INFO: ScheduledJobManager started {"execution_time":"2026-05-16T06:34:01+00:00"} 
[2026-05-16 06:34:01] production.INFO: ScheduledJobManager completed {"execution_time":"2026-05-16T06:34:01+00:00","duration_ms":11.688,"dispatched":0,"skipped":0} 
[2026-05-16 06:35:01] production.INFO: ScheduledJobManager started {"execution_time":"2026-05-16T06:35:01+00:00"} 
[2026-05-16 06:35:01] production.INFO: ScheduledJobManager completed {"execution_time":"2026-05-16T06:35:01+00:00","duration_ms":3.838,"dispatched":0,"skipped":0} 
[2026-05-16 06:36:01] production.INFO: ScheduledJobManager started {"execution_time":"2026-05-16T06:36:01+00:00"} 
[2026-05-16 06:36:01] production.INFO: ScheduledJobManager completed {"execution_time":"2026-05-16T06:36:01+00:00","duration_ms":11.593,"dispatched":0,"skipped":0} 
[2026-05-16 06:37:01] production.INFO: ScheduledJobManager started {"execution_time":"2026-05-16T06:37:01+00:00"} 
[2026-05-16 06:37:01] production.INFO: ScheduledJobManager completed {"execution_time":"2026-05-16T06:37:01+00:00","duration_ms":11.356,"dispatched":0,"skipped":0} 
[2026-05-16 06:38:01] production.INFO: ScheduledJobManager started {"execution_time":"2026-05-16T06:38:01+00:00"} 
[2026-05-16 06:38:01] production.INFO: ScheduledJobManager completed {"execution_time":"2026-05-16T06:38:01+00:00","duration_ms":11.654,"dispatched":0,"skipped":0} 
[2026-05-16 06:39:01] production.INFO: ScheduledJobManager started {"execution_time":"2026-05-16T06:39:01+00:00"} 
[2026-05-16 06:39:01] production.INFO: ScheduledJobManager completed {"execution_time":"2026-05-16T06:39:01+00:00","duration_ms":11.482,"dispatched":0,"skipped":0} 
[2026-05-16 06:40:01] production.INFO: ScheduledJobManager started {"execution_time":"2026-05-16T06:40:01+00:00"} 
[2026-05-16 06:40:01] production.INFO: ScheduledJobManager completed {"execution_time":"2026-05-16T06:40:01+00:00","duration_ms":11.727,"dispatched":0,"skipped":0} 
[2026-05-16 06:41:01] production.INFO: ScheduledJobManager started {"execution_time":"2026-05-16T06:41:01+00:00"} 
[2026-05-16 06:41:01] production.INFO: ScheduledJobManager completed {"execution_time":"2026-05-16T06:41:01+00:00","duration_ms":11.723,"dispatched":0,"skipped":0} 
[2026-05-16 06:42:01] production.INFO: ScheduledJobManager started {"execution_time":"2026-05-16T06:42:01+00:00"} 
[2026-05-16 06:42:01] production.INFO: ScheduledJobManager completed {"execution_time":"2026-05-16T06:42:01+00:00","duration_ms":11.451,"dispatched":0,"skipped":0} 
[2026-05-16 06:43:01] production.INFO: ScheduledJobManager started {"execution_time":"2026-05-16T06:43:01+00:00"} 
[2026-05-16 06:43:01] production.INFO: ScheduledJobManager completed {"execution_time":"2026-05-16T06:43:01+00:00","duration_ms":11.083,"dispatched":0,"skipped":0} 
[2026-05-16 06:44:01] production.INFO: ScheduledJobManager started {"execution_time":"2026-05-16T06:44:01+00:00"} 
[2026-05-16 06:44:01] production.INFO: ScheduledJobManager completed {"execution_time":"2026-05-16T06:44:01+00:00","duration_ms":12.515,"dispatched":0,"skipped":0} 
[2026-05-16 06:45:01] production.INFO: ScheduledJobManager started {"execution_time":"2026-05-16T06:45:01+00:00"} 
[2026-05-16 06:45:01] production.INFO: ScheduledJobManager completed {"execution_time":"2026-05-16T06:45:01+00:00","duration_ms":3.78,"dispatched":0,"skipped":0} 
[2026-05-16 06:46:01] production.INFO: ScheduledJobManager started {"execution_time":"2026-05-16T06:46:01+00:00"} 
[2026-05-16 06:46:01] production.INFO: ScheduledJobManager completed {"execution_time":"2026-05-16T06:46:01+00:00","duration_ms":11.632,"dispatched":0,"skipped":0} 
[2026-05-16 06:47:01] production.INFO: ScheduledJobManager started {"execution_time":"2026-05-16T06:47:01+00:00"} 
[2026-05-16 06:47:01] production.INFO: ScheduledJobManager completed {"execution_time":"2026-05-16T06:47:01+00:00","duration_ms":11.373,"dispatched":0,"skipped":0} 
[2026-05-16 06:48:01] production.INFO: ScheduledJobManager started {"execution_time":"2026-05-16T06:48:01+00:00"} 
[2026-05-16 06:48:01] production.INFO: ScheduledJobManager completed {"execution_time":"2026-05-16T06:48:01+00:00","duration_ms":6.329,"dispatched":0,"skipped":0} 
[2026-05-16 06:49:01] production.INFO: ScheduledJobManager started {"execution_time":"2026-05-16T06:49:01+00:00"} 
[2026-05-16 06:49:01] production.INFO: ScheduledJobManager completed {"execution_time":"2026-05-16T06:49:01+00:00","duration_ms":11.537,"dispatched":0,"skipped":0} 
[2026-05-16 06:50:01] production.INFO: ScheduledJobManager started {"execution_time":"2026-05-16T06:50:01+00:00"} 
[2026-05-16 06:50:01] production.INFO: ScheduledJobManager completed {"execution_time":"2026-05-16T06:50:01+00:00","duration_ms":4.001,"dispatched":0,"skipped":0} 
[2026-05-16 06:51:01] production.INFO: ScheduledJobManager started {"execution_time":"2026-05-16T06:51:01+00:00"} 
[2026-05-16 06:51:01] production.INFO: ScheduledJobManager completed {"execution_time":"2026-05-16T06:51:01+00:00","duration_ms":11.327,"dispatched":0,"skipped":0} 
[2026-05-16 06:52:01] production.INFO: ScheduledJobManager started {"execution_time":"2026-05-16T06:52:01+00:00"} 
[2026-05-16 06:52:01] production.INFO: ScheduledJobManager completed {"execution_time":"2026-05-16T06:52:01+00:00","duration_ms":11.264,"dispatched":0,"skipped":0} 
[2026-05-16 06:53:01] production.INFO: ScheduledJobManager started {"execution_time":"2026-05-16T06:53:01+00:00"} 
[2026-05-16 06:53:01] production.INFO: ScheduledJobManager completed {"execution_time":"2026-05-16T06:53:01+00:00","duration_ms":11.435,"dispatched":0,"skipped":0} 
[2026-05-16 06:54:01] production.INFO: ScheduledJobManager started {"execution_time":"2026-05-16T06:54:01+00:00"} 
[2026-05-16 06:54:01] production.INFO: ScheduledJobManager completed {"execution_time":"2026-05-16T06:54:01+00:00","duration_ms":11.325,"dispatched":0,"skipped":0} 
[2026-05-16 06:55:01] production.INFO: ScheduledJobManager started {"execution_time":"2026-05-16T06:55:01+00:00"} 
[2026-05-16 06:55:01] production.INFO: ScheduledJobManager completed {"execution_time":"2026-05-16T06:55:01+00:00","duration_ms":11.201,"dispatched":0,"skipped":0} 
[2026-05-16 06:56:01] production.INFO: ScheduledJobManager started {"execution_time":"2026-05-16T06:56:01+00:00"} 
[2026-05-16 06:56:01] production.INFO: ScheduledJobManager completed {"execution_time":"2026-05-16T06:56:01+00:00","duration_ms":11.296,"dispatched":0,"skipped":0} 
[2026-05-16 06:57:01] production.INFO: ScheduledJobManager started {"execution_time":"2026-05-16T06:57:01+00:00"} 
[2026-05-16 06:57:01] production.INFO: ScheduledJobManager completed {"execution_time":"2026-05-16T06:57:01+00:00","duration_ms":11.413,"dispatched":0,"skipped":0} 
[2026-05-16 06:58:01] production.INFO: ScheduledJobManager started {"execution_time":"2026-05-16T06:58:01+00:00"} 
[2026-05-16 06:58:01] production.INFO: ScheduledJobManager completed {"execution_time":"2026-05-16T06:58:01+00:00","duration_ms":11.378,"dispatched":0,"skipped":0} 
[2026-05-16 06:59:01] production.INFO: ScheduledJobManager started {"execution_time":"2026-05-16T06:59:01+00:00"} 
[2026-05-16 06:59:01] production.INFO: ScheduledJobManager completed {"execution_time":"2026-05-16T06:59:01+00:00","duration_ms":11.639,"dispatched":0,"skipped":0} 
[2026-05-16 07:00:02] production.INFO: ScheduledJobManager started {"execution_time":"2026-05-16T07:00:02+00:00"} 
[2026-05-16 07:00:02] production.INFO: ScheduledJobManager completed {"execution_time":"2026-05-16T07:00:02+00:00","duration_ms":12.601,"dispatched":0,"skipped":0} 
[2026-05-16 07:01:01] production.INFO: ScheduledJobManager started {"execution_time":"2026-05-16T07:01:00+00:00"} 
[2026-05-16 07:01:01] production.INFO: ScheduledJobManager completed {"execution_time":"2026-05-16T07:01:00+00:00","duration_ms":11.823,"dispatched":0,"skipped":0} 
[2026-05-16 07:02:01] production.INFO: ScheduledJobManager started {"execution_time":"2026-05-16T07:02:01+00:00"} 
[2026-05-16 07:02:01] production.INFO: ScheduledJobManager completed {"execution_time":"2026-05-16T07:02:01+00:00","duration_ms":5.745,"dispatched":0,"skipped":0} 
[2026-05-16 07:03:01] production.INFO: ScheduledJobManager started {"execution_time":"2026-05-16T07:03:01+00:00"} 
[2026-05-16 07:03:01] production.INFO: ScheduledJobManager completed {"execution_time":"2026-05-16T07:03:01+00:00","duration_ms":11.168,"dispatched":0,"skipped":0} 
[2026-05-16 07:04:01] production.INFO: ScheduledJobManager started {"execution_time":"2026-05-16T07:04:01+00:00"} 
[2026-05-16 07:04:01] production.INFO: ScheduledJobManager completed {"execution_time":"2026-05-16T07:04:01+00:00","duration_ms":5.425,"dispatched":0,"skipped":0} 
[2026-05-16 07:05:01] production.INFO: ScheduledJobManager started {"execution_time":"2026-05-16T07:05:01+00:00"} 
[2026-05-16 07:05:01] production.INFO: ScheduledJobManager completed {"execution_time":"2026-05-16T07:05:01+00:00","duration_ms":13.158,"dispatched":0,"skipped":0} 
[2026-05-16 07:06:01] production.INFO: ScheduledJobManager started {"execution_time":"2026-05-16T07:06:01+00:00"} 
[2026-05-16 07:06:01] production.INFO: ScheduledJobManager completed {"execution_time":"2026-05-16T07:06:01+00:00","duration_ms":11.312,"dispatched":0,"skipped":0} 
[2026-05-16 07:07:01] production.INFO: ScheduledJobManager started {"execution_time":"2026-05-16T07:07:01+00:00"} 
[2026-05-16 07:07:01] production.INFO: ScheduledJobManager completed {"execution_time":"2026-05-16T07:07:01+00:00","duration_ms":16.112,"dispatched":0,"skipped":0} 
[2026-05-16 07:08:01] production.INFO: ScheduledJobManager started {"execution_time":"2026-05-16T07:08:01+00:00"} 
[2026-05-16 07:08:01] production.INFO: ScheduledJobManager completed {"execution_time":"2026-05-16T07:08:01+00:00","duration_ms":11.243,"dispatched":0,"skipped":0} 
[2026-05-16 07:09:01] production.INFO: ScheduledJobManager started {"execution_time":"2026-05-16T07:09:01+00:00"} 
[2026-05-16 07:09:01] production.INFO: ScheduledJobManager completed {"execution_time":"2026-05-16T07:09:01+00:00","duration_ms":11.54,"dispatched":0,"skipped":0} 
[2026-05-16 07:10:01] production.INFO: ScheduledJobManager started {"execution_time":"2026-05-16T07:10:01+00:00"} 
[2026-05-16 07:10:01] production.INFO: ScheduledJobManager completed {"execution_time":"2026-05-16T07:10:01+00:00","duration_ms":5.39,"dispatched":0,"skipped":0} 
[2026-05-16 07:11:01] production.INFO: ScheduledJobManager started {"execution_time":"2026-05-16T07:11:01+00:00"} 
[2026-05-16 07:11:01] production.INFO: ScheduledJobManager completed {"execution_time":"2026-05-16T07:11:01+00:00","duration_ms":11.603,"dispatched":0,"skipped":0} 
[2026-05-16 07:12:01] production.INFO: ScheduledJobManager started {"execution_time":"2026-05-16T07:12:01+00:00"} 
[2026-05-16 07:12:01] production.INFO: ScheduledJobManager completed {"execution_time":"2026-05-16T07:12:01+00:00","duration_ms":11.353,"dispatched":0,"skipped":0} 
[2026-05-16 07:13:01] production.INFO: ScheduledJobManager started {"execution_time":"2026-05-16T07:13:01+00:00"} 
[2026-05-16 07:13:01] production.INFO: ScheduledJobManager completed {"execution_time":"2026-05-16T07:13:01+00:00","duration_ms":13.118,"dispatched":0,"skipped":0} 
[2026-05-16 07:14:01] production.INFO: ScheduledJobManager started {"execution_time":"2026-05-16T07:14:01+00:00"} 
[2026-05-16 07:14:01] production.INFO: ScheduledJobManager completed {"execution_time":"2026-05-16T07:14:01+00:00","duration_ms":11.35,"dispatched":0,"skipped":0} 
[2026-05-16 07:15:01] production.INFO: ScheduledJobManager started {"execution_time":"2026-05-16T07:15:01+00:00"} 
[2026-05-16 07:15:01] production.INFO: ScheduledJobManager completed {"execution_time":"2026-05-16T07:15:01+00:00","duration_ms":11.444,"dispatched":0,"skipped":0} 
[2026-05-16 07:16:02] production.INFO: ScheduledJobManager started {"execution_time":"2026-05-16T07:16:02+00:00"} 
[2026-05-16 07:16:02] production.INFO: ScheduledJobManager completed {"execution_time":"2026-05-16T07:16:02+00:00","duration_ms":13.067,"dispatched":0,"skipped":0} 
[2026-05-16 07:17:01] production.INFO: ScheduledJobManager started {"execution_time":"2026-05-16T07:17:01+00:00"} 
[2026-05-16 07:17:01] production.INFO: ScheduledJobManager completed {"execution_time":"2026-05-16T07:17:01+00:00","duration_ms":11.493,"dispatched":0,"skipped":0} 
[2026-05-16 07:18:01] production.INFO: ScheduledJobManager started {"execution_time":"2026-05-16T07:18:01+00:00"} 
[2026-05-16 07:18:01] production.INFO: ScheduledJobManager completed {"execution_time":"2026-05-16T07:18:01+00:00","duration_ms":4.942,"dispatched":0,"skipped":0} 
[2026-05-16 07:19:01] production.INFO: ScheduledJobManager started {"execution_time":"2026-05-16T07:19:01+00:00"} 
[2026-05-16 07:19:01] production.INFO: ScheduledJobManager completed {"execution_time":"2026-05-16T07:19:01+00:00","duration_ms":12.139,"dispatched":0,"skipped":0} 
[2026-05-16 07:20:01] production.INFO: ScheduledJobManager started {"execution_time":"2026-05-16T07:20:01+00:00"} 
[2026-05-16 07:20:01] production.INFO: ScheduledJobManager completed {"execution_time":"2026-05-16T07:20:01+00:00","duration_ms":3.899,"dispatched":0,"skipped":0} 
[2026-05-16 07:21:01] production.INFO: ScheduledJobManager started {"execution_time":"2026-05-16T07:21:01+00:00"} 
[2026-05-16 07:21:01] production.INFO: ScheduledJobManager completed {"execution_time":"2026-05-16T07:21:01+00:00","duration_ms":11.332,"dispatched":0,"skipped":0} 
[2026-05-16 07:22:01] production.INFO: ScheduledJobManager started {"execution_time":"2026-05-16T07:22:01+00:00"} 
[2026-05-16 07:22:01] production.INFO: ScheduledJobManager completed {"execution_time":"2026-05-16T07:22:01+00:00","duration_ms":11.74,"dispatched":0,"skipped":0} 
[2026-05-16 07:23:01] production.INFO: ScheduledJobManager started {"execution_time":"2026-05-16T07:23:01+00:00"} 
[2026-05-16 07:23:01] production.INFO: ScheduledJobManager completed {"execution_time":"2026-05-16T07:23:01+00:00","duration_ms":11.335,"dispatched":0,"skipped":0} 
[2026-05-16 07:24:01] production.INFO: ScheduledJobManager started {"execution_time":"2026-05-16T07:24:01+00:00"} 
[2026-05-16 07:24:01] production.INFO: ScheduledJobManager completed {"execution_time":"2026-05-16T07:24:01+00:00","duration_ms":11.753,"dispatched":0,"skipped":0} 
[2026-05-16 07:25:01] production.INFO: ScheduledJobManager started {"execution_time":"2026-05-16T07:25:01+00:00"} 
[2026-05-16 07:25:01] production.INFO: ScheduledJobManager completed {"execution_time":"2026-05-16T07:25:01+00:00","duration_ms":11.693,"dispatched":0,"skipped":0} 
[2026-05-16 07:26:01] production.INFO: ScheduledJobManager started {"execution_time":"2026-05-16T07:26:01+00:00"} 
[2026-05-16 07:26:01] production.INFO: ScheduledJobManager completed {"execution_time":"2026-05-16T07:26:01+00:00","duration_ms":11.346,"dispatched":0,"skipped":0} 
[2026-05-16 07:27:01] production.INFO: ScheduledJobManager started {"execution_time":"2026-05-16T07:27:01+00:00"} 
[2026-05-16 07:27:01] production.INFO: ScheduledJobManager completed {"execution_time":"2026-05-16T07:27:01+00:00","duration_ms":13.581,"dispatched":0,"skipped":0} 
[2026-05-16 07:28:01] production.INFO: ScheduledJobManager started {"execution_time":"2026-05-16T07:28:01+00:00"} 
[2026-05-16 07:28:01] production.INFO: ScheduledJobManager completed {"execution_time":"2026-05-16T07:28:01+00:00","duration_ms":11.431,"dispatched":0,"skipped":0} 
[2026-05-16 07:29:01] production.INFO: ScheduledJobManager started {"execution_time":"2026-05-16T07:29:01+00:00"} 
[2026-05-16 07:29:01] production.INFO: ScheduledJobManager completed {"execution_time":"2026-05-16T07:29:01+00:00","duration_ms":11.397,"dispatched":0,"skipped":0} 
[2026-05-16 07:30:01] production.INFO: ScheduledJobManager started {"execution_time":"2026-05-16T07:30:01+00:00"} 
[2026-05-16 07:30:01] production.INFO: ScheduledJobManager completed {"execution_time":"2026-05-16T07:30:01+00:00","duration_ms":13.182,"dispatched":0,"skipped":0} 
[2026-05-16 07:31:00] production.INFO: ScheduledJobManager started {"execution_time":"2026-05-16T07:31:00+00:00"} 
[2026-05-16 07:31:00] production.INFO: ScheduledJobManager completed {"execution_time":"2026-05-16T07:31:00+00:00","duration_ms":11.706,"dispatched":0,"skipped":0} 
[2026-05-16 07:32:01] production.INFO: ScheduledJobManager started {"execution_time":"2026-05-16T07:32:01+00:00"} 
[2026-05-16 07:32:01] production.INFO: ScheduledJobManager completed {"execution_time":"2026-05-16T07:32:01+00:00","duration_ms":5.275,"dispatched":0,"skipped":0} 
[2026-05-16 07:33:01] production.INFO: ScheduledJobManager started {"execution_time":"2026-05-16T07:33:01+00:00"} 
[2026-05-16 07:33:01] production.INFO: ScheduledJobManager completed {"execution_time":"2026-05-16T07:33:01+00:00","duration_ms":11.551,"dispatched":0,"skipped":0} 
[2026-05-16 07:34:01] production.INFO: ScheduledJobManager started {"execution_time":"2026-05-16T07:34:01+00:00"} 
[2026-05-16 07:34:01] production.INFO: ScheduledJobManager completed {"execution_time":"2026-05-16T07:34:01+00:00","duration_ms":5.759,"dispatched":0,"skipped":0} 
[2026-05-16 07:35:01] production.INFO: ScheduledJobManager started {"execution_time":"2026-05-16T07:35:01+00:00"} 
[2026-05-16 07:35:01] production.INFO: ScheduledJobManager completed {"execution_time":"2026-05-16T07:35:01+00:00","duration_ms":12.748,"dispatched":0,"skipped":0} 
[2026-05-16 07:36:01] production.INFO: ScheduledJobManager started {"execution_time":"2026-05-16T07:36:01+00:00"} 
[2026-05-16 07:36:01] production.INFO: ScheduledJobManager completed {"execution_time":"2026-05-16T07:36:01+00:00","duration_ms":11.293,"dispatched":0,"skipped":0} 
[2026-05-16 07:37:01] production.INFO: ScheduledJobManager started {"execution_time":"2026-05-16T07:37:01+00:00"} 
[2026-05-16 07:37:01] production.INFO: ScheduledJobManager completed {"execution_time":"2026-05-16T07:37:01+00:00","duration_ms":11.408,"dispatched":0,"skipped":0} 
[2026-05-16 07:38:01] production.INFO: ScheduledJobManager started {"execution_time":"2026-05-16T07:38:01+00:00"} 
[2026-05-16 07:38:01] production.INFO: ScheduledJobManager completed {"execution_time":"2026-05-16T07:38:01+00:00","duration_ms":13.559,"dispatched":0,"skipped":0} 
[2026-05-16 07:39:01] production.INFO: ScheduledJobManager started {"execution_time":"2026-05-16T07:39:01+00:00"} 
[2026-05-16 07:39:01] production.INFO: ScheduledJobManager completed {"execution_time":"2026-05-16T07:39:01+00:00","duration_ms":11.299,"dispatched":0,"skipped":0} 
[2026-05-16 07:40:01] production.INFO: ScheduledJobManager started {"execution_time":"2026-05-16T07:40:01+00:00"} 
[2026-05-16 07:40:01] production.INFO: ScheduledJobManager completed {"execution_time":"2026-05-16T07:40:01+00:00","duration_ms":11.47,"dispatched":0,"skipped":0} 
[2026-05-16 07:41:01] production.INFO: ScheduledJobManager started {"execution_time":"2026-05-16T07:41:01+00:00"} 
[2026-05-16 07:41:01] production.INFO: ScheduledJobManager completed {"execution_time":"2026-05-16T07:41:01+00:00","duration_ms":13.532,"dispatched":0,"skipped":0} 
[2026-05-16 07:42:01] production.INFO: ScheduledJobManager started {"execution_time":"2026-05-16T07:42:01+00:00"} 
[2026-05-16 07:42:01] production.INFO: ScheduledJobManager completed {"execution_time":"2026-05-16T07:42:01+00:00","duration_ms":11.459,"dispatched":0,"skipped":0} 
[2026-05-16 07:43:01] production.INFO: ScheduledJobManager started {"execution_time":"2026-05-16T07:43:01+00:00"} 
[2026-05-16 07:43:01] production.INFO: ScheduledJobManager completed {"execution_time":"2026-05-16T07:43:01+00:00","duration_ms":11.864,"dispatched":0,"skipped":0} 
[2026-05-16 07:44:01] production.INFO: ScheduledJobManager started {"execution_time":"2026-05-16T07:44:01+00:00"} 
[2026-05-16 07:44:01] production.INFO: ScheduledJobManager completed {"execution_time":"2026-05-16T07:44:01+00:00","duration_ms":12.817,"dispatched":0,"skipped":0} 
[2026-05-16 07:45:01] production.INFO: ScheduledJobManager started {"execution_time":"2026-05-16T07:45:01+00:00"} 
[2026-05-16 07:45:01] production.INFO: ScheduledJobManager completed {"execution_time":"2026-05-16T07:45:01+00:00","duration_ms":11.336,"dispatched":0,"skipped":0} 
[2026-05-16 07:46:01] production.INFO: ScheduledJobManager started {"execution_time":"2026-05-16T07:46:01+00:00"} 
[2026-05-16 07:46:01] production.INFO: ScheduledJobManager completed {"execution_time":"2026-05-16T07:46:01+00:00","duration_ms":11.34,"dispatched":0,"skipped":0} 
[2026-05-16 07:47:01] production.INFO: ScheduledJobManager started {"execution_time":"2026-05-16T07:47:01+00:00"} 
[2026-05-16 07:47:01] production.INFO: ScheduledJobManager completed {"execution_time":"2026-05-16T07:47:01+00:00","duration_ms":11.584,"dispatched":0,"skipped":0} 
[2026-05-16 07:48:01] production.INFO: ScheduledJobManager started {"execution_time":"2026-05-16T07:48:01+00:00"} 
[2026-05-16 07:48:01] production.INFO: ScheduledJobManager completed {"execution_time":"2026-05-16T07:48:01+00:00","duration_ms":5.839,"dispatched":0,"skipped":0} 
[2026-05-16 07:49:01] production.INFO: ScheduledJobManager started {"execution_time":"2026-05-16T07:49:01+00:00"} 
[2026-05-16 07:49:01] production.INFO: ScheduledJobManager completed {"execution_time":"2026-05-16T07:49:01+00:00","duration_ms":13.538,"dispatched":0,"skipped":0} 
[2026-05-16 07:50:01] production.INFO: ScheduledJobManager started {"execution_time":"2026-05-16T07:50:01+00:00"} 
[2026-05-16 07:50:01] production.INFO: ScheduledJobManager completed {"execution_time":"2026-05-16T07:50:01+00:00","duration_ms":3.938,"dispatched":0,"skipped":0} 
[2026-05-16 07:51:01] production.INFO: ScheduledJobManager started {"execution_time":"2026-05-16T07:51:01+00:00"} 
[2026-05-16 07:51:01] production.INFO: ScheduledJobManager completed {"execution_time":"2026-05-16T07:51:01+00:00","duration_ms":11.051,"dispatched":0,"skipped":0} 
[2026-05-16 07:52:01] production.INFO: ScheduledJobManager started {"execution_time":"2026-05-16T07:52:01+00:00"} 
[2026-05-16 07:52:01] production.INFO: ScheduledJobManager completed {"execution_time":"2026-05-16T07:52:01+00:00","duration_ms":5.78,"dispatched":0,"skipped":0} 
[2026-05-16 07:53:01] production.INFO: ScheduledJobManager started {"execution_time":"2026-05-16T07:53:01+00:00"} 
[2026-05-16 07:53:01] production.INFO: ScheduledJobManager completed {"execution_time":"2026-05-16T07:53:01+00:00","duration_ms":11.301,"dispatched":0,"skipped":0} 
[2026-05-16 07:54:01] production.INFO: ScheduledJobManager started {"execution_time":"2026-05-16T07:54:01+00:00"} 
[2026-05-16 07:54:01] production.INFO: ScheduledJobManager completed {"execution_time":"2026-05-16T07:54:01+00:00","duration_ms":11.436,"dispatched":0,"skipped":0} 
[2026-05-16 07:55:01] production.INFO: ScheduledJobManager started {"execution_time":"2026-05-16T07:55:01+00:00"} 
[2026-05-16 07:55:01] production.INFO: ScheduledJobManager completed {"execution_time":"2026-05-16T07:55:01+00:00","duration_ms":12.139,"dispatched":0,"skipped":0} 
[2026-05-16 07:56:01] production.INFO: ScheduledJobManager started {"execution_time":"2026-05-16T07:56:01+00:00"} 
[2026-05-16 07:56:01] production.INFO: ScheduledJobManager completed {"execution_time":"2026-05-16T07:56:01+00:00","duration_ms":11.679,"dispatched":0,"skipped":0} 
[2026-05-16 07:57:01] production.INFO: ScheduledJobManager started {"execution_time":"2026-05-16T07:57:01+00:00"} 
[2026-05-16 07:57:01] production.INFO: ScheduledJobManager completed {"execution_time":"2026-05-16T07:57:01+00:00","duration_ms":11.738,"dispatched":0,"skipped":0} 
[2026-05-16 07:58:01] production.INFO: ScheduledJobManager started {"execution_time":"2026-05-16T07:58:01+00:00"} 
[2026-05-16 07:58:01] production.INFO: ScheduledJobManager completed {"execution_time":"2026-05-16T07:58:01+00:00","duration_ms":11.942,"dispatched":0,"skipped":0} 
[2026-05-16 07:59:01] production.INFO: ScheduledJobManager started {"execution_time":"2026-05-16T07:59:01+00:00"} 
[2026-05-16 07:59:01] production.INFO: ScheduledJobManager completed {"execution_time":"2026-05-16T07:59:01+00:00","duration_ms":11.819,"dispatched":0,"skipped":0} 
[2026-05-16 08:00:02] production.INFO: ScheduledJobManager started {"execution_time":"2026-05-16T08:00:02+00:00"} 
[2026-05-16 08:00:02] production.INFO: ScheduledJobManager completed {"execution_time":"2026-05-16T08:00:02+00:00","duration_ms":5.923,"dispatched":0,"skipped":0} 
[2026-05-16 08:01:01] production.INFO: ScheduledJobManager started {"execution_time":"2026-05-16T08:01:01+00:00"} 
[2026-05-16 08:01:01] production.INFO: ScheduledJobManager completed {"execution_time":"2026-05-16T08:01:01+00:00","duration_ms":11.673,"dispatched":0,"skipped":0} 
[2026-05-16 08:02:01] production.INFO: ScheduledJobManager started {"execution_time":"2026-05-16T08:02:01+00:00"} 
[2026-05-16 08:02:01] production.INFO: ScheduledJobManager completed {"execution_time":"2026-05-16T08:02:01+00:00","duration_ms":11.432,"dispatched":0,"skipped":0} 
[2026-05-16 08:03:01] production.INFO: ScheduledJobManager started {"execution_time":"2026-05-16T08:03:01+00:00"} 
[2026-05-16 08:03:01] production.INFO: ScheduledJobManager completed {"execution_time":"2026-05-16T08:03:01+00:00","duration_ms":11.297,"dispatched":0,"skipped":0} 
[2026-05-16 08:04:01] production.INFO: ScheduledJobManager started {"execution_time":"2026-05-16T08:04:01+00:00"} 
[2026-05-16 08:04:01] production.INFO: ScheduledJobManager completed {"execution_time":"2026-05-16T08:04:01+00:00","duration_ms":5.439,"dispatched":0,"skipped":0} 
[2026-05-16 08:05:01] production.INFO: ScheduledJobManager started {"execution_time":"2026-05-16T08:05:01+00:00"} 
[2026-05-16 08:05:01] production.INFO: ScheduledJobManager completed {"execution_time":"2026-05-16T08:05:01+00:00","duration_ms":11.823,"dispatched":0,"skipped":0} 
[2026-05-16 08:06:01] production.INFO: ScheduledJobManager started {"execution_time":"2026-05-16T08:06:01+00:00"} 
[2026-05-16 08:06:01] production.INFO: ScheduledJobManager completed {"execution_time":"2026-05-16T08:06:01+00:00","duration_ms":11.49,"dispatched":0,"skipped":0} 
[2026-05-16 08:07:01] production.INFO: ScheduledJobManager started {"execution_time":"2026-05-16T08:07:01+00:00"} 
[2026-05-16 08:07:01] production.INFO: ScheduledJobManager completed {"execution_time":"2026-05-16T08:07:01+00:00","duration_ms":11.806,"dispatched":0,"skipped":0} 
[2026-05-16 08:08:01] production.INFO: ScheduledJobManager started {"execution_time":"2026-05-16T08:08:01+00:00"} 
[2026-05-16 08:08:01] production.INFO: ScheduledJobManager completed {"execution_time":"2026-05-16T08:08:01+00:00","duration_ms":11.291,"dispatched":0,"skipped":0} 
[2026-05-16 08:09:01] production.INFO: ScheduledJobManager started {"execution_time":"2026-05-16T08:09:01+00:00"} 
[2026-05-16 08:09:01] production.INFO: ScheduledJobManager completed {"execution_time":"2026-05-16T08:09:01+00:00","duration_ms":11.625,"dispatched":0,"skipped":0} 
[2026-05-16 08:10:01] production.INFO: ScheduledJobManager started {"execution_time":"2026-05-16T08:10:01+00:00"} 
[2026-05-16 08:10:01] production.INFO: ScheduledJobManager completed {"execution_time":"2026-05-16T08:10:01+00:00","duration_ms":5.519,"dispatched":0,"skipped":0} 
[2026-05-16 08:11:01] production.INFO: ScheduledJobManager started {"execution_time":"2026-05-16T08:11:01+00:00"} 
[2026-05-16 08:11:01] production.INFO: ScheduledJobManager completed {"execution_time":"2026-05-16T08:11:01+00:00","duration_ms":11.778,"dispatched":0,"skipped":0} 
[2026-05-16 08:12:01] production.INFO: ScheduledJobManager started {"execution_time":"2026-05-16T08:12:01+00:00"} 
[2026-05-16 08:12:01] production.INFO: ScheduledJobManager completed {"execution_time":"2026-05-16T08:12:01+00:00","duration_ms":11.604,"dispatched":0,"skipped":0} 
[2026-05-16 08:13:01] production.INFO: ScheduledJobManager started {"execution_time":"2026-05-16T08:13:01+00:00"} 
[2026-05-16 08:13:01] production.INFO: ScheduledJobManager completed {"execution_time":"2026-05-16T08:13:01+00:00","duration_ms":11.245,"dispatched":0,"skipped":0} 
[2026-05-16 08:14:01] production.INFO: ScheduledJobManager started {"execution_time":"2026-05-16T08:14:01+00:00"} 
[2026-05-16 08:14:01] production.INFO: ScheduledJobManager completed {"execution_time":"2026-05-16T08:14:01+00:00","duration_ms":11.867,"dispatched":0,"skipped":0} 
[2026-05-16 08:15:01] production.INFO: ScheduledJobManager started {"execution_time":"2026-05-16T08:15:01+00:00"} 
[2026-05-16 08:15:01] production.INFO: ScheduledJobManager completed {"execution_time":"2026-05-16T08:15:01+00:00","duration_ms":12.259,"dispatched":0,"skipped":0} 
[2026-05-16 08:16:01] production.INFO: ScheduledJobManager started {"execution_time":"2026-05-16T08:16:01+00:00"} 
[2026-05-16 08:16:01] production.INFO: ScheduledJobManager completed {"execution_time":"2026-05-16T08:16:01+00:00","duration_ms":11.783,"dispatched":0,"skipped":0} 
[2026-05-16 08:17:00] production.INFO: ScheduledJobManager started {"execution_time":"2026-05-16T08:17:00+00:00"} 
[2026-05-16 08:17:00] production.INFO: ScheduledJobManager completed {"execution_time":"2026-05-16T08:17:00+00:00","duration_ms":11.764,"dispatched":0,"skipped":0} 
[2026-05-16 08:18:01] production.INFO: ScheduledJobManager started {"execution_time":"2026-05-16T08:18:01+00:00"} 
[2026-05-16 08:18:01] production.INFO: ScheduledJobManager completed {"execution_time":"2026-05-16T08:18:01+00:00","duration_ms":11.135,"dispatched":0,"skipped":0} 
[2026-05-16 08:19:01] production.INFO: ScheduledJobManager started {"execution_time":"2026-05-16T08:19:01+00:00"} 
[2026-05-16 08:19:01] production.INFO: ScheduledJobManager completed {"execution_time":"2026-05-16T08:19:01+00:00","duration_ms":11.661,"dispatched":0,"skipped":0} 
[2026-05-16 08:20:01] production.INFO: ScheduledJobManager started {"execution_time":"2026-05-16T08:20:01+00:00"} 
[2026-05-16 08:20:01] production.INFO: ScheduledJobManager completed {"execution_time":"2026-05-16T08:20:01+00:00","duration_ms":5.195,"dispatched":0,"skipped":0} 
[2026-05-16 08:21:01] production.INFO: ScheduledJobManager started {"execution_time":"2026-05-16T08:21:01+00:00"} 
[2026-05-16 08:21:01] production.INFO: ScheduledJobManager completed {"execution_time":"2026-05-16T08:21:01+00:00","duration_ms":11.358,"dispatched":0,"skipped":0} 
[2026-05-16 08:22:01] production.INFO: ScheduledJobManager started {"execution_time":"2026-05-16T08:22:01+00:00"} 
[2026-05-16 08:22:01] production.INFO: ScheduledJobManager completed {"execution_time":"2026-05-16T08:22:01+00:00","duration_ms":11.634,"dispatched":0,"skipped":0} 
[2026-05-16 08:23:01] production.INFO: ScheduledJobManager started {"execution_time":"2026-05-16T08:23:01+00:00"} 
[2026-05-16 08:23:01] production.INFO: ScheduledJobManager completed {"execution_time":"2026-05-16T08:23:01+00:00","duration_ms":11.511,"dispatched":0,"skipped":0} 
[2026-05-16 08:24:01] production.INFO: ScheduledJobManager started {"execution_time":"2026-05-16T08:24:01+00:00"} 
[2026-05-16 08:24:01] production.INFO: ScheduledJobManager completed {"execution_time":"2026-05-16T08:24:01+00:00","duration_ms":11.23,"dispatched":0,"skipped":0} 
[2026-05-16 08:25:01] production.INFO: ScheduledJobManager started {"execution_time":"2026-05-16T08:25:01+00:00"} 
[2026-05-16 08:25:01] production.INFO: ScheduledJobManager completed {"execution_time":"2026-05-16T08:25:01+00:00","duration_ms":11.196,"dispatched":0,"skipped":0} 
[2026-05-16 08:26:01] production.INFO: ScheduledJobManager started {"execution_time":"2026-05-16T08:26:01+00:00"} 
[2026-05-16 08:26:01] production.INFO: ScheduledJobManager completed {"execution_time":"2026-05-16T08:26:01+00:00","duration_ms":11.378,"dispatched":0,"skipped":0} 
[2026-05-16 08:27:01] production.INFO: ScheduledJobManager started {"execution_time":"2026-05-16T08:27:01+00:00"} 
[2026-05-16 08:27:01] production.INFO: ScheduledJobManager completed {"execution_time":"2026-05-16T08:27:01+00:00","duration_ms":11.706,"dispatched":0,"skipped":0} 
[2026-05-16 08:28:01] production.INFO: ScheduledJobManager started {"execution_time":"2026-05-16T08:28:01+00:00"} 
[2026-05-16 08:28:01] production.INFO: ScheduledJobManager completed {"execution_time":"2026-05-16T08:28:01+00:00","duration_ms":11.473,"dispatched":0,"skipped":0} 
[2026-05-16 08:29:01] production.INFO: ScheduledJobManager started {"execution_time":"2026-05-16T08:29:01+00:00"} 
[2026-05-16 08:29:01] production.INFO: ScheduledJobManager completed {"execution_time":"2026-05-16T08:29:01+00:00","duration_ms":11.681,"dispatched":0,"skipped":0} 
[2026-05-16 08:30:01] production.INFO: ScheduledJobManager started {"execution_time":"2026-05-16T08:30:01+00:00"} 
[2026-05-16 08:30:01] production.INFO: ScheduledJobManager completed {"execution_time":"2026-05-16T08:30:01+00:00","duration_ms":11.349,"dispatched":0,"skipped":0} 
[2026-05-16 08:31:00] production.INFO: ScheduledJobManager started {"execution_time":"2026-05-16T08:31:00+00:00"} 
[2026-05-16 08:31:00] production.INFO: ScheduledJobManager completed {"execution_time":"2026-05-16T08:31:00+00:00","duration_ms":11.364,"dispatched":0,"skipped":0} 
[2026-05-16 08:32:01] production.INFO: ScheduledJobManager started {"execution_time":"2026-05-16T08:32:01+00:00"} 
[2026-05-16 08:32:01] production.INFO: ScheduledJobManager completed {"execution_time":"2026-05-16T08:32:01+00:00","duration_ms":11.992,"dispatched":0,"skipped":0} 
[2026-05-16 08:33:01] production.INFO: ScheduledJobManager started {"execution_time":"2026-05-16T08:33:01+00:00"} 
[2026-05-16 08:33:01] production.INFO: ScheduledJobManager completed {"execution_time":"2026-05-16T08:33:01+00:00","duration_ms":11.226,"dispatched":0,"skipped":0} 
[2026-05-16 08:34:01] production.INFO: ScheduledJobManager started {"execution_time":"2026-05-16T08:34:01+00:00"} 
[2026-05-16 08:34:01] production.INFO: ScheduledJobManager completed {"execution_time":"2026-05-16T08:34:01+00:00","duration_ms":11.58,"dispatched":0,"skipped":0} 
[2026-05-16 08:35:01] production.INFO: ScheduledJobManager started {"execution_time":"2026-05-16T08:35:01+00:00"} 
[2026-05-16 08:35:01] production.INFO: ScheduledJobManager completed {"execution_time":"2026-05-16T08:35:01+00:00","duration_ms":3.757,"dispatched":0,"skipped":0} 
[2026-05-16 08:36:01] production.INFO: ScheduledJobManager started {"execution_time":"2026-05-16T08:36:01+00:00"} 
[2026-05-16 08:36:01] production.INFO: ScheduledJobManager completed {"execution_time":"2026-05-16T08:36:01+00:00","duration_ms":11.456,"dispatched":0,"skipped":0} 
[2026-05-16 08:37:01] production.INFO: ScheduledJobManager started {"execution_time":"2026-05-16T08:37:01+00:00"} 
[2026-05-16 08:37:01] production.INFO: ScheduledJobManager completed {"execution_time":"2026-05-16T08:37:01+00:00","duration_ms":11.888,"dispatched":0,"skipped":0} 
[2026-05-16 08:38:01] production.INFO: ScheduledJobManager started {"execution_time":"2026-05-16T08:38:01+00:00"} 
[2026-05-16 08:38:01] production.INFO: ScheduledJobManager completed {"execution_time":"2026-05-16T08:38:01+00:00","duration_ms":11.574,"dispatched":0,"skipped":0} 
[2026-05-16 08:39:01] production.INFO: ScheduledJobManager started {"execution_time":"2026-05-16T08:39:01+00:00"} 
[2026-05-16 08:39:01] production.INFO: ScheduledJobManager completed {"execution_time":"2026-05-16T08:39:01+00:00","duration_ms":11.532,"dispatched":0,"skipped":0} 
[2026-05-16 08:40:01] production.INFO: ScheduledJobManager started {"execution_time":"2026-05-16T08:40:01+00:00"} 
[2026-05-16 08:40:01] production.INFO: ScheduledJobManager completed {"execution_time":"2026-05-16T08:40:01+00:00","duration_ms":6.363,"dispatched":0,"skipped":0} 
[2026-05-16 08:41:01] production.INFO: ScheduledJobManager started {"execution_time":"2026-05-16T08:41:01+00:00"} 
[2026-05-16 08:41:01] production.INFO: ScheduledJobManager completed {"execution_time":"2026-05-16T08:41:01+00:00","duration_ms":11.58,"dispatched":0,"skipped":0} 
[2026-05-16 08:42:01] production.INFO: ScheduledJobManager started {"execution_time":"2026-05-16T08:42:01+00:00"} 
[2026-05-16 08:42:01] production.INFO: ScheduledJobManager completed {"execution_time":"2026-05-16T08:42:01+00:00","duration_ms":11.488,"dispatched":0,"skipped":0} 
[2026-05-16 08:43:01] production.INFO: ScheduledJobManager started {"execution_time":"2026-05-16T08:43:01+00:00"} 
[2026-05-16 08:43:01] production.INFO: ScheduledJobManager completed {"execution_time":"2026-05-16T08:43:01+00:00","duration_ms":11.572,"dispatched":0,"skipped":0} 
[2026-05-16 08:44:01] production.INFO: ScheduledJobManager started {"execution_time":"2026-05-16T08:44:01+00:00"} 
[2026-05-16 08:44:01] production.INFO: ScheduledJobManager completed {"execution_time":"2026-05-16T08:44:01+00:00","duration_ms":11.665,"dispatched":0,"skipped":0} 
[2026-05-16 08:45:01] production.INFO: ScheduledJobManager started {"execution_time":"2026-05-16T08:45:01+00:00"} 
[2026-05-16 08:45:01] production.INFO: ScheduledJobManager completed {"execution_time":"2026-05-16T08:45:01+00:00","duration_ms":11.62,"dispatched":0,"skipped":0} 
[2026-05-16 08:46:01] production.INFO: ScheduledJobManager started {"execution_time":"2026-05-16T08:46:01+00:00"} 
[2026-05-16 08:46:01] production.INFO: ScheduledJobManager completed {"execution_time":"2026-05-16T08:46:01+00:00","duration_ms":12.002,"dispatched":0,"skipped":0} 
[2026-05-16 08:47:00] production.INFO: ScheduledJobManager started {"execution_time":"2026-05-16T08:47:00+00:00"} 
[2026-05-16 08:47:00] production.INFO: ScheduledJobManager completed {"execution_time":"2026-05-16T08:47:00+00:00","duration_ms":11.409,"dispatched":0,"skipped":0} 
[2026-05-16 08:48:01] production.INFO: ScheduledJobManager started {"execution_time":"2026-05-16T08:48:01+00:00"} 
[2026-05-16 08:48:01] production.INFO: ScheduledJobManager completed {"execution_time":"2026-05-16T08:48:01+00:00","duration_ms":5.118,"dispatched":0,"skipped":0} 
[2026-05-16 08:49:01] production.INFO: ScheduledJobManager started {"execution_time":"2026-05-16T08:49:01+00:00"} 
[2026-05-16 08:49:01] production.INFO: ScheduledJobManager completed {"execution_time":"2026-05-16T08:49:01+00:00","duration_ms":11.782,"dispatched":0,"skipped":0} 
[2026-05-16 08:50:01] production.INFO: ScheduledJobManager started {"execution_time":"2026-05-16T08:50:01+00:00"} 
[2026-05-16 08:50:01] production.INFO: ScheduledJobManager completed {"execution_time":"2026-05-16T08:50:01+00:00","duration_ms":3.882,"dispatched":0,"skipped":0} 
[2026-05-16 08:51:01] production.INFO: ScheduledJobManager started {"execution_time":"2026-05-16T08:51:01+00:00"} 
[2026-05-16 08:51:01] production.INFO: ScheduledJobManager completed {"execution_time":"2026-05-16T08:51:01+00:00","duration_ms":11.839,"dispatched":0,"skipped":0} 
[2026-05-16 08:52:01] production.INFO: ScheduledJobManager started {"execution_time":"2026-05-16T08:52:01+00:00"} 
[2026-05-16 08:52:01] production.INFO: ScheduledJobManager completed {"execution_time":"2026-05-16T08:52:01+00:00","duration_ms":11.764,"dispatched":0,"skipped":0} 
[2026-05-16 08:53:01] production.INFO: ScheduledJobManager started {"execution_time":"2026-05-16T08:53:01+00:00"} 
[2026-05-16 08:53:01] production.INFO: ScheduledJobManager completed {"execution_time":"2026-05-16T08:53:01+00:00","duration_ms":11.741,"dispatched":0,"skipped":0} 
[2026-05-16 08:54:01] production.INFO: ScheduledJobManager started {"execution_time":"2026-05-16T08:54:01+00:00"} 
[2026-05-16 08:54:01] production.INFO: ScheduledJobManager completed {"execution_time":"2026-05-16T08:54:01+00:00","duration_ms":11.324,"dispatched":0,"skipped":0} 
[2026-05-16 08:55:01] production.INFO: ScheduledJobManager started {"execution_time":"2026-05-16T08:55:01+00:00"} 
[2026-05-16 08:55:01] production.INFO: ScheduledJobManager completed {"execution_time":"2026-05-16T08:55:01+00:00","duration_ms":11.765,"dispatched":0,"skipped":0} 
[2026-05-16 08:56:01] production.INFO: ScheduledJobManager started {"execution_time":"2026-05-16T08:56:01+00:00"} 
[2026-05-16 08:56:01] production.INFO: ScheduledJobManager completed {"execution_time":"2026-05-16T08:56:01+00:00","duration_ms":11.583,"dispatched":0,"skipped":0} 
[2026-05-16 08:57:01] production.INFO: ScheduledJobManager started {"execution_time":"2026-05-16T08:57:01+00:00"} 
[2026-05-16 08:57:01] production.INFO: ScheduledJobManager completed {"execution_time":"2026-05-16T08:57:01+00:00","duration_ms":11.719,"dispatched":0,"skipped":0} 
[2026-05-16 08:58:01] production.INFO: ScheduledJobManager started {"execution_time":"2026-05-16T08:58:01+00:00"} 
[2026-05-16 08:58:01] production.INFO: ScheduledJobManager completed {"execution_time":"2026-05-16T08:58:01+00:00","duration_ms":11.326,"dispatched":0,"skipped":0} 
[2026-05-16 08:59:01] production.INFO: ScheduledJobManager started {"execution_time":"2026-05-16T08:59:01+00:00"} 
[2026-05-16 08:59:01] production.INFO: ScheduledJobManager completed {"execution_time":"2026-05-16T08:59:01+00:00","duration_ms":11.639,"dispatched":0,"skipped":0} 
[2026-05-16 09:00:02] production.INFO: ScheduledJobManager started {"execution_time":"2026-05-16T09:00:02+00:00"} 
[2026-05-16 09:00:02] production.INFO: ScheduledJobManager completed {"execution_time":"2026-05-16T09:00:02+00:00","duration_ms":14.212,"dispatched":0,"skipped":0} 
[2026-05-16 09:01:01] production.INFO: ScheduledJobManager started {"execution_time":"2026-05-16T09:01:01+00:00"} 
[2026-05-16 09:01:01] production.INFO: ScheduledJobManager completed {"execution_time":"2026-05-16T09:01:01+00:00","duration_ms":11.527,"dispatched":0,"skipped":0} 
[2026-05-16 09:02:01] production.INFO: ScheduledJobManager started {"execution_time":"2026-05-16T09:02:01+00:00"} 
[2026-05-16 09:02:01] production.INFO: ScheduledJobManager completed {"execution_time":"2026-05-16T09:02:01+00:00","duration_ms":11.623,"dispatched":0,"skipped":0} 
[2026-05-16 09:03:01] production.INFO: ScheduledJobManager started {"execution_time":"2026-05-16T09:03:01+00:00"} 
[2026-05-16 09:03:01] production.INFO: ScheduledJobManager completed {"execution_time":"2026-05-16T09:03:01+00:00","duration_ms":11.745,"dispatched":0,"skipped":0} 
[2026-05-16 09:04:01] production.INFO: ScheduledJobManager started {"execution_time":"2026-05-16T09:04:01+00:00"} 
[2026-05-16 09:04:01] production.INFO: ScheduledJobManager completed {"execution_time":"2026-05-16T09:04:01+00:00","duration_ms":5.118,"dispatched":0,"skipped":0} 
[2026-05-16 09:05:01] production.INFO: ScheduledJobManager started {"execution_time":"2026-05-16T09:05:01+00:00"} 
[2026-05-16 09:05:01] production.INFO: ScheduledJobManager completed {"execution_time":"2026-05-16T09:05:01+00:00","duration_ms":11.296,"dispatched":0,"skipped":0} 
[2026-05-16 09:06:01] production.INFO: ScheduledJobManager started {"execution_time":"2026-05-16T09:06:01+00:00"} 
[2026-05-16 09:06:01] production.INFO: ScheduledJobManager completed {"execution_time":"2026-05-16T09:06:01+00:00","duration_ms":11.781,"dispatched":0,"skipped":0} 
[2026-05-16 09:07:01] production.INFO: ScheduledJobManager started {"execution_time":"2026-05-16T09:07:01+00:00"} 
[2026-05-16 09:07:01] production.INFO: ScheduledJobManager completed {"execution_time":"2026-05-16T09:07:01+00:00","duration_ms":11.578,"dispatched":0,"skipped":0} 
[2026-05-16 09:08:01] production.INFO: ScheduledJobManager started {"execution_time":"2026-05-16T09:08:01+00:00"} 
[2026-05-16 09:08:01] production.INFO: ScheduledJobManager completed {"execution_time":"2026-05-16T09:08:01+00:00","duration_ms":11.671,"dispatched":0,"skipped":0} 
[2026-05-16 09:09:01] production.INFO: ScheduledJobManager started {"execution_time":"2026-05-16T09:09:01+00:00"} 
[2026-05-16 09:09:01] production.INFO: ScheduledJobManager completed {"execution_time":"2026-05-16T09:09:01+00:00","duration_ms":11.705,"dispatched":0,"skipped":0} 
[2026-05-16 09:10:01] production.INFO: ScheduledJobManager started {"execution_time":"2026-05-16T09:10:01+00:00"} 
[2026-05-16 09:10:01] production.INFO: ScheduledJobManager completed {"execution_time":"2026-05-16T09:10:01+00:00","duration_ms":5.521,"dispatched":0,"skipped":0} 
[2026-05-16 09:11:01] production.INFO: ScheduledJobManager started {"execution_time":"2026-05-16T09:11:01+00:00"} 
[2026-05-16 09:11:01] production.INFO: ScheduledJobManager completed {"execution_time":"2026-05-16T09:11:01+00:00","duration_ms":11.665,"dispatched":0,"skipped":0} 
[2026-05-16 09:12:01] production.INFO: ScheduledJobManager started {"execution_time":"2026-05-16T09:12:01+00:00"} 
[2026-05-16 09:12:01] production.INFO: ScheduledJobManager completed {"execution_time":"2026-05-16T09:12:01+00:00","duration_ms":12.026,"dispatched":0,"skipped":0} 
[2026-05-16 09:13:01] production.INFO: ScheduledJobManager started {"execution_time":"2026-05-16T09:13:01+00:00"} 
[2026-05-16 09:13:01] production.INFO: ScheduledJobManager completed {"execution_time":"2026-05-16T09:13:01+00:00","duration_ms":11.651,"dispatched":0,"skipped":0} 
[2026-05-16 09:14:01] production.INFO: ScheduledJobManager started {"execution_time":"2026-05-16T09:14:01+00:00"} 
[2026-05-16 09:14:01] production.INFO: ScheduledJobManager completed {"execution_time":"2026-05-16T09:14:01+00:00","duration_ms":11.544,"dispatched":0,"skipped":0} 
[2026-05-16 09:15:01] production.INFO: ScheduledJobManager started {"execution_time":"2026-05-16T09:15:01+00:00"} 
[2026-05-16 09:15:01] production.INFO: ScheduledJobManager completed {"execution_time":"2026-05-16T09:15:01+00:00","duration_ms":11.631,"dispatched":0,"skipped":0} 
[2026-05-16 09:16:01] production.INFO: ScheduledJobManager started {"execution_time":"2026-05-16T09:16:01+00:00"} 
[2026-05-16 09:16:01] production.INFO: ScheduledJobManager completed {"execution_time":"2026-05-16T09:16:01+00:00","duration_ms":11.322,"dispatched":0,"skipped":0} 
[2026-05-16 09:17:00] production.INFO: ScheduledJobManager started {"execution_time":"2026-05-16T09:17:00+00:00"} 
[2026-05-16 09:17:00] production.INFO: ScheduledJobManager completed {"execution_time":"2026-05-16T09:17:00+00:00","duration_ms":11.413,"dispatched":0,"skipped":0} 
[2026-05-16 09:18:01] production.INFO: ScheduledJobManager started {"execution_time":"2026-05-16T09:18:01+00:00"} 
[2026-05-16 09:18:01] production.INFO: ScheduledJobManager completed {"execution_time":"2026-05-16T09:18:01+00:00","duration_ms":6.126,"dispatched":0,"skipped":0} 
[2026-05-16 09:19:01] production.INFO: ScheduledJobManager started {"execution_time":"2026-05-16T09:19:01+00:00"} 
[2026-05-16 09:19:01] production.INFO: ScheduledJobManager completed {"execution_time":"2026-05-16T09:19:01+00:00","duration_ms":11.862,"dispatched":0,"skipped":0} 
[2026-05-16 09:20:01] production.INFO: ScheduledJobManager started {"execution_time":"2026-05-16T09:20:01+00:00"} 
[2026-05-16 09:20:01] production.INFO: ScheduledJobManager completed {"execution_time":"2026-05-16T09:20:01+00:00","duration_ms":5.682,"dispatched":0,"skipped":0} 
[2026-05-16 09:21:01] production.INFO: ScheduledJobManager started {"execution_time":"2026-05-16T09:21:01+00:00"} 
[2026-05-16 09:21:01] production.INFO: ScheduledJobManager completed {"execution_time":"2026-05-16T09:21:01+00:00","duration_ms":11.482,"dispatched":0,"skipped":0} 
[2026-05-16 09:22:01] production.INFO: ScheduledJobManager started {"execution_time":"2026-05-16T09:22:01+00:00"} 
[2026-05-16 09:22:01] production.INFO: ScheduledJobManager completed {"execution_time":"2026-05-16T09:22:01+00:00","duration_ms":11.982,"dispatched":0,"skipped":0} 
[2026-05-16 09:23:01] production.INFO: ScheduledJobManager started {"execution_time":"2026-05-16T09:23:01+00:00"} 
[2026-05-16 09:23:01] production.INFO: ScheduledJobManager completed {"execution_time":"2026-05-16T09:23:01+00:00","duration_ms":12.163,"dispatched":0,"skipped":0} 
[2026-05-16 09:24:01] production.INFO: ScheduledJobManager started {"execution_time":"2026-05-16T09:24:01+00:00"} 
[2026-05-16 09:24:01] production.INFO: ScheduledJobManager completed {"execution_time":"2026-05-16T09:24:01+00:00","duration_ms":11.794,"dispatched":0,"skipped":0} 
[2026-05-16 09:25:01] production.INFO: ScheduledJobManager started {"execution_time":"2026-05-16T09:25:01+00:00"} 
[2026-05-16 09:25:01] production.INFO: ScheduledJobManager completed {"execution_time":"2026-05-16T09:25:01+00:00","duration_ms":12.474,"dispatched":0,"skipped":0} 
[2026-05-16 09:26:01] production.INFO: ScheduledJobManager started {"execution_time":"2026-05-16T09:26:01+00:00"} 
[2026-05-16 09:26:01] production.INFO: ScheduledJobManager completed {"execution_time":"2026-05-16T09:26:01+00:00","duration_ms":11.505,"dispatched":0,"skipped":0} 
[2026-05-16 09:27:01] production.INFO: ScheduledJobManager started {"execution_time":"2026-05-16T09:27:01+00:00"} 
[2026-05-16 09:27:01] production.INFO: ScheduledJobManager completed {"execution_time":"2026-05-16T09:27:01+00:00","duration_ms":11.83,"dispatched":0,"skipped":0} 
[2026-05-16 09:28:01] production.INFO: ScheduledJobManager started {"execution_time":"2026-05-16T09:28:01+00:00"} 
[2026-05-16 09:28:01] production.INFO: ScheduledJobManager completed {"execution_time":"2026-05-16T09:28:01+00:00","duration_ms":11.353,"dispatched":0,"skipped":0} 
[2026-05-16 09:29:01] production.INFO: ScheduledJobManager started {"execution_time":"2026-05-16T09:29:01+00:00"} 
[2026-05-16 09:29:01] production.INFO: ScheduledJobManager completed {"execution_time":"2026-05-16T09:29:01+00:00","duration_ms":11.338,"dispatched":0,"skipped":0} 
[2026-05-16 09:30:01] production.INFO: ScheduledJobManager started {"execution_time":"2026-05-16T09:30:01+00:00"} 
[2026-05-16 09:30:01] production.INFO: ScheduledJobManager completed {"execution_time":"2026-05-16T09:30:01+00:00","duration_ms":11.667,"dispatched":0,"skipped":0} 
[2026-05-16 09:31:01] production.INFO: ScheduledJobManager started {"execution_time":"2026-05-16T09:31:01+00:00"} 
[2026-05-16 09:31:01] production.INFO: ScheduledJobManager completed {"execution_time":"2026-05-16T09:31:01+00:00","duration_ms":12.012,"dispatched":0,"skipped":0} 
[2026-05-16 09:32:01] production.INFO: ScheduledJobManager started {"execution_time":"2026-05-16T09:32:01+00:00"} 
[2026-05-16 09:32:01] production.INFO: ScheduledJobManager completed {"execution_time":"2026-05-16T09:32:01+00:00","duration_ms":11.641,"dispatched":0,"skipped":0} 
[2026-05-16 09:33:01] production.INFO: ScheduledJobManager started {"execution_time":"2026-05-16T09:33:01+00:00"} 
[2026-05-16 09:33:01] production.INFO: ScheduledJobManager completed {"execution_time":"2026-05-16T09:33:01+00:00","duration_ms":11.745,"dispatched":0,"skipped":0} 
[2026-05-16 09:34:01] production.INFO: ScheduledJobManager started {"execution_time":"2026-05-16T09:34:01+00:00"} 
[2026-05-16 09:34:01] production.INFO: ScheduledJobManager completed {"execution_time":"2026-05-16T09:34:01+00:00","duration_ms":6.237,"dispatched":0,"skipped":0} 
[2026-05-16 09:35:01] production.INFO: ScheduledJobManager started {"execution_time":"2026-05-16T09:35:01+00:00"} 
[2026-05-16 09:35:01] production.INFO: ScheduledJobManager completed {"execution_time":"2026-05-16T09:35:01+00:00","duration_ms":11.836,"dispatched":0,"skipped":0} 
[2026-05-16 09:36:01] production.INFO: ScheduledJobManager started {"execution_time":"2026-05-16T09:36:01+00:00"} 
[2026-05-16 09:36:01] production.INFO: ScheduledJobManager completed {"execution_time":"2026-05-16T09:36:01+00:00","duration_ms":11.635,"dispatched":0,"skipped":0} 
[2026-05-16 09:37:01] production.INFO: ScheduledJobManager started {"execution_time":"2026-05-16T09:37:01+00:00"} 
[2026-05-16 09:37:01] production.INFO: ScheduledJobManager completed {"execution_time":"2026-05-16T09:37:01+00:00","duration_ms":11.927,"dispatched":0,"skipped":0} 
[2026-05-16 09:38:01] production.INFO: ScheduledJobManager started {"execution_time":"2026-05-16T09:38:01+00:00"} 
[2026-05-16 09:38:01] production.INFO: ScheduledJobManager completed {"execution_time":"2026-05-16T09:38:01+00:00","duration_ms":11.723,"dispatched":0,"skipped":0} 
[2026-05-16 09:39:01] production.INFO: ScheduledJobManager started {"execution_time":"2026-05-16T09:39:01+00:00"} 
[2026-05-16 09:39:01] production.INFO: ScheduledJobManager completed {"execution_time":"2026-05-16T09:39:01+00:00","duration_ms":12.086,"dispatched":0,"skipped":0} 
[2026-05-16 09:40:01] production.INFO: ScheduledJobManager started {"execution_time":"2026-05-16T09:40:01+00:00"} 
[2026-05-16 09:40:01] production.INFO: ScheduledJobManager completed {"execution_time":"2026-05-16T09:40:01+00:00","duration_ms":6.346,"dispatched":0,"skipped":0} 
[2026-05-16 09:41:01] production.INFO: ScheduledJobManager started {"execution_time":"2026-05-16T09:41:01+00:00"} 
[2026-05-16 09:41:01] production.INFO: ScheduledJobManager completed {"execution_time":"2026-05-16T09:41:01+00:00","duration_ms":15.351,"dispatched":0,"skipped":0} 
[2026-05-16 09:42:01] production.INFO: ScheduledJobManager started {"execution_time":"2026-05-16T09:42:01+00:00"} 
[2026-05-16 09:42:01] production.INFO: ScheduledJobManager completed {"execution_time":"2026-05-16T09:42:01+00:00","duration_ms":11.758,"dispatched":0,"skipped":0} 
[2026-05-16 09:43:01] production.INFO: ScheduledJobManager started {"execution_time":"2026-05-16T09:43:01+00:00"} 
[2026-05-16 09:43:01] production.INFO: ScheduledJobManager completed {"execution_time":"2026-05-16T09:43:01+00:00","duration_ms":12.151,"dispatched":0,"skipped":0} 
[2026-05-16 09:44:01] production.INFO: ScheduledJobManager started {"execution_time":"2026-05-16T09:44:01+00:00"} 
[2026-05-16 09:44:01] production.INFO: ScheduledJobManager completed {"execution_time":"2026-05-16T09:44:01+00:00","duration_ms":12.104,"dispatched":0,"skipped":0} 
[2026-05-16 09:45:01] production.INFO: ScheduledJobManager started {"execution_time":"2026-05-16T09:45:01+00:00"} 
[2026-05-16 09:45:01] production.INFO: ScheduledJobManager completed {"execution_time":"2026-05-16T09:45:01+00:00","duration_ms":15.388,"dispatched":0,"skipped":0} 
[2026-05-16 09:46:01] production.INFO: ScheduledJobManager started {"execution_time":"2026-05-16T09:46:01+00:00"} 
[2026-05-16 09:46:01] production.INFO: ScheduledJobManager completed {"execution_time":"2026-05-16T09:46:01+00:00","duration_ms":11.957,"dispatched":0,"skipped":0} 
[2026-05-16 09:47:00] production.INFO: ScheduledJobManager started {"execution_time":"2026-05-16T09:47:00+00:00"} 
[2026-05-16 09:47:00] production.INFO: ScheduledJobManager completed {"execution_time":"2026-05-16T09:47:00+00:00","duration_ms":11.45,"dispatched":0,"skipped":0} 
[2026-05-16 09:48:01] production.INFO: ScheduledJobManager started {"execution_time":"2026-05-16T09:48:01+00:00"} 
[2026-05-16 09:48:01] production.INFO: ScheduledJobManager completed {"execution_time":"2026-05-16T09:48:01+00:00","duration_ms":5.025,"dispatched":0,"skipped":0} 
[2026-05-16 09:49:01] production.INFO: ScheduledJobManager started {"execution_time":"2026-05-16T09:49:01+00:00"} 
[2026-05-16 09:49:01] production.INFO: ScheduledJobManager completed {"execution_time":"2026-05-16T09:49:01+00:00","duration_ms":11.558,"dispatched":0,"skipped":0} 
[2026-05-16 09:50:01] production.INFO: ScheduledJobManager started {"execution_time":"2026-05-16T09:50:01+00:00"} 
[2026-05-16 09:50:01] production.INFO: ScheduledJobManager completed {"execution_time":"2026-05-16T09:50:01+00:00","duration_ms":5.145,"dispatched":0,"skipped":0} 
[2026-05-16 09:51:01] production.INFO: ScheduledJobManager started {"execution_time":"2026-05-16T09:51:01+00:00"} 
[2026-05-16 09:51:01] production.INFO: ScheduledJobManager completed {"execution_time":"2026-05-16T09:51:01+00:00","duration_ms":12.072,"dispatched":0,"skipped":0} 
[2026-05-16 09:52:01] production.INFO: ScheduledJobManager started {"execution_time":"2026-05-16T09:52:01+00:00"} 
[2026-05-16 09:52:01] production.INFO: ScheduledJobManager completed {"execution_time":"2026-05-16T09:52:01+00:00","duration_ms":15.402,"dispatched":0,"skipped":0} 
[2026-05-16 09:53:01] production.INFO: ScheduledJobManager started {"execution_time":"2026-05-16T09:53:01+00:00"} 
[2026-05-16 09:53:01] production.INFO: ScheduledJobManager completed {"execution_time":"2026-05-16T09:53:01+00:00","duration_ms":11.779,"dispatched":0,"skipped":0} 
[2026-05-16 09:54:01] production.INFO: ScheduledJobManager started {"execution_time":"2026-05-16T09:54:01+00:00"} 
[2026-05-16 09:54:01] production.INFO: ScheduledJobManager completed {"execution_time":"2026-05-16T09:54:01+00:00","duration_ms":11.373,"dispatched":0,"skipped":0} 
[2026-05-16 09:55:01] production.INFO: ScheduledJobManager started {"execution_time":"2026-05-16T09:55:01+00:00"} 
[2026-05-16 09:55:01] production.INFO: ScheduledJobManager completed {"execution_time":"2026-05-16T09:55:01+00:00","duration_ms":11.41,"dispatched":0,"skipped":0} 
[2026-05-16 09:56:01] production.INFO: ScheduledJobManager started {"execution_time":"2026-05-16T09:56:01+00:00"} 
[2026-05-16 09:56:01] production.INFO: ScheduledJobManager completed {"execution_time":"2026-05-16T09:56:01+00:00","duration_ms":11.341,"dispatched":0,"skipped":0} 
[2026-05-16 09:57:01] production.INFO: ScheduledJobManager started {"execution_time":"2026-05-16T09:57:01+00:00"} 
[2026-05-16 09:57:01] production.INFO: ScheduledJobManager completed {"execution_time":"2026-05-16T09:57:01+00:00","duration_ms":11.527,"dispatched":0,"skipped":0} 
[2026-05-16 09:58:01] production.INFO: ScheduledJobManager started {"execution_time":"2026-05-16T09:58:01+00:00"} 
[2026-05-16 09:58:01] production.INFO: ScheduledJobManager completed {"execution_time":"2026-05-16T09:58:01+00:00","duration_ms":11.733,"dispatched":0,"skipped":0} 
[2026-05-16 09:59:01] production.INFO: ScheduledJobManager started {"execution_time":"2026-05-16T09:59:01+00:00"} 
[2026-05-16 09:59:01] production.INFO: ScheduledJobManager completed {"execution_time":"2026-05-16T09:59:01+00:00","duration_ms":12.454,"dispatched":0,"skipped":0} 
[2026-05-16 10:00:02] production.INFO: ScheduledJobManager started {"execution_time":"2026-05-16T10:00:02+00:00"} 
[2026-05-16 10:00:02] production.INFO: ScheduledJobManager completed {"execution_time":"2026-05-16T10:00:02+00:00","duration_ms":4.822,"dispatched":0,"skipped":0} 
[2026-05-16 10:01:00] production.INFO: ScheduledJobManager started {"execution_time":"2026-05-16T10:01:00+00:00"} 
[2026-05-16 10:01:00] production.INFO: ScheduledJobManager completed {"execution_time":"2026-05-16T10:01:00+00:00","duration_ms":11.778,"dispatched":0,"skipped":0} 
[2026-05-16 10:02:01] production.INFO: ScheduledJobManager started {"execution_time":"2026-05-16T10:02:01+00:00"} 
[2026-05-16 10:02:01] production.INFO: ScheduledJobManager completed {"execution_time":"2026-05-16T10:02:01+00:00","duration_ms":11.943,"dispatched":0,"skipped":0} 
[2026-05-16 10:03:01] production.INFO: ScheduledJobManager started {"execution_time":"2026-05-16T10:03:01+00:00"} 
[2026-05-16 10:03:01] production.INFO: ScheduledJobManager completed {"execution_time":"2026-05-16T10:03:01+00:00","duration_ms":11.544,"dispatched":0,"skipped":0} 
[2026-05-16 10:04:01] production.INFO: ScheduledJobManager started {"execution_time":"2026-05-16T10:04:01+00:00"} 
[2026-05-16 10:04:01] production.INFO: ScheduledJobManager completed {"execution_time":"2026-05-16T10:04:01+00:00","duration_ms":4.849,"dispatched":0,"skipped":0} 
[2026-05-16 10:05:01] production.INFO: ScheduledJobManager started {"execution_time":"2026-05-16T10:05:01+00:00"} 
[2026-05-16 10:05:01] production.INFO: ScheduledJobManager completed {"execution_time":"2026-05-16T10:05:01+00:00","duration_ms":15.053,"dispatched":0,"skipped":0} 
[2026-05-16 10:06:01] production.INFO: ScheduledJobManager started {"execution_time":"2026-05-16T10:06:01+00:00"} 
[2026-05-16 10:06:01] production.INFO: ScheduledJobManager completed {"execution_time":"2026-05-16T10:06:01+00:00","duration_ms":13.071,"dispatched":0,"skipped":0} 
[2026-05-16 10:07:01] production.INFO: ScheduledJobManager started {"execution_time":"2026-05-16T10:07:01+00:00"} 
[2026-05-16 10:07:01] production.INFO: ScheduledJobManager completed {"execution_time":"2026-05-16T10:07:01+00:00","duration_ms":12.782,"dispatched":0,"skipped":0} 
[2026-05-16 10:08:01] production.INFO: ScheduledJobManager started {"execution_time":"2026-05-16T10:08:01+00:00"} 
[2026-05-16 10:08:01] production.INFO: ScheduledJobManager completed {"execution_time":"2026-05-16T10:08:01+00:00","duration_ms":12.309,"dispatched":0,"skipped":0} 
[2026-05-16 10:09:01] production.INFO: ScheduledJobManager started {"execution_time":"2026-05-16T10:09:01+00:00"} 
[2026-05-16 10:09:01] production.INFO: ScheduledJobManager completed {"execution_time":"2026-05-16T10:09:01+00:00","duration_ms":13.735,"dispatched":0,"skipped":0} 
[2026-05-16 10:10:01] production.INFO: ScheduledJobManager started {"execution_time":"2026-05-16T10:10:01+00:00"} 
[2026-05-16 10:10:01] production.INFO: ScheduledJobManager completed {"execution_time":"2026-05-16T10:10:01+00:00","duration_ms":13.836,"dispatched":0,"skipped":0} 
[2026-05-16 10:11:01] production.INFO: ScheduledJobManager started {"execution_time":"2026-05-16T10:11:01+00:00"} 
[2026-05-16 10:11:01] production.INFO: ScheduledJobManager completed {"execution_time":"2026-05-16T10:11:01+00:00","duration_ms":12.337,"dispatched":0,"skipped":0} 
[2026-05-16 10:12:01] production.INFO: ScheduledJobManager started {"execution_time":"2026-05-16T10:12:01+00:00"} 
[2026-05-16 10:12:01] production.INFO: ScheduledJobManager completed {"execution_time":"2026-05-16T10:12:01+00:00","duration_ms":13.142,"dispatched":0,"skipped":0} 
[2026-05-16 10:13:01] production.INFO: ScheduledJobManager started {"execution_time":"2026-05-16T10:13:01+00:00"} 
[2026-05-16 10:13:01] production.INFO: ScheduledJobManager completed {"execution_time":"2026-05-16T10:13:01+00:00","duration_ms":12.826,"dispatched":0,"skipped":0} 
[2026-05-16 10:14:01] production.INFO: ScheduledJobManager started {"execution_time":"2026-05-16T10:14:01+00:00"} 
[2026-05-16 10:14:01] production.INFO: ScheduledJobManager completed {"execution_time":"2026-05-16T10:14:01+00:00","duration_ms":12.477,"dispatched":0,"skipped":0} 
[2026-05-16 10:15:02] production.INFO: ScheduledJobManager started {"execution_time":"2026-05-16T10:15:01+00:00"} 
[2026-05-16 10:15:02] production.INFO: ScheduledJobManager completed {"execution_time":"2026-05-16T10:15:01+00:00","duration_ms":18.01,"dispatched":0,"skipped":0} 
[2026-05-16 10:16:01] production.INFO: ScheduledJobManager started {"execution_time":"2026-05-16T10:16:01+00:00"} 
[2026-05-16 10:16:01] production.INFO: ScheduledJobManager completed {"execution_time":"2026-05-16T10:16:01+00:00","duration_ms":13.592,"dispatched":0,"skipped":0} 
[2026-05-16 10:17:01] production.INFO: ScheduledJobManager started {"execution_time":"2026-05-16T10:17:01+00:00"} 
[2026-05-16 10:17:01] production.INFO: ScheduledJobManager completed {"execution_time":"2026-05-16T10:17:01+00:00","duration_ms":13.899,"dispatched":0,"skipped":0} 
[2026-05-16 10:18:01] production.INFO: ScheduledJobManager started {"execution_time":"2026-05-16T10:18:01+00:00"} 
[2026-05-16 10:18:01] production.INFO: ScheduledJobManager completed {"execution_time":"2026-05-16T10:18:01+00:00","duration_ms":6.589,"dispatched":0,"skipped":0} 
[2026-05-16 10:19:01] production.INFO: ScheduledJobManager started {"execution_time":"2026-05-16T10:19:01+00:00"} 
[2026-05-16 10:19:01] production.INFO: ScheduledJobManager completed {"execution_time":"2026-05-16T10:19:01+00:00","duration_ms":13.296,"dispatched":0,"skipped":0} 
[2026-05-16 10:20:01] production.INFO: ScheduledJobManager started {"execution_time":"2026-05-16T10:20:01+00:00"} 
[2026-05-16 10:20:01] production.INFO: ScheduledJobManager completed {"execution_time":"2026-05-16T10:20:01+00:00","duration_ms":6.094,"dispatched":0,"skipped":0} 
[2026-05-16 10:21:01] production.INFO: ScheduledJobManager started {"execution_time":"2026-05-16T10:21:01+00:00"} 
[2026-05-16 10:21:01] production.INFO: ScheduledJobManager completed {"execution_time":"2026-05-16T10:21:01+00:00","duration_ms":13.206,"dispatched":0,"skipped":0} 
[2026-05-16 10:22:01] production.INFO: ScheduledJobManager started {"execution_time":"2026-05-16T10:22:01+00:00"} 
[2026-05-16 10:22:01] production.INFO: ScheduledJobManager completed {"execution_time":"2026-05-16T10:22:01+00:00","duration_ms":12.772,"dispatched":0,"skipped":0} 
[2026-05-16 10:23:01] production.INFO: ScheduledJobManager started {"execution_time":"2026-05-16T10:23:01+00:00"} 
[2026-05-16 10:23:01] production.INFO: ScheduledJobManager completed {"execution_time":"2026-05-16T10:23:01+00:00","duration_ms":13.036,"dispatched":0,"skipped":0} 
[2026-05-16 10:24:01] production.INFO: ScheduledJobManager started {"execution_time":"2026-05-16T10:24:01+00:00"} 
[2026-05-16 10:24:01] production.INFO: ScheduledJobManager completed {"execution_time":"2026-05-16T10:24:01+00:00","duration_ms":12.411,"dispatched":0,"skipped":0} 
[2026-05-16 10:25:01] production.INFO: ScheduledJobManager started {"execution_time":"2026-05-16T10:25:01+00:00"} 
[2026-05-16 10:25:01] production.INFO: ScheduledJobManager completed {"execution_time":"2026-05-16T10:25:01+00:00","duration_ms":13.62,"dispatched":0,"skipped":0} 
[2026-05-16 10:26:01] production.INFO: ScheduledJobManager started {"execution_time":"2026-05-16T10:26:01+00:00"} 
[2026-05-16 10:26:01] production.INFO: ScheduledJobManager completed {"execution_time":"2026-05-16T10:26:01+00:00","duration_ms":12.36,"dispatched":0,"skipped":0} 
[2026-05-16 10:27:01] production.INFO: ScheduledJobManager started {"execution_time":"2026-05-16T10:27:01+00:00"} 
[2026-05-16 10:27:01] production.INFO: ScheduledJobManager completed {"execution_time":"2026-05-16T10:27:01+00:00","duration_ms":12.989,"dispatched":0,"skipped":0} 
[2026-05-16 10:28:01] production.INFO: ScheduledJobManager started {"execution_time":"2026-05-16T10:28:01+00:00"} 
[2026-05-16 10:28:01] production.INFO: ScheduledJobManager completed {"execution_time":"2026-05-16T10:28:01+00:00","duration_ms":13.897,"dispatched":0,"skipped":0} 
[2026-05-16 10:29:01] production.INFO: ScheduledJobManager started {"execution_time":"2026-05-16T10:29:01+00:00"} 
[2026-05-16 10:29:01] production.INFO: ScheduledJobManager completed {"execution_time":"2026-05-16T10:29:01+00:00","duration_ms":13.04,"dispatched":0,"skipped":0} 
[2026-05-16 10:30:02] production.INFO: ScheduledJobManager started {"execution_time":"2026-05-16T10:30:02+00:00"} 
[2026-05-16 10:30:02] production.INFO: ScheduledJobManager completed {"execution_time":"2026-05-16T10:30:02+00:00","duration_ms":13.177,"dispatched":0,"skipped":0} 
[2026-05-16 10:31:01] production.INFO: ScheduledJobManager started {"execution_time":"2026-05-16T10:31:01+00:00"} 
[2026-05-16 10:31:01] production.INFO: ScheduledJobManager completed {"execution_time":"2026-05-16T10:31:01+00:00","duration_ms":13.531,"dispatched":0,"skipped":0} 
[2026-05-16 10:32:01] production.INFO: ScheduledJobManager started {"execution_time":"2026-05-16T10:32:01+00:00"} 
[2026-05-16 10:32:01] production.INFO: ScheduledJobManager completed {"execution_time":"2026-05-16T10:32:01+00:00","duration_ms":12.372,"dispatched":0,"skipped":0} 
[2026-05-16 10:33:01] production.INFO: ScheduledJobManager started {"execution_time":"2026-05-16T10:33:01+00:00"} 
[2026-05-16 10:33:01] production.INFO: ScheduledJobManager completed {"execution_time":"2026-05-16T10:33:01+00:00","duration_ms":12.821,"dispatched":0,"skipped":0} 
[2026-05-16 10:34:01] production.INFO: ScheduledJobManager started {"execution_time":"2026-05-16T10:34:01+00:00"} 
[2026-05-16 10:34:01] production.INFO: ScheduledJobManager completed {"execution_time":"2026-05-16T10:34:01+00:00","duration_ms":6.165,"dispatched":0,"skipped":0} 
[2026-05-16 10:35:01] production.INFO: ScheduledJobManager started {"execution_time":"2026-05-16T10:35:01+00:00"} 
[2026-05-16 10:35:01] production.INFO: ScheduledJobManager completed {"execution_time":"2026-05-16T10:35:01+00:00","duration_ms":12.64,"dispatched":0,"skipped":0} 
[2026-05-16 10:36:01] production.INFO: ScheduledJobManager started {"execution_time":"2026-05-16T10:36:01+00:00"} 
[2026-05-16 10:36:01] production.INFO: ScheduledJobManager completed {"execution_time":"2026-05-16T10:36:01+00:00","duration_ms":12.72,"dispatched":0,"skipped":0} 
[2026-05-16 10:37:01] production.INFO: ScheduledJobManager started {"execution_time":"2026-05-16T10:37:01+00:00"} 
[2026-05-16 10:37:01] production.INFO: ScheduledJobManager completed {"execution_time":"2026-05-16T10:37:01+00:00","duration_ms":12.638,"dispatched":0,"skipped":0} 
[2026-05-16 10:38:01] production.INFO: ScheduledJobManager started {"execution_time":"2026-05-16T10:38:01+00:00"} 
[2026-05-16 10:38:01] production.INFO: ScheduledJobManager completed {"execution_time":"2026-05-16T10:38:01+00:00","duration_ms":13.257,"dispatched":0,"skipped":0} 
[2026-05-16 10:39:01] production.INFO: ScheduledJobManager started {"execution_time":"2026-05-16T10:39:01+00:00"} 
[2026-05-16 10:39:01] production.INFO: ScheduledJobManager completed {"execution_time":"2026-05-16T10:39:01+00:00","duration_ms":13.348,"dispatched":0,"skipped":0} 
[2026-05-16 10:40:01] production.INFO: ScheduledJobManager started {"execution_time":"2026-05-16T10:40:01+00:00"} 
[2026-05-16 10:40:01] production.INFO: ScheduledJobManager completed {"execution_time":"2026-05-16T10:40:01+00:00","duration_ms":6.376,"dispatched":0,"skipped":0} 
[2026-05-16 10:41:01] production.INFO: ScheduledJobManager started {"execution_time":"2026-05-16T10:41:01+00:00"} 
[2026-05-16 10:41:01] production.INFO: ScheduledJobManager completed {"execution_time":"2026-05-16T10:41:01+00:00","duration_ms":13.076,"dispatched":0,"skipped":0} 
[2026-05-16 10:42:01] production.INFO: ScheduledJobManager started {"execution_time":"2026-05-16T10:42:01+00:00"} 
[2026-05-16 10:42:01] production.INFO: ScheduledJobManager completed {"execution_time":"2026-05-16T10:42:01+00:00","duration_ms":13.174,"dispatched":0,"skipped":0} 
[2026-05-16 10:43:01] production.INFO: ScheduledJobManager started {"execution_time":"2026-05-16T10:43:01+00:00"} 
[2026-05-16 10:43:01] production.INFO: ScheduledJobManager completed {"execution_time":"2026-05-16T10:43:01+00:00","duration_ms":13.152,"dispatched":0,"skipped":0} 
[2026-05-16 10:44:02] production.INFO: ScheduledJobManager started {"execution_time":"2026-05-16T10:44:02+00:00"} 
[2026-05-16 10:44:02] production.INFO: ScheduledJobManager completed {"execution_time":"2026-05-16T10:44:02+00:00","duration_ms":13.28,"dispatched":0,"skipped":0} 
[2026-05-16 10:45:02] production.INFO: ScheduledJobManager started {"execution_time":"2026-05-16T10:45:02+00:00"} 
[2026-05-16 10:45:02] production.INFO: ScheduledJobManager completed {"execution_time":"2026-05-16T10:45:02+00:00","duration_ms":13.668,"dispatched":0,"skipped":0} 
[2026-05-16 10:46:01] production.INFO: ScheduledJobManager started {"execution_time":"2026-05-16T10:46:01+00:00"} 
[2026-05-16 10:46:01] production.INFO: ScheduledJobManager completed {"execution_time":"2026-05-16T10:46:01+00:00","duration_ms":12.764,"dispatched":0,"skipped":0} 
[2026-05-16 10:47:01] production.INFO: ScheduledJobManager started {"execution_time":"2026-05-16T10:47:01+00:00"} 
[2026-05-16 10:47:01] production.INFO: ScheduledJobManager completed {"execution_time":"2026-05-16T10:47:01+00:00","duration_ms":12.981,"dispatched":0,"skipped":0} 
[2026-05-16 10:48:01] production.INFO: ScheduledJobManager started {"execution_time":"2026-05-16T10:48:01+00:00"} 
[2026-05-16 10:48:01] production.INFO: ScheduledJobManager completed {"execution_time":"2026-05-16T10:48:01+00:00","duration_ms":13.87,"dispatched":0,"skipped":0} 
[2026-05-16 10:49:01] production.INFO: ScheduledJobManager started {"execution_time":"2026-05-16T10:49:01+00:00"} 
[2026-05-16 10:49:01] production.INFO: ScheduledJobManager completed {"execution_time":"2026-05-16T10:49:01+00:00","duration_ms":12.539,"dispatched":0,"skipped":0} 
[2026-05-16 10:50:01] production.INFO: ScheduledJobManager started {"execution_time":"2026-05-16T10:50:01+00:00"} 
[2026-05-16 10:50:01] production.INFO: ScheduledJobManager completed {"execution_time":"2026-05-16T10:50:01+00:00","duration_ms":4.416,"dispatched":0,"skipped":0} 
[2026-05-16 10:51:01] production.INFO: ScheduledJobManager started {"execution_time":"2026-05-16T10:51:01+00:00"} 
[2026-05-16 10:51:01] production.INFO: ScheduledJobManager completed {"execution_time":"2026-05-16T10:51:01+00:00","duration_ms":13.186,"dispatched":0,"skipped":0} 
[2026-05-16 10:52:01] production.INFO: ScheduledJobManager started {"execution_time":"2026-05-16T10:52:01+00:00"} 
[2026-05-16 10:52:01] production.INFO: ScheduledJobManager completed {"execution_time":"2026-05-16T10:52:01+00:00","duration_ms":13.475,"dispatched":0,"skipped":0} 
[2026-05-16 10:53:01] production.INFO: ScheduledJobManager started {"execution_time":"2026-05-16T10:53:01+00:00"} 
[2026-05-16 10:53:01] production.INFO: ScheduledJobManager completed {"execution_time":"2026-05-16T10:53:01+00:00","duration_ms":13.485,"dispatched":0,"skipped":0} 
[2026-05-16 10:54:01] production.INFO: ScheduledJobManager started {"execution_time":"2026-05-16T10:54:01+00:00"} 
[2026-05-16 10:54:01] production.INFO: ScheduledJobManager completed {"execution_time":"2026-05-16T10:54:01+00:00","duration_ms":13.195,"dispatched":0,"skipped":0} 
[2026-05-16 10:55:01] production.INFO: ScheduledJobManager started {"execution_time":"2026-05-16T10:55:01+00:00"} 
[2026-05-16 10:55:01] production.INFO: ScheduledJobManager completed {"execution_time":"2026-05-16T10:55:01+00:00","duration_ms":17.146,"dispatched":0,"skipped":0} 
[2026-05-16 10:56:01] production.INFO: ScheduledJobManager started {"execution_time":"2026-05-16T10:56:01+00:00"} 
[2026-05-16 10:56:01] production.INFO: ScheduledJobManager completed {"execution_time":"2026-05-16T10:56:01+00:00","duration_ms":12.77,"dispatched":0,"skipped":0} 
[2026-05-16 10:57:01] production.INFO: ScheduledJobManager started {"execution_time":"2026-05-16T10:57:01+00:00"} 
[2026-05-16 10:57:01] production.INFO: ScheduledJobManager completed {"execution_time":"2026-05-16T10:57:01+00:00","duration_ms":13.048,"dispatched":0,"skipped":0} 
[2026-05-16 10:58:02] production.INFO: ScheduledJobManager started {"execution_time":"2026-05-16T10:58:01+00:00"} 
[2026-05-16 10:58:02] production.INFO: ScheduledJobManager completed {"execution_time":"2026-05-16T10:58:01+00:00","duration_ms":18.187,"dispatched":0,"skipped":0} 
[2026-05-16 10:59:02] production.INFO: ScheduledJobManager started {"execution_time":"2026-05-16T10:59:02+00:00"} 
[2026-05-16 10:59:02] production.INFO: ScheduledJobManager completed {"execution_time":"2026-05-16T10:59:02+00:00","duration_ms":13.005,"dispatched":0,"skipped":0} 
[2026-05-16 11:00:02] production.INFO: ScheduledJobManager started {"execution_time":"2026-05-16T11:00:02+00:00"} 
[2026-05-16 11:00:02] production.INFO: ScheduledJobManager completed {"execution_time":"2026-05-16T11:00:02+00:00","duration_ms":7.384,"dispatched":0,"skipped":0} 
[2026-05-16 11:01:01] production.INFO: ScheduledJobManager started {"execution_time":"2026-05-16T11:01:01+00:00"} 
[2026-05-16 11:01:01] production.INFO: ScheduledJobManager completed {"execution_time":"2026-05-16T11:01:01+00:00","duration_ms":13.386,"dispatched":0,"skipped":0} 
[2026-05-16 11:02:01] production.INFO: ScheduledJobManager started {"execution_time":"2026-05-16T11:02:01+00:00"} 
[2026-05-16 11:02:01] production.INFO: ScheduledJobManager completed {"execution_time":"2026-05-16T11:02:01+00:00","duration_ms":7.174,"dispatched":0,"skipped":0} 
[2026-05-16 11:03:01] production.INFO: ScheduledJobManager started {"execution_time":"2026-05-16T11:03:01+00:00"} 
[2026-05-16 11:03:01] production.INFO: ScheduledJobManager completed {"execution_time":"2026-05-16T11:03:01+00:00","duration_ms":12.599,"dispatched":0,"skipped":0} 
[2026-05-16 11:04:01] production.INFO: ScheduledJobManager started {"execution_time":"2026-05-16T11:04:01+00:00"} 
[2026-05-16 11:04:02] production.INFO: ScheduledJobManager completed {"execution_time":"2026-05-16T11:04:01+00:00","duration_ms":20.624,"dispatched":0,"skipped":0} 
[2026-05-16 11:05:02] production.INFO: ScheduledJobManager started {"execution_time":"2026-05-16T11:05:02+00:00"} 
[2026-05-16 11:05:02] production.INFO: ScheduledJobManager completed {"execution_time":"2026-05-16T11:05:02+00:00","duration_ms":12.428,"dispatched":0,"skipped":0} 
[2026-05-16 11:06:01] production.INFO: ScheduledJobManager started {"execution_time":"2026-05-16T11:06:01+00:00"} 
[2026-05-16 11:06:01] production.INFO: ScheduledJobManager completed {"execution_time":"2026-05-16T11:06:01+00:00","duration_ms":13.226,"dispatched":0,"skipped":0} 
[2026-05-16 11:07:01] production.INFO: ScheduledJobManager started {"execution_time":"2026-05-16T11:07:01+00:00"} 
[2026-05-16 11:07:01] production.INFO: ScheduledJobManager completed {"execution_time":"2026-05-16T11:07:01+00:00","duration_ms":12.624,"dispatched":0,"skipped":0} 
[2026-05-16 11:08:01] production.INFO: ScheduledJobManager started {"execution_time":"2026-05-16T11:08:01+00:00"} 
[2026-05-16 11:08:01] production.INFO: ScheduledJobManager completed {"execution_time":"2026-05-16T11:08:01+00:00","duration_ms":12.56,"dispatched":0,"skipped":0} 
[2026-05-16 11:09:01] production.INFO: ScheduledJobManager started {"execution_time":"2026-05-16T11:09:01+00:00"} 
[2026-05-16 11:09:01] production.INFO: ScheduledJobManager completed {"execution_time":"2026-05-16T11:09:01+00:00","duration_ms":12.663,"dispatched":0,"skipped":0} 
[2026-05-16 11:10:01] production.INFO: ScheduledJobManager started {"execution_time":"2026-05-16T11:10:01+00:00"} 
[2026-05-16 11:10:01] production.INFO: ScheduledJobManager completed {"execution_time":"2026-05-16T11:10:01+00:00","duration_ms":8.52,"dispatched":0,"skipped":0} 
[2026-05-16 11:11:01] production.INFO: ScheduledJobManager started {"execution_time":"2026-05-16T11:11:01+00:00"} 
[2026-05-16 11:11:01] production.INFO: ScheduledJobManager completed {"execution_time":"2026-05-16T11:11:01+00:00","duration_ms":12.952,"dispatched":0,"skipped":0} 
[2026-05-16 11:12:01] production.INFO: ScheduledJobManager started {"execution_time":"2026-05-16T11:12:01+00:00"} 
[2026-05-16 11:12:01] production.INFO: ScheduledJobManager completed {"execution_time":"2026-05-16T11:12:01+00:00","duration_ms":12.677,"dispatched":0,"skipped":0} 
[2026-05-16 11:13:02] production.INFO: ScheduledJobManager started {"execution_time":"2026-05-16T11:13:02+00:00"} 
[2026-05-16 11:13:02] production.INFO: ScheduledJobManager completed {"execution_time":"2026-05-16T11:13:02+00:00","duration_ms":13.445,"dispatched":0,"skipped":0} 
[2026-05-16 11:14:01] production.INFO: ScheduledJobManager started {"execution_time":"2026-05-16T11:14:01+00:00"} 
[2026-05-16 11:14:01] production.INFO: ScheduledJobManager completed {"execution_time":"2026-05-16T11:14:01+00:00","duration_ms":12.899,"dispatched":0,"skipped":0} 
[2026-05-16 11:15:01] production.INFO: ScheduledJobManager started {"execution_time":"2026-05-16T11:15:01+00:00"} 
[2026-05-16 11:15:01] production.INFO: ScheduledJobManager completed {"execution_time":"2026-05-16T11:15:01+00:00","duration_ms":4.322,"dispatched":0,"skipped":0} 
[2026-05-16 11:16:01] production.INFO: ScheduledJobManager started {"execution_time":"2026-05-16T11:16:01+00:00"} 
[2026-05-16 11:16:01] production.INFO: ScheduledJobManager completed {"execution_time":"2026-05-16T11:16:01+00:00","duration_ms":12.883,"dispatched":0,"skipped":0} 
[2026-05-16 11:17:01] production.INFO: ScheduledJobManager started {"execution_time":"2026-05-16T11:17:01+00:00"} 
[2026-05-16 11:17:01] production.INFO: ScheduledJobManager completed {"execution_time":"2026-05-16T11:17:01+00:00","duration_ms":12.63,"dispatched":0,"skipped":0} 
[2026-05-16 11:18:01] production.INFO: ScheduledJobManager started {"execution_time":"2026-05-16T11:18:01+00:00"} 
[2026-05-16 11:18:01] production.INFO: ScheduledJobManager completed {"execution_time":"2026-05-16T11:18:01+00:00","duration_ms":11.287,"dispatched":0,"skipped":0} 
[2026-05-16 11:19:01] production.INFO: ScheduledJobManager started {"execution_time":"2026-05-16T11:19:01+00:00"} 
[2026-05-16 11:19:01] production.INFO: ScheduledJobManager completed {"execution_time":"2026-05-16T11:19:01+00:00","duration_ms":11.53,"dispatched":0,"skipped":0} 
[2026-05-16 11:20:01] production.INFO: ScheduledJobManager started {"execution_time":"2026-05-16T11:20:01+00:00"} 
[2026-05-16 11:20:01] production.INFO: ScheduledJobManager completed {"execution_time":"2026-05-16T11:20:01+00:00","duration_ms":4.489,"dispatched":0,"skipped":0} 
[2026-05-16 11:21:01] production.INFO: ScheduledJobManager started {"execution_time":"2026-05-16T11:21:01+00:00"} 
[2026-05-16 11:21:01] production.INFO: ScheduledJobManager completed {"execution_time":"2026-05-16T11:21:01+00:00","duration_ms":13.251,"dispatched":0,"skipped":0} 
[2026-05-16 11:22:01] production.INFO: ScheduledJobManager started {"execution_time":"2026-05-16T11:22:01+00:00"} 
[2026-05-16 11:22:01] production.INFO: ScheduledJobManager completed {"execution_time":"2026-05-16T11:22:01+00:00","duration_ms":12.639,"dispatched":0,"skipped":0} 
[2026-05-16 11:23:01] production.INFO: ScheduledJobManager started {"execution_time":"2026-05-16T11:23:01+00:00"} 
[2026-05-16 11:23:01] production.INFO: ScheduledJobManager completed {"execution_time":"2026-05-16T11:23:01+00:00","duration_ms":11.219,"dispatched":0,"skipped":0} 
[2026-05-16 11:24:01] production.INFO: ScheduledJobManager started {"execution_time":"2026-05-16T11:24:01+00:00"} 
[2026-05-16 11:24:01] production.INFO: ScheduledJobManager completed {"execution_time":"2026-05-16T11:24:01+00:00","duration_ms":13.063,"dispatched":0,"skipped":0} 
[2026-05-16 11:25:01] production.INFO: ScheduledJobManager started {"execution_time":"2026-05-16T11:25:01+00:00"} 
[2026-05-16 11:25:01] production.INFO: ScheduledJobManager completed {"execution_time":"2026-05-16T11:25:01+00:00","duration_ms":15.282,"dispatched":0,"skipped":0} 
[2026-05-16 11:26:01] production.INFO: ScheduledJobManager started {"execution_time":"2026-05-16T11:26:01+00:00"} 
[2026-05-16 11:26:01] production.INFO: ScheduledJobManager completed {"execution_time":"2026-05-16T11:26:01+00:00","duration_ms":13.225,"dispatched":0,"skipped":0} 
[2026-05-16 11:27:01] production.INFO: ScheduledJobManager started {"execution_time":"2026-05-16T11:27:01+00:00"} 
[2026-05-16 11:27:01] production.INFO: ScheduledJobManager completed {"execution_time":"2026-05-16T11:27:01+00:00","duration_ms":12.758,"dispatched":0,"skipped":0} 
[2026-05-16 11:28:01] production.INFO: ScheduledJobManager started {"execution_time":"2026-05-16T11:28:01+00:00"} 
[2026-05-16 11:28:01] production.INFO: ScheduledJobManager completed {"execution_time":"2026-05-16T11:28:01+00:00","duration_ms":12.58,"dispatched":0,"skipped":0} 
[2026-05-16 11:29:01] production.INFO: ScheduledJobManager started {"execution_time":"2026-05-16T11:29:01+00:00"} 
[2026-05-16 11:29:01] production.INFO: ScheduledJobManager completed {"execution_time":"2026-05-16T11:29:01+00:00","duration_ms":13.218,"dispatched":0,"skipped":0} 
[2026-05-16 11:30:01] production.INFO: ScheduledJobManager started {"execution_time":"2026-05-16T11:30:01+00:00"} 
[2026-05-16 11:30:01] production.INFO: ScheduledJobManager completed {"execution_time":"2026-05-16T11:30:01+00:00","duration_ms":5.939,"dispatched":0,"skipped":0} 
[2026-05-16 11:31:01] production.INFO: ScheduledJobManager started {"execution_time":"2026-05-16T11:31:01+00:00"} 
[2026-05-16 11:31:01] production.INFO: ScheduledJobManager completed {"execution_time":"2026-05-16T11:31:01+00:00","duration_ms":12.789,"dispatched":0,"skipped":0} 
[2026-05-16 11:32:01] production.INFO: ScheduledJobManager started {"execution_time":"2026-05-16T11:32:01+00:00"} 
[2026-05-16 11:32:01] production.INFO: ScheduledJobManager completed {"execution_time":"2026-05-16T11:32:01+00:00","duration_ms":7.698,"dispatched":0,"skipped":0} 
[2026-05-16 11:33:01] production.INFO: ScheduledJobManager started {"execution_time":"2026-05-16T11:33:01+00:00"} 
[2026-05-16 11:33:01] production.INFO: ScheduledJobManager completed {"execution_time":"2026-05-16T11:33:01+00:00","duration_ms":13.174,"dispatched":0,"skipped":0} 
[2026-05-16 11:34:01] production.INFO: ScheduledJobManager started {"execution_time":"2026-05-16T11:34:01+00:00"} 
[2026-05-16 11:34:01] production.INFO: ScheduledJobManager completed {"execution_time":"2026-05-16T11:34:01+00:00","duration_ms":12.662,"dispatched":0,"skipped":0} 
[2026-05-16 11:35:01] production.INFO: ScheduledJobManager started {"execution_time":"2026-05-16T11:35:01+00:00"} 
[2026-05-16 11:35:01] production.INFO: ScheduledJobManager completed {"execution_time":"2026-05-16T11:35:01+00:00","duration_ms":5.29,"dispatched":0,"skipped":0} 
[2026-05-16 11:36:01] production.INFO: ScheduledJobManager started {"execution_time":"2026-05-16T11:36:01+00:00"} 
[2026-05-16 11:36:01] production.INFO: ScheduledJobManager completed {"execution_time":"2026-05-16T11:36:01+00:00","duration_ms":12.547,"dispatched":0,"skipped":0} 
[2026-05-16 11:37:01] production.INFO: ScheduledJobManager started {"execution_time":"2026-05-16T11:37:01+00:00"} 
[2026-05-16 11:37:01] production.INFO: ScheduledJobManager completed {"execution_time":"2026-05-16T11:37:01+00:00","duration_ms":12.865,"dispatched":0,"skipped":0} 
[2026-05-16 11:38:01] production.INFO: ScheduledJobManager started {"execution_time":"2026-05-16T11:38:01+00:00"} 
[2026-05-16 11:38:01] production.INFO: ScheduledJobManager completed {"execution_time":"2026-05-16T11:38:01+00:00","duration_ms":11.494,"dispatched":0,"skipped":0} 
[2026-05-16 11:39:01] production.INFO: ScheduledJobManager started {"execution_time":"2026-05-16T11:39:01+00:00"} 
[2026-05-16 11:39:01] production.INFO: ScheduledJobManager completed {"execution_time":"2026-05-16T11:39:01+00:00","duration_ms":12.854,"dispatched":0,"skipped":0} 
[2026-05-16 11:40:01] production.INFO: ScheduledJobManager started {"execution_time":"2026-05-16T11:40:01+00:00"} 
[2026-05-16 11:40:01] production.INFO: ScheduledJobManager completed {"execution_time":"2026-05-16T11:40:01+00:00","duration_ms":13.577,"dispatched":0,"skipped":0} 
[2026-05-16 11:41:01] production.INFO: ScheduledJobManager started {"execution_time":"2026-05-16T11:41:01+00:00"} 
[2026-05-16 11:41:01] production.INFO: ScheduledJobManager completed {"execution_time":"2026-05-16T11:41:01+00:00","duration_ms":12.974,"dispatched":0,"skipped":0} 
[2026-05-16 11:42:01] production.INFO: ScheduledJobManager started {"execution_time":"2026-05-16T11:42:01+00:00"} 
[2026-05-16 11:42:01] production.INFO: ScheduledJobManager completed {"execution_time":"2026-05-16T11:42:01+00:00","duration_ms":13.131,"dispatched":0,"skipped":0} 
[2026-05-16 11:43:01] production.INFO: ScheduledJobManager started {"execution_time":"2026-05-16T11:43:01+00:00"} 
[2026-05-16 11:43:01] production.INFO: ScheduledJobManager completed {"execution_time":"2026-05-16T11:43:01+00:00","duration_ms":12.621,"dispatched":0,"skipped":0} 
[2026-05-16 11:44:01] production.INFO: ScheduledJobManager started {"execution_time":"2026-05-16T11:44:01+00:00"} 
[2026-05-16 11:44:01] production.INFO: ScheduledJobManager completed {"execution_time":"2026-05-16T11:44:01+00:00","duration_ms":12.782,"dispatched":0,"skipped":0} 
[2026-05-16 11:45:01] production.INFO: ScheduledJobManager started {"execution_time":"2026-05-16T11:45:01+00:00"} 
[2026-05-16 11:45:01] production.INFO: ScheduledJobManager completed {"execution_time":"2026-05-16T11:45:01+00:00","duration_ms":4.255,"dispatched":0,"skipped":0} 
[2026-05-16 11:46:01] production.INFO: ScheduledJobManager started {"execution_time":"2026-05-16T11:46:01+00:00"} 
[2026-05-16 11:46:01] production.INFO: ScheduledJobManager completed {"execution_time":"2026-05-16T11:46:01+00:00","duration_ms":12.1,"dispatched":0,"skipped":0} 
[2026-05-16 11:47:01] production.INFO: ScheduledJobManager started {"execution_time":"2026-05-16T11:47:01+00:00"} 
[2026-05-16 11:47:01] production.INFO: ScheduledJobManager completed {"execution_time":"2026-05-16T11:47:01+00:00","duration_ms":12.881,"dispatched":0,"skipped":0} 
[2026-05-16 11:48:01] production.INFO: ScheduledJobManager started {"execution_time":"2026-05-16T11:48:01+00:00"} 
[2026-05-16 11:48:01] production.INFO: ScheduledJobManager completed {"execution_time":"2026-05-16T11:48:01+00:00","duration_ms":16.639,"dispatched":0,"skipped":0} 
[2026-05-16 11:49:01] production.INFO: ScheduledJobManager started {"execution_time":"2026-05-16T11:49:01+00:00"} 
[2026-05-16 11:49:01] production.INFO: ScheduledJobManager completed {"execution_time":"2026-05-16T11:49:01+00:00","duration_ms":12.587,"dispatched":0,"skipped":0} 
[2026-05-16 11:50:01] production.INFO: ScheduledJobManager started {"execution_time":"2026-05-16T11:50:01+00:00"} 
[2026-05-16 11:50:01] production.INFO: ScheduledJobManager completed {"execution_time":"2026-05-16T11:50:01+00:00","duration_ms":4.567,"dispatched":0,"skipped":0} 
[2026-05-16 11:51:01] production.INFO: ScheduledJobManager started {"execution_time":"2026-05-16T11:51:01+00:00"} 
[2026-05-16 11:51:01] production.INFO: ScheduledJobManager completed {"execution_time":"2026-05-16T11:51:01+00:00","duration_ms":12.722,"dispatched":0,"skipped":0} 
[2026-05-16 11:52:01] production.INFO: ScheduledJobManager started {"execution_time":"2026-05-16T11:52:01+00:00"} 
[2026-05-16 11:52:01] production.INFO: ScheduledJobManager completed {"execution_time":"2026-05-16T11:52:01+00:00","duration_ms":13.183,"dispatched":0,"skipped":0} 
[2026-05-16 11:53:01] production.INFO: ScheduledJobManager started {"execution_time":"2026-05-16T11:53:01+00:00"} 
[2026-05-16 11:53:01] production.INFO: ScheduledJobManager completed {"execution_time":"2026-05-16T11:53:01+00:00","duration_ms":11.997,"dispatched":0,"skipped":0} 
[2026-05-16 11:54:01] production.INFO: ScheduledJobManager started {"execution_time":"2026-05-16T11:54:01+00:00"} 
[2026-05-16 11:54:01] production.INFO: ScheduledJobManager completed {"execution_time":"2026-05-16T11:54:01+00:00","duration_ms":13.248,"dispatched":0,"skipped":0} 
[2026-05-16 11:55:01] production.INFO: ScheduledJobManager started {"execution_time":"2026-05-16T11:55:01+00:00"} 
[2026-05-16 11:55:01] production.INFO: ScheduledJobManager completed {"execution_time":"2026-05-16T11:55:01+00:00","duration_ms":13.035,"dispatched":0,"skipped":0} 
[2026-05-16 11:56:01] production.INFO: ScheduledJobManager started {"execution_time":"2026-05-16T11:56:01+00:00"} 
[2026-05-16 11:56:01] production.INFO: ScheduledJobManager completed {"execution_time":"2026-05-16T11:56:01+00:00","duration_ms":13.164,"dispatched":0,"skipped":0} 
[2026-05-16 11:57:01] production.INFO: ScheduledJobManager started {"execution_time":"2026-05-16T11:57:01+00:00"} 
[2026-05-16 11:57:01] production.INFO: ScheduledJobManager completed {"execution_time":"2026-05-16T11:57:01+00:00","duration_ms":12.019,"dispatched":0,"skipped":0} 
[2026-05-16 11:58:01] production.INFO: ScheduledJobManager started {"execution_time":"2026-05-16T11:58:01+00:00"} 
[2026-05-16 11:58:02] production.INFO: ScheduledJobManager completed {"execution_time":"2026-05-16T11:58:01+00:00","duration_ms":12.683,"dispatched":0,"skipped":0} 
[2026-05-16 11:59:01] production.INFO: ScheduledJobManager started {"execution_time":"2026-05-16T11:59:01+00:00"} 
[2026-05-16 11:59:01] production.INFO: ScheduledJobManager completed {"execution_time":"2026-05-16T11:59:01+00:00","duration_ms":13.25,"dispatched":0,"skipped":0} 
[2026-05-16 12:00:02] production.INFO: ScheduledJobManager started {"execution_time":"2026-05-16T12:00:02+00:00"} 
[2026-05-16 12:00:02] production.INFO: ScheduledJobManager completed {"execution_time":"2026-05-16T12:00:02+00:00","duration_ms":17.033,"dispatched":0,"skipped":0} 
[2026-05-16 12:01:01] production.INFO: ScheduledJobManager started {"execution_time":"2026-05-16T12:01:01+00:00"} 
[2026-05-16 12:01:01] production.INFO: ScheduledJobManager completed {"execution_time":"2026-05-16T12:01:01+00:00","duration_ms":19.35,"dispatched":0,"skipped":0} 
[2026-05-16 12:02:01] production.INFO: ScheduledJobManager started {"execution_time":"2026-05-16T12:02:01+00:00"} 
[2026-05-16 12:02:01] production.INFO: ScheduledJobManager completed {"execution_time":"2026-05-16T12:02:01+00:00","duration_ms":16.454,"dispatched":0,"skipped":0} 
[2026-05-16 12:03:01] production.INFO: ScheduledJobManager started {"execution_time":"2026-05-16T12:03:01+00:00"} 
[2026-05-16 12:03:01] production.INFO: ScheduledJobManager completed {"execution_time":"2026-05-16T12:03:01+00:00","duration_ms":11.515,"dispatched":0,"skipped":0} 
[2026-05-16 12:04:01] production.INFO: ScheduledJobManager started {"execution_time":"2026-05-16T12:04:01+00:00"} 
[2026-05-16 12:04:01] production.INFO: ScheduledJobManager completed {"execution_time":"2026-05-16T12:04:01+00:00","duration_ms":12.881,"dispatched":0,"skipped":0} 
[2026-05-16 12:05:01] production.INFO: ScheduledJobManager started {"execution_time":"2026-05-16T12:05:01+00:00"} 
[2026-05-16 12:05:01] production.INFO: ScheduledJobManager completed {"execution_time":"2026-05-16T12:05:01+00:00","duration_ms":4.327,"dispatched":0,"skipped":0} 
[2026-05-16 12:06:01] production.INFO: ScheduledJobManager started {"execution_time":"2026-05-16T12:06:01+00:00"} 
[2026-05-16 12:06:01] production.INFO: ScheduledJobManager completed {"execution_time":"2026-05-16T12:06:01+00:00","duration_ms":12.489,"dispatched":0,"skipped":0} 
[2026-05-16 12:07:01] production.INFO: ScheduledJobManager started {"execution_time":"2026-05-16T12:07:01+00:00"} 
[2026-05-16 12:07:01] production.INFO: ScheduledJobManager completed {"execution_time":"2026-05-16T12:07:01+00:00","duration_ms":12.773,"dispatched":0,"skipped":0} 
[2026-05-16 12:08:01] production.INFO: ScheduledJobManager started {"execution_time":"2026-05-16T12:08:01+00:00"} 
[2026-05-16 12:08:01] production.INFO: ScheduledJobManager completed {"execution_time":"2026-05-16T12:08:01+00:00","duration_ms":12.637,"dispatched":0,"skipped":0} 
[2026-05-16 12:09:01] production.INFO: ScheduledJobManager started {"execution_time":"2026-05-16T12:09:01+00:00"} 
[2026-05-16 12:09:01] production.INFO: ScheduledJobManager completed {"execution_time":"2026-05-16T12:09:01+00:00","duration_ms":12.691,"dispatched":0,"skipped":0} 
[2026-05-16 12:10:01] production.INFO: ScheduledJobManager started {"execution_time":"2026-05-16T12:10:01+00:00"} 
[2026-05-16 12:10:01] production.INFO: ScheduledJobManager completed {"execution_time":"2026-05-16T12:10:01+00:00","duration_ms":13.039,"dispatched":0,"skipped":0} 
[2026-05-16 12:11:01] production.INFO: ScheduledJobManager started {"execution_time":"2026-05-16T12:11:01+00:00"} 
[2026-05-16 12:11:01] production.INFO: ScheduledJobManager completed {"execution_time":"2026-05-16T12:11:01+00:00","duration_ms":12.552,"dispatched":0,"skipped":0} 
[2026-05-16 12:12:01] production.INFO: ScheduledJobManager started {"execution_time":"2026-05-16T12:12:01+00:00"} 
[2026-05-16 12:12:01] production.INFO: ScheduledJobManager completed {"execution_time":"2026-05-16T12:12:01+00:00","duration_ms":12.655,"dispatched":0,"skipped":0} 
[2026-05-16 12:13:01] production.INFO: ScheduledJobManager started {"execution_time":"2026-05-16T12:13:01+00:00"} 
[2026-05-16 12:13:01] production.INFO: ScheduledJobManager completed {"execution_time":"2026-05-16T12:13:01+00:00","duration_ms":12.016,"dispatched":0,"skipped":0} 
[2026-05-16 12:14:02] production.INFO: ScheduledJobManager started {"execution_time":"2026-05-16T12:14:02+00:00"} 
[2026-05-16 12:14:02] production.INFO: ScheduledJobManager completed {"execution_time":"2026-05-16T12:14:02+00:00","duration_ms":11.628,"dispatched":0,"skipped":0} 
[2026-05-16 12:15:02] production.INFO: ScheduledJobManager started {"execution_time":"2026-05-16T12:15:02+00:00"} 
[2026-05-16 12:15:02] production.INFO: ScheduledJobManager completed {"execution_time":"2026-05-16T12:15:02+00:00","duration_ms":12.811,"dispatched":0,"skipped":0} 
[2026-05-16 12:16:01] production.INFO: ScheduledJobManager started {"execution_time":"2026-05-16T12:16:01+00:00"} 
[2026-05-16 12:16:01] production.INFO: ScheduledJobManager completed {"execution_time":"2026-05-16T12:16:01+00:00","duration_ms":12.473,"dispatched":0,"skipped":0} 
[2026-05-16 12:17:01] production.INFO: ScheduledJobManager started {"execution_time":"2026-05-16T12:17:01+00:00"} 
[2026-05-16 12:17:01] production.INFO: ScheduledJobManager completed {"execution_time":"2026-05-16T12:17:01+00:00","duration_ms":11.605,"dispatched":0,"skipped":0} 
[2026-05-16 12:18:01] production.INFO: ScheduledJobManager started {"execution_time":"2026-05-16T12:18:01+00:00"} 
[2026-05-16 12:18:01] production.INFO: ScheduledJobManager completed {"execution_time":"2026-05-16T12:18:01+00:00","duration_ms":12.922,"dispatched":0,"skipped":0} 
[2026-05-16 12:19:01] production.INFO: ScheduledJobManager started {"execution_time":"2026-05-16T12:19:01+00:00"} 
[2026-05-16 12:19:01] production.INFO: ScheduledJobManager completed {"execution_time":"2026-05-16T12:19:01+00:00","duration_ms":15.266,"dispatched":0,"skipped":0} 
[2026-05-16 12:20:01] production.INFO: ScheduledJobManager started {"execution_time":"2026-05-16T12:20:01+00:00"} 
[2026-05-16 12:20:01] production.INFO: ScheduledJobManager completed {"execution_time":"2026-05-16T12:20:01+00:00","duration_ms":3.925,"dispatched":0,"skipped":0} 
[2026-05-16 12:21:01] production.INFO: ScheduledJobManager started {"execution_time":"2026-05-16T12:21:01+00:00"} 
[2026-05-16 12:21:01] production.INFO: ScheduledJobManager completed {"execution_time":"2026-05-16T12:21:01+00:00","duration_ms":12.704,"dispatched":0,"skipped":0} 
[2026-05-16 12:22:01] production.INFO: ScheduledJobManager started {"execution_time":"2026-05-16T12:22:01+00:00"} 
[2026-05-16 12:22:01] production.INFO: ScheduledJobManager completed {"execution_time":"2026-05-16T12:22:01+00:00","duration_ms":12.927,"dispatched":0,"skipped":0} 
[2026-05-16 12:23:01] production.INFO: ScheduledJobManager started {"execution_time":"2026-05-16T12:23:01+00:00"} 
[2026-05-16 12:23:01] production.INFO: ScheduledJobManager completed {"execution_time":"2026-05-16T12:23:01+00:00","duration_ms":12.749,"dispatched":0,"skipped":0} 
[2026-05-16 12:24:01] production.INFO: ScheduledJobManager started {"execution_time":"2026-05-16T12:24:01+00:00"} 
[2026-05-16 12:24:01] production.INFO: ScheduledJobManager completed {"execution_time":"2026-05-16T12:24:01+00:00","duration_ms":12.503,"dispatched":0,"skipped":0} 
[2026-05-16 12:25:01] production.INFO: ScheduledJobManager started {"execution_time":"2026-05-16T12:25:01+00:00"} 
[2026-05-16 12:25:01] production.INFO: ScheduledJobManager completed {"execution_time":"2026-05-16T12:25:01+00:00","duration_ms":12.874,"dispatched":0,"skipped":0} 
[2026-05-16 12:26:01] production.INFO: ScheduledJobManager started {"execution_time":"2026-05-16T12:26:01+00:00"} 
[2026-05-16 12:26:01] production.INFO: ScheduledJobManager completed {"execution_time":"2026-05-16T12:26:01+00:00","duration_ms":19.393,"dispatched":0,"skipped":0} 
[2026-05-16 12:27:01] production.INFO: ScheduledJobManager started {"execution_time":"2026-05-16T12:27:01+00:00"} 
[2026-05-16 12:27:01] production.INFO: ScheduledJobManager completed {"execution_time":"2026-05-16T12:27:01+00:00","duration_ms":12.888,"dispatched":0,"skipped":0} 
[2026-05-16 12:28:01] production.INFO: ScheduledJobManager started {"execution_time":"2026-05-16T12:28:01+00:00"} 
[2026-05-16 12:28:01] production.INFO: ScheduledJobManager completed {"execution_time":"2026-05-16T12:28:01+00:00","duration_ms":12.508,"dispatched":0,"skipped":0} 
[2026-05-16 12:29:01] production.INFO: ScheduledJobManager started {"execution_time":"2026-05-16T12:29:01+00:00"} 
[2026-05-16 12:29:01] production.INFO: ScheduledJobManager completed {"execution_time":"2026-05-16T12:29:01+00:00","duration_ms":12.664,"dispatched":0,"skipped":0} 
[2026-05-16 12:30:02] production.INFO: ScheduledJobManager started {"execution_time":"2026-05-16T12:30:02+00:00"} 
[2026-05-16 12:30:02] production.INFO: ScheduledJobManager completed {"execution_time":"2026-05-16T12:30:02+00:00","duration_ms":13.468,"dispatched":0,"skipped":0} 
[2026-05-16 12:31:01] production.INFO: ScheduledJobManager started {"execution_time":"2026-05-16T12:31:01+00:00"} 
[2026-05-16 12:31:01] production.INFO: ScheduledJobManager completed {"execution_time":"2026-05-16T12:31:01+00:00","duration_ms":12.001,"dispatched":0,"skipped":0} 
[2026-05-16 12:32:01] production.INFO: ScheduledJobManager started {"execution_time":"2026-05-16T12:32:01+00:00"} 
[2026-05-16 12:32:01] production.INFO: ScheduledJobManager completed {"execution_time":"2026-05-16T12:32:01+00:00","duration_ms":6.2,"dispatched":0,"skipped":0} 
[2026-05-16 12:33:01] production.INFO: ScheduledJobManager started {"execution_time":"2026-05-16T12:33:01+00:00"} 
[2026-05-16 12:33:01] production.INFO: ScheduledJobManager completed {"execution_time":"2026-05-16T12:33:01+00:00","duration_ms":13.043,"dispatched":0,"skipped":0} 
[2026-05-16 12:34:01] production.INFO: ScheduledJobManager started {"execution_time":"2026-05-16T12:34:01+00:00"} 
[2026-05-16 12:34:01] production.INFO: ScheduledJobManager completed {"execution_time":"2026-05-16T12:34:01+00:00","duration_ms":5.475,"dispatched":0,"skipped":0} 
[2026-05-16 12:35:03] production.INFO: ScheduledJobManager started {"execution_time":"2026-05-16T12:35:03+00:00"} 
[2026-05-16 12:35:03] production.INFO: ScheduledJobManager completed {"execution_time":"2026-05-16T12:35:03+00:00","duration_ms":13.031,"dispatched":0,"skipped":0} 
[2026-05-16 12:36:01] production.INFO: ScheduledJobManager started {"execution_time":"2026-05-16T12:36:01+00:00"} 
[2026-05-16 12:36:01] production.INFO: ScheduledJobManager completed {"execution_time":"2026-05-16T12:36:01+00:00","duration_ms":12.99,"dispatched":0,"skipped":0} 
[2026-05-16 12:37:01] production.INFO: ScheduledJobManager started {"execution_time":"2026-05-16T12:37:01+00:00"} 
[2026-05-16 12:37:01] production.INFO: ScheduledJobManager completed {"execution_time":"2026-05-16T12:37:01+00:00","duration_ms":11.747,"dispatched":0,"skipped":0} 
[2026-05-16 12:38:01] production.INFO: ScheduledJobManager started {"execution_time":"2026-05-16T12:38:01+00:00"} 
[2026-05-16 12:38:01] production.INFO: ScheduledJobManager completed {"execution_time":"2026-05-16T12:38:01+00:00","duration_ms":12.519,"dispatched":0,"skipped":0} 
[2026-05-16 12:39:01] production.INFO: ScheduledJobManager started {"execution_time":"2026-05-16T12:39:01+00:00"} 
[2026-05-16 12:39:01] production.INFO: ScheduledJobManager completed {"execution_time":"2026-05-16T12:39:01+00:00","duration_ms":11.314,"dispatched":0,"skipped":0} 
[2026-05-16 12:40:01] production.INFO: ScheduledJobManager started {"execution_time":"2026-05-16T12:40:01+00:00"} 
[2026-05-16 12:40:01] production.INFO: ScheduledJobManager completed {"execution_time":"2026-05-16T12:40:01+00:00","duration_ms":12.679,"dispatched":0,"skipped":0} 
[2026-05-16 12:41:01] production.INFO: ScheduledJobManager started {"execution_time":"2026-05-16T12:41:01+00:00"} 
[2026-05-16 12:41:01] production.INFO: ScheduledJobManager completed {"execution_time":"2026-05-16T12:41:01+00:00","duration_ms":12.72,"dispatched":0,"skipped":0} 
[2026-05-16 12:42:02] production.INFO: ScheduledJobManager started {"execution_time":"2026-05-16T12:42:02+00:00"} 
[2026-05-16 12:42:02] production.INFO: ScheduledJobManager completed {"execution_time":"2026-05-16T12:42:02+00:00","duration_ms":12.517,"dispatched":0,"skipped":0} 
[2026-05-16 12:43:02] production.INFO: ScheduledJobManager started {"execution_time":"2026-05-16T12:43:02+00:00"} 
[2026-05-16 12:43:02] production.INFO: ScheduledJobManager completed {"execution_time":"2026-05-16T12:43:02+00:00","duration_ms":3.73,"dispatched":0,"skipped":0} 
[2026-05-16 12:44:01] production.INFO: ScheduledJobManager started {"execution_time":"2026-05-16T12:44:01+00:00"} 
[2026-05-16 12:44:01] production.INFO: ScheduledJobManager completed {"execution_time":"2026-05-16T12:44:01+00:00","duration_ms":11.855,"dispatched":0,"skipped":0} 
[2026-05-16 12:45:02] production.INFO: ScheduledJobManager started {"execution_time":"2026-05-16T12:45:02+00:00"} 
[2026-05-16 12:45:02] production.INFO: ScheduledJobManager completed {"execution_time":"2026-05-16T12:45:02+00:00","duration_ms":16.99,"dispatched":0,"skipped":0} 
[2026-05-16 12:46:01] production.INFO: ScheduledJobManager started {"execution_time":"2026-05-16T12:46:01+00:00"} 
[2026-05-16 12:46:01] production.INFO: ScheduledJobManager completed {"execution_time":"2026-05-16T12:46:01+00:00","duration_ms":12.775,"dispatched":0,"skipped":0} 
[2026-05-16 12:47:02] production.INFO: ScheduledJobManager started {"execution_time":"2026-05-16T12:47:02+00:00"} 
[2026-05-16 12:47:02] production.INFO: ScheduledJobManager completed {"execution_time":"2026-05-16T12:47:02+00:00","duration_ms":12.405,"dispatched":0,"skipped":0} 
[2026-05-16 12:48:01] production.INFO: ScheduledJobManager started {"execution_time":"2026-05-16T12:48:01+00:00"} 
[2026-05-16 12:48:01] production.INFO: ScheduledJobManager completed {"execution_time":"2026-05-16T12:48:01+00:00","duration_ms":20.296,"dispatched":0,"skipped":0} 
[2026-05-16 12:49:02] production.INFO: ScheduledJobManager started {"execution_time":"2026-05-16T12:49:02+00:00"} 
[2026-05-16 12:49:02] production.INFO: ScheduledJobManager completed {"execution_time":"2026-05-16T12:49:02+00:00","duration_ms":11.798,"dispatched":0,"skipped":0} 
[2026-05-16 12:50:03] production.INFO: ScheduledJobManager started {"execution_time":"2026-05-16T12:50:03+00:00"} 
[2026-05-16 12:50:03] production.INFO: ScheduledJobManager completed {"execution_time":"2026-05-16T12:50:03+00:00","duration_ms":21.507,"dispatched":0,"skipped":0} 
[2026-05-16 12:51:01] production.INFO: ScheduledJobManager started {"execution_time":"2026-05-16T12:51:01+00:00"} 
[2026-05-16 12:51:01] production.INFO: ScheduledJobManager completed {"execution_time":"2026-05-16T12:51:01+00:00","duration_ms":4.969,"dispatched":0,"skipped":0} 
[2026-05-16 12:52:01] production.INFO: ScheduledJobManager started {"execution_time":"2026-05-16T12:52:01+00:00"} 
[2026-05-16 12:52:01] production.INFO: ScheduledJobManager completed {"execution_time":"2026-05-16T12:52:01+00:00","duration_ms":13.533,"dispatched":0,"skipped":0} 
[2026-05-16 12:53:01] production.INFO: ScheduledJobManager started {"execution_time":"2026-05-16T12:53:01+00:00"} 
[2026-05-16 12:53:01] production.INFO: ScheduledJobManager completed {"execution_time":"2026-05-16T12:53:01+00:00","duration_ms":12.804,"dispatched":0,"skipped":0} 
[2026-05-16 12:54:01] production.INFO: ScheduledJobManager started {"execution_time":"2026-05-16T12:54:01+00:00"} 
[2026-05-16 12:54:01] production.INFO: ScheduledJobManager completed {"execution_time":"2026-05-16T12:54:01+00:00","duration_ms":12.614,"dispatched":0,"skipped":0} 
[2026-05-16 12:55:01] production.INFO: ScheduledJobManager started {"execution_time":"2026-05-16T12:55:01+00:00"} 
[2026-05-16 12:55:01] production.INFO: ScheduledJobManager completed {"execution_time":"2026-05-16T12:55:01+00:00","duration_ms":12.912,"dispatched":0,"skipped":0} 
[2026-05-16 12:56:01] production.INFO: ScheduledJobManager started {"execution_time":"2026-05-16T12:56:01+00:00"} 
[2026-05-16 12:56:01] production.INFO: ScheduledJobManager completed {"execution_time":"2026-05-16T12:56:01+00:00","duration_ms":13.235,"dispatched":0,"skipped":0} 
[2026-05-16 12:57:01] production.INFO: ScheduledJobManager started {"execution_time":"2026-05-16T12:57:01+00:00"} 
[2026-05-16 12:57:01] production.INFO: ScheduledJobManager completed {"execution_time":"2026-05-16T12:57:01+00:00","duration_ms":18.457,"dispatched":0,"skipped":0} 
[2026-05-16 12:58:01] production.INFO: ScheduledJobManager started {"execution_time":"2026-05-16T12:58:01+00:00"} 
[2026-05-16 12:58:01] production.INFO: ScheduledJobManager completed {"execution_time":"2026-05-16T12:58:01+00:00","duration_ms":12.286,"dispatched":0,"skipped":0} 
[2026-05-16 12:59:01] production.INFO: ScheduledJobManager started {"execution_time":"2026-05-16T12:59:01+00:00"} 
[2026-05-16 12:59:01] production.INFO: ScheduledJobManager completed {"execution_time":"2026-05-16T12:59:01+00:00","duration_ms":11.872,"dispatched":0,"skipped":0} 
[2026-05-16 13:00:02] production.INFO: ScheduledJobManager started {"execution_time":"2026-05-16T13:00:02+00:00"} 
[2026-05-16 13:00:02] production.INFO: ScheduledJobManager completed {"execution_time":"2026-05-16T13:00:02+00:00","duration_ms":16.766,"dispatched":0,"skipped":0} 
[2026-05-16 13:01:01] production.INFO: ScheduledJobManager started {"execution_time":"2026-05-16T13:01:01+00:00"} 
[2026-05-16 13:01:01] production.INFO: ScheduledJobManager completed {"execution_time":"2026-05-16T13:01:01+00:00","duration_ms":12.502,"dispatched":0,"skipped":0} 
[2026-05-16 13:02:01] production.INFO: ScheduledJobManager started {"execution_time":"2026-05-16T13:02:01+00:00"} 
[2026-05-16 13:02:01] production.INFO: ScheduledJobManager completed {"execution_time":"2026-05-16T13:02:01+00:00","duration_ms":12.732,"dispatched":0,"skipped":0} 
[2026-05-16 13:03:01] production.INFO: ScheduledJobManager started {"execution_time":"2026-05-16T13:03:01+00:00"} 
[2026-05-16 13:03:01] production.INFO: ScheduledJobManager completed {"execution_time":"2026-05-16T13:03:01+00:00","duration_ms":12.623,"dispatched":0,"skipped":0} 
[2026-05-16 13:04:01] production.INFO: ScheduledJobManager started {"execution_time":"2026-05-16T13:04:01+00:00"} 
[2026-05-16 13:04:01] production.INFO: ScheduledJobManager completed {"execution_time":"2026-05-16T13:04:01+00:00","duration_ms":13.812,"dispatched":0,"skipped":0} 
[2026-05-16 13:05:02] production.INFO: ScheduledJobManager started {"execution_time":"2026-05-16T13:05:02+00:00"} 
[2026-05-16 13:05:02] production.INFO: ScheduledJobManager completed {"execution_time":"2026-05-16T13:05:02+00:00","duration_ms":12.873,"dispatched":0,"skipped":0} 
[2026-05-16 13:06:01] production.INFO: ScheduledJobManager started {"execution_time":"2026-05-16T13:06:01+00:00"} 
[2026-05-16 13:06:01] production.INFO: ScheduledJobManager completed {"execution_time":"2026-05-16T13:06:01+00:00","duration_ms":12.97,"dispatched":0,"skipped":0} 
[2026-05-16 13:07:01] production.INFO: ScheduledJobManager started {"execution_time":"2026-05-16T13:07:01+00:00"} 
[2026-05-16 13:07:01] production.INFO: ScheduledJobManager completed {"execution_time":"2026-05-16T13:07:01+00:00","duration_ms":11.058,"dispatched":0,"skipped":0} 
[2026-05-16 13:08:01] production.INFO: ScheduledJobManager started {"execution_time":"2026-05-16T13:08:01+00:00"} 
[2026-05-16 13:08:01] production.INFO: ScheduledJobManager completed {"execution_time":"2026-05-16T13:08:01+00:00","duration_ms":9.501,"dispatched":0,"skipped":0} 
[2026-05-16 13:09:01] production.INFO: ScheduledJobManager started {"execution_time":"2026-05-16T13:09:01+00:00"} 
[2026-05-16 13:09:01] production.INFO: ScheduledJobManager completed {"execution_time":"2026-05-16T13:09:01+00:00","duration_ms":13.095,"dispatched":0,"skipped":0} 
[2026-05-16 13:10:01] production.INFO: ScheduledJobManager started {"execution_time":"2026-05-16T13:10:01+00:00"} 
[2026-05-16 13:10:01] production.INFO: ScheduledJobManager completed {"execution_time":"2026-05-16T13:10:01+00:00","duration_ms":11.957,"dispatched":0,"skipped":0} 
[2026-05-16 13:11:01] production.INFO: ScheduledJobManager started {"execution_time":"2026-05-16T13:11:01+00:00"} 
[2026-05-16 13:11:01] production.INFO: ScheduledJobManager completed {"execution_time":"2026-05-16T13:11:01+00:00","duration_ms":12.662,"dispatched":0,"skipped":0} 
[2026-05-16 13:12:01] production.INFO: ScheduledJobManager started {"execution_time":"2026-05-16T13:12:01+00:00"} 
[2026-05-16 13:12:01] production.INFO: ScheduledJobManager completed {"execution_time":"2026-05-16T13:12:01+00:00","duration_ms":12.907,"dispatched":0,"skipped":0} 
[2026-05-16 13:13:01] production.INFO: ScheduledJobManager started {"execution_time":"2026-05-16T13:13:01+00:00"} 
[2026-05-16 13:13:01] production.INFO: ScheduledJobManager completed {"execution_time":"2026-05-16T13:13:01+00:00","duration_ms":11.299,"dispatched":0,"skipped":0} 
[2026-05-16 13:14:01] production.INFO: ScheduledJobManager started {"execution_time":"2026-05-16T13:14:01+00:00"} 
[2026-05-16 13:14:01] production.INFO: ScheduledJobManager completed {"execution_time":"2026-05-16T13:14:01+00:00","duration_ms":12.032,"dispatched":0,"skipped":0} 
[2026-05-16 13:15:01] production.INFO: ScheduledJobManager started {"execution_time":"2026-05-16T13:15:01+00:00"} 
[2026-05-16 13:15:01] production.INFO: ScheduledJobManager completed {"execution_time":"2026-05-16T13:15:01+00:00","duration_ms":4.665,"dispatched":0,"skipped":0} 
[2026-05-16 13:16:01] production.INFO: ScheduledJobManager started {"execution_time":"2026-05-16T13:16:01+00:00"} 
[2026-05-16 13:16:01] production.INFO: ScheduledJobManager completed {"execution_time":"2026-05-16T13:16:01+00:00","duration_ms":11.353,"dispatched":0,"skipped":0} 
[2026-05-16 13:17:01] production.INFO: ScheduledJobManager started {"execution_time":"2026-05-16T13:17:01+00:00"} 
[2026-05-16 13:17:01] production.INFO: ScheduledJobManager completed {"execution_time":"2026-05-16T13:17:01+00:00","duration_ms":12.262,"dispatched":0,"skipped":0} 
[2026-05-16 13:18:01] production.INFO: ScheduledJobManager started {"execution_time":"2026-05-16T13:18:01+00:00"} 
[2026-05-16 13:18:01] production.INFO: ScheduledJobManager completed {"execution_time":"2026-05-16T13:18:01+00:00","duration_ms":13.067,"dispatched":0,"skipped":0} 
[2026-05-16 13:19:01] production.INFO: ScheduledJobManager started {"execution_time":"2026-05-16T13:19:01+00:00"} 
[2026-05-16 13:19:01] production.INFO: ScheduledJobManager completed {"execution_time":"2026-05-16T13:19:01+00:00","duration_ms":12.178,"dispatched":0,"skipped":0} 
[2026-05-16 13:20:01] production.INFO: ScheduledJobManager started {"execution_time":"2026-05-16T13:20:01+00:00"} 
[2026-05-16 13:20:01] production.INFO: ScheduledJobManager completed {"execution_time":"2026-05-16T13:20:01+00:00","duration_ms":4.367,"dispatched":0,"skipped":0} 
[2026-05-16 13:21:01] production.INFO: ScheduledJobManager started {"execution_time":"2026-05-16T13:21:01+00:00"} 
[2026-05-16 13:21:01] production.INFO: ScheduledJobManager completed {"execution_time":"2026-05-16T13:21:01+00:00","duration_ms":12.835,"dispatched":0,"skipped":0} 
[2026-05-16 13:22:01] production.INFO: ScheduledJobManager started {"execution_time":"2026-05-16T13:22:01+00:00"} 
[2026-05-16 13:22:01] production.INFO: ScheduledJobManager completed {"execution_time":"2026-05-16T13:22:01+00:00","duration_ms":13.063,"dispatched":0,"skipped":0} 
[2026-05-16 13:23:01] production.INFO: ScheduledJobManager started {"execution_time":"2026-05-16T13:23:01+00:00"} 
[2026-05-16 13:23:01] production.INFO: ScheduledJobManager completed {"execution_time":"2026-05-16T13:23:01+00:00","duration_ms":11.856,"dispatched":0,"skipped":0} 
[2026-05-16 13:24:01] production.INFO: ScheduledJobManager started {"execution_time":"2026-05-16T13:24:01+00:00"} 
[2026-05-16 13:24:01] production.INFO: ScheduledJobManager completed {"execution_time":"2026-05-16T13:24:01+00:00","duration_ms":12.538,"dispatched":0,"skipped":0} 
[2026-05-16 13:25:01] production.INFO: ScheduledJobManager started {"execution_time":"2026-05-16T13:25:01+00:00"} 
[2026-05-16 13:25:01] production.INFO: ScheduledJobManager completed {"execution_time":"2026-05-16T13:25:01+00:00","duration_ms":13.117,"dispatched":0,"skipped":0} 
[2026-05-16 13:26:01] production.INFO: ScheduledJobManager started {"execution_time":"2026-05-16T13:26:01+00:00"} 
[2026-05-16 13:26:01] production.INFO: ScheduledJobManager completed {"execution_time":"2026-05-16T13:26:01+00:00","duration_ms":12.973,"dispatched":0,"skipped":0} 
[2026-05-16 13:27:01] production.INFO: ScheduledJobManager started {"execution_time":"2026-05-16T13:27:01+00:00"} 
[2026-05-16 13:27:01] production.INFO: ScheduledJobManager completed {"execution_time":"2026-05-16T13:27:01+00:00","duration_ms":13.321,"dispatched":0,"skipped":0} 
[2026-05-16 13:28:02] production.INFO: ScheduledJobManager started {"execution_time":"2026-05-16T13:28:02+00:00"} 
[2026-05-16 13:28:02] production.INFO: ScheduledJobManager completed {"execution_time":"2026-05-16T13:28:02+00:00","duration_ms":12.988,"dispatched":0,"skipped":0} 
[2026-05-16 13:29:01] production.INFO: ScheduledJobManager started {"execution_time":"2026-05-16T13:29:01+00:00"} 
[2026-05-16 13:29:01] production.INFO: ScheduledJobManager completed {"execution_time":"2026-05-16T13:29:01+00:00","duration_ms":12.842,"dispatched":0,"skipped":0} 
[2026-05-16 13:30:01] production.INFO: ScheduledJobManager started {"execution_time":"2026-05-16T13:30:01+00:00"} 
[2026-05-16 13:30:01] production.INFO: ScheduledJobManager completed {"execution_time":"2026-05-16T13:30:01+00:00","duration_ms":5.475,"dispatched":0,"skipped":0} 
[2026-05-16 13:31:01] production.INFO: ScheduledJobManager started {"execution_time":"2026-05-16T13:31:01+00:00"} 
[2026-05-16 13:31:01] production.INFO: ScheduledJobManager completed {"execution_time":"2026-05-16T13:31:01+00:00","duration_ms":13.146,"dispatched":0,"skipped":0} 
[2026-05-16 13:32:01] production.INFO: ScheduledJobManager started {"execution_time":"2026-05-16T13:32:01+00:00"} 
[2026-05-16 13:32:01] production.INFO: ScheduledJobManager completed {"execution_time":"2026-05-16T13:32:01+00:00","duration_ms":14.838,"dispatched":0,"skipped":0} 
[2026-05-16 13:33:01] production.INFO: ScheduledJobManager started {"execution_time":"2026-05-16T13:33:01+00:00"} 
[2026-05-16 13:33:01] production.INFO: ScheduledJobManager completed {"execution_time":"2026-05-16T13:33:01+00:00","duration_ms":12.842,"dispatched":0,"skipped":0} 
[2026-05-16 13:34:01] production.INFO: ScheduledJobManager started {"execution_time":"2026-05-16T13:34:01+00:00"} 
[2026-05-16 13:34:01] production.INFO: ScheduledJobManager completed {"execution_time":"2026-05-16T13:34:01+00:00","duration_ms":12.831,"dispatched":0,"skipped":0} 
[2026-05-16 13:35:02] production.INFO: ScheduledJobManager started {"execution_time":"2026-05-16T13:35:02+00:00"} 
[2026-05-16 13:35:02] production.INFO: ScheduledJobManager completed {"execution_time":"2026-05-16T13:35:02+00:00","duration_ms":6.054,"dispatched":0,"skipped":0} 
[2026-05-16 13:36:01] production.INFO: ScheduledJobManager started {"execution_time":"2026-05-16T13:36:01+00:00"} 
[2026-05-16 13:36:01] production.INFO: ScheduledJobManager completed {"execution_time":"2026-05-16T13:36:01+00:00","duration_ms":16.987,"dispatched":0,"skipped":0} 
[2026-05-16 13:37:01] production.INFO: ScheduledJobManager started {"execution_time":"2026-05-16T13:37:01+00:00"} 
[2026-05-16 13:37:01] production.INFO: ScheduledJobManager completed {"execution_time":"2026-05-16T13:37:01+00:00","duration_ms":12.651,"dispatched":0,"skipped":0} 
[2026-05-16 13:38:01] production.INFO: ScheduledJobManager started {"execution_time":"2026-05-16T13:38:01+00:00"} 
[2026-05-16 13:38:01] production.INFO: ScheduledJobManager completed {"execution_time":"2026-05-16T13:38:01+00:00","duration_ms":5.192,"dispatched":0,"skipped":0} 
[2026-05-16 13:39:01] production.INFO: ScheduledJobManager started {"execution_time":"2026-05-16T13:39:01+00:00"} 
[2026-05-16 13:39:01] production.INFO: ScheduledJobManager completed {"execution_time":"2026-05-16T13:39:01+00:00","duration_ms":6.01,"dispatched":0,"skipped":0} 
[2026-05-16 13:40:01] production.INFO: ScheduledJobManager started {"execution_time":"2026-05-16T13:40:01+00:00"} 
[2026-05-16 13:40:01] production.INFO: ScheduledJobManager completed {"execution_time":"2026-05-16T13:40:01+00:00","duration_ms":27.82,"dispatched":0,"skipped":0} 
[2026-05-16 13:41:01] production.INFO: ScheduledJobManager started {"execution_time":"2026-05-16T13:41:01+00:00"} 
[2026-05-16 13:41:01] production.INFO: ScheduledJobManager completed {"execution_time":"2026-05-16T13:41:01+00:00","duration_ms":12.812,"dispatched":0,"skipped":0} 
[2026-05-16 13:42:01] production.INFO: ScheduledJobManager started {"execution_time":"2026-05-16T13:42:01+00:00"} 
[2026-05-16 13:42:01] production.INFO: ScheduledJobManager completed {"execution_time":"2026-05-16T13:42:01+00:00","duration_ms":13.16,"dispatched":0,"skipped":0} 
[2026-05-16 13:43:02] production.INFO: ScheduledJobManager started {"execution_time":"2026-05-16T13:43:02+00:00"} 
[2026-05-16 13:43:02] production.INFO: ScheduledJobManager completed {"execution_time":"2026-05-16T13:43:02+00:00","duration_ms":12.98,"dispatched":0,"skipped":0} 
[2026-05-16 13:44:01] production.INFO: ScheduledJobManager started {"execution_time":"2026-05-16T13:44:01+00:00"} 
[2026-05-16 13:44:01] production.INFO: ScheduledJobManager completed {"execution_time":"2026-05-16T13:44:01+00:00","duration_ms":12.992,"dispatched":0,"skipped":0} 
[2026-05-16 13:45:01] production.INFO: ScheduledJobManager started {"execution_time":"2026-05-16T13:45:01+00:00"} 
[2026-05-16 13:45:01] production.INFO: ScheduledJobManager completed {"execution_time":"2026-05-16T13:45:01+00:00","duration_ms":7.356,"dispatched":0,"skipped":0} 
[2026-05-16 13:46:01] production.INFO: ScheduledJobManager started {"execution_time":"2026-05-16T13:46:01+00:00"} 
[2026-05-16 13:46:01] production.INFO: ScheduledJobManager completed {"execution_time":"2026-05-16T13:46:01+00:00","duration_ms":12.75,"dispatched":0,"skipped":0} 
[2026-05-16 13:47:01] production.INFO: ScheduledJobManager started {"execution_time":"2026-05-16T13:47:01+00:00"} 
[2026-05-16 13:47:01] production.INFO: ScheduledJobManager completed {"execution_time":"2026-05-16T13:47:01+00:00","duration_ms":13.033,"dispatched":0,"skipped":0} 
[2026-05-16 13:48:01] production.INFO: ScheduledJobManager started {"execution_time":"2026-05-16T13:48:01+00:00"} 
[2026-05-16 13:48:01] production.INFO: ScheduledJobManager completed {"execution_time":"2026-05-16T13:48:01+00:00","duration_ms":6.643,"dispatched":0,"skipped":0} 
[2026-05-16 13:49:01] production.INFO: ScheduledJobManager started {"execution_time":"2026-05-16T13:49:01+00:00"} 
[2026-05-16 13:49:01] production.INFO: ScheduledJobManager completed {"execution_time":"2026-05-16T13:49:01+00:00","duration_ms":15.066,"dispatched":0,"skipped":0} 
[2026-05-16 13:50:01] production.INFO: ScheduledJobManager started {"execution_time":"2026-05-16T13:50:01+00:00"} 
[2026-05-16 13:50:01] production.INFO: ScheduledJobManager completed {"execution_time":"2026-05-16T13:50:01+00:00","duration_ms":4.077,"dispatched":0,"skipped":0} 
[2026-05-16 13:51:01] production.INFO: ScheduledJobManager started {"execution_time":"2026-05-16T13:51:01+00:00"} 
[2026-05-16 13:51:01] production.INFO: ScheduledJobManager completed {"execution_time":"2026-05-16T13:51:01+00:00","duration_ms":12.869,"dispatched":0,"skipped":0} 
[2026-05-16 13:52:01] production.INFO: ScheduledJobManager started {"execution_time":"2026-05-16T13:52:01+00:00"} 
[2026-05-16 13:52:01] production.INFO: ScheduledJobManager completed {"execution_time":"2026-05-16T13:52:01+00:00","duration_ms":12.697,"dispatched":0,"skipped":0} 
[2026-05-16 13:53:01] production.INFO: ScheduledJobManager started {"execution_time":"2026-05-16T13:53:01+00:00"} 
[2026-05-16 13:53:01] production.INFO: ScheduledJobManager completed {"execution_time":"2026-05-16T13:53:01+00:00","duration_ms":12.752,"dispatched":0,"skipped":0} 
[2026-05-16 13:54:01] production.INFO: ScheduledJobManager started {"execution_time":"2026-05-16T13:54:01+00:00"} 
[2026-05-16 13:54:01] production.INFO: ScheduledJobManager completed {"execution_time":"2026-05-16T13:54:01+00:00","duration_ms":12.948,"dispatched":0,"skipped":0} 
[2026-05-16 13:55:01] production.INFO: ScheduledJobManager started {"execution_time":"2026-05-16T13:55:01+00:00"} 
[2026-05-16 13:55:01] production.INFO: ScheduledJobManager completed {"execution_time":"2026-05-16T13:55:01+00:00","duration_ms":11.351,"dispatched":0,"skipped":0} 
[2026-05-16 13:56:01] production.INFO: ScheduledJobManager started {"execution_time":"2026-05-16T13:56:01+00:00"} 
[2026-05-16 13:56:01] production.INFO: ScheduledJobManager completed {"execution_time":"2026-05-16T13:56:01+00:00","duration_ms":12.784,"dispatched":0,"skipped":0} 
[2026-05-16 13:57:01] production.INFO: ScheduledJobManager started {"execution_time":"2026-05-16T13:57:01+00:00"} 
[2026-05-16 13:57:01] production.INFO: ScheduledJobManager completed {"execution_time":"2026-05-16T13:57:01+00:00","duration_ms":12.608,"dispatched":0,"skipped":0} 
[2026-05-16 13:58:02] production.INFO: ScheduledJobManager started {"execution_time":"2026-05-16T13:58:02+00:00"} 
[2026-05-16 13:58:02] production.INFO: ScheduledJobManager completed {"execution_time":"2026-05-16T13:58:02+00:00","duration_ms":13.203,"dispatched":0,"skipped":0} 
[2026-05-16 13:59:01] production.INFO: ScheduledJobManager started {"execution_time":"2026-05-16T13:59:01+00:00"} 
[2026-05-16 13:59:01] production.INFO: ScheduledJobManager completed {"execution_time":"2026-05-16T13:59:01+00:00","duration_ms":12.071,"dispatched":0,"skipped":0} 
[2026-05-16 14:00:02] production.INFO: ScheduledJobManager started {"execution_time":"2026-05-16T14:00:02+00:00"} 
[2026-05-16 14:00:02] production.INFO: ScheduledJobManager completed {"execution_time":"2026-05-16T14:00:02+00:00","duration_ms":17.59,"dispatched":0,"skipped":0} 
[2026-05-16 14:01:01] production.INFO: ScheduledJobManager started {"execution_time":"2026-05-16T14:01:01+00:00"} 
[2026-05-16 14:01:01] production.INFO: ScheduledJobManager completed {"execution_time":"2026-05-16T14:01:01+00:00","duration_ms":13.166,"dispatched":0,"skipped":0} 
[2026-05-16 14:02:01] production.INFO: ScheduledJobManager started {"execution_time":"2026-05-16T14:02:01+00:00"} 
[2026-05-16 14:02:01] production.INFO: ScheduledJobManager completed {"execution_time":"2026-05-16T14:02:01+00:00","duration_ms":15.469,"dispatched":0,"skipped":0} 
[2026-05-16 14:03:01] production.INFO: ScheduledJobManager started {"execution_time":"2026-05-16T14:03:01+00:00"} 
[2026-05-16 14:03:01] production.INFO: ScheduledJobManager completed {"execution_time":"2026-05-16T14:03:01+00:00","duration_ms":11.469,"dispatched":0,"skipped":0} 
[2026-05-16 14:04:01] production.INFO: ScheduledJobManager started {"execution_time":"2026-05-16T14:04:01+00:00"} 
[2026-05-16 14:04:01] production.INFO: ScheduledJobManager completed {"execution_time":"2026-05-16T14:04:01+00:00","duration_ms":12.596,"dispatched":0,"skipped":0} 
[2026-05-16 14:05:01] production.INFO: ScheduledJobManager started {"execution_time":"2026-05-16T14:05:01+00:00"} 
[2026-05-16 14:05:01] production.INFO: ScheduledJobManager completed {"execution_time":"2026-05-16T14:05:01+00:00","duration_ms":4.268,"dispatched":0,"skipped":0} 
[2026-05-16 14:06:01] production.INFO: ScheduledJobManager started {"execution_time":"2026-05-16T14:06:01+00:00"} 
[2026-05-16 14:06:01] production.INFO: ScheduledJobManager completed {"execution_time":"2026-05-16T14:06:01+00:00","duration_ms":12.629,"dispatched":0,"skipped":0} 
[2026-05-16 14:07:01] production.INFO: ScheduledJobManager started {"execution_time":"2026-05-16T14:07:01+00:00"} 
[2026-05-16 14:07:01] production.INFO: ScheduledJobManager completed {"execution_time":"2026-05-16T14:07:01+00:00","duration_ms":12.913,"dispatched":0,"skipped":0} 
[2026-05-16 14:08:01] production.INFO: ScheduledJobManager started {"execution_time":"2026-05-16T14:08:01+00:00"} 
[2026-05-16 14:08:01] production.INFO: ScheduledJobManager completed {"execution_time":"2026-05-16T14:08:01+00:00","duration_ms":12.776,"dispatched":0,"skipped":0} 
[2026-05-16 14:09:01] production.INFO: ScheduledJobManager started {"execution_time":"2026-05-16T14:09:01+00:00"} 
[2026-05-16 14:09:01] production.INFO: ScheduledJobManager completed {"execution_time":"2026-05-16T14:09:01+00:00","duration_ms":12.919,"dispatched":0,"skipped":0} 
[2026-05-16 14:10:01] production.INFO: ScheduledJobManager started {"execution_time":"2026-05-16T14:10:01+00:00"} 
[2026-05-16 14:10:01] production.INFO: ScheduledJobManager completed {"execution_time":"2026-05-16T14:10:01+00:00","duration_ms":11.882,"dispatched":0,"skipped":0} 
[2026-05-16 14:11:01] production.INFO: ScheduledJobManager started {"execution_time":"2026-05-16T14:11:01+00:00"} 
[2026-05-16 14:11:01] production.INFO: ScheduledJobManager completed {"execution_time":"2026-05-16T14:11:01+00:00","duration_ms":12.536,"dispatched":0,"skipped":0} 
[2026-05-16 14:12:01] production.INFO: ScheduledJobManager started {"execution_time":"2026-05-16T14:12:01+00:00"} 
[2026-05-16 14:12:01] production.INFO: ScheduledJobManager completed {"execution_time":"2026-05-16T14:12:01+00:00","duration_ms":12.793,"dispatched":0,"skipped":0} 
[2026-05-16 14:13:01] production.INFO: ScheduledJobManager started {"execution_time":"2026-05-16T14:13:01+00:00"} 
[2026-05-16 14:13:01] production.INFO: ScheduledJobManager completed {"execution_time":"2026-05-16T14:13:01+00:00","duration_ms":12.13,"dispatched":0,"skipped":0} 
[2026-05-16 14:14:01] production.INFO: ScheduledJobManager started {"execution_time":"2026-05-16T14:14:01+00:00"} 
[2026-05-16 14:14:01] production.INFO: ScheduledJobManager completed {"execution_time":"2026-05-16T14:14:01+00:00","duration_ms":5.606,"dispatched":0,"skipped":0} 
[2026-05-16 14:15:01] production.INFO: ScheduledJobManager started {"execution_time":"2026-05-16T14:15:01+00:00"} 
[2026-05-16 14:15:01] production.INFO: ScheduledJobManager completed {"execution_time":"2026-05-16T14:15:01+00:00","duration_ms":11.541,"dispatched":0,"skipped":0} 
[2026-05-16 14:16:01] production.INFO: ScheduledJobManager started {"execution_time":"2026-05-16T14:16:01+00:00"} 
[2026-05-16 14:16:01] production.INFO: ScheduledJobManager completed {"execution_time":"2026-05-16T14:16:01+00:00","duration_ms":13.119,"dispatched":0,"skipped":0} 
[2026-05-16 14:17:01] production.INFO: ScheduledJobManager started {"execution_time":"2026-05-16T14:17:01+00:00"} 
[2026-05-16 14:17:01] production.INFO: ScheduledJobManager completed {"execution_time":"2026-05-16T14:17:01+00:00","duration_ms":11.725,"dispatched":0,"skipped":0} 
[2026-05-16 14:18:01] production.INFO: ScheduledJobManager started {"execution_time":"2026-05-16T14:18:01+00:00"} 
[2026-05-16 14:18:01] production.INFO: ScheduledJobManager completed {"execution_time":"2026-05-16T14:18:01+00:00","duration_ms":6.024,"dispatched":0,"skipped":0} 
[2026-05-16 14:19:01] production.INFO: ScheduledJobManager started {"execution_time":"2026-05-16T14:19:01+00:00"} 
[2026-05-16 14:19:01] production.INFO: ScheduledJobManager completed {"execution_time":"2026-05-16T14:19:01+00:00","duration_ms":12.657,"dispatched":0,"skipped":0} 
[2026-05-16 14:20:01] production.INFO: ScheduledJobManager started {"execution_time":"2026-05-16T14:20:01+00:00"} 
[2026-05-16 14:20:01] production.INFO: ScheduledJobManager completed {"execution_time":"2026-05-16T14:20:01+00:00","duration_ms":5.455,"dispatched":0,"skipped":0} 
[2026-05-16 14:21:01] production.INFO: ScheduledJobManager started {"execution_time":"2026-05-16T14:21:01+00:00"} 
[2026-05-16 14:21:01] production.INFO: ScheduledJobManager completed {"execution_time":"2026-05-16T14:21:01+00:00","duration_ms":12.876,"dispatched":0,"skipped":0} 
[2026-05-16 14:22:01] production.INFO: ScheduledJobManager started {"execution_time":"2026-05-16T14:22:01+00:00"} 
[2026-05-16 14:22:01] production.INFO: ScheduledJobManager completed {"execution_time":"2026-05-16T14:22:01+00:00","duration_ms":12.956,"dispatched":0,"skipped":0} 
[2026-05-16 14:23:01] production.INFO: ScheduledJobManager started {"execution_time":"2026-05-16T14:23:01+00:00"} 
[2026-05-16 14:23:01] production.INFO: ScheduledJobManager completed {"execution_time":"2026-05-16T14:23:01+00:00","duration_ms":13.022,"dispatched":0,"skipped":0} 
[2026-05-16 14:24:01] production.INFO: ScheduledJobManager started {"execution_time":"2026-05-16T14:24:01+00:00"} 
[2026-05-16 14:24:01] production.INFO: ScheduledJobManager completed {"execution_time":"2026-05-16T14:24:01+00:00","duration_ms":12.58,"dispatched":0,"skipped":0} 
[2026-05-16 14:25:01] production.INFO: ScheduledJobManager started {"execution_time":"2026-05-16T14:25:01+00:00"} 
[2026-05-16 14:25:01] production.INFO: ScheduledJobManager completed {"execution_time":"2026-05-16T14:25:01+00:00","duration_ms":12.448,"dispatched":0,"skipped":0} 
[2026-05-16 14:26:01] production.INFO: ScheduledJobManager started {"execution_time":"2026-05-16T14:26:01+00:00"} 
[2026-05-16 14:26:01] production.INFO: ScheduledJobManager completed {"execution_time":"2026-05-16T14:26:01+00:00","duration_ms":11.862,"dispatched":0,"skipped":0} 
[2026-05-16 14:27:01] production.INFO: ScheduledJobManager started {"execution_time":"2026-05-16T14:27:01+00:00"} 
[2026-05-16 14:27:01] production.INFO: ScheduledJobManager completed {"execution_time":"2026-05-16T14:27:01+00:00","duration_ms":12.159,"dispatched":0,"skipped":0} 
[2026-05-16 14:28:02] production.INFO: ScheduledJobManager started {"execution_time":"2026-05-16T14:28:02+00:00"} 
[2026-05-16 14:28:02] production.INFO: ScheduledJobManager completed {"execution_time":"2026-05-16T14:28:02+00:00","duration_ms":11.374,"dispatched":0,"skipped":0} 
[2026-05-16 14:29:01] production.INFO: ScheduledJobManager started {"execution_time":"2026-05-16T14:29:01+00:00"} 
[2026-05-16 14:29:01] production.INFO: ScheduledJobManager completed {"execution_time":"2026-05-16T14:29:01+00:00","duration_ms":11.328,"dispatched":0,"skipped":0} 
[2026-05-16 14:30:01] production.INFO: ScheduledJobManager started {"execution_time":"2026-05-16T14:30:01+00:00"} 
[2026-05-16 14:30:01] production.INFO: ScheduledJobManager completed {"execution_time":"2026-05-16T14:30:01+00:00","duration_ms":5.439,"dispatched":0,"skipped":0} 
[2026-05-16 14:31:01] production.INFO: ScheduledJobManager started {"execution_time":"2026-05-16T14:31:01+00:00"} 
[2026-05-16 14:31:01] production.INFO: ScheduledJobManager completed {"execution_time":"2026-05-16T14:31:01+00:00","duration_ms":16.689,"dispatched":0,"skipped":0} 
[2026-05-16 14:32:01] production.INFO: ScheduledJobManager started {"execution_time":"2026-05-16T14:32:01+00:00"} 
[2026-05-16 14:32:01] production.INFO: ScheduledJobManager completed {"execution_time":"2026-05-16T14:32:01+00:00","duration_ms":11.122,"dispatched":0,"skipped":0} 
[2026-05-16 14:33:01] production.INFO: ScheduledJobManager started {"execution_time":"2026-05-16T14:33:01+00:00"} 
[2026-05-16 14:33:01] production.INFO: ScheduledJobManager completed {"execution_time":"2026-05-16T14:33:01+00:00","duration_ms":12.79,"dispatched":0,"skipped":0} 
[2026-05-16 14:34:01] production.INFO: ScheduledJobManager started {"execution_time":"2026-05-16T14:34:01+00:00"} 
[2026-05-16 14:34:01] production.INFO: ScheduledJobManager completed {"execution_time":"2026-05-16T14:34:01+00:00","duration_ms":12.702,"dispatched":0,"skipped":0} 
[2026-05-16 14:35:01] production.INFO: ScheduledJobManager started {"execution_time":"2026-05-16T14:35:01+00:00"} 
[2026-05-16 14:35:01] production.INFO: ScheduledJobManager completed {"execution_time":"2026-05-16T14:35:01+00:00","duration_ms":3.796,"dispatched":0,"skipped":0} 
[2026-05-16 14:36:01] production.INFO: ScheduledJobManager started {"execution_time":"2026-05-16T14:36:01+00:00"} 
[2026-05-16 14:36:01] production.INFO: ScheduledJobManager completed {"execution_time":"2026-05-16T14:36:01+00:00","duration_ms":12.577,"dispatched":0,"skipped":0} 
[2026-05-16 14:37:01] production.INFO: ScheduledJobManager started {"execution_time":"2026-05-16T14:37:01+00:00"} 
[2026-05-16 14:37:01] production.INFO: ScheduledJobManager completed {"execution_time":"2026-05-16T14:37:01+00:00","duration_ms":13.092,"dispatched":0,"skipped":0} 
[2026-05-16 14:38:01] production.INFO: ScheduledJobManager started {"execution_time":"2026-05-16T14:38:01+00:00"} 
[2026-05-16 14:38:01] production.INFO: ScheduledJobManager completed {"execution_time":"2026-05-16T14:38:01+00:00","duration_ms":12.85,"dispatched":0,"skipped":0} 
[2026-05-16 14:39:01] production.INFO: ScheduledJobManager started {"execution_time":"2026-05-16T14:39:01+00:00"} 
[2026-05-16 14:39:01] production.INFO: ScheduledJobManager completed {"execution_time":"2026-05-16T14:39:01+00:00","duration_ms":12.752,"dispatched":0,"skipped":0} 
[2026-05-16 14:40:01] production.INFO: ScheduledJobManager started {"execution_time":"2026-05-16T14:40:01+00:00"} 
[2026-05-16 14:40:01] production.INFO: ScheduledJobManager completed {"execution_time":"2026-05-16T14:40:01+00:00","duration_ms":12.4,"dispatched":0,"skipped":0} 
[2026-05-16 14:41:01] production.INFO: ScheduledJobManager started {"execution_time":"2026-05-16T14:41:01+00:00"} 
[2026-05-16 14:41:01] production.INFO: ScheduledJobManager completed {"execution_time":"2026-05-16T14:41:01+00:00","duration_ms":12.837,"dispatched":0,"skipped":0} 
[2026-05-16 14:42:01] production.INFO: ScheduledJobManager started {"execution_time":"2026-05-16T14:42:01+00:00"} 
[2026-05-16 14:42:01] production.INFO: ScheduledJobManager completed {"execution_time":"2026-05-16T14:42:01+00:00","duration_ms":12.788,"dispatched":0,"skipped":0} 
[2026-05-16 14:43:02] production.INFO: ScheduledJobManager started {"execution_time":"2026-05-16T14:43:02+00:00"} 
[2026-05-16 14:43:02] production.INFO: ScheduledJobManager completed {"execution_time":"2026-05-16T14:43:02+00:00","duration_ms":12.244,"dispatched":0,"skipped":0} 
[2026-05-16 14:44:01] production.INFO: ScheduledJobManager started {"execution_time":"2026-05-16T14:44:01+00:00"} 
[2026-05-16 14:44:01] production.INFO: ScheduledJobManager completed {"execution_time":"2026-05-16T14:44:01+00:00","duration_ms":12.2,"dispatched":0,"skipped":0} 
[2026-05-16 14:45:01] production.INFO: ScheduledJobManager started {"execution_time":"2026-05-16T14:45:01+00:00"} 
[2026-05-16 14:45:01] production.INFO: ScheduledJobManager completed {"execution_time":"2026-05-16T14:45:01+00:00","duration_ms":4.03,"dispatched":0,"skipped":0} 
[2026-05-16 14:46:01] production.INFO: ScheduledJobManager started {"execution_time":"2026-05-16T14:46:01+00:00"} 
[2026-05-16 14:46:01] production.INFO: ScheduledJobManager completed {"execution_time":"2026-05-16T14:46:01+00:00","duration_ms":12.703,"dispatched":0,"skipped":0} 
[2026-05-16 14:47:01] production.INFO: ScheduledJobManager started {"execution_time":"2026-05-16T14:47:01+00:00"} 
[2026-05-16 14:47:01] production.INFO: ScheduledJobManager completed {"execution_time":"2026-05-16T14:47:01+00:00","duration_ms":12.618,"dispatched":0,"skipped":0} 
[2026-05-16 14:48:01] production.INFO: ScheduledJobManager started {"execution_time":"2026-05-16T14:48:01+00:00"} 
[2026-05-16 14:48:01] production.INFO: ScheduledJobManager completed {"execution_time":"2026-05-16T14:48:01+00:00","duration_ms":6.207,"dispatched":0,"skipped":0} 
[2026-05-16 14:49:01] production.INFO: ScheduledJobManager started {"execution_time":"2026-05-16T14:49:01+00:00"} 
[2026-05-16 14:49:01] production.INFO: ScheduledJobManager completed {"execution_time":"2026-05-16T14:49:01+00:00","duration_ms":19.216,"dispatched":0,"skipped":0} 
[2026-05-16 14:50:01] production.INFO: ScheduledJobManager started {"execution_time":"2026-05-16T14:50:01+00:00"} 
[2026-05-16 14:50:01] production.INFO: ScheduledJobManager completed {"execution_time":"2026-05-16T14:50:01+00:00","duration_ms":4.316,"dispatched":0,"skipped":0} 
[2026-05-16 14:51:01] production.INFO: ScheduledJobManager started {"execution_time":"2026-05-16T14:51:01+00:00"} 
[2026-05-16 14:51:01] production.INFO: ScheduledJobManager completed {"execution_time":"2026-05-16T14:51:01+00:00","duration_ms":12.154,"dispatched":0,"skipped":0} 
[2026-05-16 14:52:01] production.INFO: ScheduledJobManager started {"execution_time":"2026-05-16T14:52:01+00:00"} 
[2026-05-16 14:52:01] production.INFO: ScheduledJobManager completed {"execution_time":"2026-05-16T14:52:01+00:00","duration_ms":12.066,"dispatched":0,"skipped":0} 
[2026-05-16 14:53:01] production.INFO: ScheduledJobManager started {"execution_time":"2026-05-16T14:53:01+00:00"} 
[2026-05-16 14:53:01] production.INFO: ScheduledJobManager completed {"execution_time":"2026-05-16T14:53:01+00:00","duration_ms":13.137,"dispatched":0,"skipped":0} 
[2026-05-16 14:54:01] production.INFO: ScheduledJobManager started {"execution_time":"2026-05-16T14:54:01+00:00"} 
[2026-05-16 14:54:01] production.INFO: ScheduledJobManager completed {"execution_time":"2026-05-16T14:54:01+00:00","duration_ms":12.831,"dispatched":0,"skipped":0} 
[2026-05-16 14:55:01] production.INFO: ScheduledJobManager started {"execution_time":"2026-05-16T14:55:01+00:00"} 
[2026-05-16 14:55:01] production.INFO: ScheduledJobManager completed {"execution_time":"2026-05-16T14:55:01+00:00","duration_ms":12.6,"dispatched":0,"skipped":0} 
[2026-05-16 14:56:01] production.INFO: ScheduledJobManager started {"execution_time":"2026-05-16T14:56:01+00:00"} 
[2026-05-16 14:56:01] production.INFO: ScheduledJobManager completed {"execution_time":"2026-05-16T14:56:01+00:00","duration_ms":12.577,"dispatched":0,"skipped":0} 
[2026-05-16 14:57:01] production.INFO: ScheduledJobManager started {"execution_time":"2026-05-16T14:57:01+00:00"} 
[2026-05-16 14:57:01] production.INFO: ScheduledJobManager completed {"execution_time":"2026-05-16T14:57:01+00:00","duration_ms":12.657,"dispatched":0,"skipped":0} 
[2026-05-16 14:58:01] production.INFO: ScheduledJobManager started {"execution_time":"2026-05-16T14:58:01+00:00"} 
[2026-05-16 14:58:01] production.INFO: ScheduledJobManager completed {"execution_time":"2026-05-16T14:58:01+00:00","duration_ms":11.593,"dispatched":0,"skipped":0} 
[2026-05-16 14:59:02] production.INFO: ScheduledJobManager started {"execution_time":"2026-05-16T14:59:02+00:00"} 
[2026-05-16 14:59:02] production.INFO: ScheduledJobManager completed {"execution_time":"2026-05-16T14:59:02+00:00","duration_ms":12.71,"dispatched":0,"skipped":0} 
[2026-05-16 15:00:02] production.INFO: ScheduledJobManager started {"execution_time":"2026-05-16T15:00:02+00:00"} 
[2026-05-16 15:00:02] production.INFO: ScheduledJobManager completed {"execution_time":"2026-05-16T15:00:02+00:00","duration_ms":4.224,"dispatched":0,"skipped":0} 
[2026-05-16 15:01:01] production.INFO: ScheduledJobManager started {"execution_time":"2026-05-16T15:01:01+00:00"} 
[2026-05-16 15:01:01] production.INFO: ScheduledJobManager completed {"execution_time":"2026-05-16T15:01:01+00:00","duration_ms":13.506,"dispatched":0,"skipped":0} 
[2026-05-16 15:02:01] production.INFO: ScheduledJobManager started {"execution_time":"2026-05-16T15:02:01+00:00"} 
[2026-05-16 15:02:01] production.INFO: ScheduledJobManager completed {"execution_time":"2026-05-16T15:02:01+00:00","duration_ms":6.228,"dispatched":0,"skipped":0} 
[2026-05-16 15:03:01] production.INFO: ScheduledJobManager started {"execution_time":"2026-05-16T15:03:01+00:00"} 
[2026-05-16 15:03:01] production.INFO: ScheduledJobManager completed {"execution_time":"2026-05-16T15:03:01+00:00","duration_ms":12.806,"dispatched":0,"skipped":0} 
[2026-05-16 15:04:01] production.INFO: ScheduledJobManager started {"execution_time":"2026-05-16T15:04:01+00:00"} 
[2026-05-16 15:04:01] production.INFO: ScheduledJobManager completed {"execution_time":"2026-05-16T15:04:01+00:00","duration_ms":12.753,"dispatched":0,"skipped":0} 
[2026-05-16 15:05:01] production.INFO: ScheduledJobManager started {"execution_time":"2026-05-16T15:05:01+00:00"} 
[2026-05-16 15:05:01] production.INFO: ScheduledJobManager completed {"execution_time":"2026-05-16T15:05:01+00:00","duration_ms":4.425,"dispatched":0,"skipped":0} 
[2026-05-16 15:06:01] production.INFO: ScheduledJobManager started {"execution_time":"2026-05-16T15:06:01+00:00"} 
[2026-05-16 15:06:01] production.INFO: ScheduledJobManager completed {"execution_time":"2026-05-16T15:06:01+00:00","duration_ms":11.616,"dispatched":0,"skipped":0} 
[2026-05-16 15:07:01] production.INFO: ScheduledJobManager started {"execution_time":"2026-05-16T15:07:01+00:00"} 
[2026-05-16 15:07:01] production.INFO: ScheduledJobManager completed {"execution_time":"2026-05-16T15:07:01+00:00","duration_ms":11.444,"dispatched":0,"skipped":0} 
[2026-05-16 15:08:01] production.INFO: ScheduledJobManager started {"execution_time":"2026-05-16T15:08:01+00:00"} 
[2026-05-16 15:08:01] production.INFO: ScheduledJobManager completed {"execution_time":"2026-05-16T15:08:01+00:00","duration_ms":12.061,"dispatched":0,"skipped":0} 
[2026-05-16 15:09:01] production.INFO: ScheduledJobManager started {"execution_time":"2026-05-16T15:09:01+00:00"} 
[2026-05-16 15:09:01] production.INFO: ScheduledJobManager completed {"execution_time":"2026-05-16T15:09:01+00:00","duration_ms":12.754,"dispatched":0,"skipped":0} 
[2026-05-16 15:10:01] production.INFO: ScheduledJobManager started {"execution_time":"2026-05-16T15:10:01+00:00"} 
[2026-05-16 15:10:01] production.INFO: ScheduledJobManager completed {"execution_time":"2026-05-16T15:10:01+00:00","duration_ms":14.918,"dispatched":0,"skipped":0} 
[2026-05-16 15:11:01] production.INFO: ScheduledJobManager started {"execution_time":"2026-05-16T15:11:01+00:00"} 
[2026-05-16 15:11:01] production.INFO: ScheduledJobManager completed {"execution_time":"2026-05-16T15:11:01+00:00","duration_ms":12.714,"dispatched":0,"skipped":0} 
[2026-05-16 15:12:01] production.INFO: ScheduledJobManager started {"execution_time":"2026-05-16T15:12:01+00:00"} 
[2026-05-16 15:12:01] production.INFO: ScheduledJobManager completed {"execution_time":"2026-05-16T15:12:01+00:00","duration_ms":13.166,"dispatched":0,"skipped":0} 
[2026-05-16 15:13:01] production.INFO: ScheduledJobManager started {"execution_time":"2026-05-16T15:13:01+00:00"} 
[2026-05-16 15:13:01] production.INFO: ScheduledJobManager completed {"execution_time":"2026-05-16T15:13:01+00:00","duration_ms":11.675,"dispatched":0,"skipped":0} 
[2026-05-16 15:14:02] production.INFO: ScheduledJobManager started {"execution_time":"2026-05-16T15:14:02+00:00"} 
[2026-05-16 15:14:02] production.INFO: ScheduledJobManager completed {"execution_time":"2026-05-16T15:14:02+00:00","duration_ms":12.011,"dispatched":0,"skipped":0} 
[2026-05-16 15:15:02] production.INFO: ScheduledJobManager started {"execution_time":"2026-05-16T15:15:02+00:00"} 
[2026-05-16 15:15:02] production.INFO: ScheduledJobManager completed {"execution_time":"2026-05-16T15:15:02+00:00","duration_ms":12.632,"dispatched":0,"skipped":0} 
[2026-05-16 15:16:01] production.INFO: ScheduledJobManager started {"execution_time":"2026-05-16T15:16:01+00:00"} 
[2026-05-16 15:16:01] production.INFO: ScheduledJobManager completed {"execution_time":"2026-05-16T15:16:01+00:00","duration_ms":13.504,"dispatched":0,"skipped":0} 
[2026-05-16 15:17:01] production.INFO: ScheduledJobManager started {"execution_time":"2026-05-16T15:17:01+00:00"} 
[2026-05-16 15:17:01] production.INFO: ScheduledJobManager completed {"execution_time":"2026-05-16T15:17:01+00:00","duration_ms":12.399,"dispatched":0,"skipped":0} 
[2026-05-16 15:18:01] production.INFO: ScheduledJobManager started {"execution_time":"2026-05-16T15:18:01+00:00"} 
[2026-05-16 15:18:01] production.INFO: ScheduledJobManager completed {"execution_time":"2026-05-16T15:18:01+00:00","duration_ms":5.919,"dispatched":0,"skipped":0} 
[2026-05-16 15:19:01] production.INFO: ScheduledJobManager started {"execution_time":"2026-05-16T15:19:01+00:00"} 
[2026-05-16 15:19:01] production.INFO: ScheduledJobManager completed {"execution_time":"2026-05-16T15:19:01+00:00","duration_ms":12.877,"dispatched":0,"skipped":0} 
[2026-05-16 15:20:01] production.INFO: ScheduledJobManager started {"execution_time":"2026-05-16T15:20:01+00:00"} 
[2026-05-16 15:20:01] production.INFO: ScheduledJobManager completed {"execution_time":"2026-05-16T15:20:01+00:00","duration_ms":4.226,"dispatched":0,"skipped":0} 
[2026-05-16 15:21:01] production.INFO: ScheduledJobManager started {"execution_time":"2026-05-16T15:21:01+00:00"} 
[2026-05-16 15:21:01] production.INFO: ScheduledJobManager completed {"execution_time":"2026-05-16T15:21:01+00:00","duration_ms":11.24,"dispatched":0,"skipped":0} 
[2026-05-16 15:22:01] production.INFO: ScheduledJobManager started {"execution_time":"2026-05-16T15:22:01+00:00"} 
[2026-05-16 15:22:01] production.INFO: ScheduledJobManager completed {"execution_time":"2026-05-16T15:22:01+00:00","duration_ms":12.286,"dispatched":0,"skipped":0} 
[2026-05-16 15:23:01] production.INFO: ScheduledJobManager started {"execution_time":"2026-05-16T15:23:01+00:00"} 
[2026-05-16 15:23:01] production.INFO: ScheduledJobManager completed {"execution_time":"2026-05-16T15:23:01+00:00","duration_ms":12.64,"dispatched":0,"skipped":0} 
[2026-05-16 15:24:01] production.INFO: ScheduledJobManager started {"execution_time":"2026-05-16T15:24:01+00:00"} 
[2026-05-16 15:24:01] production.INFO: ScheduledJobManager completed {"execution_time":"2026-05-16T15:24:01+00:00","duration_ms":12.737,"dispatched":0,"skipped":0} 
[2026-05-16 15:25:01] production.INFO: ScheduledJobManager started {"execution_time":"2026-05-16T15:25:01+00:00"} 
[2026-05-16 15:25:01] production.INFO: ScheduledJobManager completed {"execution_time":"2026-05-16T15:25:01+00:00","duration_ms":12.872,"dispatched":0,"skipped":0} 
[2026-05-16 15:26:01] production.INFO: ScheduledJobManager started {"execution_time":"2026-05-16T15:26:01+00:00"} 
[2026-05-16 15:26:01] production.INFO: ScheduledJobManager completed {"execution_time":"2026-05-16T15:26:01+00:00","duration_ms":12.682,"dispatched":0,"skipped":0} 
[2026-05-16 15:27:01] production.INFO: ScheduledJobManager started {"execution_time":"2026-05-16T15:27:01+00:00"} 
[2026-05-16 15:27:01] production.INFO: ScheduledJobManager completed {"execution_time":"2026-05-16T15:27:01+00:00","duration_ms":11.839,"dispatched":0,"skipped":0} 
[2026-05-16 15:28:01] production.INFO: ScheduledJobManager started {"execution_time":"2026-05-16T15:28:01+00:00"} 
[2026-05-16 15:28:01] production.INFO: ScheduledJobManager completed {"execution_time":"2026-05-16T15:28:01+00:00","duration_ms":12.972,"dispatched":0,"skipped":0} 
[2026-05-16 15:29:02] production.INFO: ScheduledJobManager started {"execution_time":"2026-05-16T15:29:02+00:00"} 
[2026-05-16 15:29:02] production.INFO: ScheduledJobManager completed {"execution_time":"2026-05-16T15:29:02+00:00","duration_ms":12.951,"dispatched":0,"skipped":0} 
[2026-05-16 15:30:02] production.INFO: ScheduledJobManager started {"execution_time":"2026-05-16T15:30:02+00:00"} 
[2026-05-16 15:30:02] production.INFO: ScheduledJobManager completed {"execution_time":"2026-05-16T15:30:02+00:00","duration_ms":12.934,"dispatched":0,"skipped":0} 
[2026-05-16 15:31:01] production.INFO: ScheduledJobManager started {"execution_time":"2026-05-16T15:31:01+00:00"} 
[2026-05-16 15:31:01] production.INFO: ScheduledJobManager completed {"execution_time":"2026-05-16T15:31:01+00:00","duration_ms":12.93,"dispatched":0,"skipped":0} 
[2026-05-16 15:32:01] production.INFO: ScheduledJobManager started {"execution_time":"2026-05-16T15:32:01+00:00"} 
[2026-05-16 15:32:01] production.INFO: ScheduledJobManager completed {"execution_time":"2026-05-16T15:32:01+00:00","duration_ms":6.291,"dispatched":0,"skipped":0} 
[2026-05-16 15:33:01] production.INFO: ScheduledJobManager started {"execution_time":"2026-05-16T15:33:01+00:00"} 
[2026-05-16 15:33:01] production.INFO: ScheduledJobManager completed {"execution_time":"2026-05-16T15:33:01+00:00","duration_ms":12.784,"dispatched":0,"skipped":0} 
[2026-05-16 15:34:01] production.INFO: ScheduledJobManager started {"execution_time":"2026-05-16T15:34:01+00:00"} 
[2026-05-16 15:34:01] production.INFO: ScheduledJobManager completed {"execution_time":"2026-05-16T15:34:01+00:00","duration_ms":14.266,"dispatched":0,"skipped":0} 
[2026-05-16 15:35:01] production.INFO: ScheduledJobManager started {"execution_time":"2026-05-16T15:35:01+00:00"} 
[2026-05-16 15:35:01] production.INFO: ScheduledJobManager completed {"execution_time":"2026-05-16T15:35:01+00:00","duration_ms":4.08,"dispatched":0,"skipped":0} 
[2026-05-16 15:36:01] production.INFO: ScheduledJobManager started {"execution_time":"2026-05-16T15:36:01+00:00"} 
[2026-05-16 15:36:01] production.INFO: ScheduledJobManager completed {"execution_time":"2026-05-16T15:36:01+00:00","duration_ms":11.61,"dispatched":0,"skipped":0} 
[2026-05-16 15:37:01] production.INFO: ScheduledJobManager started {"execution_time":"2026-05-16T15:37:01+00:00"} 
[2026-05-16 15:37:01] production.INFO: ScheduledJobManager completed {"execution_time":"2026-05-16T15:37:01+00:00","duration_ms":12.613,"dispatched":0,"skipped":0} 
[2026-05-16 15:38:01] production.INFO: ScheduledJobManager started {"execution_time":"2026-05-16T15:38:01+00:00"} 
[2026-05-16 15:38:01] production.INFO: ScheduledJobManager completed {"execution_time":"2026-05-16T15:38:01+00:00","duration_ms":11.674,"dispatched":0,"skipped":0} 
[2026-05-16 15:39:01] production.INFO: ScheduledJobManager started {"execution_time":"2026-05-16T15:39:01+00:00"} 
[2026-05-16 15:39:01] production.INFO: ScheduledJobManager completed {"execution_time":"2026-05-16T15:39:01+00:00","duration_ms":40.884,"dispatched":0,"skipped":0} 
[2026-05-16 15:40:01] production.INFO: ScheduledJobManager started {"execution_time":"2026-05-16T15:40:01+00:00"} 
[2026-05-16 15:40:01] production.INFO: ScheduledJobManager completed {"execution_time":"2026-05-16T15:40:01+00:00","duration_ms":8.531,"dispatched":0,"skipped":0} 
[2026-05-16 15:41:01] production.INFO: ScheduledJobManager started {"execution_time":"2026-05-16T15:41:01+00:00"} 
[2026-05-16 15:41:01] production.INFO: ScheduledJobManager completed {"execution_time":"2026-05-16T15:41:01+00:00","duration_ms":12.624,"dispatched":0,"skipped":0} 
[2026-05-16 15:42:01] production.INFO: ScheduledJobManager started {"execution_time":"2026-05-16T15:42:01+00:00"} 
[2026-05-16 15:42:01] production.INFO: ScheduledJobManager completed {"execution_time":"2026-05-16T15:42:01+00:00","duration_ms":12.678,"dispatched":0,"skipped":0} 
[2026-05-16 15:43:01] production.INFO: ScheduledJobManager started {"execution_time":"2026-05-16T15:43:01+00:00"} 
[2026-05-16 15:43:01] production.INFO: ScheduledJobManager completed {"execution_time":"2026-05-16T15:43:01+00:00","duration_ms":12.899,"dispatched":0,"skipped":0} 
[2026-05-16 15:44:01] production.INFO: ScheduledJobManager started {"execution_time":"2026-05-16T15:44:01+00:00"} 
[2026-05-16 15:44:01] production.INFO: ScheduledJobManager completed {"execution_time":"2026-05-16T15:44:01+00:00","duration_ms":12.968,"dispatched":0,"skipped":0} 
[2026-05-16 15:45:02] production.INFO: ScheduledJobManager started {"execution_time":"2026-05-16T15:45:02+00:00"} 
[2026-05-16 15:45:02] production.INFO: ScheduledJobManager completed {"execution_time":"2026-05-16T15:45:02+00:00","duration_ms":12.85,"dispatched":0,"skipped":0} 
[2026-05-16 15:46:01] production.INFO: ScheduledJobManager started {"execution_time":"2026-05-16T15:46:01+00:00"} 
[2026-05-16 15:46:01] production.INFO: ScheduledJobManager completed {"execution_time":"2026-05-16T15:46:01+00:00","duration_ms":12.891,"dispatched":0,"skipped":0} 
[2026-05-16 15:47:01] production.INFO: ScheduledJobManager started {"execution_time":"2026-05-16T15:47:01+00:00"} 
[2026-05-16 15:47:01] production.INFO: ScheduledJobManager completed {"execution_time":"2026-05-16T15:47:01+00:00","duration_ms":12.634,"dispatched":0,"skipped":0} 
[2026-05-16 15:48:01] production.INFO: ScheduledJobManager started {"execution_time":"2026-05-16T15:48:01+00:00"} 
[2026-05-16 15:48:01] production.INFO: ScheduledJobManager completed {"execution_time":"2026-05-16T15:48:01+00:00","duration_ms":5.623,"dispatched":0,"skipped":0} 
[2026-05-16 15:49:01] production.INFO: ScheduledJobManager started {"execution_time":"2026-05-16T15:49:01+00:00"} 
[2026-05-16 15:49:01] production.INFO: ScheduledJobManager completed {"execution_time":"2026-05-16T15:49:01+00:00","duration_ms":12.981,"dispatched":0,"skipped":0} 
[2026-05-16 15:50:01] production.INFO: ScheduledJobManager started {"execution_time":"2026-05-16T15:50:01+00:00"} 
[2026-05-16 15:50:01] production.INFO: ScheduledJobManager completed {"execution_time":"2026-05-16T15:50:01+00:00","duration_ms":7.002,"dispatched":0,"skipped":0} 
[2026-05-16 15:51:01] production.INFO: ScheduledJobManager started {"execution_time":"2026-05-16T15:51:01+00:00"} 
[2026-05-16 15:51:01] production.INFO: ScheduledJobManager completed {"execution_time":"2026-05-16T15:51:01+00:00","duration_ms":12.298,"dispatched":0,"skipped":0} 
[2026-05-16 15:52:01] production.INFO: ScheduledJobManager started {"execution_time":"2026-05-16T15:52:01+00:00"} 
[2026-05-16 15:52:01] production.INFO: ScheduledJobManager completed {"execution_time":"2026-05-16T15:52:01+00:00","duration_ms":11.811,"dispatched":0,"skipped":0} 
[2026-05-16 15:53:01] production.INFO: ScheduledJobManager started {"execution_time":"2026-05-16T15:53:01+00:00"} 
[2026-05-16 15:53:01] production.INFO: ScheduledJobManager completed {"execution_time":"2026-05-16T15:53:01+00:00","duration_ms":15.35,"dispatched":0,"skipped":0} 
[2026-05-16 15:54:01] production.INFO: ScheduledJobManager started {"execution_time":"2026-05-16T15:54:01+00:00"} 
[2026-05-16 15:54:01] production.INFO: ScheduledJobManager completed {"execution_time":"2026-05-16T15:54:01+00:00","duration_ms":12.697,"dispatched":0,"skipped":0} 
[2026-05-16 15:55:01] production.INFO: ScheduledJobManager started {"execution_time":"2026-05-16T15:55:01+00:00"} 
[2026-05-16 15:55:01] production.INFO: ScheduledJobManager completed {"execution_time":"2026-05-16T15:55:01+00:00","duration_ms":12.728,"dispatched":0,"skipped":0} 
[2026-05-16 15:56:01] production.INFO: ScheduledJobManager started {"execution_time":"2026-05-16T15:56:01+00:00"} 
[2026-05-16 15:56:01] production.INFO: ScheduledJobManager completed {"execution_time":"2026-05-16T15:56:01+00:00","duration_ms":12.161,"dispatched":0,"skipped":0} 
[2026-05-16 15:57:01] production.INFO: ScheduledJobManager started {"execution_time":"2026-05-16T15:57:01+00:00"} 
[2026-05-16 15:57:01] production.INFO: ScheduledJobManager completed {"execution_time":"2026-05-16T15:57:01+00:00","duration_ms":11.358,"dispatched":0,"skipped":0} 
[2026-05-16 15:58:01] production.INFO: ScheduledJobManager started {"execution_time":"2026-05-16T15:58:01+00:00"} 
[2026-05-16 15:58:01] production.INFO: ScheduledJobManager completed {"execution_time":"2026-05-16T15:58:01+00:00","duration_ms":13.611,"dispatched":0,"skipped":0} 
[2026-05-16 15:59:01] production.INFO: ScheduledJobManager started {"execution_time":"2026-05-16T15:59:01+00:00"} 
[2026-05-16 15:59:01] production.INFO: ScheduledJobManager completed {"execution_time":"2026-05-16T15:59:01+00:00","duration_ms":12.807,"dispatched":0,"skipped":0} 
[2026-05-16 16:00:02] production.INFO: ScheduledJobManager started {"execution_time":"2026-05-16T16:00:02+00:00"} 
[2026-05-16 16:00:02] production.INFO: ScheduledJobManager completed {"execution_time":"2026-05-16T16:00:02+00:00","duration_ms":9.741,"dispatched":0,"skipped":0} 
[2026-05-16 16:01:01] production.INFO: ScheduledJobManager started {"execution_time":"2026-05-16T16:01:01+00:00"} 
[2026-05-16 16:01:01] production.INFO: ScheduledJobManager completed {"execution_time":"2026-05-16T16:01:01+00:00","duration_ms":12.82,"dispatched":0,"skipped":0} 
[2026-05-16 16:02:01] production.INFO: ScheduledJobManager started {"execution_time":"2026-05-16T16:02:01+00:00"} 
[2026-05-16 16:02:01] production.INFO: ScheduledJobManager completed {"execution_time":"2026-05-16T16:02:01+00:00","duration_ms":58.472,"dispatched":0,"skipped":0} 
[2026-05-16 16:03:01] production.INFO: ScheduledJobManager started {"execution_time":"2026-05-16T16:03:01+00:00"} 
[2026-05-16 16:03:01] production.INFO: ScheduledJobManager completed {"execution_time":"2026-05-16T16:03:01+00:00","duration_ms":12.584,"dispatched":0,"skipped":0} 
[2026-05-16 16:04:01] production.INFO: ScheduledJobManager started {"execution_time":"2026-05-16T16:04:01+00:00"} 
[2026-05-16 16:04:01] production.INFO: ScheduledJobManager completed {"execution_time":"2026-05-16T16:04:01+00:00","duration_ms":12.619,"dispatched":0,"skipped":0} 
[2026-05-16 16:05:01] production.INFO: ScheduledJobManager started {"execution_time":"2026-05-16T16:05:01+00:00"} 
[2026-05-16 16:05:01] production.INFO: ScheduledJobManager completed {"execution_time":"2026-05-16T16:05:01+00:00","duration_ms":4.278,"dispatched":0,"skipped":0} 
[2026-05-16 16:06:01] production.INFO: ScheduledJobManager started {"execution_time":"2026-05-16T16:06:01+00:00"} 
[2026-05-16 16:06:01] production.INFO: ScheduledJobManager completed {"execution_time":"2026-05-16T16:06:01+00:00","duration_ms":12.86,"dispatched":0,"skipped":0} 
[2026-05-16 16:07:01] production.INFO: ScheduledJobManager started {"execution_time":"2026-05-16T16:07:01+00:00"} 
[2026-05-16 16:07:01] production.INFO: ScheduledJobManager completed {"execution_time":"2026-05-16T16:07:01+00:00","duration_ms":12.486,"dispatched":0,"skipped":0} 
[2026-05-16 16:08:01] production.INFO: ScheduledJobManager started {"execution_time":"2026-05-16T16:08:01+00:00"} 
[2026-05-16 16:08:01] production.INFO: ScheduledJobManager completed {"execution_time":"2026-05-16T16:08:01+00:00","duration_ms":12.659,"dispatched":0,"skipped":0} 
[2026-05-16 16:09:01] production.INFO: ScheduledJobManager started {"execution_time":"2026-05-16T16:09:01+00:00"} 
[2026-05-16 16:09:01] production.INFO: ScheduledJobManager completed {"execution_time":"2026-05-16T16:09:01+00:00","duration_ms":12.929,"dispatched":0,"skipped":0} 
[2026-05-16 16:10:01] production.INFO: ScheduledJobManager started {"execution_time":"2026-05-16T16:10:01+00:00"} 
[2026-05-16 16:10:01] production.INFO: ScheduledJobManager completed {"execution_time":"2026-05-16T16:10:01+00:00","duration_ms":6.542,"dispatched":0,"skipped":0} 
[2026-05-16 16:11:01] production.INFO: ScheduledJobManager started {"execution_time":"2026-05-16T16:11:01+00:00"} 
[2026-05-16 16:11:01] production.INFO: ScheduledJobManager completed {"execution_time":"2026-05-16T16:11:01+00:00","duration_ms":12.656,"dispatched":0,"skipped":0} 
[2026-05-16 16:12:01] production.INFO: ScheduledJobManager started {"execution_time":"2026-05-16T16:12:01+00:00"} 
[2026-05-16 16:12:01] production.INFO: ScheduledJobManager completed {"execution_time":"2026-05-16T16:12:01+00:00","duration_ms":11.262,"dispatched":0,"skipped":0} 
[2026-05-16 16:13:01] production.INFO: ScheduledJobManager started {"execution_time":"2026-05-16T16:13:01+00:00"} 
[2026-05-16 16:13:01] production.INFO: ScheduledJobManager completed {"execution_time":"2026-05-16T16:13:01+00:00","duration_ms":11.543,"dispatched":0,"skipped":0} 
[2026-05-16 16:14:01] production.INFO: ScheduledJobManager started {"execution_time":"2026-05-16T16:14:01+00:00"} 
[2026-05-16 16:14:01] production.INFO: ScheduledJobManager completed {"execution_time":"2026-05-16T16:14:01+00:00","duration_ms":12.982,"dispatched":0,"skipped":0} 
[2026-05-16 16:15:02] production.INFO: ScheduledJobManager started {"execution_time":"2026-05-16T16:15:02+00:00"} 
[2026-05-16 16:15:02] production.INFO: ScheduledJobManager completed {"execution_time":"2026-05-16T16:15:02+00:00","duration_ms":17.418,"dispatched":0,"skipped":0} 
[2026-05-16 16:16:01] production.INFO: ScheduledJobManager started {"execution_time":"2026-05-16T16:16:01+00:00"} 
[2026-05-16 16:16:01] production.INFO: ScheduledJobManager completed {"execution_time":"2026-05-16T16:16:01+00:00","duration_ms":11.754,"dispatched":0,"skipped":0} 
[2026-05-16 16:17:01] production.INFO: ScheduledJobManager started {"execution_time":"2026-05-16T16:17:01+00:00"} 
[2026-05-16 16:17:01] production.INFO: ScheduledJobManager completed {"execution_time":"2026-05-16T16:17:01+00:00","duration_ms":13.571,"dispatched":0,"skipped":0} 
[2026-05-16 16:18:01] production.INFO: ScheduledJobManager started {"execution_time":"2026-05-16T16:18:01+00:00"} 
[2026-05-16 16:18:01] production.INFO: ScheduledJobManager completed {"execution_time":"2026-05-16T16:18:01+00:00","duration_ms":5.377,"dispatched":0,"skipped":0} 
[2026-05-16 16:19:01] production.INFO: ScheduledJobManager started {"execution_time":"2026-05-16T16:19:01+00:00"} 
[2026-05-16 16:19:01] production.INFO: ScheduledJobManager completed {"execution_time":"2026-05-16T16:19:01+00:00","duration_ms":12.731,"dispatched":0,"skipped":0} 
[2026-05-16 16:20:01] production.INFO: ScheduledJobManager started {"execution_time":"2026-05-16T16:20:01+00:00"} 
[2026-05-16 16:20:01] production.INFO: ScheduledJobManager completed {"execution_time":"2026-05-16T16:20:01+00:00","duration_ms":6.408,"dispatched":0,"skipped":0} 
[2026-05-16 16:21:01] production.INFO: ScheduledJobManager started {"execution_time":"2026-05-16T16:21:01+00:00"} 
[2026-05-16 16:21:01] production.INFO: ScheduledJobManager completed {"execution_time":"2026-05-16T16:21:01+00:00","duration_ms":12.872,"dispatched":0,"skipped":0} 
[2026-05-16 16:22:01] production.INFO: ScheduledJobManager started {"execution_time":"2026-05-16T16:22:01+00:00"} 
[2026-05-16 16:22:01] production.INFO: ScheduledJobManager completed {"execution_time":"2026-05-16T16:22:01+00:00","duration_ms":12.497,"dispatched":0,"skipped":0} 
[2026-05-16 16:23:01] production.INFO: ScheduledJobManager started {"execution_time":"2026-05-16T16:23:01+00:00"} 
[2026-05-16 16:23:01] production.INFO: ScheduledJobManager completed {"execution_time":"2026-05-16T16:23:01+00:00","duration_ms":12.801,"dispatched":0,"skipped":0} 
[2026-05-16 16:24:01] production.INFO: ScheduledJobManager started {"execution_time":"2026-05-16T16:24:01+00:00"} 
[2026-05-16 16:24:01] production.INFO: ScheduledJobManager completed {"execution_time":"2026-05-16T16:24:01+00:00","duration_ms":12.8,"dispatched":0,"skipped":0} 
[2026-05-16 16:25:01] production.INFO: ScheduledJobManager started {"execution_time":"2026-05-16T16:25:01+00:00"} 
[2026-05-16 16:25:01] production.INFO: ScheduledJobManager completed {"execution_time":"2026-05-16T16:25:01+00:00","duration_ms":12.904,"dispatched":0,"skipped":0} 
[2026-05-16 16:26:01] production.INFO: ScheduledJobManager started {"execution_time":"2026-05-16T16:26:01+00:00"} 
[2026-05-16 16:26:01] production.INFO: ScheduledJobManager completed {"execution_time":"2026-05-16T16:26:01+00:00","duration_ms":12.536,"dispatched":0,"skipped":0} 
[2026-05-16 16:27:01] production.INFO: ScheduledJobManager started {"execution_time":"2026-05-16T16:27:01+00:00"} 
[2026-05-16 16:27:01] production.INFO: ScheduledJobManager completed {"execution_time":"2026-05-16T16:27:01+00:00","duration_ms":12.667,"dispatched":0,"skipped":0} 
[2026-05-16 16:28:01] production.INFO: ScheduledJobManager started {"execution_time":"2026-05-16T16:28:01+00:00"} 
[2026-05-16 16:28:01] production.INFO: ScheduledJobManager completed {"execution_time":"2026-05-16T16:28:01+00:00","duration_ms":13.231,"dispatched":0,"skipped":0} 
[2026-05-16 16:29:01] production.INFO: ScheduledJobManager started {"execution_time":"2026-05-16T16:29:01+00:00"} 
[2026-05-16 16:29:01] production.INFO: ScheduledJobManager completed {"execution_time":"2026-05-16T16:29:01+00:00","duration_ms":13.072,"dispatched":0,"skipped":0} 
[2026-05-16 16:30:02] production.INFO: ScheduledJobManager started {"execution_time":"2026-05-16T16:30:02+00:00"} 
[2026-05-16 16:30:02] production.INFO: ScheduledJobManager completed {"execution_time":"2026-05-16T16:30:02+00:00","duration_ms":12.859,"dispatched":0,"skipped":0} 
[2026-05-16 16:31:01] production.INFO: ScheduledJobManager started {"execution_time":"2026-05-16T16:31:01+00:00"} 
[2026-05-16 16:31:01] production.INFO: ScheduledJobManager completed {"execution_time":"2026-05-16T16:31:01+00:00","duration_ms":12.8,"dispatched":0,"skipped":0} 
[2026-05-16 16:32:01] production.INFO: ScheduledJobManager started {"execution_time":"2026-05-16T16:32:01+00:00"} 
[2026-05-16 16:32:01] production.INFO: ScheduledJobManager completed {"execution_time":"2026-05-16T16:32:01+00:00","duration_ms":60.877,"dispatched":0,"skipped":0} 
[2026-05-16 16:33:01] production.INFO: ScheduledJobManager started {"execution_time":"2026-05-16T16:33:01+00:00"} 
[2026-05-16 16:33:01] production.INFO: ScheduledJobManager completed {"execution_time":"2026-05-16T16:33:01+00:00","duration_ms":12.666,"dispatched":0,"skipped":0} 
[2026-05-16 16:34:01] production.INFO: ScheduledJobManager started {"execution_time":"2026-05-16T16:34:01+00:00"} 
[2026-05-16 16:34:01] production.INFO: ScheduledJobManager completed {"execution_time":"2026-05-16T16:34:01+00:00","duration_ms":17.196,"dispatched":0,"skipped":0} 
[2026-05-16 16:35:01] production.INFO: ScheduledJobManager started {"execution_time":"2026-05-16T16:35:01+00:00"} 
[2026-05-16 16:35:01] production.INFO: ScheduledJobManager completed {"execution_time":"2026-05-16T16:35:01+00:00","duration_ms":4.197,"dispatched":0,"skipped":0} 
[2026-05-16 16:36:01] production.INFO: ScheduledJobManager started {"execution_time":"2026-05-16T16:36:01+00:00"} 
[2026-05-16 16:36:01] production.INFO: ScheduledJobManager completed {"execution_time":"2026-05-16T16:36:01+00:00","duration_ms":12.634,"dispatched":0,"skipped":0} 
[2026-05-16 16:37:01] production.INFO: ScheduledJobManager started {"execution_time":"2026-05-16T16:37:01+00:00"} 
[2026-05-16 16:37:01] production.INFO: ScheduledJobManager completed {"execution_time":"2026-05-16T16:37:01+00:00","duration_ms":12.516,"dispatched":0,"skipped":0} 
[2026-05-16 16:38:01] production.INFO: ScheduledJobManager started {"execution_time":"2026-05-16T16:38:01+00:00"} 
[2026-05-16 16:38:01] production.INFO: ScheduledJobManager completed {"execution_time":"2026-05-16T16:38:01+00:00","duration_ms":12.75,"dispatched":0,"skipped":0} 
[2026-05-16 16:39:01] production.INFO: ScheduledJobManager started {"execution_time":"2026-05-16T16:39:01+00:00"} 
[2026-05-16 16:39:01] production.INFO: ScheduledJobManager completed {"execution_time":"2026-05-16T16:39:01+00:00","duration_ms":12.439,"dispatched":0,"skipped":0} 
[2026-05-16 16:40:01] production.INFO: ScheduledJobManager started {"execution_time":"2026-05-16T16:40:01+00:00"} 
[2026-05-16 16:40:01] production.INFO: ScheduledJobManager completed {"execution_time":"2026-05-16T16:40:01+00:00","duration_ms":13.264,"dispatched":0,"skipped":0} 
[2026-05-16 16:41:01] production.INFO: ScheduledJobManager started {"execution_time":"2026-05-16T16:41:01+00:00"} 
[2026-05-16 16:41:01] production.INFO: ScheduledJobManager completed {"execution_time":"2026-05-16T16:41:01+00:00","duration_ms":12.67,"dispatched":0,"skipped":0} 
[2026-05-16 16:42:01] production.INFO: ScheduledJobManager started {"execution_time":"2026-05-16T16:42:01+00:00"} 
[2026-05-16 16:42:01] production.INFO: ScheduledJobManager completed {"execution_time":"2026-05-16T16:42:01+00:00","duration_ms":12.7,"dispatched":0,"skipped":0} 
[2026-05-16 16:43:01] production.INFO: ScheduledJobManager started {"execution_time":"2026-05-16T16:43:01+00:00"} 
[2026-05-16 16:43:01] production.INFO: ScheduledJobManager completed {"execution_time":"2026-05-16T16:43:01+00:00","duration_ms":12.489,"dispatched":0,"skipped":0} 
[2026-05-16 16:44:01] production.INFO: ScheduledJobManager started {"execution_time":"2026-05-16T16:44:01+00:00"} 
[2026-05-16 16:44:01] production.INFO: ScheduledJobManager completed {"execution_time":"2026-05-16T16:44:01+00:00","duration_ms":12.86,"dispatched":0,"skipped":0} 
[2026-05-16 16:45:02] production.INFO: ScheduledJobManager started {"execution_time":"2026-05-16T16:45:02+00:00"} 
[2026-05-16 16:45:02] production.INFO: ScheduledJobManager completed {"execution_time":"2026-05-16T16:45:02+00:00","duration_ms":11.863,"dispatched":0,"skipped":0} 
[2026-05-16 16:46:01] production.INFO: ScheduledJobManager started {"execution_time":"2026-05-16T16:46:01+00:00"} 
[2026-05-16 16:46:01] production.INFO: ScheduledJobManager completed {"execution_time":"2026-05-16T16:46:01+00:00","duration_ms":12.714,"dispatched":0,"skipped":0} 
[2026-05-16 16:47:01] production.INFO: ScheduledJobManager started {"execution_time":"2026-05-16T16:47:01+00:00"} 
[2026-05-16 16:47:01] production.INFO: ScheduledJobManager completed {"execution_time":"2026-05-16T16:47:01+00:00","duration_ms":12.828,"dispatched":0,"skipped":0} 
[2026-05-16 16:48:01] production.INFO: ScheduledJobManager started {"execution_time":"2026-05-16T16:48:01+00:00"} 
[2026-05-16 16:48:01] production.INFO: ScheduledJobManager completed {"execution_time":"2026-05-16T16:48:01+00:00","duration_ms":5.689,"dispatched":0,"skipped":0} 
[2026-05-16 16:49:01] production.INFO: ScheduledJobManager started {"execution_time":"2026-05-16T16:49:01+00:00"} 
[2026-05-16 16:49:01] production.INFO: ScheduledJobManager completed {"execution_time":"2026-05-16T16:49:01+00:00","duration_ms":12.769,"dispatched":0,"skipped":0} 
[2026-05-16 16:50:01] production.INFO: ScheduledJobManager started {"execution_time":"2026-05-16T16:50:01+00:00"} 
[2026-05-16 16:50:01] production.INFO: ScheduledJobManager completed {"execution_time":"2026-05-16T16:50:01+00:00","duration_ms":5.735,"dispatched":0,"skipped":0} 
[2026-05-16 16:51:01] production.INFO: ScheduledJobManager started {"execution_time":"2026-05-16T16:51:01+00:00"} 
[2026-05-16 16:51:01] production.INFO: ScheduledJobManager completed {"execution_time":"2026-05-16T16:51:01+00:00","duration_ms":12.714,"dispatched":0,"skipped":0} 
[2026-05-16 16:52:01] production.INFO: ScheduledJobManager started {"execution_time":"2026-05-16T16:52:01+00:00"} 
[2026-05-16 16:52:01] production.INFO: ScheduledJobManager completed {"execution_time":"2026-05-16T16:52:01+00:00","duration_ms":16.283,"dispatched":0,"skipped":0} 
[2026-05-16 16:53:01] production.INFO: ScheduledJobManager started {"execution_time":"2026-05-16T16:53:01+00:00"} 
[2026-05-16 16:53:01] production.INFO: ScheduledJobManager completed {"execution_time":"2026-05-16T16:53:01+00:00","duration_ms":11.998,"dispatched":0,"skipped":0} 
[2026-05-16 16:54:01] production.INFO: ScheduledJobManager started {"execution_time":"2026-05-16T16:54:01+00:00"} 
[2026-05-16 16:54:01] production.INFO: ScheduledJobManager completed {"execution_time":"2026-05-16T16:54:01+00:00","duration_ms":11.715,"dispatched":0,"skipped":0} 
[2026-05-16 16:55:01] production.INFO: ScheduledJobManager started {"execution_time":"2026-05-16T16:55:01+00:00"} 
[2026-05-16 16:55:01] production.INFO: ScheduledJobManager completed {"execution_time":"2026-05-16T16:55:01+00:00","duration_ms":13.334,"dispatched":0,"skipped":0} 
[2026-05-16 16:56:01] production.INFO: ScheduledJobManager started {"execution_time":"2026-05-16T16:56:01+00:00"} 
[2026-05-16 16:56:01] production.INFO: ScheduledJobManager completed {"execution_time":"2026-05-16T16:56:01+00:00","duration_ms":12.626,"dispatched":0,"skipped":0} 
[2026-05-16 16:57:01] production.INFO: ScheduledJobManager started {"execution_time":"2026-05-16T16:57:01+00:00"} 
[2026-05-16 16:57:01] production.INFO: ScheduledJobManager completed {"execution_time":"2026-05-16T16:57:01+00:00","duration_ms":13.16,"dispatched":0,"skipped":0} 
[2026-05-16 16:58:01] production.INFO: ScheduledJobManager started {"execution_time":"2026-05-16T16:58:01+00:00"} 
[2026-05-16 16:58:01] production.INFO: ScheduledJobManager completed {"execution_time":"2026-05-16T16:58:01+00:00","duration_ms":12.505,"dispatched":0,"skipped":0} 
[2026-05-16 16:59:01] production.INFO: ScheduledJobManager started {"execution_time":"2026-05-16T16:59:01+00:00"} 
[2026-05-16 16:59:01] production.INFO: ScheduledJobManager completed {"execution_time":"2026-05-16T16:59:01+00:00","duration_ms":11.956,"dispatched":0,"skipped":0} 
[2026-05-16 17:00:02] production.INFO: ScheduledJobManager started {"execution_time":"2026-05-16T17:00:02+00:00"} 
[2026-05-16 17:00:02] production.INFO: ScheduledJobManager completed {"execution_time":"2026-05-16T17:00:02+00:00","duration_ms":4.367,"dispatched":0,"skipped":0} 
[2026-05-16 17:01:01] production.INFO: ScheduledJobManager started {"execution_time":"2026-05-16T17:01:01+00:00"} 
[2026-05-16 17:01:01] production.INFO: ScheduledJobManager completed {"execution_time":"2026-05-16T17:01:01+00:00","duration_ms":12.569,"dispatched":0,"skipped":0} 
[2026-05-16 17:02:01] production.INFO: ScheduledJobManager started {"execution_time":"2026-05-16T17:02:01+00:00"} 
[2026-05-16 17:02:01] production.INFO: ScheduledJobManager completed {"execution_time":"2026-05-16T17:02:01+00:00","duration_ms":15.579,"dispatched":0,"skipped":0} 
[2026-05-16 17:03:01] production.INFO: ScheduledJobManager started {"execution_time":"2026-05-16T17:03:01+00:00"} 
[2026-05-16 17:03:01] production.INFO: ScheduledJobManager completed {"execution_time":"2026-05-16T17:03:01+00:00","duration_ms":12.215,"dispatched":0,"skipped":0} 
[2026-05-16 17:04:01] production.INFO: ScheduledJobManager started {"execution_time":"2026-05-16T17:04:01+00:00"} 
[2026-05-16 17:04:01] production.INFO: ScheduledJobManager completed {"execution_time":"2026-05-16T17:04:01+00:00","duration_ms":6.145,"dispatched":0,"skipped":0} 
[2026-05-16 17:05:01] production.INFO: ScheduledJobManager started {"execution_time":"2026-05-16T17:05:01+00:00"} 
[2026-05-16 17:05:01] production.INFO: ScheduledJobManager completed {"execution_time":"2026-05-16T17:05:01+00:00","duration_ms":13.089,"dispatched":0,"skipped":0} 
[2026-05-16 17:06:01] production.INFO: ScheduledJobManager started {"execution_time":"2026-05-16T17:06:01+00:00"} 
[2026-05-16 17:06:01] production.INFO: ScheduledJobManager completed {"execution_time":"2026-05-16T17:06:01+00:00","duration_ms":12.802,"dispatched":0,"skipped":0} 
[2026-05-16 17:07:01] production.INFO: ScheduledJobManager started {"execution_time":"2026-05-16T17:07:01+00:00"} 
[2026-05-16 17:07:01] production.INFO: ScheduledJobManager completed {"execution_time":"2026-05-16T17:07:01+00:00","duration_ms":12.462,"dispatched":0,"skipped":0} 
[2026-05-16 17:08:01] production.INFO: ScheduledJobManager started {"execution_time":"2026-05-16T17:08:01+00:00"} 
[2026-05-16 17:08:01] production.INFO: ScheduledJobManager completed {"execution_time":"2026-05-16T17:08:01+00:00","duration_ms":12.527,"dispatched":0,"skipped":0} 
[2026-05-16 17:09:01] production.INFO: ScheduledJobManager started {"execution_time":"2026-05-16T17:09:01+00:00"} 
[2026-05-16 17:09:01] production.INFO: ScheduledJobManager completed {"execution_time":"2026-05-16T17:09:01+00:00","duration_ms":17.872,"dispatched":0,"skipped":0} 
[2026-05-16 17:10:01] production.INFO: ScheduledJobManager started {"execution_time":"2026-05-16T17:10:01+00:00"} 
[2026-05-16 17:10:01] production.INFO: ScheduledJobManager completed {"execution_time":"2026-05-16T17:10:01+00:00","duration_ms":14.039,"dispatched":0,"skipped":0} 
[2026-05-16 17:11:01] production.INFO: ScheduledJobManager started {"execution_time":"2026-05-16T17:11:01+00:00"} 
[2026-05-16 17:11:01] production.INFO: ScheduledJobManager completed {"execution_time":"2026-05-16T17:11:01+00:00","duration_ms":12.703,"dispatched":0,"skipped":0} 
[2026-05-16 17:12:01] production.INFO: ScheduledJobManager started {"execution_time":"2026-05-16T17:12:01+00:00"} 
[2026-05-16 17:12:01] production.INFO: ScheduledJobManager completed {"execution_time":"2026-05-16T17:12:01+00:00","duration_ms":12.543,"dispatched":0,"skipped":0} 
[2026-05-16 17:13:01] production.INFO: ScheduledJobManager started {"execution_time":"2026-05-16T17:13:01+00:00"} 
[2026-05-16 17:13:01] production.INFO: ScheduledJobManager completed {"execution_time":"2026-05-16T17:13:01+00:00","duration_ms":13.082,"dispatched":0,"skipped":0} 
[2026-05-16 17:14:01] production.INFO: ScheduledJobManager started {"execution_time":"2026-05-16T17:14:01+00:00"} 
[2026-05-16 17:14:02] production.INFO: ScheduledJobManager completed {"execution_time":"2026-05-16T17:14:01+00:00","duration_ms":12.822,"dispatched":0,"skipped":0} 
[2026-05-16 17:15:02] production.INFO: ScheduledJobManager started {"execution_time":"2026-05-16T17:15:02+00:00"} 
[2026-05-16 17:15:02] production.INFO: ScheduledJobManager completed {"execution_time":"2026-05-16T17:15:02+00:00","duration_ms":12.054,"dispatched":0,"skipped":0} 
[2026-05-16 17:16:01] production.INFO: ScheduledJobManager started {"execution_time":"2026-05-16T17:16:01+00:00"} 
[2026-05-16 17:16:01] production.INFO: ScheduledJobManager completed {"execution_time":"2026-05-16T17:16:01+00:00","duration_ms":11.485,"dispatched":0,"skipped":0} 
[2026-05-16 17:17:01] production.INFO: ScheduledJobManager started {"execution_time":"2026-05-16T17:17:01+00:00"} 
[2026-05-16 17:17:01] production.INFO: ScheduledJobManager completed {"execution_time":"2026-05-16T17:17:01+00:00","duration_ms":12.633,"dispatched":0,"skipped":0} 
[2026-05-16 17:18:01] production.INFO: ScheduledJobManager started {"execution_time":"2026-05-16T17:18:01+00:00"} 
[2026-05-16 17:18:01] production.INFO: ScheduledJobManager completed {"execution_time":"2026-05-16T17:18:01+00:00","duration_ms":5.847,"dispatched":0,"skipped":0} 
[2026-05-16 17:19:01] production.INFO: ScheduledJobManager started {"execution_time":"2026-05-16T17:19:01+00:00"} 
[2026-05-16 17:19:01] production.INFO: ScheduledJobManager completed {"execution_time":"2026-05-16T17:19:01+00:00","duration_ms":11.621,"dispatched":0,"skipped":0} 
[2026-05-16 17:20:01] production.INFO: ScheduledJobManager started {"execution_time":"2026-05-16T17:20:01+00:00"} 
[2026-05-16 17:20:01] production.INFO: ScheduledJobManager completed {"execution_time":"2026-05-16T17:20:01+00:00","duration_ms":7.163,"dispatched":0,"skipped":0} 
[2026-05-16 17:21:01] production.INFO: ScheduledJobManager started {"execution_time":"2026-05-16T17:21:01+00:00"} 
[2026-05-16 17:21:01] production.INFO: ScheduledJobManager completed {"execution_time":"2026-05-16T17:21:01+00:00","duration_ms":12.051,"dispatched":0,"skipped":0} 
[2026-05-16 17:22:01] production.INFO: ScheduledJobManager started {"execution_time":"2026-05-16T17:22:01+00:00"} 
[2026-05-16 17:22:01] production.INFO: ScheduledJobManager completed {"execution_time":"2026-05-16T17:22:01+00:00","duration_ms":12.571,"dispatched":0,"skipped":0} 
[2026-05-16 17:23:01] production.INFO: ScheduledJobManager started {"execution_time":"2026-05-16T17:23:01+00:00"} 
[2026-05-16 17:23:01] production.INFO: ScheduledJobManager completed {"execution_time":"2026-05-16T17:23:01+00:00","duration_ms":12.466,"dispatched":0,"skipped":0} 
[2026-05-16 17:24:01] production.INFO: ScheduledJobManager started {"execution_time":"2026-05-16T17:24:01+00:00"} 
[2026-05-16 17:24:01] production.INFO: ScheduledJobManager completed {"execution_time":"2026-05-16T17:24:01+00:00","duration_ms":11.127,"dispatched":0,"skipped":0} 
[2026-05-16 17:25:01] production.INFO: ScheduledJobManager started {"execution_time":"2026-05-16T17:25:01+00:00"} 
[2026-05-16 17:25:01] production.INFO: ScheduledJobManager completed {"execution_time":"2026-05-16T17:25:01+00:00","duration_ms":12.296,"dispatched":0,"skipped":0} 
[2026-05-16 17:26:01] production.INFO: ScheduledJobManager started {"execution_time":"2026-05-16T17:26:01+00:00"} 
[2026-05-16 17:26:01] production.INFO: ScheduledJobManager completed {"execution_time":"2026-05-16T17:26:01+00:00","duration_ms":12.912,"dispatched":0,"skipped":0} 
[2026-05-16 17:27:01] production.INFO: ScheduledJobManager started {"execution_time":"2026-05-16T17:27:01+00:00"} 
[2026-05-16 17:27:01] production.INFO: ScheduledJobManager completed {"execution_time":"2026-05-16T17:27:01+00:00","duration_ms":13.01,"dispatched":0,"skipped":0} 
[2026-05-16 17:28:01] production.INFO: ScheduledJobManager started {"execution_time":"2026-05-16T17:28:01+00:00"} 
[2026-05-16 17:28:01] production.INFO: ScheduledJobManager completed {"execution_time":"2026-05-16T17:28:01+00:00","duration_ms":12.513,"dispatched":0,"skipped":0} 
[2026-05-16 17:29:02] production.INFO: ScheduledJobManager started {"execution_time":"2026-05-16T17:29:02+00:00"} 
[2026-05-16 17:29:02] production.INFO: ScheduledJobManager completed {"execution_time":"2026-05-16T17:29:02+00:00","duration_ms":12.206,"dispatched":0,"skipped":0} 
[2026-05-16 17:30:02] production.INFO: ScheduledJobManager started {"execution_time":"2026-05-16T17:30:02+00:00"} 
[2026-05-16 17:30:02] production.INFO: ScheduledJobManager completed {"execution_time":"2026-05-16T17:30:02+00:00","duration_ms":14.295,"dispatched":0,"skipped":0} 
[2026-05-16 17:31:01] production.INFO: ScheduledJobManager started {"execution_time":"2026-05-16T17:31:01+00:00"} 
[2026-05-16 17:31:01] production.INFO: ScheduledJobManager completed {"execution_time":"2026-05-16T17:31:01+00:00","duration_ms":12.61,"dispatched":0,"skipped":0} 
[2026-05-16 17:32:01] production.INFO: ScheduledJobManager started {"execution_time":"2026-05-16T17:32:01+00:00"} 
[2026-05-16 17:32:01] production.INFO: ScheduledJobManager completed {"execution_time":"2026-05-16T17:32:01+00:00","duration_ms":6.151,"dispatched":0,"skipped":0} 
[2026-05-16 17:33:01] production.INFO: ScheduledJobManager started {"execution_time":"2026-05-16T17:33:01+00:00"} 
[2026-05-16 17:33:01] production.INFO: ScheduledJobManager completed {"execution_time":"2026-05-16T17:33:01+00:00","duration_ms":12.581,"dispatched":0,"skipped":0} 
[2026-05-16 17:34:01] production.INFO: ScheduledJobManager started {"execution_time":"2026-05-16T17:34:01+00:00"} 
[2026-05-16 17:34:01] production.INFO: ScheduledJobManager completed {"execution_time":"2026-05-16T17:34:01+00:00","duration_ms":12.073,"dispatched":0,"skipped":0} 
[2026-05-16 17:35:01] production.INFO: ScheduledJobManager started {"execution_time":"2026-05-16T17:35:01+00:00"} 
[2026-05-16 17:35:01] production.INFO: ScheduledJobManager completed {"execution_time":"2026-05-16T17:35:01+00:00","duration_ms":3.687,"dispatched":0,"skipped":0} 
[2026-05-16 17:36:01] production.INFO: ScheduledJobManager started {"execution_time":"2026-05-16T17:36:01+00:00"} 
[2026-05-16 17:36:01] production.INFO: ScheduledJobManager completed {"execution_time":"2026-05-16T17:36:01+00:00","duration_ms":12.752,"dispatched":0,"skipped":0} 
[2026-05-16 17:37:01] production.INFO: ScheduledJobManager started {"execution_time":"2026-05-16T17:37:01+00:00"} 
[2026-05-16 17:37:01] production.INFO: ScheduledJobManager completed {"execution_time":"2026-05-16T17:37:01+00:00","duration_ms":12.294,"dispatched":0,"skipped":0} 
[2026-05-16 17:38:01] production.INFO: ScheduledJobManager started {"execution_time":"2026-05-16T17:38:01+00:00"} 
[2026-05-16 17:38:01] production.INFO: ScheduledJobManager completed {"execution_time":"2026-05-16T17:38:01+00:00","duration_ms":12.487,"dispatched":0,"skipped":0} 
[2026-05-16 17:39:01] production.INFO: ScheduledJobManager started {"execution_time":"2026-05-16T17:39:01+00:00"} 
[2026-05-16 17:39:01] production.INFO: ScheduledJobManager completed {"execution_time":"2026-05-16T17:39:01+00:00","duration_ms":12.526,"dispatched":0,"skipped":0} 
[2026-05-16 17:40:01] production.INFO: ScheduledJobManager started {"execution_time":"2026-05-16T17:40:01+00:00"} 
[2026-05-16 17:40:01] production.INFO: ScheduledJobManager completed {"execution_time":"2026-05-16T17:40:01+00:00","duration_ms":12.895,"dispatched":0,"skipped":0} 
[2026-05-16 17:41:01] production.INFO: ScheduledJobManager started {"execution_time":"2026-05-16T17:41:01+00:00"} 
[2026-05-16 17:41:01] production.INFO: ScheduledJobManager completed {"execution_time":"2026-05-16T17:41:01+00:00","duration_ms":12.553,"dispatched":0,"skipped":0} 
[2026-05-16 17:42:01] production.INFO: ScheduledJobManager started {"execution_time":"2026-05-16T17:42:01+00:00"} 
[2026-05-16 17:42:01] production.INFO: ScheduledJobManager completed {"execution_time":"2026-05-16T17:42:01+00:00","duration_ms":12.815,"dispatched":0,"skipped":0} 
[2026-05-16 17:43:01] production.INFO: ScheduledJobManager started {"execution_time":"2026-05-16T17:43:01+00:00"} 
[2026-05-16 17:43:01] production.INFO: ScheduledJobManager completed {"execution_time":"2026-05-16T17:43:01+00:00","duration_ms":12.066,"dispatched":0,"skipped":0} 
[2026-05-16 17:44:02] production.INFO: ScheduledJobManager started {"execution_time":"2026-05-16T17:44:02+00:00"} 
[2026-05-16 17:44:02] production.INFO: ScheduledJobManager completed {"execution_time":"2026-05-16T17:44:02+00:00","duration_ms":12.807,"dispatched":0,"skipped":0} 
[2026-05-16 17:45:02] production.INFO: ScheduledJobManager started {"execution_time":"2026-05-16T17:45:02+00:00"} 
[2026-05-16 17:45:02] production.INFO: ScheduledJobManager completed {"execution_time":"2026-05-16T17:45:02+00:00","duration_ms":12.93,"dispatched":0,"skipped":0} 
[2026-05-16 17:46:01] production.INFO: ScheduledJobManager started {"execution_time":"2026-05-16T17:46:01+00:00"} 
[2026-05-16 17:46:01] production.INFO: ScheduledJobManager completed {"execution_time":"2026-05-16T17:46:01+00:00","duration_ms":12.12,"dispatched":0,"skipped":0} 
[2026-05-16 17:47:01] production.INFO: ScheduledJobManager started {"execution_time":"2026-05-16T17:47:01+00:00"} 
[2026-05-16 17:47:01] production.INFO: ScheduledJobManager completed {"execution_time":"2026-05-16T17:47:01+00:00","duration_ms":12.622,"dispatched":0,"skipped":0} 
[2026-05-16 17:48:01] production.INFO: ScheduledJobManager started {"execution_time":"2026-05-16T17:48:01+00:00"} 
[2026-05-16 17:48:01] production.INFO: ScheduledJobManager completed {"execution_time":"2026-05-16T17:48:01+00:00","duration_ms":8.705,"dispatched":0,"skipped":0} 
[2026-05-16 17:49:01] production.INFO: ScheduledJobManager started {"execution_time":"2026-05-16T17:49:01+00:00"} 
[2026-05-16 17:49:01] production.INFO: ScheduledJobManager completed {"execution_time":"2026-05-16T17:49:01+00:00","duration_ms":11.901,"dispatched":0,"skipped":0} 
[2026-05-16 17:50:01] production.INFO: ScheduledJobManager started {"execution_time":"2026-05-16T17:50:01+00:00"} 
[2026-05-16 17:50:01] production.INFO: ScheduledJobManager completed {"execution_time":"2026-05-16T17:50:01+00:00","duration_ms":4.011,"dispatched":0,"skipped":0} 
[2026-05-16 17:51:01] production.INFO: ScheduledJobManager started {"execution_time":"2026-05-16T17:51:01+00:00"} 
[2026-05-16 17:51:01] production.INFO: ScheduledJobManager completed {"execution_time":"2026-05-16T17:51:01+00:00","duration_ms":12.631,"dispatched":0,"skipped":0} 
[2026-05-16 17:52:01] production.INFO: ScheduledJobManager started {"execution_time":"2026-05-16T17:52:01+00:00"} 
[2026-05-16 17:52:01] production.INFO: ScheduledJobManager completed {"execution_time":"2026-05-16T17:52:01+00:00","duration_ms":12.711,"dispatched":0,"skipped":0} 
[2026-05-16 17:53:01] production.INFO: ScheduledJobManager started {"execution_time":"2026-05-16T17:53:01+00:00"} 
[2026-05-16 17:53:01] production.INFO: ScheduledJobManager completed {"execution_time":"2026-05-16T17:53:01+00:00","duration_ms":11.33,"dispatched":0,"skipped":0} 
[2026-05-16 17:54:01] production.INFO: ScheduledJobManager started {"execution_time":"2026-05-16T17:54:01+00:00"} 
[2026-05-16 17:54:01] production.INFO: ScheduledJobManager completed {"execution_time":"2026-05-16T17:54:01+00:00","duration_ms":12.673,"dispatched":0,"skipped":0} 
[2026-05-16 17:55:01] production.INFO: ScheduledJobManager started {"execution_time":"2026-05-16T17:55:01+00:00"} 
[2026-05-16 17:55:01] production.INFO: ScheduledJobManager completed {"execution_time":"2026-05-16T17:55:01+00:00","duration_ms":12.888,"dispatched":0,"skipped":0} 
[2026-05-16 17:56:01] production.INFO: ScheduledJobManager started {"execution_time":"2026-05-16T17:56:01+00:00"} 
[2026-05-16 17:56:01] production.INFO: ScheduledJobManager completed {"execution_time":"2026-05-16T17:56:01+00:00","duration_ms":12.659,"dispatched":0,"skipped":0} 
[2026-05-16 17:57:01] production.INFO: ScheduledJobManager started {"execution_time":"2026-05-16T17:57:01+00:00"} 
[2026-05-16 17:57:01] production.INFO: ScheduledJobManager completed {"execution_time":"2026-05-16T17:57:01+00:00","duration_ms":12.929,"dispatched":0,"skipped":0} 
[2026-05-16 17:58:01] production.INFO: ScheduledJobManager started {"execution_time":"2026-05-16T17:58:01+00:00"} 
[2026-05-16 17:58:01] production.INFO: ScheduledJobManager completed {"execution_time":"2026-05-16T17:58:01+00:00","duration_ms":11.508,"dispatched":0,"skipped":0} 
[2026-05-16 17:59:02] production.INFO: ScheduledJobManager started {"execution_time":"2026-05-16T17:59:01+00:00"} 
[2026-05-16 17:59:02] production.INFO: ScheduledJobManager completed {"execution_time":"2026-05-16T17:59:01+00:00","duration_ms":12.785,"dispatched":0,"skipped":0} 
[2026-05-16 18:00:02] production.INFO: ScheduledJobManager started {"execution_time":"2026-05-16T18:00:02+00:00"} 
[2026-05-16 18:00:02] production.INFO: ScheduledJobManager completed {"execution_time":"2026-05-16T18:00:02+00:00","duration_ms":6.151,"dispatched":0,"skipped":0} 
[2026-05-16 18:01:01] production.INFO: ScheduledJobManager started {"execution_time":"2026-05-16T18:01:01+00:00"} 
[2026-05-16 18:01:01] production.INFO: ScheduledJobManager completed {"execution_time":"2026-05-16T18:01:01+00:00","duration_ms":12.328,"dispatched":0,"skipped":0} 
[2026-05-16 18:02:01] production.INFO: ScheduledJobManager started {"execution_time":"2026-05-16T18:02:01+00:00"} 
[2026-05-16 18:02:01] production.INFO: ScheduledJobManager completed {"execution_time":"2026-05-16T18:02:01+00:00","duration_ms":6.133,"dispatched":0,"skipped":0} 
[2026-05-16 18:03:01] production.INFO: ScheduledJobManager started {"execution_time":"2026-05-16T18:03:01+00:00"} 
[2026-05-16 18:03:01] production.INFO: ScheduledJobManager completed {"execution_time":"2026-05-16T18:03:01+00:00","duration_ms":12.819,"dispatched":0,"skipped":0} 
[2026-05-16 18:04:01] production.INFO: ScheduledJobManager started {"execution_time":"2026-05-16T18:04:01+00:00"} 
[2026-05-16 18:04:01] production.INFO: ScheduledJobManager completed {"execution_time":"2026-05-16T18:04:01+00:00","duration_ms":16.431,"dispatched":0,"skipped":0} 
[2026-05-16 18:05:01] production.INFO: ScheduledJobManager started {"execution_time":"2026-05-16T18:05:01+00:00"} 
[2026-05-16 18:05:01] production.INFO: ScheduledJobManager completed {"execution_time":"2026-05-16T18:05:01+00:00","duration_ms":4.363,"dispatched":0,"skipped":0} 
[2026-05-16 18:06:01] production.INFO: ScheduledJobManager started {"execution_time":"2026-05-16T18:06:01+00:00"} 
[2026-05-16 18:06:01] production.INFO: ScheduledJobManager completed {"execution_time":"2026-05-16T18:06:01+00:00","duration_ms":12.531,"dispatched":0,"skipped":0} 
[2026-05-16 18:07:01] production.INFO: ScheduledJobManager started {"execution_time":"2026-05-16T18:07:01+00:00"} 
[2026-05-16 18:07:01] production.INFO: ScheduledJobManager completed {"execution_time":"2026-05-16T18:07:01+00:00","duration_ms":12.444,"dispatched":0,"skipped":0} 
[2026-05-16 18:08:01] production.INFO: ScheduledJobManager started {"execution_time":"2026-05-16T18:08:01+00:00"} 
[2026-05-16 18:08:01] production.INFO: ScheduledJobManager completed {"execution_time":"2026-05-16T18:08:01+00:00","duration_ms":12.498,"dispatched":0,"skipped":0} 
[2026-05-16 18:09:01] production.INFO: ScheduledJobManager started {"execution_time":"2026-05-16T18:09:01+00:00"} 
[2026-05-16 18:09:01] production.INFO: ScheduledJobManager completed {"execution_time":"2026-05-16T18:09:01+00:00","duration_ms":12.701,"dispatched":0,"skipped":0} 
[2026-05-16 18:10:01] production.INFO: ScheduledJobManager started {"execution_time":"2026-05-16T18:10:01+00:00"} 
[2026-05-16 18:10:01] production.INFO: ScheduledJobManager completed {"execution_time":"2026-05-16T18:10:01+00:00","duration_ms":5.988,"dispatched":0,"skipped":0} 
[2026-05-16 18:11:01] production.INFO: ScheduledJobManager started {"execution_time":"2026-05-16T18:11:01+00:00"} 
[2026-05-16 18:11:01] production.INFO: ScheduledJobManager completed {"execution_time":"2026-05-16T18:11:01+00:00","duration_ms":12.693,"dispatched":0,"skipped":0} 
[2026-05-16 18:12:01] production.INFO: ScheduledJobManager started {"execution_time":"2026-05-16T18:12:01+00:00"} 
[2026-05-16 18:12:01] production.INFO: ScheduledJobManager completed {"execution_time":"2026-05-16T18:12:01+00:00","duration_ms":11.456,"dispatched":0,"skipped":0} 
[2026-05-16 18:13:01] production.INFO: ScheduledJobManager started {"execution_time":"2026-05-16T18:13:01+00:00"} 
[2026-05-16 18:13:01] production.INFO: ScheduledJobManager completed {"execution_time":"2026-05-16T18:13:01+00:00","duration_ms":12.719,"dispatched":0,"skipped":0} 
[2026-05-16 18:14:01] production.INFO: ScheduledJobManager started {"execution_time":"2026-05-16T18:14:01+00:00"} 
[2026-05-16 18:14:01] production.INFO: ScheduledJobManager completed {"execution_time":"2026-05-16T18:14:01+00:00","duration_ms":11.338,"dispatched":0,"skipped":0} 
[2026-05-16 18:15:02] production.INFO: ScheduledJobManager started {"execution_time":"2026-05-16T18:15:01+00:00"} 
[2026-05-16 18:15:02] production.INFO: ScheduledJobManager completed {"execution_time":"2026-05-16T18:15:01+00:00","duration_ms":12.509,"dispatched":0,"skipped":0} 
[2026-05-16 18:16:01] production.INFO: ScheduledJobManager started {"execution_time":"2026-05-16T18:16:01+00:00"} 
[2026-05-16 18:16:01] production.INFO: ScheduledJobManager completed {"execution_time":"2026-05-16T18:16:01+00:00","duration_ms":11.391,"dispatched":0,"skipped":0} 
[2026-05-16 18:17:01] production.INFO: ScheduledJobManager started {"execution_time":"2026-05-16T18:17:01+00:00"} 
[2026-05-16 18:17:01] production.INFO: ScheduledJobManager completed {"execution_time":"2026-05-16T18:17:01+00:00","duration_ms":12.933,"dispatched":0,"skipped":0} 
[2026-05-16 18:18:01] production.INFO: ScheduledJobManager started {"execution_time":"2026-05-16T18:18:01+00:00"} 
[2026-05-16 18:18:01] production.INFO: ScheduledJobManager completed {"execution_time":"2026-05-16T18:18:01+00:00","duration_ms":6.782,"dispatched":0,"skipped":0} 
[2026-05-16 18:19:01] production.INFO: ScheduledJobManager started {"execution_time":"2026-05-16T18:19:01+00:00"} 
[2026-05-16 18:19:01] production.INFO: ScheduledJobManager completed {"execution_time":"2026-05-16T18:19:01+00:00","duration_ms":13.158,"dispatched":0,"skipped":0} 
[2026-05-16 18:20:01] production.INFO: ScheduledJobManager started {"execution_time":"2026-05-16T18:20:01+00:00"} 
[2026-05-16 18:20:01] production.INFO: ScheduledJobManager completed {"execution_time":"2026-05-16T18:20:01+00:00","duration_ms":5.575,"dispatched":0,"skipped":0} 
[2026-05-16 18:21:01] production.INFO: ScheduledJobManager started {"execution_time":"2026-05-16T18:21:01+00:00"} 
[2026-05-16 18:21:01] production.INFO: ScheduledJobManager completed {"execution_time":"2026-05-16T18:21:01+00:00","duration_ms":11.633,"dispatched":0,"skipped":0} 
[2026-05-16 18:22:01] production.INFO: ScheduledJobManager started {"execution_time":"2026-05-16T18:22:01+00:00"} 
[2026-05-16 18:22:01] production.INFO: ScheduledJobManager completed {"execution_time":"2026-05-16T18:22:01+00:00","duration_ms":11.984,"dispatched":0,"skipped":0} 
[2026-05-16 18:23:01] production.INFO: ScheduledJobManager started {"execution_time":"2026-05-16T18:23:01+00:00"} 
[2026-05-16 18:23:01] production.INFO: ScheduledJobManager completed {"execution_time":"2026-05-16T18:23:01+00:00","duration_ms":11.826,"dispatched":0,"skipped":0} 
[2026-05-16 18:24:01] production.INFO: ScheduledJobManager started {"execution_time":"2026-05-16T18:24:01+00:00"} 
[2026-05-16 18:24:01] production.INFO: ScheduledJobManager completed {"execution_time":"2026-05-16T18:24:01+00:00","duration_ms":12.668,"dispatched":0,"skipped":0} 
[2026-05-16 18:25:01] production.INFO: ScheduledJobManager started {"execution_time":"2026-05-16T18:25:01+00:00"} 
[2026-05-16 18:25:01] production.INFO: ScheduledJobManager completed {"execution_time":"2026-05-16T18:25:01+00:00","duration_ms":12.728,"dispatched":0,"skipped":0} 
[2026-05-16 18:26:01] production.INFO: ScheduledJobManager started {"execution_time":"2026-05-16T18:26:01+00:00"} 
[2026-05-16 18:26:01] production.INFO: ScheduledJobManager completed {"execution_time":"2026-05-16T18:26:01+00:00","duration_ms":12.938,"dispatched":0,"skipped":0} 
[2026-05-16 18:27:01] production.INFO: ScheduledJobManager started {"execution_time":"2026-05-16T18:27:01+00:00"} 
[2026-05-16 18:27:01] production.INFO: ScheduledJobManager completed {"execution_time":"2026-05-16T18:27:01+00:00","duration_ms":11.358,"dispatched":0,"skipped":0} 
[2026-05-16 18:28:01] production.INFO: ScheduledJobManager started {"execution_time":"2026-05-16T18:28:01+00:00"} 
[2026-05-16 18:28:01] production.INFO: ScheduledJobManager completed {"execution_time":"2026-05-16T18:28:01+00:00","duration_ms":11.93,"dispatched":0,"skipped":0} 
[2026-05-16 18:29:02] production.INFO: ScheduledJobManager started {"execution_time":"2026-05-16T18:29:02+00:00"} 
[2026-05-16 18:29:02] production.INFO: ScheduledJobManager completed {"execution_time":"2026-05-16T18:29:02+00:00","duration_ms":13.196,"dispatched":0,"skipped":0} 
[2026-05-16 18:30:02] production.INFO: ScheduledJobManager started {"execution_time":"2026-05-16T18:30:02+00:00"} 
[2026-05-16 18:30:02] production.INFO: ScheduledJobManager completed {"execution_time":"2026-05-16T18:30:02+00:00","duration_ms":13.487,"dispatched":0,"skipped":0} 
[2026-05-16 18:31:01] production.INFO: ScheduledJobManager started {"execution_time":"2026-05-16T18:31:01+00:00"} 
[2026-05-16 18:31:01] production.INFO: ScheduledJobManager completed {"execution_time":"2026-05-16T18:31:01+00:00","duration_ms":12.121,"dispatched":0,"skipped":0} 
[2026-05-16 18:32:01] production.INFO: ScheduledJobManager started {"execution_time":"2026-05-16T18:32:01+00:00"} 
[2026-05-16 18:32:01] production.INFO: ScheduledJobManager completed {"execution_time":"2026-05-16T18:32:01+00:00","duration_ms":5.347,"dispatched":0,"skipped":0} 
[2026-05-16 18:33:01] production.INFO: ScheduledJobManager started {"execution_time":"2026-05-16T18:33:01+00:00"} 
[2026-05-16 18:33:01] production.INFO: ScheduledJobManager completed {"execution_time":"2026-05-16T18:33:01+00:00","duration_ms":12.741,"dispatched":0,"skipped":0} 
[2026-05-16 18:34:01] production.INFO: ScheduledJobManager started {"execution_time":"2026-05-16T18:34:01+00:00"} 
[2026-05-16 18:34:01] production.INFO: ScheduledJobManager completed {"execution_time":"2026-05-16T18:34:01+00:00","duration_ms":12.69,"dispatched":0,"skipped":0} 
[2026-05-16 18:35:01] production.INFO: ScheduledJobManager started {"execution_time":"2026-05-16T18:35:01+00:00"} 
[2026-05-16 18:35:01] production.INFO: ScheduledJobManager completed {"execution_time":"2026-05-16T18:35:01+00:00","duration_ms":4.279,"dispatched":0,"skipped":0} 
[2026-05-16 18:36:01] production.INFO: ScheduledJobManager started {"execution_time":"2026-05-16T18:36:01+00:00"} 
[2026-05-16 18:36:01] production.INFO: ScheduledJobManager completed {"execution_time":"2026-05-16T18:36:01+00:00","duration_ms":18.569,"dispatched":0,"skipped":0} 
[2026-05-16 18:37:01] production.INFO: ScheduledJobManager started {"execution_time":"2026-05-16T18:37:01+00:00"} 
[2026-05-16 18:37:01] production.INFO: ScheduledJobManager completed {"execution_time":"2026-05-16T18:37:01+00:00","duration_ms":12.729,"dispatched":0,"skipped":0} 
[2026-05-16 18:38:01] production.INFO: ScheduledJobManager started {"execution_time":"2026-05-16T18:38:01+00:00"} 
[2026-05-16 18:38:01] production.INFO: ScheduledJobManager completed {"execution_time":"2026-05-16T18:38:01+00:00","duration_ms":11.158,"dispatched":0,"skipped":0} 
[2026-05-16 18:39:01] production.INFO: ScheduledJobManager started {"execution_time":"2026-05-16T18:39:01+00:00"} 
[2026-05-16 18:39:01] production.INFO: ScheduledJobManager completed {"execution_time":"2026-05-16T18:39:01+00:00","duration_ms":13.361,"dispatched":0,"skipped":0} 
[2026-05-16 18:40:01] production.INFO: ScheduledJobManager started {"execution_time":"2026-05-16T18:40:01+00:00"} 
[2026-05-16 18:40:01] production.INFO: ScheduledJobManager completed {"execution_time":"2026-05-16T18:40:01+00:00","duration_ms":6.227,"dispatched":0,"skipped":0} 
[2026-05-16 18:41:01] production.INFO: ScheduledJobManager started {"execution_time":"2026-05-16T18:41:01+00:00"} 
[2026-05-16 18:41:01] production.INFO: ScheduledJobManager completed {"execution_time":"2026-05-16T18:41:01+00:00","duration_ms":12.507,"dispatched":0,"skipped":0} 
[2026-05-16 18:42:01] production.INFO: ScheduledJobManager started {"execution_time":"2026-05-16T18:42:01+00:00"} 
[2026-05-16 18:42:01] production.INFO: ScheduledJobManager completed {"execution_time":"2026-05-16T18:42:01+00:00","duration_ms":12.424,"dispatched":0,"skipped":0} 
[2026-05-16 18:43:01] production.INFO: ScheduledJobManager started {"execution_time":"2026-05-16T18:43:01+00:00"} 
[2026-05-16 18:43:01] production.INFO: ScheduledJobManager completed {"execution_time":"2026-05-16T18:43:01+00:00","duration_ms":11.913,"dispatched":0,"skipped":0} 
[2026-05-16 18:44:01] production.INFO: ScheduledJobManager started {"execution_time":"2026-05-16T18:44:01+00:00"} 
[2026-05-16 18:44:02] production.INFO: ScheduledJobManager completed {"execution_time":"2026-05-16T18:44:01+00:00","duration_ms":12.763,"dispatched":0,"skipped":0} 
[2026-05-16 18:45:02] production.INFO: ScheduledJobManager started {"execution_time":"2026-05-16T18:45:02+00:00"} 
[2026-05-16 18:45:02] production.INFO: ScheduledJobManager completed {"execution_time":"2026-05-16T18:45:02+00:00","duration_ms":12.867,"dispatched":0,"skipped":0} 
[2026-05-16 18:46:01] production.INFO: ScheduledJobManager started {"execution_time":"2026-05-16T18:46:01+00:00"} 
[2026-05-16 18:46:01] production.INFO: ScheduledJobManager completed {"execution_time":"2026-05-16T18:46:01+00:00","duration_ms":12.563,"dispatched":0,"skipped":0} 
[2026-05-16 18:47:01] production.INFO: ScheduledJobManager started {"execution_time":"2026-05-16T18:47:01+00:00"} 
[2026-05-16 18:47:01] production.INFO: ScheduledJobManager completed {"execution_time":"2026-05-16T18:47:01+00:00","duration_ms":11.787,"dispatched":0,"skipped":0} 
[2026-05-16 18:48:01] production.INFO: ScheduledJobManager started {"execution_time":"2026-05-16T18:48:01+00:00"} 
[2026-05-16 18:48:01] production.INFO: ScheduledJobManager completed {"execution_time":"2026-05-16T18:48:01+00:00","duration_ms":6.254,"dispatched":0,"skipped":0} 
[2026-05-16 18:49:01] production.INFO: ScheduledJobManager started {"execution_time":"2026-05-16T18:49:01+00:00"} 
[2026-05-16 18:49:01] production.INFO: ScheduledJobManager completed {"execution_time":"2026-05-16T18:49:01+00:00","duration_ms":15.764,"dispatched":0,"skipped":0} 
[2026-05-16 18:50:01] production.INFO: ScheduledJobManager started {"execution_time":"2026-05-16T18:50:01+00:00"} 
[2026-05-16 18:50:01] production.INFO: ScheduledJobManager completed {"execution_time":"2026-05-16T18:50:01+00:00","duration_ms":5.495,"dispatched":0,"skipped":0} 
[2026-05-16 18:51:01] production.INFO: ScheduledJobManager started {"execution_time":"2026-05-16T18:51:01+00:00"} 
[2026-05-16 18:51:01] production.INFO: ScheduledJobManager completed {"execution_time":"2026-05-16T18:51:01+00:00","duration_ms":12.749,"dispatched":0,"skipped":0} 
[2026-05-16 18:52:01] production.INFO: ScheduledJobManager started {"execution_time":"2026-05-16T18:52:01+00:00"} 
[2026-05-16 18:52:01] production.INFO: ScheduledJobManager completed {"execution_time":"2026-05-16T18:52:01+00:00","duration_ms":12.944,"dispatched":0,"skipped":0} 
[2026-05-16 18:53:01] production.INFO: ScheduledJobManager started {"execution_time":"2026-05-16T18:53:01+00:00"} 
[2026-05-16 18:53:01] production.INFO: ScheduledJobManager completed {"execution_time":"2026-05-16T18:53:01+00:00","duration_ms":12.637,"dispatched":0,"skipped":0} 
[2026-05-16 18:54:01] production.INFO: ScheduledJobManager started {"execution_time":"2026-05-16T18:54:01+00:00"} 
[2026-05-16 18:54:01] production.INFO: ScheduledJobManager completed {"execution_time":"2026-05-16T18:54:01+00:00","duration_ms":38.41,"dispatched":0,"skipped":0} 
[2026-05-16 18:55:01] production.INFO: ScheduledJobManager started {"execution_time":"2026-05-16T18:55:01+00:00"} 
[2026-05-16 18:55:01] production.INFO: ScheduledJobManager completed {"execution_time":"2026-05-16T18:55:01+00:00","duration_ms":13.095,"dispatched":0,"skipped":0} 
[2026-05-16 18:56:01] production.INFO: ScheduledJobManager started {"execution_time":"2026-05-16T18:56:01+00:00"} 
[2026-05-16 18:56:01] production.INFO: ScheduledJobManager completed {"execution_time":"2026-05-16T18:56:01+00:00","duration_ms":12.86,"dispatched":0,"skipped":0} 
[2026-05-16 18:57:01] production.INFO: ScheduledJobManager started {"execution_time":"2026-05-16T18:57:01+00:00"} 
[2026-05-16 18:57:01] production.INFO: ScheduledJobManager completed {"execution_time":"2026-05-16T18:57:01+00:00","duration_ms":12.747,"dispatched":0,"skipped":0} 
[2026-05-16 18:58:01] production.INFO: ScheduledJobManager started {"execution_time":"2026-05-16T18:58:01+00:00"} 
[2026-05-16 18:58:01] production.INFO: ScheduledJobManager completed {"execution_time":"2026-05-16T18:58:01+00:00","duration_ms":12.977,"dispatched":0,"skipped":0} 
[2026-05-16 18:59:02] production.INFO: ScheduledJobManager started {"execution_time":"2026-05-16T18:59:01+00:00"} 
[2026-05-16 18:59:02] production.INFO: ScheduledJobManager completed {"execution_time":"2026-05-16T18:59:01+00:00","duration_ms":12.597,"dispatched":0,"skipped":0} 
[2026-05-16 19:00:02] production.INFO: ScheduledJobManager started {"execution_time":"2026-05-16T19:00:02+00:00"} 
[2026-05-16 19:00:02] production.INFO: ScheduledJobManager completed {"execution_time":"2026-05-16T19:00:02+00:00","duration_ms":4.885,"dispatched":0,"skipped":0} 
[2026-05-16 19:01:01] production.INFO: ScheduledJobManager started {"execution_time":"2026-05-16T19:01:01+00:00"} 
[2026-05-16 19:01:01] production.INFO: ScheduledJobManager completed {"execution_time":"2026-05-16T19:01:01+00:00","duration_ms":12.888,"dispatched":0,"skipped":0} 
[2026-05-16 19:02:01] production.INFO: ScheduledJobManager started {"execution_time":"2026-05-16T19:02:01+00:00"} 
[2026-05-16 19:02:01] production.INFO: ScheduledJobManager completed {"execution_time":"2026-05-16T19:02:01+00:00","duration_ms":6.47,"dispatched":0,"skipped":0} 
[2026-05-16 19:03:01] production.INFO: ScheduledJobManager started {"execution_time":"2026-05-16T19:03:01+00:00"} 
[2026-05-16 19:03:01] production.INFO: ScheduledJobManager completed {"execution_time":"2026-05-16T19:03:01+00:00","duration_ms":12.897,"dispatched":0,"skipped":0} 
[2026-05-16 19:04:01] production.INFO: ScheduledJobManager started {"execution_time":"2026-05-16T19:04:01+00:00"} 
[2026-05-16 19:04:01] production.INFO: ScheduledJobManager completed {"execution_time":"2026-05-16T19:04:01+00:00","duration_ms":12.331,"dispatched":0,"skipped":0} 
[2026-05-16 19:05:01] production.INFO: ScheduledJobManager started {"execution_time":"2026-05-16T19:05:01+00:00"} 
[2026-05-16 19:05:01] production.INFO: ScheduledJobManager completed {"execution_time":"2026-05-16T19:05:01+00:00","duration_ms":3.677,"dispatched":0,"skipped":0} 
[2026-05-16 19:06:01] production.INFO: ScheduledJobManager started {"execution_time":"2026-05-16T19:06:01+00:00"} 
[2026-05-16 19:06:01] production.INFO: ScheduledJobManager completed {"execution_time":"2026-05-16T19:06:01+00:00","duration_ms":12.833,"dispatched":0,"skipped":0} 
[2026-05-16 19:07:01] production.INFO: ScheduledJobManager started {"execution_time":"2026-05-16T19:07:01+00:00"} 
[2026-05-16 19:07:01] production.INFO: ScheduledJobManager completed {"execution_time":"2026-05-16T19:07:01+00:00","duration_ms":12.545,"dispatched":0,"skipped":0} 
[2026-05-16 19:08:01] production.INFO: ScheduledJobManager started {"execution_time":"2026-05-16T19:08:01+00:00"} 
[2026-05-16 19:08:01] production.INFO: ScheduledJobManager completed {"execution_time":"2026-05-16T19:08:01+00:00","duration_ms":12.838,"dispatched":0,"skipped":0} 
[2026-05-16 19:09:01] production.INFO: ScheduledJobManager started {"execution_time":"2026-05-16T19:09:01+00:00"} 
[2026-05-16 19:09:01] production.INFO: ScheduledJobManager completed {"execution_time":"2026-05-16T19:09:01+00:00","duration_ms":12.681,"dispatched":0,"skipped":0} 
[2026-05-16 19:10:01] production.INFO: ScheduledJobManager started {"execution_time":"2026-05-16T19:10:01+00:00"} 
[2026-05-16 19:10:01] production.INFO: ScheduledJobManager completed {"execution_time":"2026-05-16T19:10:01+00:00","duration_ms":11.945,"dispatched":0,"skipped":0} 
[2026-05-16 19:11:01] production.INFO: ScheduledJobManager started {"execution_time":"2026-05-16T19:11:01+00:00"} 
[2026-05-16 19:11:01] production.INFO: ScheduledJobManager completed {"execution_time":"2026-05-16T19:11:01+00:00","duration_ms":12.341,"dispatched":0,"skipped":0} 
[2026-05-16 19:12:01] production.INFO: ScheduledJobManager started {"execution_time":"2026-05-16T19:12:01+00:00"} 
[2026-05-16 19:12:01] production.INFO: ScheduledJobManager completed {"execution_time":"2026-05-16T19:12:01+00:00","duration_ms":12.824,"dispatched":0,"skipped":0} 
[2026-05-16 19:13:01] production.INFO: ScheduledJobManager started {"execution_time":"2026-05-16T19:13:01+00:00"} 
[2026-05-16 19:13:01] production.INFO: ScheduledJobManager completed {"execution_time":"2026-05-16T19:13:01+00:00","duration_ms":12.462,"dispatched":0,"skipped":0} 
[2026-05-16 19:14:02] production.INFO: ScheduledJobManager started {"execution_time":"2026-05-16T19:14:02+00:00"} 
[2026-05-16 19:14:02] production.INFO: ScheduledJobManager completed {"execution_time":"2026-05-16T19:14:02+00:00","duration_ms":12.514,"dispatched":0,"skipped":0} 
[2026-05-16 19:15:02] production.INFO: ScheduledJobManager started {"execution_time":"2026-05-16T19:15:02+00:00"} 
[2026-05-16 19:15:02] production.INFO: ScheduledJobManager completed {"execution_time":"2026-05-16T19:15:02+00:00","duration_ms":13.017,"dispatched":0,"skipped":0} 
[2026-05-16 19:16:01] production.INFO: ScheduledJobManager started {"execution_time":"2026-05-16T19:16:01+00:00"} 
[2026-05-16 19:16:01] production.INFO: ScheduledJobManager completed {"execution_time":"2026-05-16T19:16:01+00:00","duration_ms":11.269,"dispatched":0,"skipped":0} 
[2026-05-16 19:17:01] production.INFO: ScheduledJobManager started {"execution_time":"2026-05-16T19:17:01+00:00"} 
[2026-05-16 19:17:01] production.INFO: ScheduledJobManager completed {"execution_time":"2026-05-16T19:17:01+00:00","duration_ms":12.16,"dispatched":0,"skipped":0} 
[2026-05-16 19:18:01] production.INFO: ScheduledJobManager started {"execution_time":"2026-05-16T19:18:01+00:00"} 
[2026-05-16 19:18:01] production.INFO: ScheduledJobManager completed {"execution_time":"2026-05-16T19:18:01+00:00","duration_ms":5.825,"dispatched":0,"skipped":0} 
[2026-05-16 19:19:01] production.INFO: ScheduledJobManager started {"execution_time":"2026-05-16T19:19:01+00:00"} 
[2026-05-16 19:19:01] production.INFO: ScheduledJobManager completed {"execution_time":"2026-05-16T19:19:01+00:00","duration_ms":12.495,"dispatched":0,"skipped":0} 
[2026-05-16 19:20:01] production.INFO: ScheduledJobManager started {"execution_time":"2026-05-16T19:20:01+00:00"} 
[2026-05-16 19:20:01] production.INFO: ScheduledJobManager completed {"execution_time":"2026-05-16T19:20:01+00:00","duration_ms":4.963,"dispatched":0,"skipped":0} 
[2026-05-16 19:21:01] production.INFO: ScheduledJobManager started {"execution_time":"2026-05-16T19:21:01+00:00"} 
[2026-05-16 19:21:01] production.INFO: ScheduledJobManager completed {"execution_time":"2026-05-16T19:21:01+00:00","duration_ms":11.86,"dispatched":0,"skipped":0} 
[2026-05-16 19:22:01] production.INFO: ScheduledJobManager started {"execution_time":"2026-05-16T19:22:01+00:00"} 
[2026-05-16 19:22:01] production.INFO: ScheduledJobManager completed {"execution_time":"2026-05-16T19:22:01+00:00","duration_ms":12.863,"dispatched":0,"skipped":0} 
[2026-05-16 19:23:01] production.INFO: ScheduledJobManager started {"execution_time":"2026-05-16T19:23:01+00:00"} 
[2026-05-16 19:23:01] production.INFO: ScheduledJobManager completed {"execution_time":"2026-05-16T19:23:01+00:00","duration_ms":12.977,"dispatched":0,"skipped":0} 
[2026-05-16 19:24:01] production.INFO: ScheduledJobManager started {"execution_time":"2026-05-16T19:24:01+00:00"} 
[2026-05-16 19:24:01] production.INFO: ScheduledJobManager completed {"execution_time":"2026-05-16T19:24:01+00:00","duration_ms":12.803,"dispatched":0,"skipped":0} 
[2026-05-16 19:25:01] production.INFO: ScheduledJobManager started {"execution_time":"2026-05-16T19:25:01+00:00"} 
[2026-05-16 19:25:01] production.INFO: ScheduledJobManager completed {"execution_time":"2026-05-16T19:25:01+00:00","duration_ms":12.69,"dispatched":0,"skipped":0} 
[2026-05-16 19:26:01] production.INFO: ScheduledJobManager started {"execution_time":"2026-05-16T19:26:01+00:00"} 
[2026-05-16 19:26:01] production.INFO: ScheduledJobManager completed {"execution_time":"2026-05-16T19:26:01+00:00","duration_ms":11.784,"dispatched":0,"skipped":0} 
[2026-05-16 19:27:01] production.INFO: ScheduledJobManager started {"execution_time":"2026-05-16T19:27:01+00:00"} 
[2026-05-16 19:27:01] production.INFO: ScheduledJobManager completed {"execution_time":"2026-05-16T19:27:01+00:00","duration_ms":11.771,"dispatched":0,"skipped":0} 
[2026-05-16 19:28:01] production.INFO: ScheduledJobManager started {"execution_time":"2026-05-16T19:28:01+00:00"} 
[2026-05-16 19:28:01] production.INFO: ScheduledJobManager completed {"execution_time":"2026-05-16T19:28:01+00:00","duration_ms":11.189,"dispatched":0,"skipped":0} 
[2026-05-16 19:29:01] production.INFO: ScheduledJobManager started {"execution_time":"2026-05-16T19:29:01+00:00"} 
[2026-05-16 19:29:01] production.INFO: ScheduledJobManager completed {"execution_time":"2026-05-16T19:29:01+00:00","duration_ms":11.149,"dispatched":0,"skipped":0} 
[2026-05-16 19:30:01] production.INFO: ScheduledJobManager started {"execution_time":"2026-05-16T19:30:01+00:00"} 
[2026-05-16 19:30:01] production.INFO: ScheduledJobManager completed {"execution_time":"2026-05-16T19:30:01+00:00","duration_ms":5.218,"dispatched":0,"skipped":0} 
[2026-05-16 19:31:01] production.INFO: ScheduledJobManager started {"execution_time":"2026-05-16T19:31:01+00:00"} 
[2026-05-16 19:31:01] production.INFO: ScheduledJobManager completed {"execution_time":"2026-05-16T19:31:01+00:00","duration_ms":13.158,"dispatched":0,"skipped":0} 
[2026-05-16 19:32:01] production.INFO: ScheduledJobManager started {"execution_time":"2026-05-16T19:32:01+00:00"} 
[2026-05-16 19:32:01] production.INFO: ScheduledJobManager completed {"execution_time":"2026-05-16T19:32:01+00:00","duration_ms":11.465,"dispatched":0,"skipped":0} 
[2026-05-16 19:33:01] production.INFO: ScheduledJobManager started {"execution_time":"2026-05-16T19:33:01+00:00"} 
[2026-05-16 19:33:01] production.INFO: ScheduledJobManager completed {"execution_time":"2026-05-16T19:33:01+00:00","duration_ms":19.296,"dispatched":0,"skipped":0} 
[2026-05-16 19:34:01] production.INFO: ScheduledJobManager started {"execution_time":"2026-05-16T19:34:01+00:00"} 
[2026-05-16 19:34:01] production.INFO: ScheduledJobManager completed {"execution_time":"2026-05-16T19:34:01+00:00","duration_ms":11.484,"dispatched":0,"skipped":0} 
[2026-05-16 19:35:01] production.INFO: ScheduledJobManager started {"execution_time":"2026-05-16T19:35:01+00:00"} 
[2026-05-16 19:35:01] production.INFO: ScheduledJobManager completed {"execution_time":"2026-05-16T19:35:01+00:00","duration_ms":3.733,"dispatched":0,"skipped":0} 
[2026-05-16 19:36:01] production.INFO: ScheduledJobManager started {"execution_time":"2026-05-16T19:36:01+00:00"} 
[2026-05-16 19:36:01] production.INFO: ScheduledJobManager completed {"execution_time":"2026-05-16T19:36:01+00:00","duration_ms":11.031,"dispatched":0,"skipped":0} 
[2026-05-16 19:37:01] production.INFO: ScheduledJobManager started {"execution_time":"2026-05-16T19:37:01+00:00"} 
[2026-05-16 19:37:01] production.INFO: ScheduledJobManager completed {"execution_time":"2026-05-16T19:37:01+00:00","duration_ms":11.543,"dispatched":0,"skipped":0} 
[2026-05-16 19:38:01] production.INFO: ScheduledJobManager started {"execution_time":"2026-05-16T19:38:01+00:00"} 
[2026-05-16 19:38:01] production.INFO: ScheduledJobManager completed {"execution_time":"2026-05-16T19:38:01+00:00","duration_ms":12.0,"dispatched":0,"skipped":0} 
[2026-05-16 19:39:01] production.INFO: ScheduledJobManager started {"execution_time":"2026-05-16T19:39:01+00:00"} 
[2026-05-16 19:39:01] production.INFO: ScheduledJobManager completed {"execution_time":"2026-05-16T19:39:01+00:00","duration_ms":13.115,"dispatched":0,"skipped":0} 
[2026-05-16 19:40:01] production.INFO: ScheduledJobManager started {"execution_time":"2026-05-16T19:40:01+00:00"} 
[2026-05-16 19:40:01] production.INFO: ScheduledJobManager completed {"execution_time":"2026-05-16T19:40:01+00:00","duration_ms":5.237,"dispatched":0,"skipped":0} 
[2026-05-16 19:41:01] production.INFO: ScheduledJobManager started {"execution_time":"2026-05-16T19:41:01+00:00"} 
[2026-05-16 19:41:01] production.INFO: ScheduledJobManager completed {"execution_time":"2026-05-16T19:41:01+00:00","duration_ms":11.877,"dispatched":0,"skipped":0} 
[2026-05-16 19:42:01] production.INFO: ScheduledJobManager started {"execution_time":"2026-05-16T19:42:01+00:00"} 
[2026-05-16 19:42:01] production.INFO: ScheduledJobManager completed {"execution_time":"2026-05-16T19:42:01+00:00","duration_ms":11.665,"dispatched":0,"skipped":0} 
[2026-05-16 19:43:01] production.INFO: ScheduledJobManager started {"execution_time":"2026-05-16T19:43:01+00:00"} 
[2026-05-16 19:43:01] production.INFO: ScheduledJobManager completed {"execution_time":"2026-05-16T19:43:01+00:00","duration_ms":11.389,"dispatched":0,"skipped":0} 
[2026-05-16 19:44:01] production.INFO: ScheduledJobManager started {"execution_time":"2026-05-16T19:44:01+00:00"} 
[2026-05-16 19:44:01] production.INFO: ScheduledJobManager completed {"execution_time":"2026-05-16T19:44:01+00:00","duration_ms":12.481,"dispatched":0,"skipped":0} 
[2026-05-16 19:45:01] production.INFO: ScheduledJobManager started {"execution_time":"2026-05-16T19:45:01+00:00"} 
[2026-05-16 19:45:01] production.INFO: ScheduledJobManager completed {"execution_time":"2026-05-16T19:45:01+00:00","duration_ms":4.323,"dispatched":0,"skipped":0} 
[2026-05-16 19:46:01] production.INFO: ScheduledJobManager started {"execution_time":"2026-05-16T19:46:01+00:00"} 
[2026-05-16 19:46:01] production.INFO: ScheduledJobManager completed {"execution_time":"2026-05-16T19:46:01+00:00","duration_ms":12.486,"dispatched":0,"skipped":0} 
[2026-05-16 19:47:01] production.INFO: ScheduledJobManager started {"execution_time":"2026-05-16T19:47:01+00:00"} 
[2026-05-16 19:47:01] production.INFO: ScheduledJobManager completed {"execution_time":"2026-05-16T19:47:01+00:00","duration_ms":13.029,"dispatched":0,"skipped":0} 
[2026-05-16 19:48:01] production.INFO: ScheduledJobManager started {"execution_time":"2026-05-16T19:48:01+00:00"} 
[2026-05-16 19:48:01] production.INFO: ScheduledJobManager completed {"execution_time":"2026-05-16T19:48:01+00:00","duration_ms":12.893,"dispatched":0,"skipped":0} 
[2026-05-16 19:49:01] production.INFO: ScheduledJobManager started {"execution_time":"2026-05-16T19:49:01+00:00"} 
[2026-05-16 19:49:01] production.INFO: ScheduledJobManager completed {"execution_time":"2026-05-16T19:49:01+00:00","duration_ms":12.674,"dispatched":0,"skipped":0} 
[2026-05-16 19:50:01] production.INFO: ScheduledJobManager started {"execution_time":"2026-05-16T19:50:01+00:00"} 
[2026-05-16 19:50:01] production.INFO: ScheduledJobManager completed {"execution_time":"2026-05-16T19:50:01+00:00","duration_ms":4.345,"dispatched":0,"skipped":0} 
[2026-05-16 19:51:01] production.INFO: ScheduledJobManager started {"execution_time":"2026-05-16T19:51:01+00:00"} 
[2026-05-16 19:51:01] production.INFO: ScheduledJobManager completed {"execution_time":"2026-05-16T19:51:01+00:00","duration_ms":12.859,"dispatched":0,"skipped":0} 
[2026-05-16 19:52:01] production.INFO: ScheduledJobManager started {"execution_time":"2026-05-16T19:52:01+00:00"} 
[2026-05-16 19:52:01] production.INFO: ScheduledJobManager completed {"execution_time":"2026-05-16T19:52:01+00:00","duration_ms":11.597,"dispatched":0,"skipped":0} 
[2026-05-16 19:53:01] production.INFO: ScheduledJobManager started {"execution_time":"2026-05-16T19:53:01+00:00"} 
[2026-05-16 19:53:01] production.INFO: ScheduledJobManager completed {"execution_time":"2026-05-16T19:53:01+00:00","duration_ms":11.594,"dispatched":0,"skipped":0} 
[2026-05-16 19:54:01] production.INFO: ScheduledJobManager started {"execution_time":"2026-05-16T19:54:01+00:00"} 
[2026-05-16 19:54:01] production.INFO: ScheduledJobManager completed {"execution_time":"2026-05-16T19:54:01+00:00","duration_ms":11.473,"dispatched":0,"skipped":0} 
[2026-05-16 19:55:01] production.INFO: ScheduledJobManager started {"execution_time":"2026-05-16T19:55:01+00:00"} 
[2026-05-16 19:55:01] production.INFO: ScheduledJobManager completed {"execution_time":"2026-05-16T19:55:01+00:00","duration_ms":13.033,"dispatched":0,"skipped":0} 
[2026-05-16 19:56:01] production.INFO: ScheduledJobManager started {"execution_time":"2026-05-16T19:56:01+00:00"} 
[2026-05-16 19:56:01] production.INFO: ScheduledJobManager completed {"execution_time":"2026-05-16T19:56:01+00:00","duration_ms":12.748,"dispatched":0,"skipped":0} 
[2026-05-16 19:57:01] production.INFO: ScheduledJobManager started {"execution_time":"2026-05-16T19:57:01+00:00"} 
[2026-05-16 19:57:01] production.INFO: ScheduledJobManager completed {"execution_time":"2026-05-16T19:57:01+00:00","duration_ms":13.156,"dispatched":0,"skipped":0} 
[2026-05-16 19:58:02] production.INFO: ScheduledJobManager started {"execution_time":"2026-05-16T19:58:02+00:00"} 
[2026-05-16 19:58:02] production.INFO: ScheduledJobManager completed {"execution_time":"2026-05-16T19:58:02+00:00","duration_ms":12.991,"dispatched":0,"skipped":0} 
[2026-05-16 19:59:01] production.INFO: ScheduledJobManager started {"execution_time":"2026-05-16T19:59:01+00:00"} 
[2026-05-16 19:59:01] production.INFO: ScheduledJobManager completed {"execution_time":"2026-05-16T19:59:01+00:00","duration_ms":12.975,"dispatched":0,"skipped":0} 
[2026-05-16 20:00:02] production.INFO: ScheduledJobManager started {"execution_time":"2026-05-16T20:00:02+00:00"} 
[2026-05-16 20:00:02] production.INFO: ScheduledJobManager completed {"execution_time":"2026-05-16T20:00:02+00:00","duration_ms":17.322,"dispatched":0,"skipped":0} 
[2026-05-16 20:01:01] production.INFO: ScheduledJobManager started {"execution_time":"2026-05-16T20:01:01+00:00"} 
[2026-05-16 20:01:01] production.INFO: ScheduledJobManager completed {"execution_time":"2026-05-16T20:01:01+00:00","duration_ms":11.475,"dispatched":0,"skipped":0} 
[2026-05-16 20:02:01] production.INFO: ScheduledJobManager started {"execution_time":"2026-05-16T20:02:01+00:00"} 
[2026-05-16 20:02:01] production.INFO: ScheduledJobManager completed {"execution_time":"2026-05-16T20:02:01+00:00","duration_ms":6.074,"dispatched":0,"skipped":0} 
[2026-05-16 20:03:01] production.INFO: ScheduledJobManager started {"execution_time":"2026-05-16T20:03:01+00:00"} 
[2026-05-16 20:03:01] production.INFO: ScheduledJobManager completed {"execution_time":"2026-05-16T20:03:01+00:00","duration_ms":12.554,"dispatched":0,"skipped":0} 
[2026-05-16 20:04:01] production.INFO: ScheduledJobManager started {"execution_time":"2026-05-16T20:04:01+00:00"} 
[2026-05-16 20:04:01] production.INFO: ScheduledJobManager completed {"execution_time":"2026-05-16T20:04:01+00:00","duration_ms":11.03,"dispatched":0,"skipped":0} 
[2026-05-16 20:05:01] production.INFO: ScheduledJobManager started {"execution_time":"2026-05-16T20:05:01+00:00"} 
[2026-05-16 20:05:01] production.INFO: ScheduledJobManager completed {"execution_time":"2026-05-16T20:05:01+00:00","duration_ms":3.704,"dispatched":0,"skipped":0} 
[2026-05-16 20:06:01] production.INFO: ScheduledJobManager started {"execution_time":"2026-05-16T20:06:01+00:00"} 
[2026-05-16 20:06:01] production.INFO: ScheduledJobManager completed {"execution_time":"2026-05-16T20:06:01+00:00","duration_ms":11.251,"dispatched":0,"skipped":0} 
[2026-05-16 20:07:01] production.INFO: ScheduledJobManager started {"execution_time":"2026-05-16T20:07:01+00:00"} 
[2026-05-16 20:07:01] production.INFO: ScheduledJobManager completed {"execution_time":"2026-05-16T20:07:01+00:00","duration_ms":12.803,"dispatched":0,"skipped":0} 
[2026-05-16 20:08:01] production.INFO: ScheduledJobManager started {"execution_time":"2026-05-16T20:08:01+00:00"} 
[2026-05-16 20:08:01] production.INFO: ScheduledJobManager completed {"execution_time":"2026-05-16T20:08:01+00:00","duration_ms":12.196,"dispatched":0,"skipped":0} 
[2026-05-16 20:09:01] production.INFO: ScheduledJobManager started {"execution_time":"2026-05-16T20:09:01+00:00"} 
[2026-05-16 20:09:01] production.INFO: ScheduledJobManager completed {"execution_time":"2026-05-16T20:09:01+00:00","duration_ms":12.841,"dispatched":0,"skipped":0} 
[2026-05-16 20:10:01] production.INFO: ScheduledJobManager started {"execution_time":"2026-05-16T20:10:01+00:00"} 
[2026-05-16 20:10:01] production.INFO: ScheduledJobManager completed {"execution_time":"2026-05-16T20:10:01+00:00","duration_ms":12.294,"dispatched":0,"skipped":0} 
[2026-05-16 20:11:01] production.INFO: ScheduledJobManager started {"execution_time":"2026-05-16T20:11:01+00:00"} 
[2026-05-16 20:11:01] production.INFO: ScheduledJobManager completed {"execution_time":"2026-05-16T20:11:01+00:00","duration_ms":11.905,"dispatched":0,"skipped":0} 
[2026-05-16 20:12:01] production.INFO: ScheduledJobManager started {"execution_time":"2026-05-16T20:12:01+00:00"} 
[2026-05-16 20:12:01] production.INFO: ScheduledJobManager completed {"execution_time":"2026-05-16T20:12:01+00:00","duration_ms":13.022,"dispatched":0,"skipped":0} 
[2026-05-16 20:13:01] production.INFO: ScheduledJobManager started {"execution_time":"2026-05-16T20:13:01+00:00"} 
[2026-05-16 20:13:01] production.INFO: ScheduledJobManager completed {"execution_time":"2026-05-16T20:13:01+00:00","duration_ms":12.604,"dispatched":0,"skipped":0} 
[2026-05-16 20:14:01] production.INFO: ScheduledJobManager started {"execution_time":"2026-05-16T20:14:01+00:00"} 
[2026-05-16 20:14:01] production.INFO: ScheduledJobManager completed {"execution_time":"2026-05-16T20:14:01+00:00","duration_ms":12.99,"dispatched":0,"skipped":0} 
[2026-05-16 20:15:01] production.INFO: ScheduledJobManager started {"execution_time":"2026-05-16T20:15:01+00:00"} 
[2026-05-16 20:15:01] production.INFO: ScheduledJobManager completed {"execution_time":"2026-05-16T20:15:01+00:00","duration_ms":4.181,"dispatched":0,"skipped":0} 
[2026-05-16 20:16:01] production.INFO: ScheduledJobManager started {"execution_time":"2026-05-16T20:16:01+00:00"} 
[2026-05-16 20:16:01] production.INFO: ScheduledJobManager completed {"execution_time":"2026-05-16T20:16:01+00:00","duration_ms":12.918,"dispatched":0,"skipped":0} 
[2026-05-16 20:17:01] production.INFO: ScheduledJobManager started {"execution_time":"2026-05-16T20:17:01+00:00"} 
[2026-05-16 20:17:01] production.INFO: ScheduledJobManager completed {"execution_time":"2026-05-16T20:17:01+00:00","duration_ms":12.619,"dispatched":0,"skipped":0} 
[2026-05-16 20:18:01] production.INFO: ScheduledJobManager started {"execution_time":"2026-05-16T20:18:01+00:00"} 
[2026-05-16 20:18:01] production.INFO: ScheduledJobManager completed {"execution_time":"2026-05-16T20:18:01+00:00","duration_ms":9.353,"dispatched":0,"skipped":0} 
[2026-05-16 20:19:01] production.INFO: ScheduledJobManager started {"execution_time":"2026-05-16T20:19:01+00:00"} 
[2026-05-16 20:19:01] production.INFO: ScheduledJobManager completed {"execution_time":"2026-05-16T20:19:01+00:00","duration_ms":12.711,"dispatched":0,"skipped":0} 
[2026-05-16 20:20:01] production.INFO: ScheduledJobManager started {"execution_time":"2026-05-16T20:20:01+00:00"} 
[2026-05-16 20:20:01] production.INFO: ScheduledJobManager completed {"execution_time":"2026-05-16T20:20:01+00:00","duration_ms":4.292,"dispatched":0,"skipped":0} 
[2026-05-16 20:21:01] production.INFO: ScheduledJobManager started {"execution_time":"2026-05-16T20:21:01+00:00"} 
[2026-05-16 20:21:01] production.INFO: ScheduledJobManager completed {"execution_time":"2026-05-16T20:21:01+00:00","duration_ms":12.944,"dispatched":0,"skipped":0} 
[2026-05-16 20:22:01] production.INFO: ScheduledJobManager started {"execution_time":"2026-05-16T20:22:01+00:00"} 
[2026-05-16 20:22:01] production.INFO: ScheduledJobManager completed {"execution_time":"2026-05-16T20:22:01+00:00","duration_ms":12.973,"dispatched":0,"skipped":0} 
[2026-05-16 20:23:01] production.INFO: ScheduledJobManager started {"execution_time":"2026-05-16T20:23:01+00:00"} 
[2026-05-16 20:23:01] production.INFO: ScheduledJobManager completed {"execution_time":"2026-05-16T20:23:01+00:00","duration_ms":11.748,"dispatched":0,"skipped":0} 
[2026-05-16 20:24:01] production.INFO: ScheduledJobManager started {"execution_time":"2026-05-16T20:24:01+00:00"} 
[2026-05-16 20:24:01] production.INFO: ScheduledJobManager completed {"execution_time":"2026-05-16T20:24:01+00:00","duration_ms":12.75,"dispatched":0,"skipped":0} 
[2026-05-16 20:25:01] production.INFO: ScheduledJobManager started {"execution_time":"2026-05-16T20:25:01+00:00"} 
[2026-05-16 20:25:01] production.INFO: ScheduledJobManager completed {"execution_time":"2026-05-16T20:25:01+00:00","duration_ms":12.771,"dispatched":0,"skipped":0} 
[2026-05-16 20:26:01] production.INFO: ScheduledJobManager started {"execution_time":"2026-05-16T20:26:01+00:00"} 
[2026-05-16 20:26:01] production.INFO: ScheduledJobManager completed {"execution_time":"2026-05-16T20:26:01+00:00","duration_ms":13.116,"dispatched":0,"skipped":0} 
[2026-05-16 20:27:01] production.INFO: ScheduledJobManager started {"execution_time":"2026-05-16T20:27:01+00:00"} 
[2026-05-16 20:27:01] production.INFO: ScheduledJobManager completed {"execution_time":"2026-05-16T20:27:01+00:00","duration_ms":12.759,"dispatched":0,"skipped":0} 
[2026-05-16 20:28:01] production.INFO: ScheduledJobManager started {"execution_time":"2026-05-16T20:28:01+00:00"} 
[2026-05-16 20:28:01] production.INFO: ScheduledJobManager completed {"execution_time":"2026-05-16T20:28:01+00:00","duration_ms":19.22,"dispatched":0,"skipped":0} 
[2026-05-16 20:29:02] production.INFO: ScheduledJobManager started {"execution_time":"2026-05-16T20:29:02+00:00"} 
[2026-05-16 20:29:02] production.INFO: ScheduledJobManager completed {"execution_time":"2026-05-16T20:29:02+00:00","duration_ms":17.259,"dispatched":0,"skipped":0} 
[2026-05-16 20:30:02] production.INFO: ScheduledJobManager started {"execution_time":"2026-05-16T20:30:02+00:00"} 
[2026-05-16 20:30:02] production.INFO: ScheduledJobManager completed {"execution_time":"2026-05-16T20:30:02+00:00","duration_ms":12.875,"dispatched":0,"skipped":0} 
[2026-05-16 20:31:01] production.INFO: ScheduledJobManager started {"execution_time":"2026-05-16T20:31:01+00:00"} 
[2026-05-16 20:31:01] production.INFO: ScheduledJobManager completed {"execution_time":"2026-05-16T20:31:01+00:00","duration_ms":12.963,"dispatched":0,"skipped":0} 
[2026-05-16 20:32:01] production.INFO: ScheduledJobManager started {"execution_time":"2026-05-16T20:32:01+00:00"} 
[2026-05-16 20:32:01] production.INFO: ScheduledJobManager completed {"execution_time":"2026-05-16T20:32:01+00:00","duration_ms":5.645,"dispatched":0,"skipped":0} 
[2026-05-16 20:33:01] production.INFO: ScheduledJobManager started {"execution_time":"2026-05-16T20:33:01+00:00"} 
[2026-05-16 20:33:01] production.INFO: ScheduledJobManager completed {"execution_time":"2026-05-16T20:33:01+00:00","duration_ms":12.504,"dispatched":0,"skipped":0} 
[2026-05-16 20:34:01] production.INFO: ScheduledJobManager started {"execution_time":"2026-05-16T20:34:01+00:00"} 
[2026-05-16 20:34:01] production.INFO: ScheduledJobManager completed {"execution_time":"2026-05-16T20:34:01+00:00","duration_ms":6.302,"dispatched":0,"skipped":0} 
[2026-05-16 20:35:01] production.INFO: ScheduledJobManager started {"execution_time":"2026-05-16T20:35:01+00:00"} 
[2026-05-16 20:35:01] production.INFO: ScheduledJobManager completed {"execution_time":"2026-05-16T20:35:01+00:00","duration_ms":12.041,"dispatched":0,"skipped":0} 
[2026-05-16 20:36:01] production.INFO: ScheduledJobManager started {"execution_time":"2026-05-16T20:36:01+00:00"} 
[2026-05-16 20:36:01] production.INFO: ScheduledJobManager completed {"execution_time":"2026-05-16T20:36:01+00:00","duration_ms":11.06,"dispatched":0,"skipped":0} 
[2026-05-16 20:37:01] production.INFO: ScheduledJobManager started {"execution_time":"2026-05-16T20:37:01+00:00"} 
[2026-05-16 20:37:01] production.INFO: ScheduledJobManager completed {"execution_time":"2026-05-16T20:37:01+00:00","duration_ms":12.607,"dispatched":0,"skipped":0} 
[2026-05-16 20:38:01] production.INFO: ScheduledJobManager started {"execution_time":"2026-05-16T20:38:01+00:00"} 
[2026-05-16 20:38:01] production.INFO: ScheduledJobManager completed {"execution_time":"2026-05-16T20:38:01+00:00","duration_ms":17.967,"dispatched":0,"skipped":0} 
[2026-05-16 20:39:01] production.INFO: ScheduledJobManager started {"execution_time":"2026-05-16T20:39:01+00:00"} 
[2026-05-16 20:39:01] production.INFO: ScheduledJobManager completed {"execution_time":"2026-05-16T20:39:01+00:00","duration_ms":12.867,"dispatched":0,"skipped":0} 
[2026-05-16 20:40:01] production.INFO: ScheduledJobManager started {"execution_time":"2026-05-16T20:40:01+00:00"} 
[2026-05-16 20:40:01] production.INFO: ScheduledJobManager completed {"execution_time":"2026-05-16T20:40:01+00:00","duration_ms":6.205,"dispatched":0,"skipped":0} 
[2026-05-16 20:41:01] production.INFO: ScheduledJobManager started {"execution_time":"2026-05-16T20:41:01+00:00"} 
[2026-05-16 20:41:01] production.INFO: ScheduledJobManager completed {"execution_time":"2026-05-16T20:41:01+00:00","duration_ms":12.416,"dispatched":0,"skipped":0} 
[2026-05-16 20:42:01] production.INFO: ScheduledJobManager started {"execution_time":"2026-05-16T20:42:01+00:00"} 
[2026-05-16 20:42:01] production.INFO: ScheduledJobManager completed {"execution_time":"2026-05-16T20:42:01+00:00","duration_ms":12.651,"dispatched":0,"skipped":0} 
[2026-05-16 20:43:01] production.INFO: ScheduledJobManager started {"execution_time":"2026-05-16T20:43:01+00:00"} 
[2026-05-16 20:43:01] production.INFO: ScheduledJobManager completed {"execution_time":"2026-05-16T20:43:01+00:00","duration_ms":12.975,"dispatched":0,"skipped":0} 
[2026-05-16 20:44:01] production.INFO: ScheduledJobManager started {"execution_time":"2026-05-16T20:44:01+00:00"} 
[2026-05-16 20:44:01] production.INFO: ScheduledJobManager completed {"execution_time":"2026-05-16T20:44:01+00:00","duration_ms":11.969,"dispatched":0,"skipped":0} 
[2026-05-16 20:45:02] production.INFO: ScheduledJobManager started {"execution_time":"2026-05-16T20:45:02+00:00"} 
[2026-05-16 20:45:02] production.INFO: ScheduledJobManager completed {"execution_time":"2026-05-16T20:45:02+00:00","duration_ms":12.796,"dispatched":0,"skipped":0} 
[2026-05-16 20:46:01] production.INFO: ScheduledJobManager started {"execution_time":"2026-05-16T20:46:01+00:00"} 
[2026-05-16 20:46:01] production.INFO: ScheduledJobManager completed {"execution_time":"2026-05-16T20:46:01+00:00","duration_ms":12.611,"dispatched":0,"skipped":0} 
[2026-05-16 20:47:01] production.INFO: ScheduledJobManager started {"execution_time":"2026-05-16T20:47:01+00:00"} 
[2026-05-16 20:47:01] production.INFO: ScheduledJobManager completed {"execution_time":"2026-05-16T20:47:01+00:00","duration_ms":13.109,"dispatched":0,"skipped":0} 
[2026-05-16 20:48:01] production.INFO: ScheduledJobManager started {"execution_time":"2026-05-16T20:48:01+00:00"} 
[2026-05-16 20:48:01] production.INFO: ScheduledJobManager completed {"execution_time":"2026-05-16T20:48:01+00:00","duration_ms":6.249,"dispatched":0,"skipped":0} 
[2026-05-16 20:49:01] production.INFO: ScheduledJobManager started {"execution_time":"2026-05-16T20:49:01+00:00"} 
[2026-05-16 20:49:01] production.INFO: ScheduledJobManager completed {"execution_time":"2026-05-16T20:49:01+00:00","duration_ms":12.945,"dispatched":0,"skipped":0} 
[2026-05-16 20:50:01] production.INFO: ScheduledJobManager started {"execution_time":"2026-05-16T20:50:01+00:00"} 
[2026-05-16 20:50:01] production.INFO: ScheduledJobManager completed {"execution_time":"2026-05-16T20:50:01+00:00","duration_ms":4.345,"dispatched":0,"skipped":0} 
[2026-05-16 20:51:01] production.INFO: ScheduledJobManager started {"execution_time":"2026-05-16T20:51:01+00:00"} 
[2026-05-16 20:51:01] production.INFO: ScheduledJobManager completed {"execution_time":"2026-05-16T20:51:01+00:00","duration_ms":12.42,"dispatched":0,"skipped":0} 
[2026-05-16 20:52:01] production.INFO: ScheduledJobManager started {"execution_time":"2026-05-16T20:52:01+00:00"} 
[2026-05-16 20:52:01] production.INFO: ScheduledJobManager completed {"execution_time":"2026-05-16T20:52:01+00:00","duration_ms":11.383,"dispatched":0,"skipped":0} 
[2026-05-16 20:53:01] production.INFO: ScheduledJobManager started {"execution_time":"2026-05-16T20:53:01+00:00"} 
[2026-05-16 20:53:01] production.INFO: ScheduledJobManager completed {"execution_time":"2026-05-16T20:53:01+00:00","duration_ms":12.714,"dispatched":0,"skipped":0} 
[2026-05-16 20:54:01] production.INFO: ScheduledJobManager started {"execution_time":"2026-05-16T20:54:01+00:00"} 
[2026-05-16 20:54:01] production.INFO: ScheduledJobManager completed {"execution_time":"2026-05-16T20:54:01+00:00","duration_ms":12.717,"dispatched":0,"skipped":0} 
[2026-05-16 20:55:01] production.INFO: ScheduledJobManager started {"execution_time":"2026-05-16T20:55:01+00:00"} 
[2026-05-16 20:55:01] production.INFO: ScheduledJobManager completed {"execution_time":"2026-05-16T20:55:01+00:00","duration_ms":12.723,"dispatched":0,"skipped":0} 
[2026-05-16 20:56:01] production.INFO: ScheduledJobManager started {"execution_time":"2026-05-16T20:56:01+00:00"} 
[2026-05-16 20:56:01] production.INFO: ScheduledJobManager completed {"execution_time":"2026-05-16T20:56:01+00:00","duration_ms":12.663,"dispatched":0,"skipped":0} 
[2026-05-16 20:57:01] production.INFO: ScheduledJobManager started {"execution_time":"2026-05-16T20:57:01+00:00"} 
[2026-05-16 20:57:01] production.INFO: ScheduledJobManager completed {"execution_time":"2026-05-16T20:57:01+00:00","duration_ms":12.021,"dispatched":0,"skipped":0} 
[2026-05-16 20:58:01] production.INFO: ScheduledJobManager started {"execution_time":"2026-05-16T20:58:01+00:00"} 
[2026-05-16 20:58:01] production.INFO: ScheduledJobManager completed {"execution_time":"2026-05-16T20:58:01+00:00","duration_ms":11.366,"dispatched":0,"skipped":0} 
[2026-05-16 20:59:01] production.INFO: ScheduledJobManager started {"execution_time":"2026-05-16T20:59:01+00:00"} 
[2026-05-16 20:59:01] production.INFO: ScheduledJobManager completed {"execution_time":"2026-05-16T20:59:01+00:00","duration_ms":11.628,"dispatched":0,"skipped":0} 
[2026-05-16 21:00:02] production.INFO: ScheduledJobManager started {"execution_time":"2026-05-16T21:00:02+00:00"} 
[2026-05-16 21:00:02] production.INFO: ScheduledJobManager completed {"execution_time":"2026-05-16T21:00:02+00:00","duration_ms":4.222,"dispatched":0,"skipped":0} 
[2026-05-16 21:01:01] production.INFO: ScheduledJobManager started {"execution_time":"2026-05-16T21:01:01+00:00"} 
[2026-05-16 21:01:01] production.INFO: ScheduledJobManager completed {"execution_time":"2026-05-16T21:01:01+00:00","duration_ms":12.662,"dispatched":0,"skipped":0} 
[2026-05-16 21:02:01] production.INFO: ScheduledJobManager started {"execution_time":"2026-05-16T21:02:01+00:00"} 
[2026-05-16 21:02:01] production.INFO: ScheduledJobManager completed {"execution_time":"2026-05-16T21:02:01+00:00","duration_ms":5.357,"dispatched":0,"skipped":0} 
[2026-05-16 21:03:01] production.INFO: ScheduledJobManager started {"execution_time":"2026-05-16T21:03:01+00:00"} 
[2026-05-16 21:03:01] production.INFO: ScheduledJobManager completed {"execution_time":"2026-05-16T21:03:01+00:00","duration_ms":12.255,"dispatched":0,"skipped":0} 
[2026-05-16 21:04:01] production.INFO: ScheduledJobManager started {"execution_time":"2026-05-16T21:04:01+00:00"} 
[2026-05-16 21:04:01] production.INFO: ScheduledJobManager completed {"execution_time":"2026-05-16T21:04:01+00:00","duration_ms":12.677,"dispatched":0,"skipped":0} 
[2026-05-16 21:05:01] production.INFO: ScheduledJobManager started {"execution_time":"2026-05-16T21:05:01+00:00"} 
[2026-05-16 21:05:01] production.INFO: ScheduledJobManager completed {"execution_time":"2026-05-16T21:05:01+00:00","duration_ms":4.375,"dispatched":0,"skipped":0} 
[2026-05-16 21:06:01] production.INFO: ScheduledJobManager started {"execution_time":"2026-05-16T21:06:01+00:00"} 
[2026-05-16 21:06:01] production.INFO: ScheduledJobManager completed {"execution_time":"2026-05-16T21:06:01+00:00","duration_ms":11.255,"dispatched":0,"skipped":0} 
[2026-05-16 21:07:01] production.INFO: ScheduledJobManager started {"execution_time":"2026-05-16T21:07:01+00:00"} 
[2026-05-16 21:07:01] production.INFO: ScheduledJobManager completed {"execution_time":"2026-05-16T21:07:01+00:00","duration_ms":11.488,"dispatched":0,"skipped":0} 
[2026-05-16 21:08:01] production.INFO: ScheduledJobManager started {"execution_time":"2026-05-16T21:08:01+00:00"} 
[2026-05-16 21:08:01] production.INFO: ScheduledJobManager completed {"execution_time":"2026-05-16T21:08:01+00:00","duration_ms":12.423,"dispatched":0,"skipped":0} 
[2026-05-16 21:09:01] production.INFO: ScheduledJobManager started {"execution_time":"2026-05-16T21:09:01+00:00"} 
[2026-05-16 21:09:01] production.INFO: ScheduledJobManager completed {"execution_time":"2026-05-16T21:09:01+00:00","duration_ms":12.686,"dispatched":0,"skipped":0} 
[2026-05-16 21:10:01] production.INFO: ScheduledJobManager started {"execution_time":"2026-05-16T21:10:01+00:00"} 
[2026-05-16 21:10:01] production.INFO: ScheduledJobManager completed {"execution_time":"2026-05-16T21:10:01+00:00","duration_ms":5.577,"dispatched":0,"skipped":0} 
[2026-05-16 21:11:01] production.INFO: ScheduledJobManager started {"execution_time":"2026-05-16T21:11:01+00:00"} 
[2026-05-16 21:11:01] production.INFO: ScheduledJobManager completed {"execution_time":"2026-05-16T21:11:01+00:00","duration_ms":12.371,"dispatched":0,"skipped":0} 
[2026-05-16 21:12:01] production.INFO: ScheduledJobManager started {"execution_time":"2026-05-16T21:12:01+00:00"} 
[2026-05-16 21:12:01] production.INFO: ScheduledJobManager completed {"execution_time":"2026-05-16T21:12:01+00:00","duration_ms":12.921,"dispatched":0,"skipped":0} 
[2026-05-16 21:13:01] production.INFO: ScheduledJobManager started {"execution_time":"2026-05-16T21:13:01+00:00"} 
[2026-05-16 21:13:01] production.INFO: ScheduledJobManager completed {"execution_time":"2026-05-16T21:13:01+00:00","duration_ms":12.989,"dispatched":0,"skipped":0} 
[2026-05-16 21:14:01] production.INFO: ScheduledJobManager started {"execution_time":"2026-05-16T21:14:01+00:00"} 
[2026-05-16 21:14:01] production.INFO: ScheduledJobManager completed {"execution_time":"2026-05-16T21:14:01+00:00","duration_ms":11.735,"dispatched":0,"skipped":0} 
[2026-05-16 21:15:02] production.INFO: ScheduledJobManager started {"execution_time":"2026-05-16T21:15:02+00:00"} 
[2026-05-16 21:15:02] production.INFO: ScheduledJobManager completed {"execution_time":"2026-05-16T21:15:02+00:00","duration_ms":12.295,"dispatched":0,"skipped":0} 
[2026-05-16 21:16:01] production.INFO: ScheduledJobManager started {"execution_time":"2026-05-16T21:16:01+00:00"} 
[2026-05-16 21:16:01] production.INFO: ScheduledJobManager completed {"execution_time":"2026-05-16T21:16:01+00:00","duration_ms":11.583,"dispatched":0,"skipped":0} 
[2026-05-16 21:17:01] production.INFO: ScheduledJobManager started {"execution_time":"2026-05-16T21:17:01+00:00"} 
[2026-05-16 21:17:01] production.INFO: ScheduledJobManager completed {"execution_time":"2026-05-16T21:17:01+00:00","duration_ms":12.698,"dispatched":0,"skipped":0} 
[2026-05-16 21:18:01] production.INFO: ScheduledJobManager started {"execution_time":"2026-05-16T21:18:01+00:00"} 
[2026-05-16 21:18:01] production.INFO: ScheduledJobManager completed {"execution_time":"2026-05-16T21:18:01+00:00","duration_ms":5.754,"dispatched":0,"skipped":0} 
[2026-05-16 21:19:01] production.INFO: ScheduledJobManager started {"execution_time":"2026-05-16T21:19:01+00:00"} 
[2026-05-16 21:19:01] production.INFO: ScheduledJobManager completed {"execution_time":"2026-05-16T21:19:01+00:00","duration_ms":12.41,"dispatched":0,"skipped":0} 
[2026-05-16 21:20:01] production.INFO: ScheduledJobManager started {"execution_time":"2026-05-16T21:20:01+00:00"} 
[2026-05-16 21:20:01] production.INFO: ScheduledJobManager completed {"execution_time":"2026-05-16T21:20:01+00:00","duration_ms":3.784,"dispatched":0,"skipped":0} 
[2026-05-16 21:21:01] production.INFO: ScheduledJobManager started {"execution_time":"2026-05-16T21:21:01+00:00"} 
[2026-05-16 21:21:01] production.INFO: ScheduledJobManager completed {"execution_time":"2026-05-16T21:21:01+00:00","duration_ms":12.661,"dispatched":0,"skipped":0} 
[2026-05-16 21:22:01] production.INFO: ScheduledJobManager started {"execution_time":"2026-05-16T21:22:01+00:00"} 
[2026-05-16 21:22:01] production.INFO: ScheduledJobManager completed {"execution_time":"2026-05-16T21:22:01+00:00","duration_ms":12.654,"dispatched":0,"skipped":0} 
[2026-05-16 21:23:01] production.INFO: ScheduledJobManager started {"execution_time":"2026-05-16T21:23:01+00:00"} 
[2026-05-16 21:23:01] production.INFO: ScheduledJobManager completed {"execution_time":"2026-05-16T21:23:01+00:00","duration_ms":12.796,"dispatched":0,"skipped":0} 
[2026-05-16 21:24:01] production.INFO: ScheduledJobManager started {"execution_time":"2026-05-16T21:24:01+00:00"} 
[2026-05-16 21:24:01] production.INFO: ScheduledJobManager completed {"execution_time":"2026-05-16T21:24:01+00:00","duration_ms":12.5,"dispatched":0,"skipped":0} 
[2026-05-16 21:25:01] production.INFO: ScheduledJobManager started {"execution_time":"2026-05-16T21:25:01+00:00"} 
[2026-05-16 21:25:01] production.INFO: ScheduledJobManager completed {"execution_time":"2026-05-16T21:25:01+00:00","duration_ms":12.592,"dispatched":0,"skipped":0} 
[2026-05-16 21:26:01] production.INFO: ScheduledJobManager started {"execution_time":"2026-05-16T21:26:01+00:00"} 
[2026-05-16 21:26:01] production.INFO: ScheduledJobManager completed {"execution_time":"2026-05-16T21:26:01+00:00","duration_ms":12.118,"dispatched":0,"skipped":0} 
[2026-05-16 21:27:01] production.INFO: ScheduledJobManager started {"execution_time":"2026-05-16T21:27:01+00:00"} 
[2026-05-16 21:27:01] production.INFO: ScheduledJobManager completed {"execution_time":"2026-05-16T21:27:01+00:00","duration_ms":13.025,"dispatched":0,"skipped":0} 
[2026-05-16 21:28:01] production.INFO: ScheduledJobManager started {"execution_time":"2026-05-16T21:28:01+00:00"} 
[2026-05-16 21:28:01] production.INFO: ScheduledJobManager completed {"execution_time":"2026-05-16T21:28:01+00:00","duration_ms":12.96,"dispatched":0,"skipped":0} 
[2026-05-16 21:29:02] production.INFO: ScheduledJobManager started {"execution_time":"2026-05-16T21:29:02+00:00"} 
[2026-05-16 21:29:02] production.INFO: ScheduledJobManager completed {"execution_time":"2026-05-16T21:29:02+00:00","duration_ms":12.866,"dispatched":0,"skipped":0} 
[2026-05-16 21:30:02] production.INFO: ScheduledJobManager started {"execution_time":"2026-05-16T21:30:02+00:00"} 
[2026-05-16 21:30:02] production.INFO: ScheduledJobManager completed {"execution_time":"2026-05-16T21:30:02+00:00","duration_ms":15.343,"dispatched":0,"skipped":0} 
[2026-05-16 21:31:01] production.INFO: ScheduledJobManager started {"execution_time":"2026-05-16T21:31:01+00:00"} 
[2026-05-16 21:31:01] production.INFO: ScheduledJobManager completed {"execution_time":"2026-05-16T21:31:01+00:00","duration_ms":12.602,"dispatched":0,"skipped":0} 
[2026-05-16 21:32:01] production.INFO: ScheduledJobManager started {"execution_time":"2026-05-16T21:32:01+00:00"} 
[2026-05-16 21:32:01] production.INFO: ScheduledJobManager completed {"execution_time":"2026-05-16T21:32:01+00:00","duration_ms":6.309,"dispatched":0,"skipped":0} 
[2026-05-16 21:33:01] production.INFO: ScheduledJobManager started {"execution_time":"2026-05-16T21:33:01+00:00"} 
[2026-05-16 21:33:01] production.INFO: ScheduledJobManager completed {"execution_time":"2026-05-16T21:33:01+00:00","duration_ms":12.711,"dispatched":0,"skipped":0} 
[2026-05-16 21:34:01] production.INFO: ScheduledJobManager started {"execution_time":"2026-05-16T21:34:01+00:00"} 
[2026-05-16 21:34:01] production.INFO: ScheduledJobManager completed {"execution_time":"2026-05-16T21:34:01+00:00","duration_ms":9.428,"dispatched":0,"skipped":0} 
[2026-05-16 21:35:01] production.INFO: ScheduledJobManager started {"execution_time":"2026-05-16T21:35:01+00:00"} 
[2026-05-16 21:35:01] production.INFO: ScheduledJobManager completed {"execution_time":"2026-05-16T21:35:01+00:00","duration_ms":13.265,"dispatched":0,"skipped":0} 
[2026-05-16 21:36:01] production.INFO: ScheduledJobManager started {"execution_time":"2026-05-16T21:36:01+00:00"} 
[2026-05-16 21:36:01] production.INFO: ScheduledJobManager completed {"execution_time":"2026-05-16T21:36:01+00:00","duration_ms":16.283,"dispatched":0,"skipped":0} 
[2026-05-16 21:37:01] production.INFO: ScheduledJobManager started {"execution_time":"2026-05-16T21:37:01+00:00"} 
[2026-05-16 21:37:01] production.INFO: ScheduledJobManager completed {"execution_time":"2026-05-16T21:37:01+00:00","duration_ms":11.806,"dispatched":0,"skipped":0} 
[2026-05-16 21:38:01] production.INFO: ScheduledJobManager started {"execution_time":"2026-05-16T21:38:01+00:00"} 
[2026-05-16 21:38:01] production.INFO: ScheduledJobManager completed {"execution_time":"2026-05-16T21:38:01+00:00","duration_ms":12.546,"dispatched":0,"skipped":0} 
[2026-05-16 21:39:01] production.INFO: ScheduledJobManager started {"execution_time":"2026-05-16T21:39:01+00:00"} 
[2026-05-16 21:39:01] production.INFO: ScheduledJobManager completed {"execution_time":"2026-05-16T21:39:01+00:00","duration_ms":12.713,"dispatched":0,"skipped":0} 
[2026-05-16 21:40:01] production.INFO: ScheduledJobManager started {"execution_time":"2026-05-16T21:40:01+00:00"} 
[2026-05-16 21:40:01] production.INFO: ScheduledJobManager completed {"execution_time":"2026-05-16T21:40:01+00:00","duration_ms":12.7,"dispatched":0,"skipped":0} 
[2026-05-16 21:41:01] production.INFO: ScheduledJobManager started {"execution_time":"2026-05-16T21:41:01+00:00"} 
[2026-05-16 21:41:01] production.INFO: ScheduledJobManager completed {"execution_time":"2026-05-16T21:41:01+00:00","duration_ms":11.467,"dispatched":0,"skipped":0} 
[2026-05-16 21:42:01] production.INFO: ScheduledJobManager started {"execution_time":"2026-05-16T21:42:01+00:00"} 
[2026-05-16 21:42:01] production.INFO: ScheduledJobManager completed {"execution_time":"2026-05-16T21:42:01+00:00","duration_ms":12.687,"dispatched":0,"skipped":0} 
[2026-05-16 21:43:01] production.INFO: ScheduledJobManager started {"execution_time":"2026-05-16T21:43:01+00:00"} 
[2026-05-16 21:43:01] production.INFO: ScheduledJobManager completed {"execution_time":"2026-05-16T21:43:01+00:00","duration_ms":12.82,"dispatched":0,"skipped":0} 
[2026-05-16 21:44:02] production.INFO: ScheduledJobManager started {"execution_time":"2026-05-16T21:44:02+00:00"} 
[2026-05-16 21:44:02] production.INFO: ScheduledJobManager completed {"execution_time":"2026-05-16T21:44:02+00:00","duration_ms":12.933,"dispatched":0,"skipped":0} 
[2026-05-16 21:45:02] production.INFO: ScheduledJobManager started {"execution_time":"2026-05-16T21:45:02+00:00"} 
[2026-05-16 21:45:02] production.INFO: ScheduledJobManager completed {"execution_time":"2026-05-16T21:45:02+00:00","duration_ms":17.168,"dispatched":0,"skipped":0} 
[2026-05-16 21:46:01] production.INFO: ScheduledJobManager started {"execution_time":"2026-05-16T21:46:01+00:00"} 
[2026-05-16 21:46:01] production.INFO: ScheduledJobManager completed {"execution_time":"2026-05-16T21:46:01+00:00","duration_ms":12.711,"dispatched":0,"skipped":0} 
[2026-05-16 21:47:01] production.INFO: ScheduledJobManager started {"execution_time":"2026-05-16T21:47:01+00:00"} 
[2026-05-16 21:47:01] production.INFO: ScheduledJobManager completed {"execution_time":"2026-05-16T21:47:01+00:00","duration_ms":13.144,"dispatched":0,"skipped":0} 
[2026-05-16 21:48:01] production.INFO: ScheduledJobManager started {"execution_time":"2026-05-16T21:48:01+00:00"} 
[2026-05-16 21:48:01] production.INFO: ScheduledJobManager completed {"execution_time":"2026-05-16T21:48:01+00:00","duration_ms":6.805,"dispatched":0,"skipped":0} 
[2026-05-16 21:49:01] production.INFO: ScheduledJobManager started {"execution_time":"2026-05-16T21:49:01+00:00"} 
[2026-05-16 21:49:01] production.INFO: ScheduledJobManager completed {"execution_time":"2026-05-16T21:49:01+00:00","duration_ms":12.638,"dispatched":0,"skipped":0} 
[2026-05-16 21:50:01] production.INFO: ScheduledJobManager started {"execution_time":"2026-05-16T21:50:01+00:00"} 
[2026-05-16 21:50:01] production.INFO: ScheduledJobManager completed {"execution_time":"2026-05-16T21:50:01+00:00","duration_ms":4.33,"dispatched":0,"skipped":0} 
[2026-05-16 21:51:01] production.INFO: ScheduledJobManager started {"execution_time":"2026-05-16T21:51:01+00:00"} 
[2026-05-16 21:51:01] production.INFO: ScheduledJobManager completed {"execution_time":"2026-05-16T21:51:01+00:00","duration_ms":11.294,"dispatched":0,"skipped":0} 
[2026-05-16 21:52:01] production.INFO: ScheduledJobManager started {"execution_time":"2026-05-16T21:52:01+00:00"} 
[2026-05-16 21:52:01] production.INFO: ScheduledJobManager completed {"execution_time":"2026-05-16T21:52:01+00:00","duration_ms":12.082,"dispatched":0,"skipped":0} 
[2026-05-16 21:53:01] production.INFO: ScheduledJobManager started {"execution_time":"2026-05-16T21:53:01+00:00"} 
[2026-05-16 21:53:01] production.INFO: ScheduledJobManager completed {"execution_time":"2026-05-16T21:53:01+00:00","duration_ms":12.525,"dispatched":0,"skipped":0} 
[2026-05-16 21:54:01] production.INFO: ScheduledJobManager started {"execution_time":"2026-05-16T21:54:01+00:00"} 
[2026-05-16 21:54:01] production.INFO: ScheduledJobManager completed {"execution_time":"2026-05-16T21:54:01+00:00","duration_ms":12.847,"dispatched":0,"skipped":0} 
[2026-05-16 21:55:01] production.INFO: ScheduledJobManager started {"execution_time":"2026-05-16T21:55:01+00:00"} 
[2026-05-16 21:55:01] production.INFO: ScheduledJobManager completed {"execution_time":"2026-05-16T21:55:01+00:00","duration_ms":12.629,"dispatched":0,"skipped":0} 
[2026-05-16 21:56:01] production.INFO: ScheduledJobManager started {"execution_time":"2026-05-16T21:56:01+00:00"} 
[2026-05-16 21:56:01] production.INFO: ScheduledJobManager completed {"execution_time":"2026-05-16T21:56:01+00:00","duration_ms":12.889,"dispatched":0,"skipped":0} 
[2026-05-16 21:57:01] production.INFO: ScheduledJobManager started {"execution_time":"2026-05-16T21:57:01+00:00"} 
[2026-05-16 21:57:01] production.INFO: ScheduledJobManager completed {"execution_time":"2026-05-16T21:57:01+00:00","duration_ms":18.57,"dispatched":0,"skipped":0} 
[2026-05-16 21:58:01] production.INFO: ScheduledJobManager started {"execution_time":"2026-05-16T21:58:01+00:00"} 
[2026-05-16 21:58:01] production.INFO: ScheduledJobManager completed {"execution_time":"2026-05-16T21:58:01+00:00","duration_ms":12.138,"dispatched":0,"skipped":0} 
[2026-05-16 21:59:02] production.INFO: ScheduledJobManager started {"execution_time":"2026-05-16T21:59:02+00:00"} 
[2026-05-16 21:59:02] production.INFO: ScheduledJobManager completed {"execution_time":"2026-05-16T21:59:02+00:00","duration_ms":12.203,"dispatched":0,"skipped":0} 
[2026-05-16 22:00:02] production.INFO: ScheduledJobManager started {"execution_time":"2026-05-16T22:00:02+00:00"} 
[2026-05-16 22:00:02] production.INFO: ScheduledJobManager completed {"execution_time":"2026-05-16T22:00:02+00:00","duration_ms":4.256,"dispatched":0,"skipped":0} 
[2026-05-16 22:01:01] production.INFO: ScheduledJobManager started {"execution_time":"2026-05-16T22:01:01+00:00"} 
[2026-05-16 22:01:01] production.INFO: ScheduledJobManager completed {"execution_time":"2026-05-16T22:01:01+00:00","duration_ms":12.929,"dispatched":0,"skipped":0} 
[2026-05-16 22:02:01] production.INFO: ScheduledJobManager started {"execution_time":"2026-05-16T22:02:01+00:00"} 
[2026-05-16 22:02:01] production.INFO: ScheduledJobManager completed {"execution_time":"2026-05-16T22:02:01+00:00","duration_ms":12.768,"dispatched":0,"skipped":0} 
[2026-05-16 22:03:01] production.INFO: ScheduledJobManager started {"execution_time":"2026-05-16T22:03:01+00:00"} 
[2026-05-16 22:03:01] production.INFO: ScheduledJobManager completed {"execution_time":"2026-05-16T22:03:01+00:00","duration_ms":11.075,"dispatched":0,"skipped":0} 
[2026-05-16 22:04:01] production.INFO: ScheduledJobManager started {"execution_time":"2026-05-16T22:04:01+00:00"} 
[2026-05-16 22:04:01] production.INFO: ScheduledJobManager completed {"execution_time":"2026-05-16T22:04:01+00:00","duration_ms":12.789,"dispatched":0,"skipped":0} 
[2026-05-16 22:05:01] production.INFO: ScheduledJobManager started {"execution_time":"2026-05-16T22:05:01+00:00"} 
[2026-05-16 22:05:01] production.INFO: ScheduledJobManager completed {"execution_time":"2026-05-16T22:05:01+00:00","duration_ms":4.129,"dispatched":0,"skipped":0} 
[2026-05-16 22:06:01] production.INFO: ScheduledJobManager started {"execution_time":"2026-05-16T22:06:01+00:00"} 
[2026-05-16 22:06:01] production.INFO: ScheduledJobManager completed {"execution_time":"2026-05-16T22:06:01+00:00","duration_ms":12.658,"dispatched":0,"skipped":0} 
[2026-05-16 22:07:01] production.INFO: ScheduledJobManager started {"execution_time":"2026-05-16T22:07:01+00:00"} 
[2026-05-16 22:07:01] production.INFO: ScheduledJobManager completed {"execution_time":"2026-05-16T22:07:01+00:00","duration_ms":11.967,"dispatched":0,"skipped":0} 
[2026-05-16 22:08:01] production.INFO: ScheduledJobManager started {"execution_time":"2026-05-16T22:08:01+00:00"} 
[2026-05-16 22:08:01] production.INFO: ScheduledJobManager completed {"execution_time":"2026-05-16T22:08:01+00:00","duration_ms":12.959,"dispatched":0,"skipped":0} 
[2026-05-16 22:09:01] production.INFO: ScheduledJobManager started {"execution_time":"2026-05-16T22:09:01+00:00"} 
[2026-05-16 22:09:01] production.INFO: ScheduledJobManager completed {"execution_time":"2026-05-16T22:09:01+00:00","duration_ms":13.091,"dispatched":0,"skipped":0} 
[2026-05-16 22:10:01] production.INFO: ScheduledJobManager started {"execution_time":"2026-05-16T22:10:01+00:00"} 
[2026-05-16 22:10:01] production.INFO: ScheduledJobManager completed {"execution_time":"2026-05-16T22:10:01+00:00","duration_ms":6.055,"dispatched":0,"skipped":0} 
[2026-05-16 22:11:01] production.INFO: ScheduledJobManager started {"execution_time":"2026-05-16T22:11:01+00:00"} 
[2026-05-16 22:11:01] production.INFO: ScheduledJobManager completed {"execution_time":"2026-05-16T22:11:01+00:00","duration_ms":12.508,"dispatched":0,"skipped":0} 
[2026-05-16 22:12:01] production.INFO: ScheduledJobManager started {"execution_time":"2026-05-16T22:12:01+00:00"} 
[2026-05-16 22:12:01] production.INFO: ScheduledJobManager completed {"execution_time":"2026-05-16T22:12:01+00:00","duration_ms":18.841,"dispatched":0,"skipped":0} 
[2026-05-16 22:13:01] production.INFO: ScheduledJobManager started {"execution_time":"2026-05-16T22:13:01+00:00"} 
[2026-05-16 22:13:01] production.INFO: ScheduledJobManager completed {"execution_time":"2026-05-16T22:13:01+00:00","duration_ms":13.047,"dispatched":0,"skipped":0} 
[2026-05-16 22:14:02] production.INFO: ScheduledJobManager started {"execution_time":"2026-05-16T22:14:02+00:00"} 
[2026-05-16 22:14:02] production.INFO: ScheduledJobManager completed {"execution_time":"2026-05-16T22:14:02+00:00","duration_ms":12.728,"dispatched":0,"skipped":0} 
[2026-05-16 22:15:02] production.INFO: ScheduledJobManager started {"execution_time":"2026-05-16T22:15:02+00:00"} 
[2026-05-16 22:15:02] production.INFO: ScheduledJobManager completed {"execution_time":"2026-05-16T22:15:02+00:00","duration_ms":13.104,"dispatched":0,"skipped":0} 
[2026-05-16 22:16:01] production.INFO: ScheduledJobManager started {"execution_time":"2026-05-16T22:16:01+00:00"} 
[2026-05-16 22:16:01] production.INFO: ScheduledJobManager completed {"execution_time":"2026-05-16T22:16:01+00:00","duration_ms":11.615,"dispatched":0,"skipped":0} 
[2026-05-16 22:17:01] production.INFO: ScheduledJobManager started {"execution_time":"2026-05-16T22:17:01+00:00"} 
[2026-05-16 22:17:01] production.INFO: ScheduledJobManager completed {"execution_time":"2026-05-16T22:17:01+00:00","duration_ms":12.568,"dispatched":0,"skipped":0} 
[2026-05-16 22:18:01] production.INFO: ScheduledJobManager started {"execution_time":"2026-05-16T22:18:01+00:00"} 
[2026-05-16 22:18:01] production.INFO: ScheduledJobManager completed {"execution_time":"2026-05-16T22:18:01+00:00","duration_ms":6.423,"dispatched":0,"skipped":0} 
[2026-05-16 22:19:01] production.INFO: ScheduledJobManager started {"execution_time":"2026-05-16T22:19:01+00:00"} 
[2026-05-16 22:19:01] production.INFO: ScheduledJobManager completed {"execution_time":"2026-05-16T22:19:01+00:00","duration_ms":11.626,"dispatched":0,"skipped":0} 
[2026-05-16 22:20:01] production.INFO: ScheduledJobManager started {"execution_time":"2026-05-16T22:20:01+00:00"} 
[2026-05-16 22:20:01] production.INFO: ScheduledJobManager completed {"execution_time":"2026-05-16T22:20:01+00:00","duration_ms":4.454,"dispatched":0,"skipped":0} 
[2026-05-16 22:21:01] production.INFO: ScheduledJobManager started {"execution_time":"2026-05-16T22:21:01+00:00"} 
[2026-05-16 22:21:01] production.INFO: ScheduledJobManager completed {"execution_time":"2026-05-16T22:21:01+00:00","duration_ms":11.242,"dispatched":0,"skipped":0} 
[2026-05-16 22:22:01] production.INFO: ScheduledJobManager started {"execution_time":"2026-05-16T22:22:01+00:00"} 
[2026-05-16 22:22:01] production.INFO: ScheduledJobManager completed {"execution_time":"2026-05-16T22:22:01+00:00","duration_ms":12.546,"dispatched":0,"skipped":0} 
[2026-05-16 22:23:01] production.INFO: ScheduledJobManager started {"execution_time":"2026-05-16T22:23:01+00:00"} 
[2026-05-16 22:23:01] production.INFO: ScheduledJobManager completed {"execution_time":"2026-05-16T22:23:01+00:00","duration_ms":12.821,"dispatched":0,"skipped":0} 
[2026-05-16 22:24:01] production.INFO: ScheduledJobManager started {"execution_time":"2026-05-16T22:24:01+00:00"} 
[2026-05-16 22:24:01] production.INFO: ScheduledJobManager completed {"execution_time":"2026-05-16T22:24:01+00:00","duration_ms":12.789,"dispatched":0,"skipped":0} 
[2026-05-16 22:25:01] production.INFO: ScheduledJobManager started {"execution_time":"2026-05-16T22:25:01+00:00"} 
[2026-05-16 22:25:01] production.INFO: ScheduledJobManager completed {"execution_time":"2026-05-16T22:25:01+00:00","duration_ms":12.916,"dispatched":0,"skipped":0} 
[2026-05-16 22:26:01] production.INFO: ScheduledJobManager started {"execution_time":"2026-05-16T22:26:01+00:00"} 
[2026-05-16 22:26:01] production.INFO: ScheduledJobManager completed {"execution_time":"2026-05-16T22:26:01+00:00","duration_ms":12.849,"dispatched":0,"skipped":0} 
[2026-05-16 22:27:01] production.INFO: ScheduledJobManager started {"execution_time":"2026-05-16T22:27:01+00:00"} 
[2026-05-16 22:27:01] production.INFO: ScheduledJobManager completed {"execution_time":"2026-05-16T22:27:01+00:00","duration_ms":12.629,"dispatched":0,"skipped":0} 
[2026-05-16 22:28:01] production.INFO: ScheduledJobManager started {"execution_time":"2026-05-16T22:28:01+00:00"} 
[2026-05-16 22:28:01] production.INFO: ScheduledJobManager completed {"execution_time":"2026-05-16T22:28:01+00:00","duration_ms":24.589,"dispatched":0,"skipped":0} 
[2026-05-16 22:29:02] production.INFO: ScheduledJobManager started {"execution_time":"2026-05-16T22:29:02+00:00"} 
[2026-05-16 22:29:02] production.INFO: ScheduledJobManager completed {"execution_time":"2026-05-16T22:29:02+00:00","duration_ms":13.387,"dispatched":0,"skipped":0} 
[2026-05-16 22:30:02] production.INFO: ScheduledJobManager started {"execution_time":"2026-05-16T22:30:02+00:00"} 
[2026-05-16 22:30:02] production.INFO: ScheduledJobManager completed {"execution_time":"2026-05-16T22:30:02+00:00","duration_ms":13.035,"dispatched":0,"skipped":0} 
[2026-05-16 22:31:01] production.INFO: ScheduledJobManager started {"execution_time":"2026-05-16T22:31:01+00:00"} 
[2026-05-16 22:31:01] production.INFO: ScheduledJobManager completed {"execution_time":"2026-05-16T22:31:01+00:00","duration_ms":12.945,"dispatched":0,"skipped":0} 
[2026-05-16 22:32:01] production.INFO: ScheduledJobManager started {"execution_time":"2026-05-16T22:32:01+00:00"} 
[2026-05-16 22:32:01] production.INFO: ScheduledJobManager completed {"execution_time":"2026-05-16T22:32:01+00:00","duration_ms":58.36,"dispatched":0,"skipped":0} 
[2026-05-16 22:33:01] production.INFO: ScheduledJobManager started {"execution_time":"2026-05-16T22:33:01+00:00"} 
[2026-05-16 22:33:01] production.INFO: ScheduledJobManager completed {"execution_time":"2026-05-16T22:33:01+00:00","duration_ms":13.452,"dispatched":0,"skipped":0} 
[2026-05-16 22:34:01] production.INFO: ScheduledJobManager started {"execution_time":"2026-05-16T22:34:01+00:00"} 
[2026-05-16 22:34:01] production.INFO: ScheduledJobManager completed {"execution_time":"2026-05-16T22:34:01+00:00","duration_ms":12.338,"dispatched":0,"skipped":0} 
[2026-05-16 22:35:01] production.INFO: ScheduledJobManager started {"execution_time":"2026-05-16T22:35:01+00:00"} 
[2026-05-16 22:35:01] production.INFO: ScheduledJobManager completed {"execution_time":"2026-05-16T22:35:01+00:00","duration_ms":4.111,"dispatched":0,"skipped":0} 
[2026-05-16 22:36:01] production.INFO: ScheduledJobManager started {"execution_time":"2026-05-16T22:36:01+00:00"} 
[2026-05-16 22:36:01] production.INFO: ScheduledJobManager completed {"execution_time":"2026-05-16T22:36:01+00:00","duration_ms":12.649,"dispatched":0,"skipped":0} 
[2026-05-16 22:37:01] production.INFO: ScheduledJobManager started {"execution_time":"2026-05-16T22:37:01+00:00"} 
[2026-05-16 22:37:01] production.INFO: ScheduledJobManager completed {"execution_time":"2026-05-16T22:37:01+00:00","duration_ms":12.798,"dispatched":0,"skipped":0} 
[2026-05-16 22:38:01] production.INFO: ScheduledJobManager started {"execution_time":"2026-05-16T22:38:01+00:00"} 
[2026-05-16 22:38:01] production.INFO: ScheduledJobManager completed {"execution_time":"2026-05-16T22:38:01+00:00","duration_ms":12.775,"dispatched":0,"skipped":0} 
[2026-05-16 22:39:01] production.INFO: ScheduledJobManager started {"execution_time":"2026-05-16T22:39:01+00:00"} 
[2026-05-16 22:39:01] production.INFO: ScheduledJobManager completed {"execution_time":"2026-05-16T22:39:01+00:00","duration_ms":12.614,"dispatched":0,"skipped":0} 
[2026-05-16 22:40:01] production.INFO: ScheduledJobManager started {"execution_time":"2026-05-16T22:40:01+00:00"} 
[2026-05-16 22:40:01] production.INFO: ScheduledJobManager completed {"execution_time":"2026-05-16T22:40:01+00:00","duration_ms":11.926,"dispatched":0,"skipped":0} 
[2026-05-16 22:41:01] production.INFO: ScheduledJobManager started {"execution_time":"2026-05-16T22:41:01+00:00"} 
[2026-05-16 22:41:01] production.INFO: ScheduledJobManager completed {"execution_time":"2026-05-16T22:41:01+00:00","duration_ms":12.561,"dispatched":0,"skipped":0} 
[2026-05-16 22:42:01] production.INFO: ScheduledJobManager started {"execution_time":"2026-05-16T22:42:01+00:00"} 
[2026-05-16 22:42:01] production.INFO: ScheduledJobManager completed {"execution_time":"2026-05-16T22:42:01+00:00","duration_ms":13.143,"dispatched":0,"skipped":0} 
[2026-05-16 22:43:01] production.INFO: ScheduledJobManager started {"execution_time":"2026-05-16T22:43:01+00:00"} 
[2026-05-16 22:43:01] production.INFO: ScheduledJobManager completed {"execution_time":"2026-05-16T22:43:01+00:00","duration_ms":12.931,"dispatched":0,"skipped":0} 
[2026-05-16 22:44:02] production.INFO: ScheduledJobManager started {"execution_time":"2026-05-16T22:44:02+00:00"} 
[2026-05-16 22:44:02] production.INFO: ScheduledJobManager completed {"execution_time":"2026-05-16T22:44:02+00:00","duration_ms":12.887,"dispatched":0,"skipped":0} 
[2026-05-16 22:45:02] production.INFO: ScheduledJobManager started {"execution_time":"2026-05-16T22:45:02+00:00"} 
[2026-05-16 22:45:02] production.INFO: ScheduledJobManager completed {"execution_time":"2026-05-16T22:45:02+00:00","duration_ms":12.968,"dispatched":0,"skipped":0} 
[2026-05-16 22:46:01] production.INFO: ScheduledJobManager started {"execution_time":"2026-05-16T22:46:01+00:00"} 
[2026-05-16 22:46:01] production.INFO: ScheduledJobManager completed {"execution_time":"2026-05-16T22:46:01+00:00","duration_ms":12.431,"dispatched":0,"skipped":0} 
[2026-05-16 22:47:01] production.INFO: ScheduledJobManager started {"execution_time":"2026-05-16T22:47:01+00:00"} 
[2026-05-16 22:47:01] production.INFO: ScheduledJobManager completed {"execution_time":"2026-05-16T22:47:01+00:00","duration_ms":11.468,"dispatched":0,"skipped":0} 
[2026-05-16 22:48:01] production.INFO: ScheduledJobManager started {"execution_time":"2026-05-16T22:48:01+00:00"} 
[2026-05-16 22:48:01] production.INFO: ScheduledJobManager completed {"execution_time":"2026-05-16T22:48:01+00:00","duration_ms":8.004,"dispatched":0,"skipped":0} 
[2026-05-16 22:49:01] production.INFO: ScheduledJobManager started {"execution_time":"2026-05-16T22:49:01+00:00"} 
[2026-05-16 22:49:01] production.INFO: ScheduledJobManager completed {"execution_time":"2026-05-16T22:49:01+00:00","duration_ms":12.35,"dispatched":0,"skipped":0} 
[2026-05-16 22:50:01] production.INFO: ScheduledJobManager started {"execution_time":"2026-05-16T22:50:01+00:00"} 
[2026-05-16 22:50:01] production.INFO: ScheduledJobManager completed {"execution_time":"2026-05-16T22:50:01+00:00","duration_ms":3.859,"dispatched":0,"skipped":0} 
[2026-05-16 22:51:01] production.INFO: ScheduledJobManager started {"execution_time":"2026-05-16T22:51:01+00:00"} 
[2026-05-16 22:51:01] production.INFO: ScheduledJobManager completed {"execution_time":"2026-05-16T22:51:01+00:00","duration_ms":12.589,"dispatched":0,"skipped":0} 
[2026-05-16 22:52:01] production.INFO: ScheduledJobManager started {"execution_time":"2026-05-16T22:52:01+00:00"} 
[2026-05-16 22:52:01] production.INFO: ScheduledJobManager completed {"execution_time":"2026-05-16T22:52:01+00:00","duration_ms":12.739,"dispatched":0,"skipped":0} 
[2026-05-16 22:53:01] production.INFO: ScheduledJobManager started {"execution_time":"2026-05-16T22:53:01+00:00"} 
[2026-05-16 22:53:01] production.INFO: ScheduledJobManager completed {"execution_time":"2026-05-16T22:53:01+00:00","duration_ms":12.79,"dispatched":0,"skipped":0} 
[2026-05-16 22:54:01] production.INFO: ScheduledJobManager started {"execution_time":"2026-05-16T22:54:01+00:00"} 
[2026-05-16 22:54:01] production.INFO: ScheduledJobManager completed {"execution_time":"2026-05-16T22:54:01+00:00","duration_ms":12.865,"dispatched":0,"skipped":0} 
[2026-05-16 22:55:01] production.INFO: ScheduledJobManager started {"execution_time":"2026-05-16T22:55:01+00:00"} 
[2026-05-16 22:55:01] production.INFO: ScheduledJobManager completed {"execution_time":"2026-05-16T22:55:01+00:00","duration_ms":12.393,"dispatched":0,"skipped":0} 
[2026-05-16 22:56:01] production.INFO: ScheduledJobManager started {"execution_time":"2026-05-16T22:56:01+00:00"} 
[2026-05-16 22:56:01] production.INFO: ScheduledJobManager completed {"execution_time":"2026-05-16T22:56:01+00:00","duration_ms":12.524,"dispatched":0,"skipped":0} 
[2026-05-16 22:57:01] production.INFO: ScheduledJobManager started {"execution_time":"2026-05-16T22:57:01+00:00"} 
[2026-05-16 22:57:01] production.INFO: ScheduledJobManager completed {"execution_time":"2026-05-16T22:57:01+00:00","duration_ms":17.1,"dispatched":0,"skipped":0} 
[2026-05-16 22:58:01] production.INFO: ScheduledJobManager started {"execution_time":"2026-05-16T22:58:01+00:00"} 
[2026-05-16 22:58:01] production.INFO: ScheduledJobManager completed {"execution_time":"2026-05-16T22:58:01+00:00","duration_ms":13.134,"dispatched":0,"skipped":0} 
[2026-05-16 22:59:02] production.INFO: ScheduledJobManager started {"execution_time":"2026-05-16T22:59:02+00:00"} 
[2026-05-16 22:59:02] production.INFO: ScheduledJobManager completed {"execution_time":"2026-05-16T22:59:02+00:00","duration_ms":12.908,"dispatched":0,"skipped":0} 
[2026-05-16 23:00:02] production.INFO: ScheduledJobManager started {"execution_time":"2026-05-16T23:00:02+00:00"} 
[2026-05-16 23:00:02] production.INFO: ScheduledJobManager completed {"execution_time":"2026-05-16T23:00:02+00:00","duration_ms":4.257,"dispatched":0,"skipped":0} 
[2026-05-16 23:01:01] production.INFO: ScheduledJobManager started {"execution_time":"2026-05-16T23:01:01+00:00"} 
[2026-05-16 23:01:01] production.INFO: ScheduledJobManager completed {"execution_time":"2026-05-16T23:01:01+00:00","duration_ms":12.928,"dispatched":0,"skipped":0} 
[2026-05-16 23:02:01] production.INFO: ScheduledJobManager started {"execution_time":"2026-05-16T23:02:01+00:00"} 
[2026-05-16 23:02:01] production.INFO: ScheduledJobManager completed {"execution_time":"2026-05-16T23:02:01+00:00","duration_ms":7.256,"dispatched":0,"skipped":0} 
[2026-05-16 23:03:01] production.INFO: ScheduledJobManager started {"execution_time":"2026-05-16T23:03:01+00:00"} 
[2026-05-16 23:03:01] production.INFO: ScheduledJobManager completed {"execution_time":"2026-05-16T23:03:01+00:00","duration_ms":13.015,"dispatched":0,"skipped":0} 
[2026-05-16 23:04:01] production.INFO: ScheduledJobManager started {"execution_time":"2026-05-16T23:04:01+00:00"} 
[2026-05-16 23:04:01] production.INFO: ScheduledJobManager completed {"execution_time":"2026-05-16T23:04:01+00:00","duration_ms":12.934,"dispatched":0,"skipped":0} 
[2026-05-16 23:05:01] production.INFO: ScheduledJobManager started {"execution_time":"2026-05-16T23:05:01+00:00"} 
[2026-05-16 23:05:01] production.INFO: ScheduledJobManager completed {"execution_time":"2026-05-16T23:05:01+00:00","duration_ms":4.16,"dispatched":0,"skipped":0} 
[2026-05-16 23:06:01] production.INFO: ScheduledJobManager started {"execution_time":"2026-05-16T23:06:01+00:00"} 
[2026-05-16 23:06:01] production.INFO: ScheduledJobManager completed {"execution_time":"2026-05-16T23:06:01+00:00","duration_ms":12.698,"dispatched":0,"skipped":0} 
[2026-05-16 23:07:01] production.INFO: ScheduledJobManager started {"execution_time":"2026-05-16T23:07:01+00:00"} 
[2026-05-16 23:07:01] production.INFO: ScheduledJobManager completed {"execution_time":"2026-05-16T23:07:01+00:00","duration_ms":12.533,"dispatched":0,"skipped":0} 
[2026-05-16 23:08:01] production.INFO: ScheduledJobManager started {"execution_time":"2026-05-16T23:08:01+00:00"} 
[2026-05-16 23:08:01] production.INFO: ScheduledJobManager completed {"execution_time":"2026-05-16T23:08:01+00:00","duration_ms":11.864,"dispatched":0,"skipped":0} 
[2026-05-16 23:09:01] production.INFO: ScheduledJobManager started {"execution_time":"2026-05-16T23:09:01+00:00"} 
[2026-05-16 23:09:01] production.INFO: ScheduledJobManager completed {"execution_time":"2026-05-16T23:09:01+00:00","duration_ms":12.614,"dispatched":0,"skipped":0} 
[2026-05-16 23:10:01] production.INFO: ScheduledJobManager started {"execution_time":"2026-05-16T23:10:01+00:00"} 
[2026-05-16 23:10:01] production.INFO: ScheduledJobManager completed {"execution_time":"2026-05-16T23:10:01+00:00","duration_ms":21.895,"dispatched":0,"skipped":0} 
[2026-05-16 23:11:01] production.INFO: ScheduledJobManager started {"execution_time":"2026-05-16T23:11:01+00:00"} 
[2026-05-16 23:11:01] production.INFO: ScheduledJobManager completed {"execution_time":"2026-05-16T23:11:01+00:00","duration_ms":12.634,"dispatched":0,"skipped":0} 
[2026-05-16 23:12:01] production.INFO: ScheduledJobManager started {"execution_time":"2026-05-16T23:12:01+00:00"} 
[2026-05-16 23:12:01] production.INFO: ScheduledJobManager completed {"execution_time":"2026-05-16T23:12:01+00:00","duration_ms":12.729,"dispatched":0,"skipped":0} 
[2026-05-16 23:13:01] production.INFO: ScheduledJobManager started {"execution_time":"2026-05-16T23:13:01+00:00"} 
[2026-05-16 23:13:01] production.INFO: ScheduledJobManager completed {"execution_time":"2026-05-16T23:13:01+00:00","duration_ms":12.792,"dispatched":0,"skipped":0} 
[2026-05-16 23:14:01] production.INFO: ScheduledJobManager started {"execution_time":"2026-05-16T23:14:01+00:00"} 
[2026-05-16 23:14:02] production.INFO: ScheduledJobManager completed {"execution_time":"2026-05-16T23:14:01+00:00","duration_ms":13.041,"dispatched":0,"skipped":0} 
[2026-05-16 23:15:02] production.INFO: ScheduledJobManager started {"execution_time":"2026-05-16T23:15:02+00:00"} 
[2026-05-16 23:15:02] production.INFO: ScheduledJobManager completed {"execution_time":"2026-05-16T23:15:02+00:00","duration_ms":11.708,"dispatched":0,"skipped":0} 
[2026-05-16 23:16:01] production.INFO: ScheduledJobManager started {"execution_time":"2026-05-16T23:16:01+00:00"} 
[2026-05-16 23:16:01] production.INFO: ScheduledJobManager completed {"execution_time":"2026-05-16T23:16:01+00:00","duration_ms":12.003,"dispatched":0,"skipped":0} 
[2026-05-16 23:17:01] production.INFO: ScheduledJobManager started {"execution_time":"2026-05-16T23:17:01+00:00"} 
[2026-05-16 23:17:01] production.INFO: ScheduledJobManager completed {"execution_time":"2026-05-16T23:17:01+00:00","duration_ms":12.747,"dispatched":0,"skipped":0} 
[2026-05-16 23:18:01] production.INFO: ScheduledJobManager started {"execution_time":"2026-05-16T23:18:01+00:00"} 
[2026-05-16 23:18:01] production.INFO: ScheduledJobManager completed {"execution_time":"2026-05-16T23:18:01+00:00","duration_ms":5.528,"dispatched":0,"skipped":0} 
[2026-05-16 23:19:01] production.INFO: ScheduledJobManager started {"execution_time":"2026-05-16T23:19:01+00:00"} 
[2026-05-16 23:19:01] production.INFO: ScheduledJobManager completed {"execution_time":"2026-05-16T23:19:01+00:00","duration_ms":12.903,"dispatched":0,"skipped":0} 
[2026-05-16 23:20:01] production.INFO: ScheduledJobManager started {"execution_time":"2026-05-16T23:20:01+00:00"} 
[2026-05-16 23:20:01] production.INFO: ScheduledJobManager completed {"execution_time":"2026-05-16T23:20:01+00:00","duration_ms":4.622,"dispatched":0,"skipped":0} 
[2026-05-16 23:21:01] production.INFO: ScheduledJobManager started {"execution_time":"2026-05-16T23:21:01+00:00"} 
[2026-05-16 23:21:01] production.INFO: ScheduledJobManager completed {"execution_time":"2026-05-16T23:21:01+00:00","duration_ms":12.858,"dispatched":0,"skipped":0} 
[2026-05-16 23:22:01] production.INFO: ScheduledJobManager started {"execution_time":"2026-05-16T23:22:01+00:00"} 
[2026-05-16 23:22:01] production.INFO: ScheduledJobManager completed {"execution_time":"2026-05-16T23:22:01+00:00","duration_ms":12.603,"dispatched":0,"skipped":0} 
[2026-05-16 23:23:01] production.INFO: ScheduledJobManager started {"execution_time":"2026-05-16T23:23:01+00:00"} 
[2026-05-16 23:23:01] production.INFO: ScheduledJobManager completed {"execution_time":"2026-05-16T23:23:01+00:00","duration_ms":12.461,"dispatched":0,"skipped":0} 
[2026-05-16 23:24:01] production.INFO: ScheduledJobManager started {"execution_time":"2026-05-16T23:24:01+00:00"} 
[2026-05-16 23:24:01] production.INFO: ScheduledJobManager completed {"execution_time":"2026-05-16T23:24:01+00:00","duration_ms":12.768,"dispatched":0,"skipped":0} 
[2026-05-16 23:25:01] production.INFO: ScheduledJobManager started {"execution_time":"2026-05-16T23:25:01+00:00"} 
[2026-05-16 23:25:01] production.INFO: ScheduledJobManager completed {"execution_time":"2026-05-16T23:25:01+00:00","duration_ms":13.009,"dispatched":0,"skipped":0} 
[2026-05-16 23:26:01] production.INFO: ScheduledJobManager started {"execution_time":"2026-05-16T23:26:01+00:00"} 
[2026-05-16 23:26:01] production.INFO: ScheduledJobManager completed {"execution_time":"2026-05-16T23:26:01+00:00","duration_ms":12.82,"dispatched":0,"skipped":0} 
[2026-05-16 23:27:01] production.INFO: ScheduledJobManager started {"execution_time":"2026-05-16T23:27:01+00:00"} 
[2026-05-16 23:27:01] production.INFO: ScheduledJobManager completed {"execution_time":"2026-05-16T23:27:01+00:00","duration_ms":11.378,"dispatched":0,"skipped":0} 
[2026-05-16 23:28:01] production.INFO: ScheduledJobManager started {"execution_time":"2026-05-16T23:28:01+00:00"} 
[2026-05-16 23:28:01] production.INFO: ScheduledJobManager completed {"execution_time":"2026-05-16T23:28:01+00:00","duration_ms":13.596,"dispatched":0,"skipped":0} 
[2026-05-16 23:29:01] production.INFO: ScheduledJobManager started {"execution_time":"2026-05-16T23:29:01+00:00"} 
[2026-05-16 23:29:01] production.INFO: ScheduledJobManager completed {"execution_time":"2026-05-16T23:29:01+00:00","duration_ms":11.281,"dispatched":0,"skipped":0} 
[2026-05-16 23:30:02] production.INFO: ScheduledJobManager started {"execution_time":"2026-05-16T23:30:02+00:00"} 
[2026-05-16 23:30:02] production.INFO: ScheduledJobManager completed {"execution_time":"2026-05-16T23:30:02+00:00","duration_ms":12.424,"dispatched":0,"skipped":0} 
[2026-05-16 23:31:01] production.INFO: ScheduledJobManager started {"execution_time":"2026-05-16T23:31:01+00:00"} 
[2026-05-16 23:31:01] production.INFO: ScheduledJobManager completed {"execution_time":"2026-05-16T23:31:01+00:00","duration_ms":12.936,"dispatched":0,"skipped":0} 
[2026-05-16 23:32:01] production.INFO: ScheduledJobManager started {"execution_time":"2026-05-16T23:32:01+00:00"} 
[2026-05-16 23:32:01] production.INFO: ScheduledJobManager completed {"execution_time":"2026-05-16T23:32:01+00:00","duration_ms":60.193,"dispatched":0,"skipped":0} 
[2026-05-16 23:33:01] production.INFO: ScheduledJobManager started {"execution_time":"2026-05-16T23:33:01+00:00"} 
[2026-05-16 23:33:01] production.INFO: ScheduledJobManager completed {"execution_time":"2026-05-16T23:33:01+00:00","duration_ms":12.929,"dispatched":0,"skipped":0} 
[2026-05-16 23:34:01] production.INFO: ScheduledJobManager started {"execution_time":"2026-05-16T23:34:01+00:00"} 
[2026-05-16 23:34:01] production.INFO: ScheduledJobManager completed {"execution_time":"2026-05-16T23:34:01+00:00","duration_ms":11.539,"dispatched":0,"skipped":0} 
[2026-05-16 23:35:01] production.INFO: ScheduledJobManager started {"execution_time":"2026-05-16T23:35:01+00:00"} 
[2026-05-16 23:35:01] production.INFO: ScheduledJobManager completed {"execution_time":"2026-05-16T23:35:01+00:00","duration_ms":3.769,"dispatched":0,"skipped":0} 
[2026-05-16 23:36:01] production.INFO: ScheduledJobManager started {"execution_time":"2026-05-16T23:36:01+00:00"} 
[2026-05-16 23:36:01] production.INFO: ScheduledJobManager completed {"execution_time":"2026-05-16T23:36:01+00:00","duration_ms":12.606,"dispatched":0,"skipped":0} 
[2026-05-16 23:37:01] production.INFO: ScheduledJobManager started {"execution_time":"2026-05-16T23:37:01+00:00"} 
[2026-05-16 23:37:01] production.INFO: ScheduledJobManager completed {"execution_time":"2026-05-16T23:37:01+00:00","duration_ms":12.672,"dispatched":0,"skipped":0} 
[2026-05-16 23:38:01] production.INFO: ScheduledJobManager started {"execution_time":"2026-05-16T23:38:01+00:00"} 
[2026-05-16 23:38:01] production.INFO: ScheduledJobManager completed {"execution_time":"2026-05-16T23:38:01+00:00","duration_ms":12.531,"dispatched":0,"skipped":0} 
[2026-05-16 23:39:01] production.INFO: ScheduledJobManager started {"execution_time":"2026-05-16T23:39:01+00:00"} 
[2026-05-16 23:39:01] production.INFO: ScheduledJobManager completed {"execution_time":"2026-05-16T23:39:01+00:00","duration_ms":11.381,"dispatched":0,"skipped":0} 
[2026-05-16 23:40:01] production.INFO: ScheduledJobManager started {"execution_time":"2026-05-16T23:40:01+00:00"} 
[2026-05-16 23:40:01] production.INFO: ScheduledJobManager completed {"execution_time":"2026-05-16T23:40:01+00:00","duration_ms":6.596,"dispatched":0,"skipped":0} 
[2026-05-16 23:41:01] production.INFO: ScheduledJobManager started {"execution_time":"2026-05-16T23:41:01+00:00"} 
[2026-05-16 23:41:01] production.INFO: ScheduledJobManager completed {"execution_time":"2026-05-16T23:41:01+00:00","duration_ms":12.687,"dispatched":0,"skipped":0} 
[2026-05-16 23:42:01] production.INFO: ScheduledJobManager started {"execution_time":"2026-05-16T23:42:01+00:00"} 
[2026-05-16 23:42:01] production.INFO: ScheduledJobManager completed {"execution_time":"2026-05-16T23:42:01+00:00","duration_ms":12.749,"dispatched":0,"skipped":0} 
[2026-05-16 23:43:01] production.INFO: ScheduledJobManager started {"execution_time":"2026-05-16T23:43:01+00:00"} 
[2026-05-16 23:43:01] production.INFO: ScheduledJobManager completed {"execution_time":"2026-05-16T23:43:01+00:00","duration_ms":12.132,"dispatched":0,"skipped":0} 
[2026-05-16 23:44:01] production.INFO: ScheduledJobManager started {"execution_time":"2026-05-16T23:44:01+00:00"} 
[2026-05-16 23:44:01] production.INFO: ScheduledJobManager completed {"execution_time":"2026-05-16T23:44:01+00:00","duration_ms":13.803,"dispatched":0,"skipped":0} 
[2026-05-16 23:45:02] production.INFO: ScheduledJobManager started {"execution_time":"2026-05-16T23:45:02+00:00"} 
[2026-05-16 23:45:02] production.INFO: ScheduledJobManager completed {"execution_time":"2026-05-16T23:45:02+00:00","duration_ms":13.054,"dispatched":0,"skipped":0} 
[2026-05-16 23:46:01] production.INFO: ScheduledJobManager started {"execution_time":"2026-05-16T23:46:01+00:00"} 
[2026-05-16 23:46:01] production.INFO: ScheduledJobManager completed {"execution_time":"2026-05-16T23:46:01+00:00","duration_ms":12.545,"dispatched":0,"skipped":0} 
[2026-05-16 23:47:01] production.INFO: ScheduledJobManager started {"execution_time":"2026-05-16T23:47:01+00:00"} 
[2026-05-16 23:47:01] production.INFO: ScheduledJobManager completed {"execution_time":"2026-05-16T23:47:01+00:00","duration_ms":12.731,"dispatched":0,"skipped":0} 
[2026-05-16 23:48:01] production.INFO: ScheduledJobManager started {"execution_time":"2026-05-16T23:48:01+00:00"} 
[2026-05-16 23:48:01] production.INFO: ScheduledJobManager completed {"execution_time":"2026-05-16T23:48:01+00:00","duration_ms":12.95,"dispatched":0,"skipped":0} 
[2026-05-16 23:49:01] production.INFO: ScheduledJobManager started {"execution_time":"2026-05-16T23:49:01+00:00"} 
[2026-05-16 23:49:01] production.INFO: ScheduledJobManager completed {"execution_time":"2026-05-16T23:49:01+00:00","duration_ms":16.396,"dispatched":0,"skipped":0} 
[2026-05-16 23:50:01] production.INFO: ScheduledJobManager started {"execution_time":"2026-05-16T23:50:01+00:00"} 
[2026-05-16 23:50:01] production.INFO: ScheduledJobManager completed {"execution_time":"2026-05-16T23:50:01+00:00","duration_ms":4.247,"dispatched":0,"skipped":0} 
[2026-05-16 23:51:01] production.INFO: ScheduledJobManager started {"execution_time":"2026-05-16T23:51:01+00:00"} 
[2026-05-16 23:51:01] production.INFO: ScheduledJobManager completed {"execution_time":"2026-05-16T23:51:01+00:00","duration_ms":12.568,"dispatched":0,"skipped":0} 
[2026-05-16 23:52:01] production.INFO: ScheduledJobManager started {"execution_time":"2026-05-16T23:52:01+00:00"} 
[2026-05-16 23:52:01] production.INFO: ScheduledJobManager completed {"execution_time":"2026-05-16T23:52:01+00:00","duration_ms":12.69,"dispatched":0,"skipped":0} 
[2026-05-16 23:53:01] production.INFO: ScheduledJobManager started {"execution_time":"2026-05-16T23:53:01+00:00"} 
[2026-05-16 23:53:01] production.INFO: ScheduledJobManager completed {"execution_time":"2026-05-16T23:53:01+00:00","duration_ms":11.201,"dispatched":0,"skipped":0} 
[2026-05-16 23:54:01] production.INFO: ScheduledJobManager started {"execution_time":"2026-05-16T23:54:01+00:00"} 
[2026-05-16 23:54:01] production.INFO: ScheduledJobManager completed {"execution_time":"2026-05-16T23:54:01+00:00","duration_ms":12.895,"dispatched":0,"skipped":0} 
[2026-05-16 23:55:01] production.INFO: ScheduledJobManager started {"execution_time":"2026-05-16T23:55:01+00:00"} 
[2026-05-16 23:55:01] production.INFO: ScheduledJobManager completed {"execution_time":"2026-05-16T23:55:01+00:00","duration_ms":12.712,"dispatched":0,"skipped":0} 
[2026-05-16 23:56:01] production.INFO: ScheduledJobManager started {"execution_time":"2026-05-16T23:56:01+00:00"} 
[2026-05-16 23:56:01] production.INFO: ScheduledJobManager completed {"execution_time":"2026-05-16T23:56:01+00:00","duration_ms":12.422,"dispatched":0,"skipped":0} 
[2026-05-16 23:57:01] production.INFO: ScheduledJobManager started {"execution_time":"2026-05-16T23:57:01+00:00"} 
[2026-05-16 23:57:01] production.INFO: ScheduledJobManager completed {"execution_time":"2026-05-16T23:57:01+00:00","duration_ms":12.642,"dispatched":0,"skipped":0} 
[2026-05-16 23:58:01] production.INFO: ScheduledJobManager started {"execution_time":"2026-05-16T23:58:01+00:00"} 
[2026-05-16 23:58:01] production.INFO: ScheduledJobManager completed {"execution_time":"2026-05-16T23:58:01+00:00","duration_ms":13.235,"dispatched":0,"skipped":0} 
[2026-05-16 23:59:02] production.INFO: ScheduledJobManager started {"execution_time":"2026-05-16T23:59:01+00:00"} 
[2026-05-16 23:59:02] production.INFO: ScheduledJobManager completed {"execution_time":"2026-05-16T23:59:01+00:00","duration_ms":17.144,"dispatched":0,"skipped":0} 
